user_id,song_id,score,rank,artist_id,genre
u00948,s000171,0.48847004771232605,1,a00031,jazz
u00948,s000391,0.4785599112510681,2,a00011,edm
u00948,s000316,0.4769517779350281,3,a00097,pop
u00948,s000494,0.441793292760849,4,a00145,edm
u00948,s000025,0.3989415764808655,5,a00009,edm
u00948,s000330,0.3827019929885864,6,a00106,edm
u00948,s000360,0.38037657737731934,7,a00153,edm
u00948,s000232,0.3637109398841858,8,a00181,classical
u00948,s000161,0.36366868019104004,9,a00188,classical
u00948,s000140,0.3623603582382202,10,a00179,edm
u00804,s000225,0.6460224390029907,1,a00077,edm
u00804,s000275,0.510694146156311,2,a00127,latin
u00804,s000227,0.4482713043689728,3,a00119,latin
u00804,s000457,0.4098009765148163,4,a00169,hip-hop
u00804,s000438,0.38396912813186646,5,a00107,latin
u00804,s000224,0.3479105830192566,6,a00087,rock
u00804,s000358,0.3469122052192688,7,a00189,hip-hop
u00804,s000385,0.33744531869888306,8,a00188,hip-hop
u00804,s000298,0.33445027470588684,9,a00099,classical
u00804,s000334,0.32466232776641846,10,a00035,hip-hop
u00570,s000015,0.6701061725616455,1,a00156,edm
u00570,s000012,0.6142191886901855,2,a00032,edm
u00570,s000339,0.598199188709259,3,a00010,edm
u00570,s000330,0.5536571145057678,4,a00106,edm
u00570,s000494,0.5231391191482544,5,a00145,edm
u00570,s000156,0.4351412355899811,6,a00176,pop
u00570,s000140,0.3887842297554016,7,a00179,edm
u00570,s000361,0.37252575159072876,8,a00193,edm
u00570,s000312,0.37182825803756714,9,a00056,rock
u00570,s000338,0.37010788917541504,10,a00148,edm
u00824,s000413,0.5514956712722778,1,a00198,latin
u00824,s000112,0.5397439002990723,2,a00174,latin
u00824,s000288,0.5008530616760254,3,a00028,hip-hop
u00824,s000307,0.46483081579208374,4,a00086,latin
u00824,s000304,0.40386682748794556,5,a00152,pop
u00824,s000447,0.3947356343269348,6,a00107,latin
u00824,s000196,0.39382416009902954,7,a00102,pop
u00824,s000178,0.38978204131126404,8,a00167,indie
u00824,s000140,0.3803839683532715,9,a00179,edm
u00824,s000405,0.37568092346191406,10,a00058,latin
u00688,s000344,1.0404483079910278,1,a00186,indie
u00688,s000359,0.8290431499481201,2,a00108,indie
u00688,s000188,0.5794717073440552,3,a00165,jazz
u00688,s000037,0.4930795729160309,4,a00183,indie
u00688,s000360,0.4641861617565155,5,a00153,edm
u00688,s000262,0.42824727296829224,6,a00036,indie
u00688,s000381,0.41432225704193115,7,a00100,hip-hop
u00688,s000042,0.3957369029521942,8,a00156,indie
u00688,s000447,0.3889271914958954,9,a00107,latin
u00688,s000175,0.38709086179733276,10,a00172,indie
u00144,s000425,0.5024921894073486,1,a00175,edm
u00144,s000018,0.4574032723903656,2,a00096,latin
u00144,s000236,0.4344578981399536,3,a00006,rock
u00144,s000009,0.43347835540771484,4,a00014,latin
u00144,s000081,0.4245995879173279,5,a00036,classical
u00144,s000103,0.42118752002716064,6,a00056,rock
u00144,s000189,0.3642113208770752,7,a00178,latin
u00144,s000231,0.3522021770477295,8,a00164,latin
u00144,s000163,0.34972822666168213,9,a00048,edm
u00144,s000024,0.34072789549827576,10,a00065,latin
u00356,s000016,0.752189576625824,1,a00037,pop
u00356,s000373,0.5391967296600342,2,a00130,pop
u00356,s000459,0.4877856373786926,3,a00125,jazz
u00356,s000106,0.4791204333305359,4,a00181,classical
u00356,s000094,0.4668809175491333,5,a00150,pop
u00356,s000093,0.34645137190818787,6,a00010,indie
u00356,s000328,0.3299494683742523,7,a00129,edm
u00356,s000213,0.3150666356086731,8,a00186,edm
u00356,s000153,0.31129053235054016,9,a00080,pop
u00356,s000338,0.3111100494861603,10,a00148,edm
u00331,s000276,0.5014171600341797,1,a00113,rock
u00331,s000110,0.47045576572418213,2,a00142,rock
u00331,s000440,0.35972386598587036,3,a00044,rock
u00331,s000034,0.3468751013278961,4,a00046,rock
u00331,s000499,0.3312496244907379,5,a00192,indie
u00331,s000302,0.3288730978965759,6,a00016,indie
u00331,s000038,0.28816258907318115,7,a00014,rock
u00331,s000346,0.28182247281074524,8,a00053,jazz
u00331,s000218,0.2788770794868469,9,a00096,classical
u00331,s000479,0.26982447504997253,10,a00120,latin
u00327,s000483,0.46094441413879395,1,a00102,rock
u00327,s000001,0.45924198627471924,2,a00197,indie
u00327,s000300,0.44701719284057617,3,a00165,indie
u00327,s000098,0.4432782828807831,4,a00148,edm
u00327,s000277,0.4266006052494049,5,a00114,indie
u00327,s000476,0.40195631980895996,6,a00184,indie
u00327,s000242,0.39668190479278564,7,a00146,indie
u00327,s000485,0.39209219813346863,8,a00132,indie
u00327,s000284,0.3488773703575134,9,a00021,indie
u00327,s000465,0.348190575838089,10,a00012,edm
u00567,s000470,0.6016804575920105,1,a00122,classical
u00567,s000237,0.5118241906166077,2,a00073,latin
u00567,s000486,0.42565011978149414,3,a00064,indie
u00567,s000405,0.42403191328048706,4,a00058,latin
u00567,s000425,0.4197278916835785,5,a00175,edm
u00567,s000383,0.40802720189094543,6,a00186,hip-hop
u00567,s000333,0.40120747685432434,7,a00180,latin
u00567,s000395,0.39363136887550354,8,a00007,edm
u00567,s000227,0.3935440480709076,9,a00119,latin
u00567,s000364,0.386179655790329,10,a00016,latin
u00091,s000105,0.8445714116096497,1,a00062,hip-hop
u00091,s000358,0.8060828447341919,2,a00189,hip-hop
u00091,s000457,0.7647413015365601,3,a00169,hip-hop
u00091,s000334,0.4981655478477478,4,a00035,hip-hop
u00091,s000098,0.44747835397720337,5,a00148,edm
u00091,s000329,0.4301617741584778,6,a00053,classical
u00091,s000083,0.4060002565383911,7,a00126,hip-hop
u00091,s000338,0.40008702874183655,8,a00148,edm
u00091,s000234,0.3854226768016815,9,a00054,pop
u00091,s000090,0.3852497339248657,10,a00028,hip-hop
u00692,s000010,0.8752415180206299,1,a00110,classical
u00692,s000066,0.6593740582466125,2,a00089,classical
u00692,s000014,0.630073070526123,3,a00163,classical
u00692,s000327,0.6243871450424194,4,a00063,classical
u00692,s000019,0.5599161386489868,5,a00154,classical
u00692,s000418,0.5057276487350464,6,a00134,classical
u00692,s000161,0.46870067715644836,7,a00188,classical
u00692,s000345,0.4634209871292114,8,a00038,jazz
u00692,s000338,0.4236495792865753,9,a00148,edm
u00692,s000068,0.3816787600517273,10,a00106,classical
u00524,s000414,0.47417160868644714,1,a00144,pop
u00524,s000270,0.4117404818534851,2,a00023,pop
u00524,s000401,0.40873438119888306,3,a00024,jazz
u00524,s000255,0.40640687942504883,4,a00010,pop
u00524,s000026,0.3818589448928833,5,a00004,pop
u00524,s000083,0.37707576155662537,6,a00126,hip-hop
u00524,s000286,0.3749240040779114,7,a00153,pop
u00524,s000265,0.3727221190929413,8,a00052,jazz
u00524,s000016,0.3615071773529053,9,a00037,pop
u00524,s000253,0.35641562938690186,10,a00196,pop
u00674,s000006,0.6507116556167603,1,a00199,hip-hop
u00674,s000385,0.4750702977180481,2,a00188,hip-hop
u00674,s000376,0.4570743441581726,3,a00178,hip-hop
u00674,s000288,0.3827827572822571,4,a00028,hip-hop
u00674,s000356,0.33434709906578064,5,a00147,hip-hop
u00674,s000358,0.33346623182296753,6,a00189,hip-hop
u00674,s000152,0.33343347907066345,7,a00198,hip-hop
u00674,s000320,0.31557661294937134,8,a00137,latin
u00674,s000159,0.2938745617866516,9,a00085,hip-hop
u00674,s000158,0.2829734981060028,10,a00117,hip-hop
u00036,s000301,0.5480470657348633,1,a00033,hip-hop
u00036,s000385,0.5355779528617859,2,a00188,hip-hop
u00036,s000398,0.5210472345352173,3,a00117,hip-hop
u00036,s000008,0.5167338848114014,4,a00191,hip-hop
u00036,s000059,0.43919360637664795,5,a00073,hip-hop
u00036,s000468,0.41182202100753784,6,a00159,hip-hop
u00036,s000126,0.40473100543022156,7,a00129,hip-hop
u00036,s000334,0.3969228267669678,8,a00035,hip-hop
u00036,s000433,0.39394688606262207,9,a00102,hip-hop
u00036,s000449,0.3505733013153076,10,a00014,hip-hop
u00917,s000309,0.5644224882125854,1,a00105,hip-hop
u00917,s000090,0.5404387712478638,2,a00028,hip-hop
u00917,s000350,0.5361859202384949,3,a00151,hip-hop
u00917,s000381,0.5247546434402466,4,a00100,hip-hop
u00917,s000358,0.48756492137908936,5,a00189,hip-hop
u00917,s000183,0.4109346866607666,6,a00114,hip-hop
u00917,s000158,0.3872511088848114,7,a00117,hip-hop
u00917,s000387,0.38521087169647217,8,a00073,hip-hop
u00917,s000355,0.37863466143608093,9,a00035,hip-hop
u00917,s000144,0.37801289558410645,10,a00176,hip-hop
u00284,s000330,0.46839839220046997,1,a00106,edm
u00284,s000040,0.4655418395996094,2,a00135,classical
u00284,s000433,0.41591864824295044,3,a00102,hip-hop
u00284,s000294,0.41222265362739563,4,a00145,hip-hop
u00284,s000399,0.3833222985267639,5,a00197,classical
u00284,s000336,0.37346431612968445,6,a00025,jazz
u00284,s000497,0.37214261293411255,7,a00152,latin
u00284,s000008,0.35920441150665283,8,a00191,hip-hop
u00284,s000141,0.3292902112007141,9,a00197,rock
u00284,s000385,0.3236764967441559,10,a00188,hip-hop
u00878,s000011,0.7703860998153687,1,a00156,classical
u00878,s000499,0.6078729629516602,2,a00192,indie
u00878,s000014,0.5854381322860718,3,a00163,classical
u00878,s000299,0.48054662346839905,4,a00040,pop
u00878,s000232,0.4553164839744568,5,a00181,classical
u00878,s000204,0.41735219955444336,6,a00054,classical
u00878,s000266,0.4058619737625122,7,a00171,indie
u00878,s000164,0.379634827375412,8,a00070,classical
u00878,s000218,0.35659176111221313,9,a00096,classical
u00878,s000146,0.34939634799957275,10,a00062,indie
u00976,s000438,0.5521679520606995,1,a00107,latin
u00976,s000181,0.47381964325904846,2,a00000,latin
u00976,s000070,0.45305970311164856,3,a00140,classical
u00976,s000158,0.43997448682785034,4,a00117,hip-hop
u00976,s000231,0.4293605387210846,5,a00164,latin
u00976,s000153,0.4007140100002289,6,a00080,pop
u00976,s000160,0.3658342957496643,7,a00062,latin
u00976,s000452,0.36512869596481323,8,a00092,latin
u00976,s000092,0.36345523595809937,9,a00040,latin
u00976,s000450,0.3621703088283539,10,a00119,latin
u00686,s000012,0.5772346258163452,1,a00032,edm
u00686,s000033,0.5566700100898743,2,a00158,edm
u00686,s000467,0.5064952969551086,3,a00017,edm
u00686,s000076,0.47770461440086365,4,a00170,edm
u00686,s000303,0.4620182514190674,5,a00164,edm
u00686,s000158,0.43541887402534485,6,a00117,hip-hop
u00686,s000488,0.36455219984054565,7,a00002,rock
u00686,s000440,0.3491261601448059,8,a00044,rock
u00686,s000264,0.336758553981781,9,a00136,edm
u00686,s000275,0.32760676741600037,10,a00127,latin
u00302,s000273,0.6260721683502197,1,a00119,jazz
u00302,s000480,0.513368546962738,2,a00009,jazz
u00302,s000373,0.4715120792388916,3,a00130,pop
u00302,s000464,0.43185874819755554,4,a00157,jazz
u00302,s000094,0.4286549687385559,5,a00150,pop
u00302,s000401,0.3895564377307892,6,a00024,jazz
u00302,s000050,0.36021655797958374,7,a00114,pop
u00302,s000130,0.3483889698982239,8,a00016,pop
u00302,s000099,0.3374820351600647,9,a00089,jazz
u00302,s000151,0.32455891370773315,10,a00048,classical
u00526,s000121,0.8996661901473999,1,a00062,jazz
u00526,s000198,0.6536966562271118,2,a00031,jazz
u00526,s000401,0.5659019351005554,3,a00024,jazz
u00526,s000039,0.5195599794387817,4,a00156,jazz
u00526,s000188,0.4578968286514282,5,a00165,jazz
u00526,s000346,0.43513333797454834,6,a00053,jazz
u00526,s000257,0.4302428960800171,7,a00194,jazz
u00526,s000366,0.3614996373653412,8,a00060,jazz
u00526,s000259,0.3300131559371948,9,a00139,jazz
u00526,s000310,0.3246014714241028,10,a00085,jazz
u00026,s000356,0.593762218952179,1,a00147,hip-hop
u00026,s000015,0.5701606869697571,2,a00156,edm
u00026,s000012,0.46579158306121826,3,a00032,edm
u00026,s000287,0.4563888609409332,4,a00185,edm
u00026,s000279,0.43395674228668213,5,a00008,hip-hop
u00026,s000177,0.40681564807891846,6,a00143,latin
u00026,s000348,0.3925710916519165,7,a00054,latin
u00026,s000484,0.37698128819465637,8,a00083,indie
u00026,s000102,0.3700864911079407,9,a00181,hip-hop
u00026,s000225,0.35948073863983154,10,a00077,edm
u00535,s000025,0.6486136317253113,1,a00009,edm
u00535,s000033,0.4928649067878723,2,a00158,edm
u00535,s000129,0.4024864137172699,3,a00090,pop
u00535,s000363,0.3761293888092041,4,a00039,edm
u00535,s000110,0.36301952600479126,5,a00142,rock
u00535,s000377,0.349401593208313,6,a00101,classical
u00535,s000360,0.34775522351264954,7,a00153,edm
u00535,s000086,0.33243757486343384,8,a00030,rock
u00535,s000167,0.27834951877593994,9,a00178,edm
u00535,s000395,0.274020254611969,10,a00007,edm
u00454,s000010,0.8832385540008545,1,a00110,classical
u00454,s000019,0.6951169371604919,2,a00154,classical
u00454,s000418,0.6424587965011597,3,a00134,classical
u00454,s000066,0.5063629150390625,4,a00089,classical
u00454,s000294,0.4571288824081421,5,a00145,hip-hop
u00454,s000377,0.43668031692504883,6,a00101,classical
u00454,s000478,0.42823827266693115,7,a00183,edm
u00454,s000063,0.38216477632522583,8,a00199,classical
u00454,s000040,0.3779628276824951,9,a00135,classical
u00454,s000384,0.3754228949546814,10,a00048,rock
u00500,s000037,0.7626699805259705,1,a00183,indie
u00500,s000266,0.6815436482429504,2,a00171,indie
u00500,s000332,0.5212048888206482,3,a00050,indie
u00500,s000423,0.5171045660972595,4,a00136,indie
u00500,s000359,0.46790066361427307,5,a00108,indie
u00500,s000146,0.46711036562919617,6,a00062,indie
u00500,s000347,0.4450266361236572,7,a00097,indie
u00500,s000224,0.43081429600715637,8,a00087,rock
u00500,s000091,0.4001467823982239,9,a00039,indie
u00500,s000434,0.35207852721214294,10,a00016,hip-hop
u00319,s000025,0.5790746212005615,1,a00009,edm
u00319,s000365,0.5138647556304932,2,a00128,edm
u00319,s000453,0.5007779598236084,3,a00152,jazz
u00319,s000338,0.4960203468799591,4,a00148,edm
u00319,s000339,0.49063751101493835,5,a00010,edm
u00319,s000361,0.4660727083683014,6,a00193,edm
u00319,s000494,0.4386264681816101,7,a00145,edm
u00319,s000140,0.42560333013534546,8,a00179,edm
u00319,s000207,0.4254263937473297,9,a00134,edm
u00319,s000098,0.4082840085029602,10,a00148,edm
u00424,s000024,0.494020015001297,1,a00065,latin
u00424,s000333,0.43579936027526855,2,a00180,latin
u00424,s000348,0.4285084307193756,3,a00054,latin
u00424,s000447,0.42308828234672546,4,a00107,latin
u00424,s000307,0.38490885496139526,5,a00086,latin
u00424,s000394,0.36783725023269653,6,a00082,classical
u00424,s000475,0.33379417657852173,7,a00061,latin
u00424,s000177,0.31936511397361755,8,a00143,latin
u00424,s000142,0.29818296432495117,9,a00087,latin
u00424,s000372,0.27743592858314514,10,a00034,latin
u00309,s000033,0.837848424911499,1,a00158,edm
u00309,s000494,0.5814269185066223,2,a00145,edm
u00309,s000146,0.5491514205932617,3,a00062,indie
u00309,s000058,0.5260443091392517,4,a00010,edm
u00309,s000044,0.47839808464050293,5,a00067,edm
u00309,s000329,0.4751856029033661,6,a00053,classical
u00309,s000264,0.4665681719779968,7,a00136,edm
u00309,s000314,0.44566139578819275,8,a00133,edm
u00309,s000225,0.4059063494205475,9,a00077,edm
u00309,s000213,0.4004032015800476,10,a00186,edm
u00744,s000121,0.6990461349487305,1,a00062,jazz
u00744,s000172,0.5400623083114624,2,a00157,jazz
u00744,s000382,0.48850518465042114,3,a00043,jazz
u00744,s000398,0.4854101538658142,4,a00117,hip-hop
u00744,s000310,0.4647666811943054,5,a00085,jazz
u00744,s000198,0.42970573902130127,6,a00031,jazz
u00744,s000464,0.40455636382102966,7,a00157,jazz
u00744,s000346,0.39676421880722046,8,a00053,jazz
u00744,s000079,0.3934999406337738,9,a00132,rock
u00744,s000411,0.37424397468566895,10,a00009,pop
u00685,s000128,0.7388424277305603,1,a00161,edm
u00685,s000365,0.6223248243331909,2,a00128,edm
u00685,s000360,0.6103168725967407,3,a00153,edm
u00685,s000494,0.48453083634376526,4,a00145,edm
u00685,s000209,0.4725419878959656,5,a00007,classical
u00685,s000012,0.4417218863964081,6,a00032,edm
u00685,s000353,0.38106024265289307,7,a00055,edm
u00685,s000226,0.3612518310546875,8,a00031,indie
u00685,s000454,0.35724949836730957,9,a00140,rock
u00685,s000140,0.3454447090625763,10,a00179,edm
u00839,s000418,0.513636589050293,1,a00134,classical
u00839,s000028,0.49679455161094666,2,a00073,classical
u00839,s000477,0.4860672950744629,3,a00015,latin
u00839,s000014,0.47569891810417175,4,a00163,classical
u00839,s000005,0.44079867005348206,5,a00178,classical
u00839,s000007,0.4272178113460541,6,a00041,classical
u00839,s000328,0.41579675674438477,7,a00129,edm
u00839,s000402,0.41277000308036804,8,a00088,rock
u00839,s000278,0.40717172622680664,9,a00013,classical
u00839,s000468,0.4014543294906616,10,a00159,hip-hop
u00899,s000013,0.7447327375411987,1,a00154,jazz
u00899,s000039,0.6374627351760864,2,a00156,jazz
u00899,s000324,0.5464267134666443,3,a00189,classical
u00899,s000148,0.4964437484741211,4,a00153,jazz
u00899,s000427,0.4938199818134308,5,a00058,jazz
u00899,s000422,0.47452470660209656,6,a00006,jazz
u00899,s000309,0.42751526832580566,7,a00105,hip-hop
u00899,s000275,0.4214784801006317,8,a00127,latin
u00899,s000374,0.40492066740989685,9,a00107,jazz
u00899,s000089,0.3992290496826172,10,a00050,pop
u00977,s000450,0.31106263399124146,1,a00119,latin
u00977,s000405,0.30415549874305725,2,a00058,latin
u00977,s000245,0.28844118118286133,3,a00146,latin
u00977,s000392,0.26690080761909485,4,a00061,latin
u00977,s000186,0.26581066846847534,5,a00112,latin
u00977,s000237,0.2637403905391693,6,a00073,latin
u00977,s000142,0.25478875637054443,7,a00087,latin
u00977,s000447,0.25302934646606445,8,a00107,latin
u00977,s000112,0.24528521299362183,9,a00174,latin
u00977,s000452,0.23931872844696045,10,a00092,latin
u00355,s000448,0.5865551233291626,1,a00038,edm
u00355,s000440,0.5792597532272339,2,a00044,rock
u00355,s000243,0.5053856372833252,3,a00111,indie
u00355,s000084,0.48328232765197754,4,a00105,edm
u00355,s000091,0.4604150950908661,5,a00039,indie
u00355,s000136,0.44198161363601685,6,a00181,indie
u00355,s000277,0.4048336148262024,7,a00114,indie
u00355,s000178,0.40334242582321167,8,a00167,indie
u00355,s000414,0.36791878938674927,9,a00144,pop
u00355,s000285,0.3647981882095337,10,a00003,edm
u00722,s000381,0.7480276226997375,1,a00100,hip-hop
u00722,s000433,0.710995614528656,2,a00102,hip-hop
u00722,s000468,0.6426435708999634,3,a00159,hip-hop
u00722,s000358,0.637946367263794,4,a00189,hip-hop
u00722,s000152,0.5449811220169067,5,a00198,hip-hop
u00722,s000189,0.4809478521347046,6,a00178,latin
u00722,s000457,0.4651789367198944,7,a00169,hip-hop
u00722,s000220,0.41174715757369995,8,a00007,rock
u00722,s000159,0.373692125082016,9,a00085,hip-hop
u00722,s000318,0.3689159154891968,10,a00052,pop
u00092,s000493,0.6120375990867615,1,a00067,pop
u00092,s000435,0.5655937790870667,2,a00013,pop
u00092,s000131,0.489849716424942,3,a00127,pop
u00092,s000214,0.44844186305999756,4,a00071,pop
u00092,s000129,0.4148637354373932,5,a00090,pop
u00092,s000473,0.3936946988105774,6,a00028,pop
u00092,s000286,0.3852763772010803,7,a00153,pop
u00092,s000153,0.36247605085372925,8,a00080,pop
u00092,s000411,0.3610396981239319,9,a00009,pop
u00092,s000398,0.3490443825721741,10,a00117,hip-hop
u00403,s000002,0.516944944858551,1,a00133,rock
u00403,s000386,0.4780500829219818,2,a00016,rock
u00403,s000276,0.38610461354255676,3,a00113,rock
u00403,s000047,0.37815791368484497,4,a00129,rock
u00403,s000232,0.36233508586883545,5,a00181,classical
u00403,s000368,0.3565250635147095,6,a00103,rock
u00403,s000053,0.3521856665611267,7,a00025,indie
u00403,s000297,0.3477668762207031,8,a00041,rock
u00403,s000055,0.3064829707145691,9,a00026,classical
u00403,s000146,0.3004899322986603,10,a00062,indie
u00419,s000287,0.5310665369033813,1,a00185,edm
u00419,s000085,0.47074663639068604,2,a00091,rock
u00419,s000314,0.44609302282333374,3,a00133,edm
u00419,s000000,0.4334390163421631,4,a00178,edm
u00419,s000167,0.42578238248825073,5,a00178,edm
u00419,s000407,0.4179549813270569,6,a00108,classical
u00419,s000353,0.3538726270198822,7,a00055,edm
u00419,s000467,0.3235468566417694,8,a00017,edm
u00419,s000484,0.3155503273010254,9,a00083,indie
u00419,s000142,0.30920422077178955,10,a00087,latin
u00754,s000295,0.6970329284667969,1,a00127,pop
u00754,s000080,0.547694742679596,2,a00119,jazz
u00754,s000022,0.4358646869659424,3,a00195,pop
u00754,s000023,0.4035292863845825,4,a00085,pop
u00754,s000235,0.3901594281196594,5,a00175,hip-hop
u00754,s000223,0.3698427677154541,6,a00095,indie
u00754,s000026,0.36744922399520874,7,a00004,pop
u00754,s000234,0.3598681688308716,8,a00054,pop
u00754,s000158,0.3553934395313263,9,a00117,hip-hop
u00754,s000248,0.3319370746612549,10,a00187,pop
u00866,s000005,0.691978394985199,1,a00178,classical
u00866,s000081,0.469166100025177,2,a00036,classical
u00866,s000070,0.4545283317565918,3,a00140,classical
u00866,s000094,0.3738386631011963,4,a00150,pop
u00866,s000170,0.34870821237564087,5,a00061,latin
u00866,s000258,0.324923574924469,6,a00118,latin
u00866,s000163,0.31544381380081177,7,a00048,edm
u00866,s000329,0.2895810604095459,8,a00053,classical
u00866,s000029,0.2821334898471832,9,a00096,classical
u00866,s000418,0.26459646224975586,10,a00134,classical
u00933,s000469,0.5382791757583618,1,a00095,rock
u00933,s000055,0.5315523147583008,2,a00026,classical
u00933,s000035,0.4925999939441681,3,a00108,pop
u00933,s000103,0.41620969772338867,4,a00056,rock
u00933,s000259,0.38341832160949707,5,a00139,jazz
u00933,s000046,0.38063961267471313,6,a00172,jazz
u00933,s000043,0.3732629418373108,7,a00046,rock
u00933,s000129,0.3478538990020752,8,a00090,pop
u00933,s000339,0.34480905532836914,9,a00010,edm
u00933,s000497,0.33819907903671265,10,a00152,latin
u00837,s000010,0.8319253921508789,1,a00110,classical
u00837,s000418,0.5725215077400208,2,a00134,classical
u00837,s000377,0.4831226170063019,3,a00101,classical
u00837,s000065,0.446466326713562,4,a00046,jazz
u00837,s000204,0.37648701667785645,5,a00054,classical
u00837,s000369,0.37446656823158264,6,a00041,pop
u00837,s000451,0.34227320551872253,7,a00003,classical
u00837,s000409,0.3297615051269531,8,a00046,pop
u00837,s000164,0.32168281078338623,9,a00070,classical
u00837,s000298,0.3122982680797577,10,a00099,classical
u00969,s000366,0.9004257321357727,1,a00060,jazz
u00969,s000017,0.620960533618927,2,a00184,jazz
u00969,s000034,0.5659843683242798,3,a00046,rock
u00969,s000233,0.5527520179748535,4,a00141,rock
u00969,s000292,0.5370784997940063,5,a00074,hip-hop
u00969,s000315,0.535699188709259,6,a00167,hip-hop
u00969,s000279,0.48028090596199036,7,a00008,hip-hop
u00969,s000229,0.4483703374862671,8,a00143,jazz
u00969,s000417,0.4128552973270416,9,a00085,indie
u00969,s000346,0.3945358991622925,10,a00053,jazz
u00312,s000309,0.6362459659576416,1,a00105,hip-hop
u00312,s000267,0.587285041809082,2,a00098,hip-hop
u00312,s000059,0.4958670139312744,3,a00073,hip-hop
u00312,s000229,0.4364588260650635,4,a00143,jazz
u00312,s000139,0.4185086488723755,5,a00198,rock
u00312,s000102,0.41045019030570984,6,a00181,hip-hop
u00312,s000491,0.40922871232032776,7,a00119,indie
u00312,s000008,0.4061400294303894,8,a00191,hip-hop
u00312,s000278,0.4033384323120117,9,a00013,classical
u00312,s000457,0.3743739724159241,10,a00169,hip-hop
u00915,s000369,0.6360034942626953,1,a00041,pop
u00915,s000104,0.5935819745063782,2,a00000,edm
u00915,s000205,0.5395810604095459,3,a00031,edm
u00915,s000360,0.4432292580604553,4,a00153,edm
u00915,s000287,0.4134711027145386,5,a00185,edm
u00915,s000484,0.38019630312919617,6,a00083,indie
u00915,s000000,0.3588060736656189,7,a00178,edm
u00915,s000467,0.3508334755897522,8,a00017,edm
u00915,s000167,0.3161499500274658,9,a00178,edm
u00915,s000122,0.31037330627441406,10,a00024,jazz
u00484,s000005,0.6414612531661987,1,a00178,classical
u00484,s000007,0.5912145376205444,2,a00041,classical
u00484,s000252,0.5301769971847534,3,a00046,latin
u00484,s000411,0.5089160203933716,4,a00009,pop
u00484,s000142,0.47259142994880676,5,a00087,latin
u00484,s000418,0.4663238525390625,6,a00134,classical
u00484,s000412,0.44156497716903687,7,a00015,classical
u00484,s000209,0.42103105783462524,8,a00007,classical
u00484,s000477,0.4177456796169281,9,a00015,latin
u00484,s000328,0.4117959141731262,10,a00129,edm
u00494,s000028,0.6082277297973633,1,a00073,classical
u00494,s000324,0.6039093732833862,2,a00189,classical
u00494,s000178,0.5802077054977417,3,a00167,indie
u00494,s000461,0.516541600227356,4,a00054,classical
u00494,s000459,0.5056127309799194,5,a00125,jazz
u00494,s000418,0.4575890302658081,6,a00134,classical
u00494,s000206,0.4070928692817688,7,a00177,classical
u00494,s000451,0.3813324272632599,8,a00003,classical
u00494,s000201,0.3790040612220764,9,a00161,pop
u00494,s000412,0.36175259947776794,10,a00015,classical
u00745,s000310,0.3681384325027466,1,a00085,jazz
u00745,s000214,0.36045628786087036,2,a00071,pop
u00745,s000386,0.34881120920181274,3,a00016,rock
u00745,s000414,0.3414836823940277,4,a00144,pop
u00745,s000194,0.3375050723552704,5,a00156,pop
u00745,s000315,0.3095725178718567,6,a00167,hip-hop
u00745,s000350,0.3037782609462738,7,a00151,hip-hop
u00745,s000022,0.302789568901062,8,a00195,pop
u00745,s000308,0.2945515215396881,9,a00116,rock
u00745,s000435,0.27186229825019836,10,a00013,pop
u00647,s000003,0.7473639249801636,1,a00066,rock
u00647,s000082,0.543402910232544,2,a00071,classical
u00647,s000181,0.49629127979278564,3,a00000,latin
u00647,s000398,0.4882742762565613,4,a00117,hip-hop
u00647,s000297,0.4612857401371002,5,a00041,rock
u00647,s000110,0.4506164789199829,6,a00142,rock
u00647,s000141,0.42386797070503235,7,a00197,rock
u00647,s000194,0.41237401962280273,8,a00156,pop
u00647,s000089,0.4106636047363281,9,a00050,pop
u00647,s000125,0.3833235502243042,10,a00037,latin
u00000,s000020,0.6462926268577576,1,a00182,indie
u00000,s000484,0.5734428763389587,2,a00083,indie
u00000,s000037,0.5335787534713745,3,a00183,indie
u00000,s000266,0.5034260749816895,4,a00171,indie
u00000,s000300,0.4547460079193115,5,a00165,indie
u00000,s000284,0.43832242488861084,6,a00021,indie
u00000,s000486,0.4327327311038971,7,a00064,indie
u00000,s000286,0.39866065979003906,8,a00153,pop
u00000,s000249,0.37730079889297485,9,a00081,hip-hop
u00000,s000236,0.37320125102996826,10,a00006,rock
u00703,s000333,0.6018754839897156,1,a00180,latin
u00703,s000461,0.5279613733291626,2,a00054,classical
u00703,s000474,0.4480743408203125,3,a00189,latin
u00703,s000475,0.4370574951171875,4,a00061,latin
u00703,s000328,0.4319302439689636,5,a00129,edm
u00703,s000470,0.411903977394104,6,a00122,classical
u00703,s000341,0.38766446709632874,7,a00010,latin
u00703,s000383,0.3695128858089447,8,a00186,hip-hop
u00703,s000428,0.3485895097255707,9,a00081,edm
u00703,s000424,0.33070915937423706,10,a00114,latin
u00481,s000015,0.6790112853050232,1,a00156,edm
u00481,s000025,0.5614750385284424,2,a00009,edm
u00481,s000097,0.2951136827468872,3,a00100,edm
u00481,s000140,0.26824989914894104,4,a00179,edm
u00481,s000393,0.2677450180053711,5,a00079,edm
u00481,s000363,0.25341370701789856,6,a00039,edm
u00481,s000331,0.23808497190475464,7,a00192,edm
u00481,s000428,0.22178353369235992,8,a00081,edm
u00481,s000397,0.2166084498167038,9,a00080,indie
u00481,s000465,0.21054686605930328,10,a00012,edm
u00064,s000037,0.7252470254898071,1,a00183,indie
u00064,s000408,0.5232588052749634,2,a00025,indie
u00064,s000284,0.48979175090789795,3,a00021,indie
u00064,s000344,0.48296689987182617,4,a00186,indie
u00064,s000092,0.4760676920413971,5,a00040,latin
u00064,s000062,0.44586437940597534,6,a00133,indie
u00064,s000368,0.4165695309638977,7,a00103,rock
u00064,s000060,0.401834636926651,8,a00103,rock
u00064,s000385,0.40142756700515747,9,a00188,hip-hop
u00064,s000452,0.3931901752948761,10,a00092,latin
u00496,s000013,0.629676342010498,1,a00154,jazz
u00496,s000382,0.6129730939865112,2,a00043,jazz
u00496,s000427,0.5016964673995972,3,a00058,jazz
u00496,s000366,0.4224697947502136,4,a00060,jazz
u00496,s000400,0.42235326766967773,5,a00199,jazz
u00496,s000017,0.40632474422454834,6,a00184,jazz
u00496,s000443,0.40469586849212646,7,a00036,jazz
u00496,s000179,0.4021977186203003,8,a00018,jazz
u00496,s000272,0.3637165129184723,9,a00157,jazz
u00496,s000338,0.3479123115539551,10,a00148,edm
u00132,s000032,0.6836127042770386,1,a00140,rock
u00132,s000034,0.6024561524391174,2,a00046,rock
u00132,s000421,0.5549430847167969,3,a00116,rock
u00132,s000289,0.5218138694763184,4,a00108,rock
u00132,s000220,0.5192356705665588,5,a00007,rock
u00132,s000417,0.4813356101512909,6,a00085,indie
u00132,s000293,0.4323939383029938,7,a00069,rock
u00132,s000301,0.412508487701416,8,a00033,hip-hop
u00132,s000047,0.398189902305603,9,a00129,rock
u00132,s000261,0.39746496081352234,10,a00004,jazz
u00497,s000363,0.49254077672958374,1,a00039,edm
u00497,s000059,0.47699853777885437,2,a00073,hip-hop
u00497,s000290,0.4487823247909546,3,a00097,rock
u00497,s000267,0.4310590624809265,4,a00098,hip-hop
u00497,s000434,0.3895660936832428,5,a00016,hip-hop
u00497,s000355,0.37567755579948425,6,a00035,hip-hop
u00497,s000277,0.3562281131744385,7,a00114,indie
u00497,s000063,0.3517548739910126,8,a00199,classical
u00497,s000050,0.35065340995788574,9,a00114,pop
u00497,s000132,0.33421164751052856,10,a00170,edm
u00792,s000005,0.7325116991996765,1,a00178,classical
u00792,s000418,0.5572463274002075,2,a00134,classical
u00792,s000069,0.5078471302986145,3,a00139,classical
u00792,s000298,0.45357975363731384,4,a00099,classical
u00792,s000094,0.4124506711959839,5,a00150,pop
u00792,s000304,0.3811304271221161,6,a00152,pop
u00792,s000268,0.37289589643478394,7,a00085,classical
u00792,s000324,0.3726672828197479,8,a00189,classical
u00792,s000082,0.36734116077423096,9,a00071,classical
u00792,s000280,0.35755258798599243,10,a00039,pop
u00963,s000042,0.6919141411781311,1,a00156,indie
u00963,s000091,0.511971116065979,2,a00039,indie
u00963,s000300,0.480383962392807,3,a00165,indie
u00963,s000284,0.4599497318267822,4,a00021,indie
u00963,s000178,0.37855634093284607,5,a00167,indie
u00963,s000084,0.36982569098472595,6,a00105,edm
u00963,s000388,0.3590731620788574,7,a00056,indie
u00963,s000202,0.35602518916130066,8,a00123,hip-hop
u00963,s000352,0.3524619936943054,9,a00068,indie
u00963,s000344,0.3181551694869995,10,a00186,indie
u00107,s000158,0.6092150211334229,1,a00117,hip-hop
u00107,s000381,0.5781633257865906,2,a00100,hip-hop
u00107,s000235,0.46293848752975464,3,a00175,hip-hop
u00107,s000395,0.40585488080978394,4,a00007,edm
u00107,s000097,0.3615511357784271,5,a00100,edm
u00107,s000315,0.36091485619544983,6,a00167,hip-hop
u00107,s000009,0.3580690920352936,7,a00014,latin
u00107,s000324,0.340096116065979,8,a00189,classical
u00107,s000170,0.3376142382621765,9,a00061,latin
u00107,s000410,0.33505403995513916,10,a00031,hip-hop
u00885,s000010,0.7569150328636169,1,a00110,classical
u00885,s000291,0.7171136140823364,2,a00036,classical
u00885,s000055,0.5440568923950195,3,a00026,classical
u00885,s000040,0.5196000337600708,4,a00135,classical
u00885,s000284,0.5186282992362976,5,a00021,indie
u00885,s000202,0.4717358350753784,6,a00123,hip-hop
u00885,s000375,0.4391110837459564,7,a00171,classical
u00885,s000206,0.4353627562522888,8,a00177,classical
u00885,s000320,0.41573476791381836,9,a00137,latin
u00885,s000082,0.3910256028175354,10,a00071,classical
u00140,s000092,0.579159140586853,1,a00040,latin
u00140,s000475,0.5736777782440186,2,a00061,latin
u00140,s000288,0.5019421577453613,3,a00028,hip-hop
u00140,s000364,0.42935991287231445,4,a00016,latin
u00140,s000060,0.4268667995929718,5,a00103,rock
u00140,s000411,0.41989365220069885,6,a00009,pop
u00140,s000258,0.40224558115005493,7,a00118,latin
u00140,s000496,0.39978304505348206,8,a00036,latin
u00140,s000397,0.3919294476509094,9,a00080,indie
u00140,s000227,0.38677895069122314,10,a00119,latin
u00377,s000461,0.4958720803260803,1,a00054,classical
u00377,s000490,0.4919113218784332,2,a00141,rock
u00377,s000468,0.47599416971206665,3,a00159,hip-hop
u00377,s000020,0.4672310948371887,4,a00182,indie
u00377,s000213,0.40527892112731934,5,a00186,edm
u00377,s000325,0.39993715286254883,6,a00121,rock
u00377,s000003,0.39500653743743896,7,a00066,rock
u00377,s000317,0.3609284460544586,8,a00011,latin
u00377,s000417,0.36079755425453186,9,a00085,indie
u00377,s000405,0.3558352589607239,10,a00058,latin
u00661,s000427,0.582772970199585,1,a00058,jazz
u00661,s000296,0.43010902404785156,2,a00084,jazz
u00661,s000194,0.3790268301963806,3,a00156,pop
u00661,s000310,0.3672724962234497,4,a00085,jazz
u00661,s000080,0.3629510998725891,5,a00119,jazz
u00661,s000258,0.36025238037109375,6,a00118,latin
u00661,s000060,0.34962740540504456,7,a00103,rock
u00661,s000439,0.3284556269645691,8,a00187,jazz
u00661,s000099,0.3193517029285431,9,a00089,jazz
u00661,s000229,0.2901346981525421,10,a00143,jazz
u00508,s000142,0.5118625164031982,1,a00087,latin
u00508,s000186,0.4866586923599243,2,a00112,latin
u00508,s000424,0.4642963707447052,3,a00114,latin
u00508,s000364,0.3828158974647522,4,a00016,latin
u00508,s000194,0.375686377286911,5,a00156,pop
u00508,s000131,0.3694257140159607,6,a00127,pop
u00508,s000351,0.3614410161972046,7,a00149,latin
u00508,s000181,0.35259687900543213,8,a00000,latin
u00508,s000317,0.34885358810424805,9,a00011,latin
u00508,s000372,0.34822678565979004,10,a00034,latin
u00166,s000275,0.6013842821121216,1,a00127,latin
u00166,s000364,0.4829307198524475,2,a00016,latin
u00166,s000142,0.46990910172462463,3,a00087,latin
u00166,s000355,0.4492040276527405,4,a00035,hip-hop
u00166,s000076,0.44803059101104736,5,a00170,edm
u00166,s000344,0.41444551944732666,6,a00186,indie
u00166,s000413,0.40468254685401917,7,a00198,latin
u00166,s000372,0.36684322357177734,8,a00034,latin
u00166,s000392,0.3432506024837494,9,a00061,latin
u00166,s000438,0.34321528673171997,10,a00107,latin
u00069,s000339,0.6311799883842468,1,a00010,edm
u00069,s000156,0.6140313148498535,2,a00176,pop
u00069,s000285,0.5548107624053955,3,a00003,edm
u00069,s000128,0.554018497467041,4,a00161,edm
u00069,s000033,0.5467702746391296,5,a00158,edm
u00069,s000034,0.4994526505470276,6,a00046,rock
u00069,s000494,0.41735246777534485,7,a00145,edm
u00069,s000417,0.41223829984664917,8,a00085,indie
u00069,s000280,0.37242943048477173,9,a00039,pop
u00069,s000084,0.36413365602493286,10,a00105,edm
u00341,s000358,0.6718752384185791,1,a00189,hip-hop
u00341,s000083,0.6517743468284607,2,a00126,hip-hop
u00341,s000205,0.4868927597999573,3,a00031,edm
u00341,s000063,0.4673859775066376,4,a00199,classical
u00341,s000468,0.45242729783058167,5,a00159,hip-hop
u00341,s000158,0.45023494958877563,6,a00117,hip-hop
u00341,s000249,0.42715984582901,7,a00081,hip-hop
u00341,s000186,0.4187774062156677,8,a00112,latin
u00341,s000294,0.39840587973594666,9,a00145,hip-hop
u00341,s000126,0.39702147245407104,10,a00129,hip-hop
u00263,s000445,0.4469025135040283,1,a00167,rock
u00263,s000292,0.4326409101486206,2,a00074,hip-hop
u00263,s000002,0.4108116626739502,3,a00133,rock
u00263,s000490,0.40952086448669434,4,a00141,rock
u00263,s000086,0.38901984691619873,5,a00030,rock
u00263,s000079,0.3773006796836853,6,a00132,rock
u00263,s000312,0.3510686159133911,7,a00056,rock
u00263,s000050,0.3491336703300476,8,a00114,pop
u00263,s000054,0.34561800956726074,9,a00042,rock
u00263,s000004,0.3416314125061035,10,a00134,rock
u00617,s000009,0.5088524222373962,1,a00014,latin
u00617,s000477,0.37750616669654846,2,a00015,latin
u00617,s000424,0.36988407373428345,3,a00114,latin
u00617,s000333,0.3648937940597534,4,a00180,latin
u00617,s000112,0.34486863017082214,5,a00174,latin
u00617,s000475,0.3429516553878784,6,a00061,latin
u00617,s000348,0.3213838040828705,7,a00054,latin
u00617,s000307,0.31963303685188293,8,a00086,latin
u00617,s000177,0.3173009753227234,9,a00143,latin
u00617,s000317,0.31502074003219604,10,a00011,latin
u00541,s000016,0.5408478379249573,1,a00037,pop
u00541,s000022,0.5086617469787598,2,a00195,pop
u00541,s000280,0.46810442209243774,3,a00039,pop
u00541,s000307,0.4292004108428955,4,a00086,latin
u00541,s000435,0.3860735297203064,5,a00013,pop
u00541,s000390,0.34460142254829407,6,a00046,pop
u00541,s000299,0.3358677625656128,7,a00040,pop
u00541,s000369,0.31854549050331116,8,a00041,pop
u00541,s000137,0.31190985441207886,9,a00151,pop
u00541,s000365,0.2722413241863251,10,a00128,edm
u00083,s000231,0.5475391149520874,1,a00164,latin
u00083,s000031,0.4593004584312439,2,a00037,latin
u00083,s000329,0.4393341839313507,3,a00053,classical
u00083,s000348,0.4271567463874817,4,a00054,latin
u00083,s000392,0.40564194321632385,5,a00061,latin
u00083,s000181,0.4026024639606476,6,a00000,latin
u00083,s000372,0.3930235505104065,7,a00034,latin
u00083,s000452,0.39089274406433105,8,a00092,latin
u00083,s000307,0.3800780177116394,9,a00086,latin
u00083,s000479,0.36507779359817505,10,a00120,latin
u00653,s000011,0.7277520895004272,1,a00156,classical
u00653,s000007,0.6233110427856445,2,a00041,classical
u00653,s000373,0.4439265727996826,3,a00130,pop
u00653,s000487,0.4402582049369812,4,a00176,rock
u00653,s000069,0.36838293075561523,5,a00139,classical
u00653,s000268,0.3682878613471985,6,a00085,classical
u00653,s000081,0.3552553355693817,7,a00036,classical
u00653,s000216,0.3414347469806671,8,a00066,edm
u00653,s000331,0.3253040313720703,9,a00192,edm
u00653,s000213,0.307226300239563,10,a00186,edm
u00448,s000196,0.4550487697124481,1,a00102,pop
u00448,s000042,0.4226129651069641,2,a00156,indie
u00448,s000408,0.4195168614387512,3,a00025,indie
u00448,s000030,0.4134364426136017,4,a00117,indie
u00448,s000253,0.36345282196998596,5,a00196,pop
u00448,s000482,0.36170005798339844,6,a00152,edm
u00448,s000176,0.356751412153244,7,a00029,indie
u00448,s000286,0.34449705481529236,8,a00153,pop
u00448,s000259,0.3200080394744873,9,a00139,jazz
u00448,s000314,0.2934953272342682,10,a00133,edm
u00142,s000008,0.6623431444168091,1,a00191,hip-hop
u00142,s000059,0.5117999911308289,2,a00073,hip-hop
u00142,s000334,0.4946213960647583,3,a00035,hip-hop
u00142,s000294,0.4634398818016052,4,a00145,hip-hop
u00142,s000163,0.40648192167282104,5,a00048,edm
u00142,s000140,0.3698112666606903,6,a00179,edm
u00142,s000108,0.34412121772766113,7,a00114,edm
u00142,s000273,0.33966702222824097,8,a00119,jazz
u00142,s000410,0.33109986782073975,9,a00031,hip-hop
u00142,s000258,0.3218986392021179,10,a00118,latin
u00066,s000152,0.5969575643539429,1,a00198,hip-hop
u00066,s000059,0.5881168246269226,2,a00073,hip-hop
u00066,s000383,0.49650102853775024,3,a00186,hip-hop
u00066,s000334,0.49106818437576294,4,a00035,hip-hop
u00066,s000105,0.4621172845363617,5,a00062,hip-hop
u00066,s000294,0.4440004825592041,6,a00145,hip-hop
u00066,s000008,0.4270852208137512,7,a00191,hip-hop
u00066,s000249,0.4186656177043915,8,a00081,hip-hop
u00066,s000468,0.39547550678253174,9,a00159,hip-hop
u00066,s000299,0.3832401633262634,10,a00040,pop
u00821,s000090,0.5920292735099792,1,a00028,hip-hop
u00821,s000059,0.5888299942016602,2,a00073,hip-hop
u00821,s000294,0.4398356080055237,3,a00145,hip-hop
u00821,s000138,0.430103063583374,4,a00024,hip-hop
u00821,s000241,0.42676880955696106,5,a00084,hip-hop
u00821,s000164,0.3471137285232544,6,a00070,classical
u00821,s000355,0.3190509080886841,7,a00035,hip-hop
u00821,s000475,0.3105396032333374,8,a00061,latin
u00821,s000318,0.30761703848838806,9,a00052,pop
u00821,s000258,0.29992714524269104,10,a00118,latin
u00901,s000415,0.6157751083374023,1,a00150,hip-hop
u00901,s000309,0.56486976146698,2,a00105,hip-hop
u00901,s000267,0.5232367515563965,3,a00098,hip-hop
u00901,s000083,0.49005866050720215,4,a00126,hip-hop
u00901,s000288,0.4757441282272339,5,a00028,hip-hop
u00901,s000144,0.454692006111145,6,a00176,hip-hop
u00901,s000346,0.40481752157211304,7,a00053,jazz
u00901,s000211,0.39905160665512085,8,a00056,hip-hop
u00901,s000433,0.3723656237125397,9,a00102,hip-hop
u00901,s000356,0.3323451280593872,10,a00147,hip-hop
u00988,s000127,0.7219756245613098,1,a00134,pop
u00988,s000480,0.6982046365737915,2,a00009,jazz
u00988,s000026,0.48488882184028625,3,a00004,pop
u00988,s000053,0.39794477820396423,4,a00025,indie
u00988,s000212,0.3925624489784241,5,a00066,pop
u00988,s000223,0.3900710940361023,6,a00095,indie
u00988,s000178,0.38328760862350464,7,a00167,indie
u00988,s000463,0.3756958544254303,8,a00033,jazz
u00988,s000105,0.37518805265426636,9,a00062,hip-hop
u00988,s000094,0.3698464035987854,10,a00150,pop
u00516,s000392,0.5783891677856445,1,a00061,latin
u00516,s000087,0.5243703126907349,2,a00121,latin
u00516,s000106,0.45897889137268066,3,a00181,classical
u00516,s000297,0.44710734486579895,4,a00041,rock
u00516,s000189,0.4408944845199585,5,a00178,latin
u00516,s000125,0.43361037969589233,6,a00037,latin
u00516,s000186,0.4134577512741089,7,a00112,latin
u00516,s000070,0.40001997351646423,8,a00140,classical
u00516,s000167,0.38865184783935547,9,a00178,edm
u00516,s000356,0.379090815782547,10,a00147,hip-hop
u00982,s000090,0.6444646120071411,1,a00028,hip-hop
u00982,s000267,0.6428247094154358,2,a00098,hip-hop
u00982,s000008,0.5174717903137207,3,a00191,hip-hop
u00982,s000105,0.4156769812107086,4,a00062,hip-hop
u00982,s000056,0.4013838469982147,5,a00068,latin
u00982,s000415,0.383309543132782,6,a00150,hip-hop
u00982,s000164,0.348726749420166,7,a00070,classical
u00982,s000381,0.34308937191963196,8,a00100,hip-hop
u00982,s000031,0.30887168645858765,9,a00037,latin
u00982,s000288,0.29521840810775757,10,a00028,hip-hop
u00763,s000022,0.6314910054206848,1,a00195,pop
u00763,s000196,0.47709882259368896,2,a00102,pop
u00763,s000156,0.4720480442047119,3,a00176,pop
u00763,s000071,0.44447070360183716,4,a00103,pop
u00763,s000233,0.4283803105354309,5,a00141,rock
u00763,s000122,0.4127757251262665,6,a00024,jazz
u00763,s000137,0.40272724628448486,7,a00151,pop
u00763,s000216,0.3956063389778137,8,a00066,edm
u00763,s000136,0.3904880881309509,9,a00181,indie
u00763,s000417,0.3800255060195923,10,a00085,indie
u00123,s000042,0.5804893970489502,1,a00156,indie
u00123,s000302,0.5547966957092285,2,a00016,indie
u00123,s000037,0.5156786441802979,3,a00183,indie
u00123,s000484,0.4560951590538025,4,a00083,indie
u00123,s000116,0.45036542415618896,5,a00056,indie
u00123,s000490,0.4281378388404846,6,a00141,rock
u00123,s000499,0.4129655659198761,7,a00192,indie
u00123,s000423,0.41241374611854553,8,a00136,indie
u00123,s000114,0.3910127580165863,9,a00136,indie
u00123,s000486,0.364518940448761,10,a00064,indie
u00482,s000005,0.6742688417434692,1,a00178,classical
u00482,s000011,0.6080536842346191,2,a00156,classical
u00482,s000327,0.3936101198196411,3,a00063,classical
u00482,s000418,0.33777138590812683,4,a00134,classical
u00482,s000118,0.33210140466690063,5,a00153,classical
u00482,s000369,0.3222074806690216,6,a00041,pop
u00482,s000383,0.31998246908187866,7,a00186,hip-hop
u00482,s000255,0.3171885311603546,8,a00010,pop
u00482,s000128,0.3156972825527191,9,a00161,edm
u00482,s000192,0.2870866060256958,10,a00128,classical
u00404,s000424,0.8171391487121582,1,a00114,latin
u00404,s000217,0.49739569425582886,2,a00050,pop
u00404,s000036,0.4498976469039917,3,a00179,latin
u00404,s000189,0.4224770963191986,4,a00178,latin
u00404,s000275,0.3988218903541565,5,a00127,latin
u00404,s000450,0.3811420500278473,6,a00119,latin
u00404,s000351,0.37852898240089417,7,a00149,latin
u00404,s000317,0.3664438724517822,8,a00011,latin
u00404,s000125,0.34439149498939514,9,a00037,latin
u00404,s000000,0.3408113718032837,10,a00178,edm
u00163,s000008,0.7211980819702148,1,a00191,hip-hop
u00163,s000083,0.5817614197731018,2,a00126,hip-hop
u00163,s000152,0.4786735475063324,3,a00198,hip-hop
u00163,s000184,0.46024852991104126,4,a00174,latin
u00163,s000334,0.375514954328537,5,a00035,hip-hop
u00163,s000381,0.3725626468658447,6,a00100,hip-hop
u00163,s000298,0.3699015974998474,7,a00099,classical
u00163,s000398,0.3490472435951233,8,a00117,hip-hop
u00163,s000457,0.3149961829185486,9,a00169,hip-hop
u00163,s000307,0.31009188294410706,10,a00086,latin
u00016,s000468,0.5959634184837341,1,a00159,hip-hop
u00016,s000006,0.5049117207527161,2,a00199,hip-hop
u00016,s000090,0.46738043427467346,3,a00028,hip-hop
u00016,s000158,0.4253672957420349,4,a00117,hip-hop
u00016,s000301,0.4024987518787384,5,a00033,hip-hop
u00016,s000076,0.4002028703689575,6,a00170,edm
u00016,s000249,0.3980575203895569,7,a00081,hip-hop
u00016,s000105,0.3941459059715271,8,a00062,hip-hop
u00016,s000083,0.38323843479156494,9,a00126,hip-hop
u00016,s000058,0.3823302090167999,10,a00010,edm
u00955,s000191,0.698412299156189,1,a00131,jazz
u00955,s000027,0.5737650394439697,2,a00122,jazz
u00955,s000463,0.5156871676445007,3,a00033,jazz
u00955,s000273,0.4982953369617462,4,a00119,jazz
u00955,s000422,0.4842369258403778,5,a00006,jazz
u00955,s000233,0.44459593296051025,6,a00141,rock
u00955,s000171,0.4218288064002991,7,a00031,jazz
u00955,s000483,0.4027750492095947,8,a00102,rock
u00955,s000080,0.3838464021682739,9,a00119,jazz
u00955,s000065,0.3736816644668579,10,a00046,jazz
u00912,s000151,0.7245298027992249,1,a00048,classical
u00912,s000007,0.6933412551879883,2,a00041,classical
u00912,s000161,0.6367277503013611,3,a00188,classical
u00912,s000493,0.549714207649231,4,a00067,pop
u00912,s000232,0.5068460702896118,5,a00181,classical
u00912,s000407,0.4649296998977661,6,a00108,classical
u00912,s000166,0.42525148391723633,7,a00140,classical
u00912,s000402,0.4069666266441345,8,a00088,rock
u00912,s000218,0.4064568281173706,9,a00096,classical
u00912,s000028,0.3787660002708435,10,a00073,classical
u00844,s000007,0.5500855445861816,1,a00041,classical
u00844,s000011,0.5342403650283813,2,a00156,classical
u00844,s000014,0.39925044775009155,3,a00163,classical
u00844,s000369,0.24437767267227173,4,a00041,pop
u00844,s000327,0.2400335967540741,5,a00063,classical
u00844,s000034,0.23321007192134857,6,a00046,rock
u00844,s000451,0.20813710987567902,7,a00003,classical
u00844,s000050,0.20053254067897797,8,a00114,pop
u00844,s000437,0.2004474699497223,9,a00151,classical
u00844,s000029,0.20017825067043304,10,a00096,classical
u00276,s000452,0.4947364926338196,1,a00092,latin
u00276,s000004,0.47105586528778076,2,a00134,rock
u00276,s000054,0.45142900943756104,3,a00042,rock
u00276,s000184,0.4096575677394867,4,a00174,latin
u00276,s000454,0.3938697278499603,5,a00140,rock
u00276,s000181,0.3889521062374115,6,a00000,latin
u00276,s000483,0.38488712906837463,7,a00102,rock
u00276,s000409,0.3608177900314331,8,a00046,pop
u00276,s000380,0.35655906796455383,9,a00018,edm
u00276,s000000,0.3543773591518402,10,a00178,edm
u00562,s000464,0.6062911748886108,1,a00157,jazz
u00562,s000042,0.5545026659965515,2,a00156,indie
u00562,s000223,0.4839146137237549,3,a00095,indie
u00562,s000492,0.4685184955596924,4,a00157,indie
u00562,s000262,0.40665510296821594,5,a00036,indie
u00562,s000122,0.3773460388183594,6,a00024,jazz
u00562,s000476,0.35525310039520264,7,a00184,indie
u00562,s000491,0.3404080867767334,8,a00119,indie
u00562,s000277,0.3292858302593231,9,a00114,indie
u00562,s000146,0.32509899139404297,10,a00062,indie
u00359,s000060,0.5600767731666565,1,a00103,rock
u00359,s000127,0.5345126986503601,2,a00134,pop
u00359,s000346,0.5218429565429688,3,a00053,jazz
u00359,s000336,0.38355007767677307,4,a00025,jazz
u00359,s000190,0.37880009412765503,5,a00062,jazz
u00359,s000477,0.3606273829936981,6,a00015,latin
u00359,s000169,0.3498065173625946,7,a00183,jazz
u00359,s000345,0.3402974307537079,8,a00038,jazz
u00359,s000211,0.3001028299331665,9,a00056,hip-hop
u00359,s000181,0.29739779233932495,10,a00000,latin
u00168,s000146,0.5088292956352234,1,a00062,indie
u00168,s000192,0.47970741987228394,2,a00128,classical
u00168,s000356,0.4087322950363159,3,a00147,hip-hop
u00168,s000042,0.367025226354599,4,a00156,indie
u00168,s000408,0.3668419122695923,5,a00025,indie
u00168,s000136,0.3358299136161804,6,a00181,indie
u00168,s000484,0.330061137676239,7,a00083,indie
u00168,s000083,0.3273423910140991,8,a00126,hip-hop
u00168,s000489,0.31399771571159363,9,a00172,rock
u00168,s000304,0.3123154044151306,10,a00152,pop
u00651,s000142,0.5519156455993652,1,a00087,latin
u00651,s000186,0.4820519685745239,2,a00112,latin
u00651,s000450,0.43940818309783936,3,a00119,latin
u00651,s000372,0.397208571434021,4,a00034,latin
u00651,s000055,0.39126473665237427,5,a00026,classical
u00651,s000424,0.3873424530029297,6,a00114,latin
u00651,s000392,0.3617665469646454,7,a00061,latin
u00651,s000452,0.3398672342300415,8,a00092,latin
u00651,s000105,0.33168742060661316,9,a00062,hip-hop
u00651,s000031,0.33164772391319275,10,a00037,latin
u00225,s000016,0.591389536857605,1,a00037,pop
u00225,s000023,0.45508483052253723,2,a00085,pop
u00225,s000094,0.2995704412460327,3,a00150,pop
u00225,s000129,0.28987568616867065,4,a00090,pop
u00225,s000295,0.25771260261535645,5,a00127,pop
u00225,s000127,0.25305843353271484,6,a00134,pop
u00225,s000156,0.25266289710998535,7,a00176,pop
u00225,s000189,0.24085280299186707,8,a00178,latin
u00225,s000316,0.2405691146850586,9,a00097,pop
u00225,s000304,0.23692309856414795,10,a00152,pop
u00202,s000430,0.5747578144073486,1,a00166,rock
u00202,s000042,0.5440428853034973,2,a00156,indie
u00202,s000062,0.43245968222618103,3,a00133,indie
u00202,s000009,0.41120755672454834,4,a00014,latin
u00202,s000071,0.4019217789173126,5,a00103,pop
u00202,s000146,0.3989512324333191,6,a00062,indie
u00202,s000122,0.3977564573287964,7,a00024,jazz
u00202,s000385,0.38143086433410645,8,a00188,hip-hop
u00202,s000445,0.36387598514556885,9,a00167,rock
u00202,s000344,0.35004332661628723,10,a00186,indie
u00212,s000010,0.738848090171814,1,a00110,classical
u00212,s000470,0.6199811697006226,2,a00122,classical
u00212,s000499,0.6002638936042786,3,a00192,indie
u00212,s000192,0.5630064010620117,4,a00128,classical
u00212,s000218,0.5261056423187256,5,a00096,classical
u00212,s000232,0.43652740120887756,6,a00181,classical
u00212,s000161,0.4271450936794281,7,a00188,classical
u00212,s000164,0.4014681279659271,8,a00070,classical
u00212,s000204,0.31701070070266724,9,a00054,classical
u00212,s000299,0.3004881739616394,10,a00040,pop
u00352,s000293,0.6514546275138855,1,a00069,rock
u00352,s000487,0.4233373701572418,2,a00176,rock
u00352,s000038,0.4092070460319519,3,a00014,rock
u00352,s000119,0.39134645462036133,4,a00168,edm
u00352,s000312,0.38968920707702637,5,a00056,rock
u00352,s000301,0.3894219696521759,6,a00033,hip-hop
u00352,s000032,0.36369824409484863,7,a00140,rock
u00352,s000071,0.36368444561958313,8,a00103,pop
u00352,s000021,0.3458625376224518,9,a00032,rock
u00352,s000142,0.34206101298332214,10,a00087,latin
u00103,s000386,0.5853686928749084,1,a00016,rock
u00103,s000090,0.5377361178398132,2,a00028,hip-hop
u00103,s000129,0.5344778895378113,3,a00090,pop
u00103,s000006,0.4966909885406494,4,a00199,hip-hop
u00103,s000381,0.4670924246311188,5,a00100,hip-hop
u00103,s000185,0.44369715452194214,6,a00193,hip-hop
u00103,s000235,0.43616580963134766,7,a00175,hip-hop
u00103,s000279,0.4298723042011261,8,a00008,hip-hop
u00103,s000415,0.4283362627029419,9,a00150,hip-hop
u00103,s000376,0.40573638677597046,10,a00178,hip-hop
u00730,s000275,0.4914950132369995,1,a00127,latin
u00730,s000464,0.4789738655090332,2,a00157,jazz
u00730,s000498,0.4597472548484802,3,a00175,jazz
u00730,s000443,0.4251072406768799,4,a00036,jazz
u00730,s000427,0.42295414209365845,5,a00058,jazz
u00730,s000148,0.41489315032958984,6,a00153,jazz
u00730,s000191,0.40699395537376404,7,a00131,jazz
u00730,s000422,0.3698565363883972,8,a00006,jazz
u00730,s000190,0.3696834146976471,9,a00062,jazz
u00730,s000198,0.3667210638523102,10,a00031,jazz
u00565,s000405,0.4663675129413605,1,a00058,latin
u00565,s000292,0.37801945209503174,2,a00074,hip-hop
u00565,s000213,0.3624228835105896,3,a00186,edm
u00565,s000050,0.3618626594543457,4,a00114,pop
u00565,s000395,0.3581198751926422,5,a00007,edm
u00565,s000473,0.3505581021308899,6,a00028,pop
u00565,s000428,0.3437786102294922,7,a00081,edm
u00565,s000299,0.3131624162197113,8,a00040,pop
u00565,s000201,0.3013814389705658,9,a00161,pop
u00565,s000127,0.2980601191520691,10,a00134,pop
u00586,s000015,0.8764871954917908,1,a00156,edm
u00586,s000104,0.7804100513458252,2,a00000,edm
u00586,s000000,0.5080749988555908,3,a00178,edm
u00586,s000285,0.5024019479751587,4,a00003,edm
u00586,s000167,0.44954073429107666,5,a00178,edm
u00586,s000287,0.42389094829559326,6,a00185,edm
u00586,s000128,0.3885485529899597,7,a00161,edm
u00586,s000440,0.3753422498703003,8,a00044,rock
u00586,s000225,0.36804723739624023,9,a00077,edm
u00586,s000482,0.3511887788772583,10,a00152,edm
u00131,s000029,0.5584235787391663,1,a00096,classical
u00131,s000298,0.4987221360206604,2,a00099,classical
u00131,s000160,0.4700765907764435,3,a00062,latin
u00131,s000412,0.4632973372936249,4,a00015,classical
u00131,s000014,0.4406939446926117,5,a00163,classical
u00131,s000364,0.4384526014328003,6,a00016,latin
u00131,s000034,0.4280683994293213,7,a00046,rock
u00131,s000209,0.4118443727493286,8,a00007,classical
u00131,s000447,0.40130239725112915,9,a00107,latin
u00131,s000154,0.39812415838241577,10,a00083,latin
u00201,s000231,0.45461153984069824,1,a00164,latin
u00201,s000361,0.45118433237075806,2,a00193,edm
u00201,s000237,0.44560176134109497,3,a00073,latin
u00201,s000307,0.4447128474712372,4,a00086,latin
u00201,s000438,0.42523977160453796,5,a00107,latin
u00201,s000385,0.4145902991294861,6,a00188,hip-hop
u00201,s000153,0.40524789690971375,7,a00080,pop
u00201,s000275,0.40310052037239075,8,a00127,latin
u00201,s000031,0.3646116852760315,9,a00037,latin
u00201,s000076,0.34873172640800476,10,a00170,edm
u00525,s000093,0.6171306371688843,1,a00010,indie
u00525,s000242,0.541508674621582,2,a00146,indie
u00525,s000037,0.49470603466033936,3,a00183,indie
u00525,s000332,0.4613305330276489,4,a00050,indie
u00525,s000331,0.4429343342781067,5,a00192,edm
u00525,s000042,0.3773694932460785,6,a00156,indie
u00525,s000266,0.360324501991272,7,a00171,indie
u00525,s000402,0.35947003960609436,8,a00088,rock
u00525,s000464,0.31808701157569885,9,a00157,jazz
u00525,s000053,0.313538134098053,10,a00025,indie
u00669,s000063,0.5199090242385864,1,a00199,classical
u00669,s000300,0.5091135501861572,2,a00165,indie
u00669,s000102,0.5003848075866699,3,a00181,hip-hop
u00669,s000136,0.47534966468811035,4,a00181,indie
u00669,s000485,0.4340670704841614,5,a00132,indie
u00669,s000242,0.3841688334941864,6,a00146,indie
u00669,s000266,0.3821927309036255,7,a00171,indie
u00669,s000264,0.3660294711589813,8,a00136,edm
u00669,s000262,0.3658776879310608,9,a00036,indie
u00669,s000176,0.35221606492996216,10,a00029,indie
u00210,s000004,0.4026230573654175,1,a00134,rock
u00210,s000118,0.39026588201522827,2,a00153,classical
u00210,s000492,0.38024407625198364,3,a00157,indie
u00210,s000037,0.37543952465057373,4,a00183,indie
u00210,s000344,0.34883129596710205,5,a00186,indie
u00210,s000224,0.32408082485198975,6,a00087,rock
u00210,s000361,0.3235825300216675,7,a00193,edm
u00210,s000030,0.32207030057907104,8,a00117,indie
u00210,s000277,0.3175995349884033,9,a00114,indie
u00210,s000192,0.31484687328338623,10,a00128,classical
u00684,s000038,0.7077382802963257,1,a00014,rock
u00684,s000054,0.6492661833763123,2,a00042,rock
u00684,s000430,0.511870801448822,3,a00166,rock
u00684,s000187,0.4958420991897583,4,a00113,rock
u00684,s000325,0.4740257263183594,5,a00121,rock
u00684,s000312,0.4521680772304535,6,a00056,rock
u00684,s000049,0.42143121361732483,7,a00094,rock
u00684,s000282,0.40039390325546265,8,a00024,rock
u00684,s000086,0.3926889896392822,9,a00030,rock
u00684,s000267,0.36333027482032776,10,a00098,hip-hop
u00751,s000010,0.6386867761611938,1,a00110,classical
u00751,s000005,0.6021008491516113,2,a00178,classical
u00751,s000069,0.573943018913269,3,a00139,classical
u00751,s000418,0.5434350967407227,4,a00134,classical
u00751,s000019,0.4910229444503784,5,a00154,classical
u00751,s000375,0.48704296350479126,6,a00171,classical
u00751,s000137,0.4348945915699005,7,a00151,pop
u00751,s000280,0.4239897131919861,8,a00039,pop
u00751,s000298,0.35194554924964905,9,a00099,classical
u00751,s000481,0.3471337854862213,10,a00157,classical
u00499,s000241,0.5955715775489807,1,a00084,hip-hop
u00499,s000059,0.5195428729057312,2,a00073,hip-hop
u00499,s000006,0.5075018405914307,3,a00199,hip-hop
u00499,s000383,0.490225613117218,4,a00186,hip-hop
u00499,s000235,0.4521726071834564,5,a00175,hip-hop
u00499,s000091,0.4186401069164276,6,a00039,indie
u00499,s000356,0.36493033170700073,7,a00147,hip-hop
u00499,s000372,0.3329232335090637,8,a00034,latin
u00499,s000175,0.3199644982814789,9,a00172,indie
u00499,s000102,0.31715506315231323,10,a00181,hip-hop
u00876,s000016,0.5511983633041382,1,a00037,pop
u00876,s000026,0.4748036861419678,2,a00004,pop
u00876,s000129,0.29770445823669434,3,a00090,pop
u00876,s000280,0.25974953174591064,4,a00039,pop
u00876,s000255,0.25861167907714844,5,a00010,pop
u00876,s000212,0.23477807641029358,6,a00066,pop
u00876,s000050,0.22521397471427917,7,a00114,pop
u00876,s000234,0.22506150603294373,8,a00054,pop
u00876,s000295,0.22252905368804932,9,a00127,pop
u00876,s000471,0.22163143754005432,10,a00038,pop
u00637,s000352,0.5130158066749573,1,a00068,indie
u00637,s000223,0.5030615925788879,2,a00095,indie
u00637,s000020,0.4990624189376831,3,a00182,indie
u00637,s000042,0.42614901065826416,4,a00156,indie
u00637,s000063,0.4098234474658966,5,a00199,classical
u00637,s000178,0.4085240066051483,6,a00167,indie
u00637,s000234,0.33887240290641785,7,a00054,pop
u00637,s000279,0.33715081214904785,8,a00008,hip-hop
u00637,s000333,0.30739131569862366,9,a00180,latin
u00637,s000331,0.3000211715698242,10,a00192,edm
u00827,s000435,0.6602542400360107,1,a00013,pop
u00827,s000270,0.4129335880279541,2,a00023,pop
u00827,s000050,0.40766066312789917,3,a00114,pop
u00827,s000151,0.3956355154514313,4,a00048,classical
u00827,s000129,0.38107019662857056,5,a00090,pop
u00827,s000381,0.3718559145927429,6,a00100,hip-hop
u00827,s000471,0.366031289100647,7,a00038,pop
u00827,s000269,0.33219999074935913,8,a00107,pop
u00827,s000183,0.32343679666519165,9,a00114,hip-hop
u00827,s000116,0.3100482225418091,10,a00056,indie
u00181,s000302,0.6261441111564636,1,a00016,indie
u00181,s000098,0.5845552682876587,2,a00148,edm
u00181,s000496,0.5708808898925781,3,a00036,latin
u00181,s000030,0.5607737302780151,4,a00117,indie
u00181,s000020,0.5014306306838989,5,a00182,indie
u00181,s000266,0.48253726959228516,6,a00171,indie
u00181,s000226,0.4443644881248474,7,a00031,indie
u00181,s000100,0.42082738876342773,8,a00109,jazz
u00181,s000347,0.4135589003562927,9,a00097,indie
u00181,s000067,0.4086558222770691,10,a00045,indie
u00249,s000181,0.4595869183540344,1,a00000,latin
u00249,s000393,0.44575440883636475,2,a00079,edm
u00249,s000444,0.42717602849006653,3,a00170,jazz
u00249,s000198,0.4162941873073578,4,a00031,jazz
u00249,s000080,0.3956634998321533,5,a00119,jazz
u00249,s000177,0.3914989233016968,6,a00143,latin
u00249,s000089,0.3905031979084015,7,a00050,pop
u00249,s000045,0.3807988166809082,8,a00075,jazz
u00249,s000459,0.37750670313835144,9,a00125,jazz
u00249,s000345,0.36878588795661926,10,a00038,jazz
u00895,s000358,0.5315613150596619,1,a00189,hip-hop
u00895,s000410,0.5172929763793945,2,a00031,hip-hop
u00895,s000202,0.5020699501037598,3,a00123,hip-hop
u00895,s000006,0.4897840917110443,4,a00199,hip-hop
u00895,s000138,0.43904978036880493,5,a00024,hip-hop
u00895,s000144,0.4036685526371002,6,a00176,hip-hop
u00895,s000315,0.3705686628818512,7,a00167,hip-hop
u00895,s000183,0.3565693497657776,8,a00114,hip-hop
u00895,s000376,0.3394670784473419,9,a00178,hip-hop
u00895,s000163,0.3223128914833069,10,a00048,edm
u00304,s000016,0.6896939277648926,1,a00037,pop
u00304,s000050,0.2791889011859894,2,a00114,pop
u00304,s000094,0.27065566182136536,3,a00150,pop
u00304,s000156,0.2644589841365814,4,a00176,pop
u00304,s000129,0.26262789964675903,5,a00090,pop
u00304,s000295,0.25260066986083984,6,a00127,pop
u00304,s000255,0.2510213255882263,7,a00010,pop
u00304,s000280,0.2441452592611313,8,a00039,pop
u00304,s000127,0.23185759782791138,9,a00134,pop
u00304,s000435,0.2317999303340912,10,a00013,pop
u00894,s000267,0.7101302742958069,1,a00098,hip-hop
u00894,s000356,0.6713699102401733,2,a00147,hip-hop
u00894,s000090,0.6514600515365601,3,a00028,hip-hop
u00894,s000083,0.6449000835418701,4,a00126,hip-hop
u00894,s000309,0.6184967756271362,5,a00105,hip-hop
u00894,s000372,0.5251798629760742,6,a00034,latin
u00894,s000091,0.510094404220581,7,a00039,indie
u00894,s000383,0.4466188848018646,8,a00186,hip-hop
u00894,s000448,0.441463828086853,9,a00038,edm
u00894,s000364,0.379722535610199,10,a00016,latin
u00042,s000255,0.701810359954834,1,a00010,pop
u00042,s000130,0.6391597390174866,2,a00016,pop
u00042,s000310,0.5167956948280334,3,a00085,jazz
u00042,s000295,0.4472171664237976,4,a00127,pop
u00042,s000201,0.43887317180633545,5,a00161,pop
u00042,s000016,0.40710002183914185,6,a00037,pop
u00042,s000217,0.39223533868789673,7,a00050,pop
u00042,s000029,0.3845863938331604,8,a00096,classical
u00042,s000419,0.37774255871772766,9,a00013,rock
u00042,s000160,0.3325153887271881,10,a00062,latin
u00852,s000011,0.690714955329895,1,a00156,classical
u00852,s000434,0.5271731615066528,2,a00016,hip-hop
u00852,s000160,0.5114023089408875,3,a00062,latin
u00852,s000214,0.4601235091686249,4,a00071,pop
u00852,s000069,0.4503433108329773,5,a00139,classical
u00852,s000486,0.4482356607913971,6,a00064,indie
u00852,s000105,0.425162136554718,7,a00062,hip-hop
u00852,s000170,0.399824857711792,8,a00061,latin
u00852,s000454,0.398998886346817,9,a00140,rock
u00852,s000363,0.3921787440776825,10,a00039,edm
u00678,s000185,0.44504696130752563,1,a00193,hip-hop
u00678,s000023,0.4389462471008301,2,a00085,pop
u00678,s000484,0.4056703448295593,3,a00083,indie
u00678,s000072,0.39682185649871826,4,a00189,pop
u00678,s000280,0.3929708003997803,5,a00039,pop
u00678,s000082,0.3908395767211914,6,a00071,classical
u00678,s000217,0.36157137155532837,7,a00050,pop
u00678,s000390,0.3615523874759674,8,a00046,pop
u00678,s000435,0.3575873374938965,9,a00013,pop
u00678,s000360,0.34677883982658386,10,a00153,edm
u00959,s000037,0.6334304213523865,1,a00183,indie
u00959,s000113,0.4241645038127899,2,a00052,indie
u00959,s000445,0.4133594334125519,3,a00167,rock
u00959,s000484,0.40827441215515137,4,a00083,indie
u00959,s000332,0.40370622277259827,5,a00050,indie
u00959,s000114,0.3779088854789734,6,a00136,indie
u00959,s000053,0.35319849848747253,7,a00025,indie
u00959,s000486,0.34765154123306274,8,a00064,indie
u00959,s000423,0.33142077922821045,9,a00136,indie
u00959,s000483,0.31435394287109375,10,a00102,rock
u00743,s000011,0.6544435620307922,1,a00156,classical
u00743,s000292,0.4909578561782837,2,a00074,hip-hop
u00743,s000331,0.41543880105018616,3,a00192,edm
u00743,s000327,0.36313503980636597,4,a00063,classical
u00743,s000053,0.31768932938575745,5,a00025,indie
u00743,s000494,0.30999112129211426,6,a00145,edm
u00743,s000077,0.30028802156448364,7,a00099,rock
u00743,s000328,0.28692948818206787,8,a00129,edm
u00743,s000206,0.28097930550575256,9,a00177,classical
u00743,s000122,0.27812308073043823,10,a00024,jazz
u00790,s000015,0.7370307445526123,1,a00156,edm
u00790,s000128,0.660990834236145,2,a00161,edm
u00790,s000025,0.5468747615814209,3,a00009,edm
u00790,s000353,0.4452279806137085,4,a00055,edm
u00790,s000144,0.4132235646247864,5,a00176,hip-hop
u00790,s000163,0.35649001598358154,6,a00048,edm
u00790,s000380,0.3518548905849457,7,a00018,edm
u00790,s000108,0.3485835790634155,8,a00114,edm
u00790,s000023,0.3431242108345032,9,a00085,pop
u00790,s000434,0.32546696066856384,10,a00016,hip-hop
u00267,s000193,0.7895019054412842,1,a00007,latin
u00267,s000098,0.48899149894714355,2,a00148,edm
u00267,s000392,0.47939354181289673,3,a00061,latin
u00267,s000358,0.42395544052124023,4,a00189,hip-hop
u00267,s000475,0.4050828516483307,5,a00061,latin
u00267,s000447,0.3986128270626068,6,a00107,latin
u00267,s000257,0.3888048529624939,7,a00194,jazz
u00267,s000123,0.37090909481048584,8,a00089,indie
u00267,s000372,0.3616776466369629,9,a00034,latin
u00267,s000450,0.3522290289402008,10,a00119,latin
u00219,s000030,0.43429648876190186,1,a00117,indie
u00219,s000347,0.3256374001502991,2,a00097,indie
u00219,s000344,0.2790299952030182,3,a00186,indie
u00219,s000114,0.26266175508499146,4,a00136,indie
u00219,s000484,0.2353200614452362,5,a00083,indie
u00219,s000113,0.2306363880634308,6,a00052,indie
u00219,s000242,0.22909262776374817,7,a00146,indie
u00219,s000175,0.22442969679832458,8,a00172,indie
u00219,s000332,0.21780772507190704,9,a00050,indie
u00219,s000388,0.2151663899421692,10,a00056,indie
u00365,s000116,0.8392921686172485,1,a00056,indie
u00365,s000020,0.5332564115524292,2,a00182,indie
u00365,s000159,0.5200885534286499,3,a00085,hip-hop
u00365,s000037,0.5071603655815125,4,a00183,indie
u00365,s000423,0.44084632396698,5,a00136,indie
u00365,s000302,0.3968956470489502,6,a00016,indie
u00365,s000408,0.39679843187332153,7,a00025,indie
u00365,s000103,0.3804761469364166,8,a00056,rock
u00365,s000033,0.37812018394470215,9,a00158,edm
u00365,s000487,0.36862748861312866,10,a00176,rock
u00886,s000420,0.6113171577453613,1,a00078,rock
u00886,s000004,0.500255286693573,2,a00134,rock
u00886,s000487,0.47217291593551636,3,a00176,rock
u00886,s000229,0.4217808246612549,4,a00143,jazz
u00886,s000149,0.4078400731086731,5,a00155,rock
u00886,s000076,0.39868900179862976,6,a00170,edm
u00886,s000469,0.37187427282333374,7,a00095,rock
u00886,s000086,0.355907142162323,8,a00030,rock
u00886,s000430,0.3505599796772003,9,a00166,rock
u00886,s000464,0.34868937730789185,10,a00157,jazz
u00836,s000017,0.5135889053344727,1,a00184,jazz
u00836,s000382,0.33779680728912354,2,a00043,jazz
u00836,s000366,0.3018140196800232,3,a00060,jazz
u00836,s000443,0.29997700452804565,4,a00036,jazz
u00836,s000401,0.26600658893585205,5,a00024,jazz
u00836,s000172,0.26313087344169617,6,a00157,jazz
u00836,s000121,0.2607467770576477,7,a00062,jazz
u00836,s000229,0.2572820782661438,8,a00143,jazz
u00836,s000169,0.22396960854530334,9,a00183,jazz
u00836,s000179,0.2209087610244751,10,a00018,jazz
u00700,s000023,0.8469136357307434,1,a00085,pop
u00700,s000072,0.5272417068481445,2,a00189,pop
u00700,s000234,0.4939464330673218,3,a00054,pop
u00700,s000334,0.48166805505752563,4,a00035,hip-hop
u00700,s000295,0.48001986742019653,5,a00127,pop
u00700,s000071,0.4329143762588501,6,a00103,pop
u00700,s000307,0.4170660376548767,7,a00086,latin
u00700,s000473,0.3944999575614929,8,a00028,pop
u00700,s000050,0.3849170506000519,9,a00114,pop
u00700,s000118,0.35238879919052124,10,a00153,classical
u00942,s000193,0.5820901989936829,1,a00007,latin
u00942,s000297,0.512061595916748,2,a00041,rock
u00942,s000181,0.4776712954044342,3,a00000,latin
u00942,s000497,0.46219494938850403,4,a00152,latin
u00942,s000406,0.4271728992462158,5,a00153,pop
u00942,s000227,0.42177557945251465,6,a00119,latin
u00942,s000142,0.39607828855514526,7,a00087,latin
u00942,s000024,0.39566946029663086,8,a00065,latin
u00942,s000420,0.38866323232650757,9,a00078,rock
u00942,s000290,0.35272499918937683,10,a00097,rock
u00337,s000427,0.3102235198020935,1,a00058,jazz
u00337,s000346,0.2964836657047272,2,a00053,jazz
u00337,s000080,0.29004403948783875,3,a00119,jazz
u00337,s000366,0.27477574348449707,4,a00060,jazz
u00337,s000169,0.2694717049598694,5,a00183,jazz
u00337,s000374,0.22904491424560547,6,a00107,jazz
u00337,s000190,0.21987676620483398,7,a00062,jazz
u00337,s000401,0.21976137161254883,8,a00024,jazz
u00337,s000099,0.21404603123664856,9,a00089,jazz
u00337,s000444,0.21279332041740417,10,a00170,jazz
u00288,s000038,0.4601275324821472,1,a00014,rock
u00288,s000002,0.4505494236946106,2,a00133,rock
u00288,s000454,0.446260541677475,3,a00140,rock
u00288,s000138,0.4024243652820587,4,a00024,hip-hop
u00288,s000489,0.39407405257225037,5,a00172,rock
u00288,s000276,0.36718714237213135,6,a00113,rock
u00288,s000164,0.3598335385322571,7,a00070,classical
u00288,s000032,0.3449016809463501,8,a00140,rock
u00288,s000297,0.3048511743545532,9,a00041,rock
u00288,s000157,0.2972124516963959,10,a00147,rock
u00200,s000116,0.7120452523231506,1,a00056,indie
u00200,s000113,0.6209872364997864,2,a00052,indie
u00200,s000175,0.5411306619644165,3,a00172,indie
u00200,s000037,0.5308570861816406,4,a00183,indie
u00200,s000098,0.5276248455047607,5,a00148,edm
u00200,s000434,0.4824395179748535,6,a00016,hip-hop
u00200,s000001,0.4382272958755493,7,a00197,indie
u00200,s000258,0.4020726978778839,8,a00118,latin
u00200,s000123,0.3925797641277313,9,a00089,indie
u00200,s000302,0.37220558524131775,10,a00016,indie
u00814,s000090,0.5554853677749634,1,a00028,hip-hop
u00814,s000398,0.4713493883609772,2,a00117,hip-hop
u00814,s000333,0.45257604122161865,3,a00180,latin
u00814,s000385,0.4521991014480591,4,a00188,hip-hop
u00814,s000315,0.3994802236557007,5,a00167,hip-hop
u00814,s000138,0.39141905307769775,6,a00024,hip-hop
u00814,s000184,0.38452351093292236,7,a00174,latin
u00814,s000006,0.3774416744709015,8,a00199,hip-hop
u00814,s000185,0.3742506802082062,9,a00193,hip-hop
u00814,s000376,0.36019229888916016,10,a00178,hip-hop
u00459,s000099,0.765346884727478,1,a00089,jazz
u00459,s000027,0.5344926118850708,2,a00122,jazz
u00459,s000273,0.44457975029945374,3,a00119,jazz
u00459,s000295,0.4427512288093567,4,a00127,pop
u00459,s000065,0.427844762802124,5,a00046,jazz
u00459,s000310,0.4121374487876892,6,a00085,jazz
u00459,s000169,0.4012776017189026,7,a00183,jazz
u00459,s000160,0.4005127251148224,8,a00062,latin
u00459,s000046,0.39711064100265503,9,a00172,jazz
u00459,s000427,0.3747749328613281,10,a00058,jazz
u00845,s000010,0.7385231256484985,1,a00110,classical
u00845,s000011,0.5925906300544739,2,a00156,classical
u00845,s000498,0.4997142553329468,3,a00175,jazz
u00845,s000040,0.43952539563179016,4,a00135,classical
u00845,s000106,0.41890841722488403,5,a00181,classical
u00845,s000327,0.4057876765727997,6,a00063,classical
u00845,s000278,0.40163302421569824,7,a00013,classical
u00845,s000014,0.3586409091949463,8,a00163,classical
u00845,s000019,0.3576335906982422,9,a00154,classical
u00845,s000382,0.33747026324272156,10,a00043,jazz
u00062,s000014,0.49964991211891174,1,a00163,classical
u00062,s000327,0.4200267493724823,2,a00063,classical
u00062,s000056,0.4039078950881958,3,a00068,latin
u00062,s000164,0.37402060627937317,4,a00070,classical
u00062,s000065,0.3658338785171509,5,a00046,jazz
u00062,s000309,0.3533362150192261,6,a00105,hip-hop
u00062,s000290,0.33888015151023865,7,a00097,rock
u00062,s000450,0.3098210096359253,8,a00119,latin
u00062,s000452,0.2919430434703827,9,a00092,latin
u00062,s000470,0.27640876173973083,10,a00122,classical
u00828,s000067,0.7201876640319824,1,a00045,indie
u00828,s000042,0.6936661005020142,2,a00156,indie
u00828,s000037,0.6389204263687134,3,a00183,indie
u00828,s000265,0.5395147800445557,4,a00052,jazz
u00828,s000484,0.5328884720802307,5,a00083,indie
u00828,s000434,0.45019614696502686,6,a00016,hip-hop
u00828,s000316,0.44770222902297974,7,a00097,pop
u00828,s000220,0.43613380193710327,8,a00007,rock
u00828,s000163,0.43020355701446533,9,a00048,edm
u00828,s000113,0.4070888161659241,10,a00052,indie
u00820,s000067,0.6500511765480042,1,a00045,indie
u00820,s000338,0.5815809369087219,2,a00148,edm
u00820,s000285,0.5278533697128296,3,a00003,edm
u00820,s000388,0.5112232565879822,4,a00056,indie
u00820,s000037,0.5074864625930786,5,a00183,indie
u00820,s000433,0.4368526339530945,6,a00102,hip-hop
u00820,s000262,0.4003131091594696,7,a00036,indie
u00820,s000226,0.3940116763114929,8,a00031,indie
u00820,s000487,0.37242695689201355,9,a00176,rock
u00820,s000175,0.36556845903396606,10,a00172,indie
u00636,s000282,0.5437178611755371,1,a00024,rock
u00636,s000238,0.45557427406311035,2,a00006,rock
u00636,s000236,0.44225072860717773,3,a00006,rock
u00636,s000381,0.39751136302948,4,a00100,hip-hop
u00636,s000003,0.3743411898612976,5,a00066,rock
u00636,s000324,0.35569894313812256,6,a00189,classical
u00636,s000188,0.34772545099258423,7,a00165,jazz
u00636,s000058,0.33467739820480347,8,a00010,edm
u00636,s000314,0.3310988247394562,9,a00133,edm
u00636,s000476,0.3093864619731903,10,a00184,indie
u00034,s000393,0.7400900721549988,1,a00079,edm
u00034,s000477,0.5141830444335938,2,a00015,latin
u00034,s000015,0.4681519865989685,3,a00156,edm
u00034,s000395,0.4103352725505829,4,a00007,edm
u00034,s000328,0.36150068044662476,5,a00129,edm
u00034,s000012,0.3482460379600525,6,a00032,edm
u00034,s000086,0.3272958993911743,7,a00030,rock
u00034,s000334,0.3098292648792267,8,a00035,hip-hop
u00034,s000301,0.3053644895553589,9,a00033,hip-hop
u00034,s000453,0.3027440309524536,10,a00152,jazz
u00007,s000005,0.6560434103012085,1,a00178,classical
u00007,s000327,0.5189008712768555,2,a00063,classical
u00007,s000375,0.42576390504837036,3,a00171,classical
u00007,s000461,0.39549800753593445,4,a00054,classical
u00007,s000163,0.3625417947769165,5,a00048,edm
u00007,s000040,0.35542210936546326,6,a00135,classical
u00007,s000235,0.32432663440704346,7,a00175,hip-hop
u00007,s000377,0.31365859508514404,8,a00101,classical
u00007,s000019,0.31119298934936523,9,a00154,classical
u00007,s000437,0.29403358697891235,10,a00151,classical
u00025,s000015,0.849179744720459,1,a00156,edm
u00025,s000000,0.6386129856109619,2,a00178,edm
u00025,s000287,0.5387933254241943,3,a00185,edm
u00025,s000264,0.39892691373825073,4,a00136,edm
u00025,s000325,0.36992716789245605,5,a00121,rock
u00025,s000459,0.3595088720321655,6,a00125,jazz
u00025,s000482,0.35486477613449097,7,a00152,edm
u00025,s000428,0.3505360186100006,8,a00081,edm
u00025,s000293,0.3189399242401123,9,a00069,rock
u00025,s000361,0.3134729266166687,10,a00193,edm
u00620,s000006,0.4881179928779602,1,a00199,hip-hop
u00620,s000008,0.3906877338886261,2,a00191,hip-hop
u00620,s000449,0.3672417402267456,3,a00014,hip-hop
u00620,s000158,0.35493800044059753,4,a00117,hip-hop
u00620,s000080,0.3431178331375122,5,a00119,jazz
u00620,s000288,0.3067849278450012,6,a00028,hip-hop
u00620,s000341,0.29194554686546326,7,a00010,latin
u00620,s000358,0.2883278429508209,8,a00189,hip-hop
u00620,s000202,0.27164536714553833,9,a00123,hip-hop
u00620,s000388,0.2673899531364441,10,a00056,indie
u00997,s000385,0.6157125234603882,1,a00188,hip-hop
u00997,s000006,0.5994412899017334,2,a00199,hip-hop
u00997,s000398,0.49069809913635254,3,a00117,hip-hop
u00997,s000301,0.43505993485450745,4,a00033,hip-hop
u00997,s000126,0.4129362404346466,5,a00129,hip-hop
u00997,s000334,0.39809003472328186,6,a00035,hip-hop
u00997,s000114,0.3882911503314972,7,a00136,indie
u00997,s000341,0.3809276819229126,8,a00010,latin
u00997,s000184,0.36737650632858276,9,a00174,latin
u00997,s000060,0.363172709941864,10,a00103,rock
u00601,s000358,0.6003863215446472,1,a00189,hip-hop
u00601,s000348,0.5186946392059326,2,a00054,latin
u00601,s000372,0.5151869654655457,3,a00034,latin
u00601,s000447,0.5129765272140503,4,a00107,latin
u00601,s000249,0.5087949633598328,5,a00081,hip-hop
u00601,s000334,0.4924713969230652,6,a00035,hip-hop
u00601,s000193,0.43097183108329773,7,a00007,latin
u00601,s000225,0.4276399612426758,8,a00077,edm
u00601,s000118,0.4186599850654602,9,a00153,classical
u00601,s000356,0.367022305727005,10,a00147,hip-hop
u00552,s000068,0.8072037100791931,1,a00106,classical
u00552,s000232,0.5872921943664551,2,a00181,classical
u00552,s000407,0.5222762227058411,3,a00108,classical
u00552,s000013,0.4671541452407837,4,a00154,jazz
u00552,s000005,0.4441043734550476,5,a00178,classical
u00552,s000010,0.44066187739372253,6,a00110,classical
u00552,s000161,0.42277806997299194,7,a00188,classical
u00552,s000014,0.4062042832374573,8,a00163,classical
u00552,s000481,0.36900249123573303,9,a00157,classical
u00552,s000253,0.36638328433036804,10,a00196,pop
u00396,s000497,0.6365143060684204,1,a00152,latin
u00396,s000392,0.535147488117218,2,a00061,latin
u00396,s000496,0.47648873925209045,3,a00036,latin
u00396,s000036,0.4656042754650116,4,a00179,latin
u00396,s000224,0.4282079339027405,5,a00087,rock
u00396,s000092,0.3989674746990204,6,a00040,latin
u00396,s000424,0.38471269607543945,7,a00114,latin
u00396,s000053,0.3518533706665039,8,a00025,indie
u00396,s000454,0.34716594219207764,9,a00140,rock
u00396,s000245,0.3454858362674713,10,a00146,latin
u00265,s000137,0.5778555274009705,1,a00151,pop
u00265,s000156,0.48180249333381653,2,a00176,pop
u00265,s000094,0.48129984736442566,3,a00150,pop
u00265,s000022,0.3892466425895691,4,a00195,pop
u00265,s000269,0.3628315329551697,5,a00107,pop
u00265,s000411,0.35824140906333923,6,a00009,pop
u00265,s000304,0.34670692682266235,7,a00152,pop
u00265,s000330,0.3392406105995178,8,a00106,edm
u00265,s000497,0.3122927248477936,9,a00152,latin
u00265,s000318,0.30763477087020874,10,a00052,pop
u00936,s000015,0.6190731525421143,1,a00156,edm
u00936,s000132,0.5610202550888062,2,a00170,edm
u00936,s000434,0.4230004549026489,3,a00016,hip-hop
u00936,s000084,0.42047998309135437,4,a00105,edm
u00936,s000393,0.4065720736980438,5,a00079,edm
u00936,s000025,0.34205755591392517,6,a00009,edm
u00936,s000428,0.3418178856372833,7,a00081,edm
u00936,s000355,0.34052759408950806,8,a00035,hip-hop
u00936,s000220,0.32793599367141724,9,a00007,rock
u00936,s000167,0.31363123655319214,10,a00178,edm
u00048,s000015,0.7720668315887451,1,a00156,edm
u00048,s000285,0.7551316022872925,2,a00003,edm
u00048,s000494,0.6209042072296143,3,a00145,edm
u00048,s000391,0.6109998226165771,4,a00011,edm
u00048,s000025,0.5170217156410217,5,a00009,edm
u00048,s000425,0.5123003721237183,6,a00175,edm
u00048,s000454,0.4966468811035156,7,a00140,rock
u00048,s000338,0.45976418256759644,8,a00148,edm
u00048,s000449,0.3980242609977722,9,a00014,hip-hop
u00048,s000361,0.3946487605571747,10,a00193,edm
u00610,s000011,0.6106057167053223,1,a00156,classical
u00610,s000206,0.5157676935195923,2,a00177,classical
u00610,s000291,0.4965915083885193,3,a00036,classical
u00610,s000204,0.4096071422100067,4,a00054,classical
u00610,s000316,0.39880168437957764,5,a00097,pop
u00610,s000292,0.37544554471969604,6,a00074,hip-hop
u00610,s000278,0.36617767810821533,7,a00013,classical
u00610,s000034,0.35834914445877075,8,a00046,rock
u00610,s000415,0.3576763868331909,9,a00150,hip-hop
u00610,s000028,0.3297499418258667,10,a00073,classical
u00155,s000369,0.46462687849998474,1,a00041,pop
u00155,s000327,0.4144476652145386,2,a00063,classical
u00155,s000471,0.4135094881057739,3,a00038,pop
u00155,s000307,0.39462584257125854,4,a00086,latin
u00155,s000095,0.3332933783531189,5,a00000,pop
u00155,s000269,0.3209989368915558,6,a00107,pop
u00155,s000034,0.32016056776046753,7,a00046,rock
u00155,s000063,0.3096884489059448,8,a00199,classical
u00155,s000272,0.3039700388908386,9,a00157,jazz
u00155,s000019,0.30390864610671997,10,a00154,classical
u00928,s000494,0.5873614549636841,1,a00145,edm
u00928,s000329,0.5479776859283447,2,a00053,classical
u00928,s000012,0.5359997153282166,3,a00032,edm
u00928,s000344,0.5046463012695312,4,a00186,indie
u00928,s000157,0.47888895869255066,5,a00147,rock
u00928,s000098,0.47307053208351135,6,a00148,edm
u00928,s000033,0.4570206105709076,7,a00158,edm
u00928,s000338,0.45116040110588074,8,a00148,edm
u00928,s000225,0.4490770101547241,9,a00077,edm
u00928,s000491,0.4365440607070923,10,a00119,indie
u00558,s000227,0.5930019617080688,1,a00119,latin
u00558,s000170,0.5329782962799072,2,a00061,latin
u00558,s000237,0.49894407391548157,3,a00073,latin
u00558,s000156,0.3756534457206726,4,a00176,pop
u00558,s000348,0.37490054965019226,5,a00054,latin
u00558,s000405,0.34368300437927246,6,a00058,latin
u00558,s000018,0.3328287601470947,7,a00096,latin
u00558,s000153,0.32610762119293213,8,a00080,pop
u00558,s000449,0.31938397884368896,9,a00014,hip-hop
u00558,s000186,0.3103599548339844,10,a00112,latin
u00125,s000392,0.647426426410675,1,a00061,latin
u00125,s000288,0.5322266221046448,2,a00028,hip-hop
u00125,s000425,0.4781107008457184,3,a00175,edm
u00125,s000070,0.459771990776062,4,a00140,classical
u00125,s000160,0.4534120559692383,5,a00062,latin
u00125,s000158,0.43506258726119995,6,a00117,hip-hop
u00125,s000391,0.43406468629837036,7,a00011,edm
u00125,s000364,0.42568284273147583,8,a00016,latin
u00125,s000434,0.4011581838130951,9,a00016,hip-hop
u00125,s000181,0.4005851447582245,10,a00000,latin
u00030,s000005,0.7465194463729858,1,a00178,classical
u00030,s000166,0.6197094917297363,2,a00140,classical
u00030,s000011,0.6131601333618164,3,a00156,classical
u00030,s000171,0.5744749307632446,4,a00031,jazz
u00030,s000232,0.5725693702697754,5,a00181,classical
u00030,s000081,0.49912717938423157,6,a00036,classical
u00030,s000072,0.4438472390174866,7,a00189,pop
u00030,s000248,0.43122291564941406,8,a00187,pop
u00030,s000192,0.41149473190307617,9,a00128,classical
u00030,s000068,0.3676305115222931,10,a00106,classical
u00771,s000081,0.6188068389892578,1,a00036,classical
u00771,s000442,0.573271632194519,2,a00130,hip-hop
u00771,s000394,0.48802006244659424,3,a00082,classical
u00771,s000218,0.4709756374359131,4,a00096,classical
u00771,s000206,0.4203833341598511,5,a00177,classical
u00771,s000255,0.4136502146720886,6,a00010,pop
u00771,s000268,0.375681072473526,7,a00085,classical
u00771,s000412,0.36920857429504395,8,a00015,classical
u00771,s000473,0.36871635913848877,9,a00028,pop
u00771,s000316,0.35399025678634644,10,a00097,pop
u00124,s000007,0.5438938140869141,1,a00041,classical
u00124,s000437,0.4856121838092804,2,a00151,classical
u00124,s000195,0.47240176796913147,3,a00054,classical
u00124,s000082,0.4342079758644104,4,a00071,classical
u00124,s000291,0.42742133140563965,5,a00036,classical
u00124,s000102,0.4143962264060974,6,a00181,hip-hop
u00124,s000279,0.4132065773010254,7,a00008,hip-hop
u00124,s000356,0.355554461479187,8,a00147,hip-hop
u00124,s000287,0.3056000769138336,9,a00185,edm
u00124,s000481,0.29487743973731995,10,a00157,classical
u00086,s000025,0.7006111145019531,1,a00009,edm
u00086,s000363,0.575215220451355,2,a00039,edm
u00086,s000465,0.5205560922622681,3,a00012,edm
u00086,s000328,0.4971519708633423,4,a00129,edm
u00086,s000084,0.49261635541915894,5,a00105,edm
u00086,s000097,0.48847392201423645,6,a00100,edm
u00086,s000428,0.48739689588546753,7,a00081,edm
u00086,s000144,0.4424954056739807,8,a00176,hip-hop
u00086,s000320,0.4024772644042969,9,a00137,latin
u00086,s000298,0.3913615047931671,10,a00099,classical
u00853,s000013,0.8485518097877502,1,a00154,jazz
u00853,s000422,0.6575063467025757,2,a00006,jazz
u00853,s000427,0.5947173833847046,3,a00058,jazz
u00853,s000382,0.5590608716011047,4,a00043,jazz
u00853,s000229,0.5410075187683105,5,a00143,jazz
u00853,s000175,0.4916490912437439,6,a00172,indie
u00853,s000439,0.406799852848053,7,a00187,jazz
u00853,s000037,0.37529757618904114,8,a00183,indie
u00853,s000443,0.35958680510520935,9,a00036,jazz
u00853,s000453,0.3505769968032837,10,a00152,jazz
u00382,s000090,0.6961279511451721,1,a00028,hip-hop
u00382,s000309,0.5583158731460571,2,a00105,hip-hop
u00382,s000415,0.5058983564376831,3,a00150,hip-hop
u00382,s000102,0.4892047941684723,4,a00181,hip-hop
u00382,s000372,0.40933626890182495,5,a00034,latin
u00382,s000185,0.39138954877853394,6,a00193,hip-hop
u00382,s000358,0.38714396953582764,7,a00189,hip-hop
u00382,s000381,0.37573301792144775,8,a00100,hip-hop
u00382,s000459,0.3707736134529114,9,a00125,jazz
u00382,s000105,0.37076279520988464,10,a00062,hip-hop
u00908,s000020,0.5789803862571716,1,a00182,indie
u00908,s000226,0.4743686020374298,2,a00031,indie
u00908,s000486,0.4512406587600708,3,a00064,indie
u00908,s000395,0.44855576753616333,4,a00007,edm
u00908,s000277,0.44375526905059814,5,a00114,indie
u00908,s000116,0.3894760012626648,6,a00056,indie
u00908,s000137,0.37693601846694946,7,a00151,pop
u00908,s000388,0.3753378689289093,8,a00056,indie
u00908,s000223,0.36314672231674194,9,a00095,indie
u00908,s000089,0.36193886399269104,10,a00050,pop
u00658,s000083,0.6724675893783569,1,a00126,hip-hop
u00658,s000334,0.6072579026222229,2,a00035,hip-hop
u00658,s000267,0.4858580231666565,3,a00098,hip-hop
u00658,s000081,0.4336244761943817,4,a00036,classical
u00658,s000185,0.3391040563583374,5,a00193,hip-hop
u00658,s000183,0.3369796574115753,6,a00114,hip-hop
u00658,s000448,0.3311651349067688,7,a00038,edm
u00658,s000459,0.3269287943840027,8,a00125,jazz
u00658,s000140,0.32337480783462524,9,a00179,edm
u00658,s000294,0.32267096638679504,10,a00145,hip-hop
u00757,s000045,0.5733041763305664,1,a00075,jazz
u00757,s000427,0.33877283334732056,2,a00058,jazz
u00757,s000400,0.32033196091651917,3,a00199,jazz
u00757,s000169,0.3140172064304352,4,a00183,jazz
u00757,s000190,0.3003401756286621,5,a00062,jazz
u00757,s000346,0.2543647587299347,6,a00053,jazz
u00757,s000080,0.2474067360162735,7,a00119,jazz
u00757,s000444,0.24469827115535736,8,a00170,jazz
u00757,s000401,0.22793443500995636,9,a00024,jazz
u00757,s000345,0.21853220462799072,10,a00038,jazz
u00528,s000270,0.5944257974624634,1,a00023,pop
u00528,s000050,0.517586886882782,2,a00114,pop
u00528,s000016,0.4818786382675171,3,a00037,pop
u00528,s000435,0.478133887052536,4,a00013,pop
u00528,s000264,0.4644638001918793,5,a00136,edm
u00528,s000393,0.4501219391822815,6,a00079,edm
u00528,s000286,0.3989635705947876,7,a00153,pop
u00528,s000439,0.38159504532814026,8,a00187,jazz
u00528,s000197,0.3594672381877899,9,a00130,jazz
u00528,s000102,0.3556314706802368,10,a00181,hip-hop
u00694,s000409,0.6669286489486694,1,a00046,pop
u00694,s000235,0.4722951650619507,2,a00175,hip-hop
u00694,s000253,0.413992315530777,3,a00196,pop
u00694,s000196,0.3658491373062134,4,a00102,pop
u00694,s000127,0.364563524723053,5,a00134,pop
u00694,s000022,0.34333494305610657,6,a00195,pop
u00694,s000234,0.342881441116333,7,a00054,pop
u00694,s000184,0.32483431696891785,8,a00174,latin
u00694,s000398,0.32482290267944336,9,a00117,hip-hop
u00694,s000485,0.32470864057540894,10,a00132,indie
u00760,s000288,0.6443817615509033,1,a00028,hip-hop
u00760,s000355,0.566256046295166,2,a00035,hip-hop
u00760,s000376,0.5582441091537476,3,a00178,hip-hop
u00760,s000083,0.4505636394023895,4,a00126,hip-hop
u00760,s000493,0.41014301776885986,5,a00067,pop
u00760,s000415,0.38695603609085083,6,a00150,hip-hop
u00760,s000309,0.3655577003955841,7,a00105,hip-hop
u00760,s000008,0.36488181352615356,8,a00191,hip-hop
u00760,s000006,0.3602224886417389,9,a00199,hip-hop
u00760,s000434,0.3514136075973511,10,a00016,hip-hop
u00848,s000097,0.5737352967262268,1,a00100,edm
u00848,s000368,0.5514621734619141,2,a00103,rock
u00848,s000352,0.5094884037971497,3,a00068,indie
u00848,s000359,0.4958035945892334,4,a00108,indie
u00848,s000114,0.46069759130477905,5,a00136,indie
u00848,s000409,0.44999706745147705,6,a00046,pop
u00848,s000184,0.4373435378074646,7,a00174,latin
u00848,s000070,0.43660250306129456,8,a00140,classical
u00848,s000056,0.42783957719802856,9,a00068,latin
u00848,s000485,0.33697372674942017,10,a00132,indie
u00646,s000437,0.42654263973236084,1,a00151,classical
u00646,s000277,0.4024958610534668,2,a00114,indie
u00646,s000124,0.38465821743011475,3,a00074,edm
u00646,s000040,0.38049453496932983,4,a00135,classical
u00646,s000223,0.3790203034877777,5,a00095,indie
u00646,s000420,0.3703826367855072,6,a00078,rock
u00646,s000407,0.36286675930023193,7,a00108,classical
u00646,s000195,0.3596515357494354,8,a00054,classical
u00646,s000279,0.3434103727340698,9,a00008,hip-hop
u00646,s000384,0.34277093410491943,10,a00048,rock
u00941,s000007,0.5723836421966553,1,a00041,classical
u00941,s000160,0.442533016204834,2,a00062,latin
u00941,s000493,0.42552250623703003,3,a00067,pop
u00941,s000097,0.4191020727157593,4,a00100,edm
u00941,s000375,0.4145384132862091,5,a00171,classical
u00941,s000063,0.41193753480911255,6,a00199,classical
u00941,s000418,0.3901040554046631,7,a00134,classical
u00941,s000301,0.3864164650440216,8,a00033,hip-hop
u00941,s000105,0.385863333940506,9,a00062,hip-hop
u00941,s000380,0.3758430778980255,10,a00018,edm
u00991,s000008,0.7618718147277832,1,a00191,hip-hop
u00991,s000329,0.6462761163711548,2,a00053,classical
u00991,s000211,0.5689060091972351,3,a00056,hip-hop
u00991,s000277,0.4961290955543518,4,a00114,indie
u00991,s000241,0.4750174283981323,5,a00084,hip-hop
u00991,s000301,0.46121108531951904,6,a00033,hip-hop
u00991,s000202,0.44399702548980713,7,a00123,hip-hop
u00991,s000152,0.404981791973114,8,a00198,hip-hop
u00991,s000213,0.3947792649269104,9,a00186,edm
u00991,s000000,0.3816004991531372,10,a00178,edm
u00379,s000238,0.4742550253868103,1,a00006,rock
u00379,s000004,0.45011499524116516,2,a00134,rock
u00379,s000157,0.4195291996002197,3,a00147,rock
u00379,s000243,0.3944266438484192,4,a00111,indie
u00379,s000499,0.38739606738090515,5,a00192,indie
u00379,s000035,0.3725118637084961,6,a00108,pop
u00379,s000440,0.3351629674434662,7,a00044,rock
u00379,s000309,0.3270215392112732,8,a00105,hip-hop
u00379,s000320,0.31592440605163574,9,a00137,latin
u00379,s000290,0.30285829305648804,10,a00097,rock
u00294,s000026,0.6116198301315308,1,a00004,pop
u00294,s000072,0.5753761529922485,2,a00189,pop
u00294,s000442,0.517569899559021,3,a00130,hip-hop
u00294,s000194,0.48957887291908264,4,a00156,pop
u00294,s000209,0.4520390033721924,5,a00007,classical
u00294,s000265,0.44297289848327637,6,a00052,jazz
u00294,s000484,0.3982062339782715,7,a00083,indie
u00294,s000050,0.34164339303970337,8,a00114,pop
u00294,s000374,0.3321632444858551,9,a00107,jazz
u00294,s000441,0.3242679536342621,10,a00097,pop
u00232,s000090,0.6206064224243164,1,a00028,hip-hop
u00232,s000415,0.5330950617790222,2,a00150,hip-hop
u00232,s000309,0.4661230444908142,3,a00105,hip-hop
u00232,s000241,0.419433057308197,4,a00084,hip-hop
u00232,s000358,0.4101523160934448,5,a00189,hip-hop
u00232,s000410,0.39639949798583984,6,a00031,hip-hop
u00232,s000211,0.3652323782444,7,a00056,hip-hop
u00232,s000433,0.3459961414337158,8,a00102,hip-hop
u00232,s000138,0.3150521516799927,9,a00024,hip-hop
u00232,s000356,0.30762767791748047,10,a00147,hip-hop
u00182,s000015,0.749565839767456,1,a00156,edm
u00182,s000076,0.6820808053016663,2,a00170,edm
u00182,s000438,0.501185417175293,3,a00107,latin
u00182,s000303,0.4340512156486511,4,a00164,edm
u00182,s000449,0.3999599516391754,5,a00014,hip-hop
u00182,s000146,0.38240984082221985,6,a00062,indie
u00182,s000393,0.3790583312511444,7,a00079,edm
u00182,s000264,0.3657565116882324,8,a00136,edm
u00182,s000207,0.3313918113708496,9,a00134,edm
u00182,s000153,0.3152535855770111,10,a00080,pop
u00013,s000013,0.5379185676574707,1,a00154,jazz
u00013,s000272,0.4597158432006836,2,a00157,jazz
u00013,s000017,0.4479890465736389,3,a00184,jazz
u00013,s000229,0.4069606065750122,4,a00143,jazz
u00013,s000179,0.3894808292388916,5,a00018,jazz
u00013,s000172,0.3894311487674713,6,a00157,jazz
u00013,s000198,0.3833451271057129,7,a00031,jazz
u00013,s000346,0.37271618843078613,8,a00053,jazz
u00013,s000443,0.3597413897514343,9,a00036,jazz
u00013,s000382,0.34766852855682373,10,a00043,jazz
u00058,s000463,0.5564857721328735,1,a00033,jazz
u00058,s000188,0.40222102403640747,2,a00165,jazz
u00058,s000191,0.3522026836872101,3,a00131,jazz
u00058,s000497,0.34033605456352234,4,a00152,latin
u00058,s000172,0.32093945145606995,5,a00157,jazz
u00058,s000027,0.31496256589889526,6,a00122,jazz
u00058,s000190,0.30896127223968506,7,a00062,jazz
u00058,s000245,0.29827529191970825,8,a00146,latin
u00058,s000148,0.2903291583061218,9,a00153,jazz
u00058,s000399,0.28421470522880554,10,a00197,classical
u00560,s000385,0.5067412853240967,1,a00188,hip-hop
u00560,s000376,0.4455415606498718,2,a00178,hip-hop
u00560,s000288,0.384755402803421,3,a00028,hip-hop
u00560,s000152,0.3594003915786743,4,a00198,hip-hop
u00560,s000356,0.29633939266204834,5,a00147,hip-hop
u00560,s000105,0.2958570420742035,6,a00062,hip-hop
u00560,s000468,0.27432480454444885,7,a00159,hip-hop
u00560,s000320,0.27403098344802856,8,a00137,latin
u00560,s000244,0.26473498344421387,9,a00124,indie
u00560,s000185,0.2616715431213379,10,a00193,hip-hop
u00342,s000443,0.6150088906288147,1,a00036,jazz
u00342,s000229,0.5657614469528198,2,a00143,jazz
u00342,s000179,0.5079219937324524,3,a00018,jazz
u00342,s000017,0.4617193937301636,4,a00184,jazz
u00342,s000401,0.4445383548736572,5,a00024,jazz
u00342,s000272,0.44350630044937134,6,a00157,jazz
u00342,s000498,0.42081499099731445,7,a00175,jazz
u00342,s000453,0.39268526434898376,8,a00152,jazz
u00342,s000296,0.3754956126213074,9,a00084,jazz
u00342,s000139,0.3704994320869446,10,a00198,rock
u00176,s000427,0.9606797695159912,1,a00058,jazz
u00176,s000099,0.6553861498832703,2,a00089,jazz
u00176,s000273,0.625507116317749,3,a00119,jazz
u00176,s000013,0.45962998270988464,4,a00154,jazz
u00176,s000089,0.4518905282020569,5,a00050,pop
u00176,s000242,0.42274904251098633,6,a00146,indie
u00176,s000171,0.4159354865550995,7,a00031,jazz
u00176,s000149,0.40233170986175537,8,a00155,rock
u00176,s000027,0.39254045486450195,9,a00122,jazz
u00176,s000310,0.381005197763443,10,a00085,jazz
u00740,s000037,0.615888774394989,1,a00183,indie
u00740,s000089,0.3704286813735962,2,a00050,pop
u00740,s000020,0.3597184419631958,3,a00182,indie
u00740,s000324,0.3186303377151489,4,a00189,classical
u00740,s000368,0.30840569734573364,5,a00103,rock
u00740,s000485,0.3010820150375366,6,a00132,indie
u00740,s000116,0.28903728723526,7,a00056,indie
u00740,s000226,0.2874661982059479,8,a00031,indie
u00740,s000427,0.27929791808128357,9,a00058,jazz
u00740,s000423,0.2768649458885193,10,a00136,indie
u00951,s000104,0.606050431728363,1,a00000,edm
u00951,s000356,0.4759678244590759,2,a00147,hip-hop
u00951,s000183,0.4502531886100769,3,a00114,hip-hop
u00951,s000433,0.4335782527923584,4,a00102,hip-hop
u00951,s000383,0.41158390045166016,5,a00186,hip-hop
u00951,s000170,0.40697115659713745,6,a00061,latin
u00951,s000361,0.3932065963745117,7,a00193,edm
u00951,s000398,0.38830479979515076,8,a00117,hip-hop
u00951,s000347,0.38731324672698975,9,a00097,indie
u00951,s000315,0.36640557646751404,10,a00167,hip-hop
u00803,s000224,0.5428998470306396,1,a00087,rock
u00803,s000293,0.5356385111808777,2,a00069,rock
u00803,s000086,0.5087093710899353,3,a00030,rock
u00803,s000492,0.4466340243816376,4,a00157,indie
u00803,s000194,0.44000786542892456,5,a00156,pop
u00803,s000236,0.43554162979125977,6,a00006,rock
u00803,s000368,0.42812734842300415,7,a00103,rock
u00803,s000282,0.42210251092910767,8,a00024,rock
u00803,s000085,0.40321576595306396,9,a00091,rock
u00803,s000438,0.3810531497001648,10,a00107,latin
u00251,s000317,0.43878379464149475,1,a00011,latin
u00251,s000301,0.3935175836086273,2,a00033,hip-hop
u00251,s000430,0.3665975332260132,3,a00166,rock
u00251,s000258,0.35887572169303894,4,a00118,latin
u00251,s000363,0.3451104164123535,5,a00039,edm
u00251,s000003,0.3291938304901123,6,a00066,rock
u00251,s000465,0.32875093817710876,7,a00012,edm
u00251,s000026,0.3258790969848633,8,a00004,pop
u00251,s000141,0.3164110779762268,9,a00197,rock
u00251,s000038,0.3120579123497009,10,a00014,rock
u00557,s000015,0.7774487733840942,1,a00156,edm
u00557,s000132,0.6403979063034058,2,a00170,edm
u00557,s000448,0.6354271173477173,3,a00038,edm
u00557,s000408,0.5590280294418335,4,a00025,indie
u00557,s000033,0.4929783344268799,5,a00158,edm
u00557,s000380,0.47811633348464966,6,a00018,edm
u00557,s000317,0.47560209035873413,7,a00011,latin
u00557,s000363,0.46490368247032166,8,a00039,edm
u00557,s000097,0.4642521142959595,9,a00100,edm
u00557,s000482,0.40415239334106445,10,a00152,edm
u00386,s000400,0.6958935260772705,1,a00199,jazz
u00386,s000045,0.5101127028465271,2,a00075,jazz
u00386,s000315,0.456079363822937,3,a00167,hip-hop
u00386,s000394,0.4421326518058777,4,a00082,classical
u00386,s000099,0.43874651193618774,5,a00089,jazz
u00386,s000272,0.4199352562427521,6,a00157,jazz
u00386,s000188,0.4047837555408478,7,a00165,jazz
u00386,s000366,0.3882240653038025,8,a00060,jazz
u00386,s000229,0.3537372350692749,9,a00143,jazz
u00386,s000080,0.32610946893692017,10,a00119,jazz
u00857,s000443,0.5836461782455444,1,a00036,jazz
u00857,s000229,0.579229474067688,2,a00143,jazz
u00857,s000366,0.4654199779033661,3,a00060,jazz
u00857,s000453,0.4200417995452881,4,a00152,jazz
u00857,s000459,0.419877827167511,5,a00125,jazz
u00857,s000374,0.3862212598323822,6,a00107,jazz
u00857,s000498,0.3722136914730072,7,a00175,jazz
u00857,s000179,0.36149877309799194,8,a00018,jazz
u00857,s000148,0.3400495648384094,9,a00153,jazz
u00857,s000296,0.3248148560523987,10,a00084,jazz
u00794,s000236,0.6181882619857788,1,a00006,rock
u00794,s000393,0.5883966088294983,2,a00079,edm
u00794,s000299,0.5422397255897522,3,a00040,pop
u00794,s000278,0.517167866230011,4,a00013,classical
u00794,s000003,0.5057181715965271,5,a00066,rock
u00794,s000032,0.4948353171348572,6,a00140,rock
u00794,s000430,0.4879874587059021,7,a00166,rock
u00794,s000049,0.4473361670970917,8,a00094,rock
u00794,s000087,0.4272681474685669,9,a00121,latin
u00794,s000279,0.37545686960220337,10,a00008,hip-hop
u00483,s000000,0.6504643559455872,1,a00178,edm
u00483,s000084,0.5705482959747314,2,a00105,edm
u00483,s000202,0.5687844753265381,3,a00123,hip-hop
u00483,s000287,0.4983680248260498,4,a00185,edm
u00483,s000176,0.48556989431381226,5,a00029,indie
u00483,s000393,0.46850135922431946,6,a00079,edm
u00483,s000414,0.44421496987342834,7,a00144,pop
u00483,s000285,0.43836280703544617,8,a00003,edm
u00483,s000033,0.41417646408081055,9,a00158,edm
u00483,s000442,0.3758883476257324,10,a00130,hip-hop
u00503,s000018,0.59968501329422,1,a00096,latin
u00503,s000252,0.5973013639450073,2,a00046,latin
u00503,s000333,0.5533769726753235,3,a00180,latin
u00503,s000475,0.5079073309898376,4,a00061,latin
u00503,s000307,0.46238213777542114,5,a00086,latin
u00503,s000470,0.4515536427497864,6,a00122,classical
u00503,s000405,0.44409576058387756,7,a00058,latin
u00503,s000428,0.37418925762176514,8,a00081,edm
u00503,s000329,0.360126793384552,9,a00053,classical
u00503,s000237,0.357241690158844,10,a00073,latin
u00078,s000332,0.6595098972320557,1,a00050,indie
u00078,s000020,0.548902153968811,2,a00182,indie
u00078,s000347,0.5333112478256226,3,a00097,indie
u00078,s000178,0.5138534307479858,4,a00167,indie
u00078,s000243,0.5025157928466797,5,a00111,indie
u00078,s000013,0.42722147703170776,6,a00154,jazz
u00078,s000485,0.2943060100078583,7,a00132,indie
u00078,s000010,0.2930365204811096,8,a00110,classical
u00078,s000476,0.27430206537246704,9,a00184,indie
u00078,s000021,0.2665986120700836,10,a00032,rock
u00979,s000058,0.6965882778167725,1,a00010,edm
u00979,s000033,0.5770373940467834,2,a00158,edm
u00979,s000339,0.5725607872009277,3,a00010,edm
u00979,s000338,0.567020058631897,4,a00148,edm
u00979,s000012,0.5303686857223511,5,a00032,edm
u00979,s000303,0.505897045135498,6,a00164,edm
u00979,s000331,0.48888346552848816,7,a00192,edm
u00979,s000361,0.47532224655151367,8,a00193,edm
u00979,s000264,0.44522520899772644,9,a00136,edm
u00979,s000292,0.4346344470977783,10,a00074,hip-hop
u00215,s000412,0.6342636942863464,1,a00015,classical
u00215,s000232,0.6121995449066162,2,a00181,classical
u00215,s000066,0.4389161765575409,3,a00089,classical
u00215,s000434,0.4282371401786804,4,a00016,hip-hop
u00215,s000268,0.4260173439979553,5,a00085,classical
u00215,s000070,0.41789448261260986,6,a00140,classical
u00215,s000363,0.38684824109077454,7,a00039,edm
u00215,s000244,0.3840193748474121,8,a00124,indie
u00215,s000423,0.35594886541366577,9,a00136,indie
u00215,s000360,0.3415539264678955,10,a00153,edm
u00360,s000334,0.5475810766220093,1,a00035,hip-hop
u00360,s000054,0.5100505352020264,2,a00042,rock
u00360,s000350,0.43777233362197876,3,a00151,hip-hop
u00360,s000185,0.41297733783721924,4,a00193,hip-hop
u00360,s000301,0.3747272789478302,5,a00033,hip-hop
u00360,s000459,0.3662949800491333,6,a00125,jazz
u00360,s000393,0.3582034409046173,7,a00079,edm
u00360,s000410,0.3570537865161896,8,a00031,hip-hop
u00360,s000163,0.3539366126060486,9,a00048,edm
u00360,s000299,0.3417872190475464,10,a00040,pop
u00330,s000224,0.5368402600288391,1,a00087,rock
u00330,s000420,0.49609851837158203,2,a00078,rock
u00330,s000430,0.4725673198699951,3,a00166,rock
u00330,s000021,0.41589057445526123,4,a00032,rock
u00330,s000149,0.3481448292732239,5,a00155,rock
u00330,s000038,0.34470927715301514,6,a00014,rock
u00330,s000445,0.3224533796310425,7,a00167,rock
u00330,s000469,0.32203418016433716,8,a00095,rock
u00330,s000113,0.30260294675827026,9,a00052,indie
u00330,s000029,0.300574392080307,10,a00096,classical
u00559,s000015,0.7007798552513123,1,a00156,edm
u00559,s000012,0.6137406229972839,2,a00032,edm
u00559,s000264,0.6036326289176941,3,a00136,edm
u00559,s000465,0.5295419692993164,4,a00012,edm
u00559,s000365,0.4624168872833252,5,a00128,edm
u00559,s000146,0.4159848690032959,6,a00062,indie
u00559,s000163,0.3964683413505554,7,a00048,edm
u00559,s000108,0.38498395681381226,8,a00114,edm
u00559,s000000,0.36075130105018616,9,a00178,edm
u00559,s000104,0.3536333441734314,10,a00000,edm
u00310,s000450,0.4624514579772949,1,a00119,latin
u00310,s000245,0.4464057683944702,2,a00146,latin
u00310,s000447,0.4322911500930786,3,a00107,latin
u00310,s000475,0.43162429332733154,4,a00061,latin
u00310,s000024,0.42902782559394836,5,a00065,latin
u00310,s000414,0.41805627942085266,6,a00144,pop
u00310,s000202,0.40381819009780884,7,a00123,hip-hop
u00310,s000348,0.4011474549770355,8,a00054,latin
u00310,s000154,0.39562955498695374,9,a00083,latin
u00310,s000482,0.3888753652572632,10,a00152,edm
u00136,s000125,0.7461261749267578,1,a00037,latin
u00136,s000003,0.6370105147361755,2,a00066,rock
u00136,s000276,0.44878217577934265,3,a00113,rock
u00136,s000391,0.4020385146141052,4,a00011,edm
u00136,s000141,0.37383803725242615,5,a00197,rock
u00136,s000149,0.3700244426727295,6,a00155,rock
u00136,s000129,0.35420021414756775,7,a00090,pop
u00136,s000046,0.3467373251914978,8,a00172,jazz
u00136,s000368,0.3360135555267334,9,a00103,rock
u00136,s000038,0.33282122015953064,10,a00014,rock
u00980,s000415,0.6377142667770386,1,a00150,hip-hop
u00980,s000309,0.5549575090408325,2,a00105,hip-hop
u00980,s000006,0.5179013609886169,3,a00199,hip-hop
u00980,s000083,0.5068861246109009,4,a00126,hip-hop
u00980,s000085,0.4810279309749603,5,a00091,rock
u00980,s000103,0.47867193818092346,6,a00056,rock
u00980,s000102,0.4605172276496887,7,a00181,hip-hop
u00980,s000355,0.4576336741447449,8,a00035,hip-hop
u00980,s000132,0.44378674030303955,9,a00170,edm
u00980,s000091,0.4370086193084717,10,a00039,indie
u00348,s000024,0.608352780342102,1,a00065,latin
u00348,s000351,0.5832903981208801,2,a00149,latin
u00348,s000392,0.5414638519287109,3,a00061,latin
u00348,s000125,0.5272221565246582,4,a00037,latin
u00348,s000438,0.4968218505382538,5,a00107,latin
u00348,s000355,0.4306270480155945,6,a00035,hip-hop
u00348,s000076,0.40975555777549744,7,a00170,edm
u00348,s000449,0.37858855724334717,8,a00014,hip-hop
u00348,s000181,0.3574741780757904,9,a00000,latin
u00348,s000451,0.35484740138053894,10,a00003,classical
u00671,s000438,0.6608542799949646,1,a00107,latin
u00671,s000033,0.6530730724334717,2,a00158,edm
u00671,s000000,0.5723358988761902,3,a00178,edm
u00671,s000224,0.4364486336708069,4,a00087,rock
u00671,s000442,0.43579909205436707,5,a00130,hip-hop
u00671,s000457,0.4283006191253662,6,a00169,hip-hop
u00671,s000275,0.41607236862182617,7,a00127,latin
u00671,s000097,0.3876609802246094,8,a00100,edm
u00671,s000104,0.3753820061683655,9,a00000,edm
u00671,s000132,0.3727000951766968,10,a00170,edm
u00358,s000297,0.5834798812866211,1,a00041,rock
u00358,s000138,0.5198907852172852,2,a00024,hip-hop
u00358,s000454,0.4808486998081207,3,a00140,rock
u00358,s000406,0.4607355296611786,4,a00153,pop
u00358,s000478,0.45601174235343933,5,a00183,edm
u00358,s000392,0.4512902498245239,6,a00061,latin
u00358,s000038,0.4425261914730072,7,a00014,rock
u00358,s000122,0.4385009706020355,8,a00024,jazz
u00358,s000275,0.43642374873161316,9,a00127,latin
u00358,s000204,0.40316253900527954,10,a00054,classical
u00281,s000008,0.5130473375320435,1,a00191,hip-hop
u00281,s000292,0.40253227949142456,2,a00074,hip-hop
u00281,s000090,0.39858078956604004,3,a00028,hip-hop
u00281,s000387,0.39531391859054565,4,a00073,hip-hop
u00281,s000398,0.3931134343147278,5,a00117,hip-hop
u00281,s000316,0.3773220181465149,6,a00097,pop
u00281,s000374,0.3678854703903198,7,a00107,jazz
u00281,s000338,0.34729310870170593,8,a00148,edm
u00281,s000294,0.31904101371765137,9,a00145,hip-hop
u00281,s000214,0.3146510720252991,10,a00071,pop
u00551,s000104,0.6582199335098267,1,a00000,edm
u00551,s000059,0.6464070081710815,2,a00073,hip-hop
u00551,s000090,0.5861852169036865,3,a00028,hip-hop
u00551,s000006,0.5208970308303833,4,a00199,hip-hop
u00551,s000237,0.4395551085472107,5,a00073,latin
u00551,s000325,0.39698174595832825,6,a00121,rock
u00551,s000398,0.39199620485305786,7,a00117,hip-hop
u00551,s000376,0.3805134892463684,8,a00178,hip-hop
u00551,s000347,0.3571307063102722,9,a00097,indie
u00551,s000235,0.3272026479244232,10,a00175,hip-hop
u00420,s000016,0.6182061433792114,1,a00037,pop
u00420,s000035,0.46364185214042664,2,a00108,pop
u00420,s000050,0.4256388545036316,3,a00114,pop
u00420,s000405,0.3436591923236847,4,a00058,latin
u00420,s000473,0.3070104122161865,5,a00028,pop
u00420,s000270,0.2794874310493469,6,a00023,pop
u00420,s000419,0.25092554092407227,7,a00013,rock
u00420,s000299,0.24519659578800201,8,a00040,pop
u00420,s000295,0.24235475063323975,9,a00127,pop
u00420,s000390,0.20389309525489807,10,a00046,pop
u00862,s000373,0.562728226184845,1,a00130,pop
u00862,s000016,0.5585573315620422,2,a00037,pop
u00862,s000359,0.4682142734527588,3,a00108,indie
u00862,s000178,0.434463232755661,4,a00167,indie
u00862,s000479,0.4206424951553345,5,a00120,latin
u00862,s000280,0.4132673740386963,6,a00039,pop
u00862,s000255,0.39175137877464294,7,a00010,pop
u00862,s000177,0.370082825422287,8,a00143,latin
u00862,s000258,0.3282293677330017,9,a00118,latin
u00862,s000009,0.3252623677253723,10,a00014,latin
u00649,s000118,0.4566599428653717,1,a00153,classical
u00649,s000164,0.3984609842300415,2,a00070,classical
u00649,s000425,0.3893551826477051,3,a00175,edm
u00649,s000192,0.38419827818870544,4,a00128,classical
u00649,s000231,0.35204604268074036,5,a00164,latin
u00649,s000081,0.3447989225387573,6,a00036,classical
u00649,s000418,0.3388347029685974,7,a00134,classical
u00649,s000082,0.291354238986969,8,a00071,classical
u00649,s000235,0.2893255949020386,9,a00175,hip-hop
u00649,s000477,0.2864867150783539,10,a00015,latin
u00825,s000213,0.5620479583740234,1,a00186,edm
u00825,s000008,0.4737766683101654,2,a00191,hip-hop
u00825,s000301,0.4689900279045105,3,a00033,hip-hop
u00825,s000334,0.43791407346725464,4,a00035,hip-hop
u00825,s000419,0.38984400033950806,5,a00013,rock
u00825,s000329,0.3851465582847595,6,a00053,classical
u00825,s000152,0.37952354550361633,7,a00198,hip-hop
u00825,s000202,0.3767704963684082,8,a00123,hip-hop
u00825,s000235,0.3720743656158447,9,a00175,hip-hop
u00825,s000105,0.36942315101623535,10,a00062,hip-hop
u00967,s000025,0.7129179239273071,1,a00009,edm
u00967,s000015,0.7116603255271912,2,a00156,edm
u00967,s000167,0.573104977607727,3,a00178,edm
u00967,s000467,0.5592758655548096,4,a00017,edm
u00967,s000330,0.45837661623954773,5,a00106,edm
u00967,s000285,0.4453105330467224,6,a00003,edm
u00967,s000365,0.4408268928527832,7,a00128,edm
u00967,s000044,0.39243465662002563,8,a00067,edm
u00967,s000353,0.3713608682155609,9,a00055,edm
u00967,s000439,0.35847407579421997,10,a00187,jazz
u00152,s000440,0.8382352590560913,1,a00044,rock
u00152,s000004,0.6477120518684387,2,a00134,rock
u00152,s000419,0.5857619047164917,3,a00013,rock
u00152,s000331,0.5634884238243103,4,a00192,edm
u00152,s000086,0.5158658623695374,5,a00030,rock
u00152,s000207,0.4880915582180023,6,a00134,edm
u00152,s000139,0.4726201891899109,7,a00198,rock
u00152,s000021,0.44466131925582886,8,a00032,rock
u00152,s000177,0.4423248767852783,9,a00143,latin
u00152,s000490,0.4404268264770508,10,a00141,rock
u00406,s000015,0.8024196624755859,1,a00156,edm
u00406,s000012,0.6013482809066772,2,a00032,edm
u00406,s000448,0.5107429623603821,3,a00038,edm
u00406,s000328,0.508057713508606,4,a00129,edm
u00406,s000084,0.49086228013038635,5,a00105,edm
u00406,s000363,0.4675142467021942,6,a00039,edm
u00406,s000144,0.4455416798591614,7,a00176,hip-hop
u00406,s000098,0.40572601556777954,8,a00148,edm
u00406,s000045,0.3753553628921509,9,a00075,jazz
u00406,s000220,0.36573442816734314,10,a00007,rock
u00581,s000003,0.5644115209579468,1,a00066,rock
u00581,s000139,0.5209119319915771,2,a00198,rock
u00581,s000043,0.5035399794578552,3,a00046,rock
u00581,s000344,0.4500299096107483,4,a00186,indie
u00581,s000488,0.44544142484664917,5,a00002,rock
u00581,s000002,0.4397261142730713,6,a00133,rock
u00581,s000079,0.43968480825424194,7,a00132,rock
u00581,s000487,0.417397677898407,8,a00176,rock
u00581,s000440,0.4024565815925598,9,a00044,rock
u00581,s000388,0.3862600326538086,10,a00056,indie
u00883,s000018,0.5469793081283569,1,a00096,latin
u00883,s000450,0.5402861833572388,2,a00119,latin
u00883,s000112,0.4957542419433594,3,a00174,latin
u00883,s000447,0.4828506112098694,4,a00107,latin
u00883,s000154,0.4498830735683441,5,a00083,latin
u00883,s000063,0.43426135182380676,6,a00199,classical
u00883,s000384,0.4307374060153961,7,a00048,rock
u00883,s000245,0.4207151532173157,8,a00146,latin
u00883,s000376,0.4111679196357727,9,a00178,hip-hop
u00883,s000398,0.39712026715278625,10,a00117,hip-hop
u00457,s000106,0.5749006271362305,1,a00181,classical
u00457,s000348,0.452879399061203,2,a00054,latin
u00457,s000227,0.439602792263031,3,a00119,latin
u00457,s000024,0.4344795346260071,4,a00065,latin
u00457,s000177,0.406777948141098,5,a00143,latin
u00457,s000497,0.39272403717041016,6,a00152,latin
u00457,s000036,0.3902007043361664,7,a00179,latin
u00457,s000223,0.3824689984321594,8,a00095,indie
u00457,s000452,0.3712344467639923,9,a00092,latin
u00457,s000099,0.36948463320732117,10,a00089,jazz
u00882,s000172,0.834315836429596,1,a00157,jazz
u00882,s000039,0.5482528209686279,2,a00156,jazz
u00882,s000310,0.5264038443565369,3,a00085,jazz
u00882,s000188,0.45264381170272827,4,a00165,jazz
u00882,s000198,0.4469235837459564,5,a00031,jazz
u00882,s000346,0.4281563460826874,6,a00053,jazz
u00882,s000259,0.4152693748474121,7,a00139,jazz
u00882,s000402,0.39199942350387573,8,a00088,rock
u00882,s000382,0.37271609902381897,9,a00043,jazz
u00882,s000468,0.36868828535079956,10,a00159,hip-hop
u00463,s000317,0.4806769788265228,1,a00011,latin
u00463,s000344,0.46342819929122925,2,a00186,indie
u00463,s000299,0.46235427260398865,3,a00040,pop
u00463,s000301,0.432508647441864,4,a00033,hip-hop
u00463,s000276,0.4196544289588928,5,a00113,rock
u00463,s000125,0.4181619882583618,6,a00037,latin
u00463,s000003,0.3952670693397522,7,a00066,rock
u00463,s000363,0.38274437189102173,8,a00039,edm
u00463,s000393,0.3781895339488983,9,a00079,edm
u00463,s000290,0.3692789077758789,10,a00097,rock
u00879,s000005,0.6317243576049805,1,a00178,classical
u00879,s000007,0.5802344083786011,2,a00041,classical
u00879,s000406,0.48044833540916443,3,a00153,pop
u00879,s000392,0.4732787311077118,4,a00061,latin
u00879,s000478,0.39049893617630005,5,a00183,edm
u00879,s000046,0.3800206780433655,6,a00172,jazz
u00879,s000227,0.3029634654521942,7,a00119,latin
u00879,s000353,0.2987912893295288,8,a00055,edm
u00879,s000213,0.2979404628276825,9,a00186,edm
u00879,s000077,0.2955552339553833,10,a00099,rock
u00830,s000010,0.9118300080299377,1,a00110,classical
u00830,s000399,0.6342099905014038,2,a00197,classical
u00830,s000324,0.5569265484809875,3,a00189,classical
u00830,s000412,0.5079485774040222,4,a00015,classical
u00830,s000418,0.4795394837856293,5,a00134,classical
u00830,s000106,0.4790535569190979,6,a00181,classical
u00830,s000328,0.4720282554626465,7,a00129,edm
u00830,s000209,0.4173135757446289,8,a00007,classical
u00830,s000477,0.40854576230049133,9,a00015,latin
u00830,s000047,0.40397125482559204,10,a00129,rock
u00411,s000452,0.48355942964553833,1,a00092,latin
u00411,s000257,0.4755155146121979,2,a00194,jazz
u00411,s000366,0.4577552378177643,3,a00060,jazz
u00411,s000092,0.4495370388031006,4,a00040,latin
u00411,s000154,0.43098771572113037,5,a00083,latin
u00411,s000009,0.43068140745162964,6,a00014,latin
u00411,s000086,0.41545557975769043,7,a00030,rock
u00411,s000031,0.40834134817123413,8,a00037,latin
u00411,s000331,0.40314340591430664,9,a00192,edm
u00411,s000112,0.3970832824707031,10,a00174,latin
u00438,s000020,0.6098619699478149,1,a00182,indie
u00438,s000486,0.45999830961227417,2,a00064,indie
u00438,s000428,0.4548306465148926,3,a00081,edm
u00438,s000266,0.4458766281604767,4,a00171,indie
u00438,s000484,0.39970606565475464,5,a00083,indie
u00438,s000226,0.38785839080810547,6,a00031,indie
u00438,s000005,0.34107959270477295,7,a00178,classical
u00438,s000347,0.33730050921440125,8,a00097,indie
u00438,s000201,0.32555824518203735,9,a00161,pop
u00438,s000298,0.3126702308654785,10,a00099,classical
u00480,s000267,0.7800843715667725,1,a00098,hip-hop
u00480,s000083,0.6743410229682922,2,a00126,hip-hop
u00480,s000381,0.6271812319755554,3,a00100,hip-hop
u00480,s000433,0.590788722038269,4,a00102,hip-hop
u00480,s000387,0.5548065304756165,5,a00073,hip-hop
u00480,s000309,0.5480799674987793,6,a00105,hip-hop
u00480,s000385,0.5463825464248657,7,a00188,hip-hop
u00480,s000493,0.45707452297210693,8,a00067,pop
u00480,s000213,0.42903774976730347,9,a00186,edm
u00480,s000356,0.41834181547164917,10,a00147,hip-hop
u00594,s000006,0.6695986986160278,1,a00199,hip-hop
u00594,s000072,0.48651373386383057,2,a00189,pop
u00594,s000241,0.4412629306316376,3,a00084,hip-hop
u00594,s000202,0.41681182384490967,4,a00123,hip-hop
u00594,s000374,0.40351027250289917,5,a00107,jazz
u00594,s000108,0.39858192205429077,6,a00114,edm
u00594,s000410,0.3753993809223175,7,a00031,hip-hop
u00594,s000216,0.36427104473114014,8,a00066,edm
u00594,s000358,0.34082528948783875,9,a00189,hip-hop
u00594,s000434,0.3329428434371948,10,a00016,hip-hop
u00609,s000018,0.409368634223938,1,a00096,latin
u00609,s000307,0.37258654832839966,2,a00086,latin
u00609,s000154,0.3593081533908844,3,a00083,latin
u00609,s000452,0.33540892601013184,4,a00092,latin
u00609,s000062,0.3141045570373535,5,a00133,indie
u00609,s000186,0.3086036443710327,6,a00112,latin
u00609,s000245,0.29835939407348633,7,a00146,latin
u00609,s000447,0.28240472078323364,8,a00107,latin
u00609,s000177,0.28213223814964294,9,a00143,latin
u00609,s000438,0.28009599447250366,10,a00107,latin
u00755,s000292,0.9222348928451538,1,a00074,hip-hop
u00755,s000146,0.6787270307540894,2,a00062,indie
u00755,s000425,0.5606116652488708,3,a00175,edm
u00755,s000153,0.5241667032241821,4,a00080,pop
u00755,s000494,0.4780208468437195,5,a00145,edm
u00755,s000356,0.41485464572906494,6,a00147,hip-hop
u00755,s000098,0.396220862865448,7,a00148,edm
u00755,s000338,0.39611372351646423,8,a00148,edm
u00755,s000328,0.3552771806716919,9,a00129,edm
u00755,s000393,0.34721216559410095,10,a00079,edm
u00921,s000037,0.7544037103652954,1,a00183,indie
u00921,s000332,0.7451046109199524,2,a00050,indie
u00921,s000341,0.37952113151550293,3,a00010,latin
u00921,s000243,0.3605403006076813,4,a00111,indie
u00921,s000423,0.34838759899139404,5,a00136,indie
u00921,s000241,0.3477294445037842,6,a00084,hip-hop
u00921,s000205,0.3456493616104126,7,a00031,edm
u00921,s000093,0.3425622582435608,8,a00010,indie
u00921,s000485,0.34098267555236816,9,a00132,indie
u00921,s000104,0.3264980912208557,10,a00000,edm
u00492,s000421,0.5569210052490234,1,a00116,rock
u00492,s000079,0.5062103271484375,2,a00132,rock
u00492,s000476,0.49255672097206116,3,a00184,indie
u00492,s000060,0.4576074779033661,4,a00103,rock
u00492,s000487,0.4122251272201538,5,a00176,rock
u00492,s000490,0.399311900138855,6,a00141,rock
u00492,s000148,0.35803574323654175,7,a00153,jazz
u00492,s000126,0.3259040117263794,8,a00129,hip-hop
u00492,s000186,0.3217584788799286,9,a00112,latin
u00492,s000260,0.31305062770843506,10,a00019,indie
u00801,s000461,0.5544820427894592,1,a00054,classical
u00801,s000465,0.4842185974121094,2,a00012,edm
u00801,s000331,0.4787631928920746,3,a00192,edm
u00801,s000264,0.4479981064796448,4,a00136,edm
u00801,s000494,0.43008658289909363,5,a00145,edm
u00801,s000140,0.42279332876205444,6,a00179,edm
u00801,s000108,0.38556790351867676,7,a00114,edm
u00801,s000044,0.3646481931209564,8,a00067,edm
u00801,s000451,0.3517290949821472,9,a00003,classical
u00801,s000402,0.34892773628234863,10,a00088,rock
u00303,s000205,0.7289729118347168,1,a00031,edm
u00303,s000467,0.5814035534858704,2,a00017,edm
u00303,s000033,0.5212996006011963,3,a00158,edm
u00303,s000330,0.511725902557373,4,a00106,edm
u00303,s000012,0.4690602719783783,5,a00032,edm
u00303,s000372,0.4554932713508606,6,a00034,latin
u00303,s000441,0.43921124935150146,7,a00097,pop
u00303,s000226,0.42881959676742554,8,a00031,indie
u00303,s000070,0.40542227029800415,9,a00140,classical
u00303,s000084,0.39943841099739075,10,a00105,edm
u00618,s000091,0.707354724407196,1,a00039,indie
u00618,s000062,0.5969661474227905,2,a00133,indie
u00618,s000352,0.5393324494361877,3,a00068,indie
u00618,s000482,0.494110643863678,4,a00152,edm
u00618,s000115,0.4524976909160614,5,a00179,indie
u00618,s000286,0.43135324120521545,6,a00153,pop
u00618,s000284,0.4180472791194916,7,a00021,indie
u00618,s000360,0.4167174994945526,8,a00153,edm
u00618,s000347,0.40848052501678467,9,a00097,indie
u00618,s000359,0.40353158116340637,10,a00108,indie
u00548,s000035,0.7096139788627625,1,a00108,pop
u00548,s000026,0.6179730296134949,2,a00004,pop
u00548,s000471,0.5105481147766113,3,a00038,pop
u00548,s000196,0.5062698125839233,4,a00102,pop
u00548,s000383,0.4590889513492584,5,a00186,hip-hop
u00548,s000409,0.4543747901916504,6,a00046,pop
u00548,s000253,0.43893781304359436,7,a00196,pop
u00548,s000214,0.42100149393081665,8,a00071,pop
u00548,s000095,0.4186064600944519,9,a00000,pop
u00548,s000129,0.40763235092163086,10,a00090,pop
u00572,s000003,0.690467894077301,1,a00066,rock
u00572,s000469,0.6271501779556274,2,a00095,rock
u00572,s000032,0.6215750575065613,3,a00140,rock
u00572,s000082,0.5411994457244873,4,a00071,classical
u00572,s000290,0.4891320466995239,5,a00097,rock
u00572,s000454,0.45182639360427856,6,a00140,rock
u00572,s000478,0.44974592328071594,7,a00183,edm
u00572,s000417,0.4104592800140381,8,a00085,indie
u00572,s000029,0.3624717593193054,9,a00096,classical
u00572,s000077,0.3347277045249939,10,a00099,rock
u00120,s000009,0.6445854902267456,1,a00014,latin
u00120,s000497,0.5203989148139954,2,a00152,latin
u00120,s000484,0.4671752452850342,3,a00083,indie
u00120,s000181,0.4660072922706604,4,a00000,latin
u00120,s000125,0.4622563123703003,5,a00037,latin
u00120,s000142,0.4564376771450043,6,a00087,latin
u00120,s000341,0.3900318741798401,7,a00010,latin
u00120,s000425,0.3729051351547241,8,a00175,edm
u00120,s000090,0.35136792063713074,9,a00028,hip-hop
u00120,s000233,0.33057865500450134,10,a00141,rock
u00139,s000085,0.6860693097114563,1,a00091,rock
u00139,s000297,0.593967854976654,2,a00041,rock
u00139,s000325,0.5120366215705872,3,a00121,rock
u00139,s000038,0.4727792739868164,4,a00014,rock
u00139,s000377,0.4480402171611786,5,a00101,classical
u00139,s000049,0.446066677570343,6,a00094,rock
u00139,s000315,0.42064374685287476,7,a00167,hip-hop
u00139,s000393,0.4162198007106781,8,a00079,edm
u00139,s000170,0.3799518048763275,9,a00061,latin
u00139,s000110,0.34786996245384216,10,a00142,rock
u00748,s000266,0.626960277557373,1,a00171,indie
u00748,s000187,0.5119314789772034,2,a00113,rock
u00748,s000004,0.4925481081008911,3,a00134,rock
u00748,s000293,0.46889305114746094,4,a00069,rock
u00748,s000290,0.4332386553287506,5,a00097,rock
u00748,s000492,0.39532747864723206,6,a00157,indie
u00748,s000381,0.36365970969200134,7,a00100,hip-hop
u00748,s000304,0.35816705226898193,8,a00152,pop
u00748,s000193,0.34080976247787476,9,a00007,latin
u00748,s000427,0.33682408928871155,10,a00058,jazz
u00847,s000474,0.5961788296699524,1,a00189,latin
u00847,s000131,0.5719090700149536,2,a00127,pop
u00847,s000351,0.4799646735191345,3,a00149,latin
u00847,s000137,0.4725451171398163,4,a00151,pop
u00847,s000035,0.45086655020713806,5,a00108,pop
u00847,s000013,0.386913537979126,6,a00154,jazz
u00847,s000341,0.386895090341568,7,a00010,latin
u00847,s000189,0.3561609089374542,8,a00178,latin
u00847,s000063,0.35101133584976196,9,a00199,classical
u00847,s000356,0.3370644748210907,10,a00147,hip-hop
u00413,s000454,0.649309515953064,1,a00140,rock
u00413,s000233,0.5498071908950806,2,a00141,rock
u00413,s000290,0.5216976404190063,3,a00097,rock
u00413,s000368,0.5047824382781982,4,a00103,rock
u00413,s000420,0.5008610486984253,5,a00078,rock
u00413,s000086,0.447786808013916,6,a00030,rock
u00413,s000054,0.42284703254699707,7,a00042,rock
u00413,s000047,0.3822941184043884,8,a00129,rock
u00413,s000021,0.37147682905197144,9,a00032,rock
u00413,s000406,0.3647533357143402,10,a00153,pop
u00114,s000347,0.5869960784912109,1,a00097,indie
u00114,s000243,0.5553030967712402,2,a00111,indie
u00114,s000178,0.41945260763168335,3,a00167,indie
u00114,s000013,0.3729873597621918,4,a00154,jazz
u00114,s000490,0.3382338285446167,5,a00141,rock
u00114,s000492,0.3366859555244446,6,a00157,indie
u00114,s000001,0.3250362277030945,7,a00197,indie
u00114,s000053,0.30837875604629517,8,a00025,indie
u00114,s000093,0.2964620590209961,9,a00010,indie
u00114,s000010,0.29163849353790283,10,a00110,classical
u00896,s000000,0.5879186391830444,1,a00178,edm
u00896,s000213,0.47023633122444153,2,a00186,edm
u00896,s000154,0.39043867588043213,3,a00083,latin
u00896,s000177,0.3852173686027527,4,a00143,latin
u00896,s000487,0.3621489405632019,5,a00176,rock
u00896,s000124,0.3515878915786743,6,a00074,edm
u00896,s000488,0.33391860127449036,7,a00002,rock
u00896,s000287,0.31322187185287476,8,a00185,edm
u00896,s000303,0.30528661608695984,9,a00164,edm
u00896,s000226,0.2927605211734772,10,a00031,indie
u00006,s000195,0.6205070614814758,1,a00054,classical
u00006,s000412,0.5092004537582397,2,a00015,classical
u00006,s000360,0.49387669563293457,3,a00153,edm
u00006,s000218,0.47728028893470764,4,a00096,classical
u00006,s000013,0.45334482192993164,5,a00154,jazz
u00006,s000007,0.4344061017036438,6,a00041,classical
u00006,s000069,0.4135367274284363,7,a00139,classical
u00006,s000273,0.3958520293235779,8,a00119,jazz
u00006,s000068,0.37488043308258057,9,a00106,classical
u00006,s000493,0.3719620108604431,10,a00067,pop
u00750,s000018,0.7108065485954285,1,a00096,latin
u00750,s000333,0.6047400832176208,2,a00180,latin
u00750,s000486,0.5884738564491272,3,a00064,indie
u00750,s000454,0.5797034502029419,4,a00140,rock
u00750,s000405,0.539893388748169,5,a00058,latin
u00750,s000497,0.4694398045539856,6,a00152,latin
u00750,s000112,0.44489848613739014,7,a00174,latin
u00750,s000193,0.44292789697647095,8,a00007,latin
u00750,s000478,0.40078186988830566,9,a00183,edm
u00750,s000328,0.3879740834236145,10,a00129,edm
u00002,s000005,0.6227411031723022,1,a00178,classical
u00002,s000437,0.5734716653823853,2,a00151,classical
u00002,s000007,0.5254870057106018,3,a00041,classical
u00002,s000209,0.48343729972839355,4,a00007,classical
u00002,s000102,0.478934109210968,5,a00181,hip-hop
u00002,s000206,0.4620038866996765,6,a00177,classical
u00002,s000124,0.4420148432254791,7,a00074,edm
u00002,s000402,0.4167107939720154,8,a00088,rock
u00002,s000268,0.4137744903564453,9,a00085,classical
u00002,s000473,0.4082278311252594,10,a00028,pop
u00478,s000003,0.5245503783226013,1,a00066,rock
u00478,s000043,0.39357003569602966,2,a00046,rock
u00478,s000110,0.38731124997138977,3,a00142,rock
u00478,s000002,0.3682141900062561,4,a00133,rock
u00478,s000430,0.28951209783554077,5,a00166,rock
u00478,s000490,0.2820581793785095,6,a00141,rock
u00478,s000289,0.2781113088130951,7,a00108,rock
u00478,s000297,0.2722882330417633,8,a00041,rock
u00478,s000055,0.23387791216373444,9,a00026,classical
u00478,s000386,0.23188945651054382,10,a00016,rock
u00316,s000027,0.6664034724235535,1,a00122,jazz
u00316,s000080,0.48509886860847473,2,a00119,jazz
u00316,s000366,0.44381579756736755,3,a00060,jazz
u00316,s000172,0.3604026436805725,4,a00157,jazz
u00316,s000059,0.3603944182395935,5,a00073,hip-hop
u00316,s000141,0.3506156802177429,6,a00197,rock
u00316,s000493,0.338828444480896,7,a00067,pop
u00316,s000401,0.33081942796707153,8,a00024,jazz
u00316,s000046,0.31989723443984985,9,a00172,jazz
u00316,s000121,0.29555898904800415,10,a00062,jazz
u00043,s000245,0.8173406720161438,1,a00146,latin
u00043,s000216,0.6360514163970947,2,a00066,edm
u00043,s000320,0.5162395238876343,3,a00137,latin
u00043,s000447,0.47675445675849915,4,a00107,latin
u00043,s000157,0.47082456946372986,5,a00147,rock
u00043,s000176,0.43499886989593506,6,a00029,indie
u00043,s000474,0.39361199736595154,7,a00189,latin
u00043,s000333,0.3755483031272888,8,a00180,latin
u00043,s000373,0.3702499270439148,9,a00130,pop
u00043,s000028,0.3628295361995697,10,a00073,classical
u00726,s000121,0.7898451089859009,1,a00062,jazz
u00726,s000039,0.7342833280563354,2,a00156,jazz
u00726,s000089,0.5686416029930115,3,a00050,pop
u00726,s000188,0.5125209093093872,4,a00165,jazz
u00726,s000102,0.4765043258666992,5,a00181,hip-hop
u00726,s000393,0.4706013798713684,6,a00079,edm
u00726,s000201,0.42813730239868164,7,a00161,pop
u00726,s000080,0.3728342056274414,8,a00119,jazz
u00726,s000373,0.3700253367424011,9,a00130,pop
u00726,s000346,0.36379575729370117,10,a00053,jazz
u00681,s000010,0.596034049987793,1,a00110,classical
u00681,s000455,0.5082153081893921,2,a00160,classical
u00681,s000011,0.503118097782135,3,a00156,classical
u00681,s000066,0.47677376866340637,4,a00089,classical
u00681,s000040,0.36386048793792725,5,a00135,classical
u00681,s000164,0.3478710353374481,6,a00070,classical
u00681,s000412,0.3412047028541565,7,a00015,classical
u00681,s000214,0.33282923698425293,8,a00071,pop
u00681,s000268,0.32902219891548157,9,a00085,classical
u00681,s000298,0.317913681268692,10,a00099,classical
u00385,s000036,0.7506065368652344,1,a00179,latin
u00385,s000333,0.54883873462677,2,a00180,latin
u00385,s000413,0.5422275066375732,3,a00198,latin
u00385,s000307,0.5398882031440735,4,a00086,latin
u00385,s000288,0.5369383096694946,5,a00028,hip-hop
u00385,s000275,0.5279207229614258,6,a00127,latin
u00385,s000477,0.48179876804351807,7,a00015,latin
u00385,s000087,0.4638775587081909,8,a00121,latin
u00385,s000153,0.41720330715179443,9,a00080,pop
u00385,s000498,0.4069029688835144,10,a00175,jazz
u00060,s000179,0.7545525431632996,1,a00018,jazz
u00060,s000229,0.6231774091720581,2,a00143,jazz
u00060,s000366,0.5769784450531006,3,a00060,jazz
u00060,s000197,0.48039793968200684,4,a00130,jazz
u00060,s000374,0.4330408275127411,5,a00107,jazz
u00060,s000444,0.4138479232788086,6,a00170,jazz
u00060,s000453,0.35826200246810913,7,a00152,jazz
u00060,s000148,0.34045886993408203,8,a00153,jazz
u00060,s000498,0.3333386480808258,9,a00175,jazz
u00060,s000296,0.3176437020301819,10,a00084,jazz
u00789,s000067,0.5799834132194519,1,a00045,indie
u00789,s000113,0.5649089813232422,2,a00052,indie
u00789,s000388,0.47310858964920044,3,a00056,indie
u00789,s000262,0.4479709267616272,4,a00036,indie
u00789,s000151,0.41639336943626404,5,a00048,classical
u00789,s000042,0.414188027381897,6,a00156,indie
u00789,s000285,0.35735440254211426,7,a00003,edm
u00789,s000153,0.328729510307312,8,a00080,pop
u00789,s000050,0.32050517201423645,9,a00114,pop
u00789,s000089,0.3196544945240021,10,a00050,pop
u00868,s000037,0.5732975602149963,1,a00183,indie
u00868,s000390,0.5091899633407593,2,a00046,pop
u00868,s000114,0.4793229103088379,3,a00136,indie
u00868,s000226,0.4040481746196747,4,a00031,indie
u00868,s000277,0.4015769958496094,5,a00114,indie
u00868,s000352,0.38125282526016235,6,a00068,indie
u00868,s000216,0.35849183797836304,7,a00066,edm
u00868,s000486,0.35612428188323975,8,a00064,indie
u00868,s000245,0.3535709083080292,9,a00146,latin
u00868,s000262,0.34566137194633484,10,a00036,indie
u00654,s000448,0.6660956740379333,1,a00038,edm
u00654,s000380,0.6353791952133179,2,a00018,edm
u00654,s000442,0.6192864179611206,3,a00130,hip-hop
u00654,s000363,0.5754048824310303,4,a00039,edm
u00654,s000033,0.5383017063140869,5,a00158,edm
u00654,s000395,0.5219582319259644,6,a00007,edm
u00654,s000465,0.487809419631958,7,a00012,edm
u00654,s000097,0.47169893980026245,8,a00100,edm
u00654,s000408,0.44059523940086365,9,a00025,indie
u00654,s000171,0.3218619227409363,10,a00031,jazz
u00137,s000070,0.6328058242797852,1,a00140,classical
u00137,s000397,0.5454666614532471,2,a00080,indie
u00137,s000047,0.5001586079597473,3,a00129,rock
u00137,s000004,0.4866318106651306,4,a00134,rock
u00137,s000003,0.48307913541793823,5,a00066,rock
u00137,s000299,0.4530184864997864,6,a00040,pop
u00137,s000152,0.4230589270591736,7,a00198,hip-hop
u00137,s000297,0.41443583369255066,8,a00041,rock
u00137,s000043,0.41275519132614136,9,a00046,rock
u00137,s000261,0.4036644399166107,10,a00004,jazz
u00677,s000413,0.6502979397773743,1,a00198,latin
u00677,s000447,0.5340428352355957,2,a00107,latin
u00677,s000112,0.5176928043365479,3,a00174,latin
u00677,s000333,0.4599434733390808,4,a00180,latin
u00677,s000231,0.4472687840461731,5,a00164,latin
u00677,s000307,0.44496992230415344,6,a00086,latin
u00677,s000031,0.43982869386672974,7,a00037,latin
u00677,s000227,0.32002630829811096,8,a00119,latin
u00677,s000288,0.31012117862701416,9,a00028,hip-hop
u00677,s000438,0.3092237710952759,10,a00107,latin
u00779,s000444,0.4430783987045288,1,a00170,jazz
u00779,s000498,0.37550172209739685,2,a00175,jazz
u00779,s000148,0.36405354738235474,3,a00153,jazz
u00779,s000080,0.3465155065059662,4,a00119,jazz
u00779,s000438,0.30846643447875977,5,a00107,latin
u00779,s000225,0.3003672957420349,6,a00077,edm
u00779,s000449,0.27428218722343445,7,a00014,hip-hop
u00779,s000304,0.268242746591568,8,a00152,pop
u00779,s000382,0.25560879707336426,9,a00043,jazz
u00779,s000393,0.25457292795181274,10,a00079,edm
u00233,s000315,0.8079298138618469,1,a00167,hip-hop
u00233,s000355,0.6789021492004395,2,a00035,hip-hop
u00233,s000183,0.6007300019264221,3,a00114,hip-hop
u00233,s000059,0.5578913688659668,4,a00073,hip-hop
u00233,s000288,0.5044466853141785,5,a00028,hip-hop
u00233,s000409,0.4623569846153259,6,a00046,pop
u00233,s000006,0.43729227781295776,7,a00199,hip-hop
u00233,s000369,0.4261593520641327,8,a00041,pop
u00233,s000320,0.3878527581691742,9,a00137,latin
u00233,s000434,0.3448605239391327,10,a00016,hip-hop
u00522,s000425,0.5684705972671509,1,a00175,edm
u00522,s000140,0.5660741925239563,2,a00179,edm
u00522,s000058,0.5393716096878052,3,a00010,edm
u00522,s000330,0.5333327054977417,4,a00106,edm
u00522,s000453,0.528272807598114,5,a00152,jazz
u00522,s000338,0.5189480781555176,6,a00148,edm
u00522,s000391,0.5015964508056641,7,a00011,edm
u00522,s000209,0.4880104660987854,8,a00007,classical
u00522,s000213,0.4065876305103302,9,a00186,edm
u00522,s000044,0.3996525704860687,10,a00067,edm
u00927,s000301,0.5198032259941101,1,a00033,hip-hop
u00927,s000350,0.5081214308738708,2,a00151,hip-hop
u00927,s000376,0.49367839097976685,3,a00178,hip-hop
u00927,s000008,0.4896007776260376,4,a00191,hip-hop
u00927,s000414,0.4212895929813385,5,a00144,pop
u00927,s000394,0.4001097083091736,6,a00082,classical
u00927,s000241,0.39194557070732117,7,a00084,hip-hop
u00927,s000164,0.3827235996723175,8,a00070,classical
u00927,s000430,0.3778344690799713,9,a00166,rock
u00927,s000387,0.34741055965423584,10,a00073,hip-hop
u00055,s000375,0.44388073682785034,1,a00171,classical
u00055,s000235,0.4241553544998169,2,a00175,hip-hop
u00055,s000066,0.38891398906707764,3,a00089,classical
u00055,s000398,0.3880356550216675,4,a00117,hip-hop
u00055,s000410,0.3828660845756531,5,a00031,hip-hop
u00055,s000377,0.35739666223526,6,a00101,classical
u00055,s000478,0.33986416459083557,7,a00183,edm
u00055,s000387,0.33154287934303284,8,a00073,hip-hop
u00055,s000164,0.3312295377254486,9,a00070,classical
u00055,s000358,0.323449969291687,10,a00189,hip-hop
u00855,s000069,0.42284244298934937,1,a00139,classical
u00855,s000291,0.4092333912849426,2,a00036,classical
u00855,s000040,0.39708277583122253,3,a00135,classical
u00855,s000327,0.39046502113342285,4,a00063,classical
u00855,s000449,0.3881559371948242,5,a00014,hip-hop
u00855,s000161,0.3866979777812958,6,a00188,classical
u00855,s000216,0.36426183581352234,7,a00066,edm
u00855,s000081,0.34593579173088074,8,a00036,classical
u00855,s000114,0.32210174202919006,9,a00136,indie
u00855,s000316,0.31866127252578735,10,a00097,pop
u00191,s000099,0.5970816612243652,1,a00089,jazz
u00191,s000295,0.5547670125961304,2,a00127,pop
u00191,s000394,0.5408638119697571,3,a00082,classical
u00191,s000223,0.5342915058135986,4,a00095,indie
u00191,s000366,0.5223372578620911,5,a00060,jazz
u00191,s000179,0.5064809918403625,6,a00018,jazz
u00191,s000483,0.49985259771347046,7,a00102,rock
u00191,s000039,0.4863124191761017,8,a00156,jazz
u00191,s000443,0.4821200668811798,9,a00036,jazz
u00191,s000272,0.4791567921638489,10,a00157,jazz
u00246,s000282,0.6690447330474854,1,a00024,rock
u00246,s000157,0.6326889395713806,2,a00147,rock
u00246,s000021,0.5368298292160034,3,a00032,rock
u00246,s000384,0.5275114178657532,4,a00048,rock
u00246,s000243,0.5224602222442627,5,a00111,indie
u00246,s000488,0.45803302526474,6,a00002,rock
u00246,s000320,0.42074447870254517,7,a00137,latin
u00246,s000484,0.41257572174072266,8,a00083,indie
u00246,s000017,0.410528302192688,9,a00184,jazz
u00246,s000104,0.4101232886314392,10,a00000,edm
u00719,s000457,0.4324703812599182,1,a00169,hip-hop
u00719,s000301,0.43197906017303467,2,a00033,hip-hop
u00719,s000383,0.4284421503543854,3,a00186,hip-hop
u00719,s000334,0.42678356170654297,4,a00035,hip-hop
u00719,s000152,0.4069555401802063,5,a00198,hip-hop
u00719,s000299,0.40216779708862305,6,a00040,pop
u00719,s000468,0.40113210678100586,7,a00159,hip-hop
u00719,s000358,0.3933555483818054,8,a00189,hip-hop
u00719,s000249,0.38606297969818115,9,a00081,hip-hop
u00719,s000105,0.3658323884010315,10,a00062,hip-hop
u00806,s000450,0.5750114321708679,1,a00119,latin
u00806,s000024,0.44711998105049133,2,a00065,latin
u00806,s000233,0.4327767491340637,3,a00141,rock
u00806,s000036,0.4192975163459778,4,a00179,latin
u00806,s000497,0.41778475046157837,5,a00152,latin
u00806,s000085,0.3973758816719055,6,a00091,rock
u00806,s000391,0.3709927797317505,7,a00011,edm
u00806,s000189,0.34736764430999756,8,a00178,latin
u00806,s000087,0.33949604630470276,9,a00121,latin
u00806,s000399,0.3326471149921417,10,a00197,classical
u00187,s000260,0.4952649772167206,1,a00019,indie
u00187,s000242,0.45639467239379883,2,a00146,indie
u00187,s000223,0.45453232526779175,3,a00095,indie
u00187,s000115,0.41719716787338257,4,a00179,indie
u00187,s000277,0.40025821328163147,5,a00114,indie
u00187,s000092,0.36602941155433655,6,a00040,latin
u00187,s000300,0.33850741386413574,7,a00165,indie
u00187,s000001,0.33490490913391113,8,a00197,indie
u00187,s000485,0.3264709711074829,9,a00132,indie
u00187,s000408,0.325592041015625,10,a00025,indie
u00485,s000000,0.49654534459114075,1,a00178,edm
u00485,s000144,0.44723063707351685,2,a00176,hip-hop
u00485,s000140,0.41269901394844055,3,a00179,edm
u00485,s000395,0.3641160726547241,4,a00007,edm
u00485,s000177,0.3525673747062683,5,a00143,latin
u00485,s000434,0.3439550995826721,6,a00016,hip-hop
u00485,s000293,0.32657578587532043,7,a00069,rock
u00485,s000025,0.3194807767868042,8,a00009,edm
u00485,s000114,0.3194202482700348,9,a00136,indie
u00485,s000353,0.3166486918926239,10,a00055,edm
u00254,s000236,0.5627976655960083,1,a00006,rock
u00254,s000003,0.519513726234436,2,a00066,rock
u00254,s000308,0.5095256567001343,3,a00116,rock
u00254,s000002,0.4396730661392212,4,a00133,rock
u00254,s000085,0.42918938398361206,5,a00091,rock
u00254,s000364,0.4028673768043518,6,a00016,latin
u00254,s000272,0.38679271936416626,7,a00157,jazz
u00254,s000022,0.34167519211769104,8,a00195,pop
u00254,s000372,0.33920854330062866,9,a00034,latin
u00254,s000128,0.31757721304893494,10,a00161,edm
u00472,s000198,0.7148821949958801,1,a00031,jazz
u00472,s000188,0.6252381801605225,2,a00165,jazz
u00472,s000401,0.621437668800354,3,a00024,jazz
u00472,s000346,0.5970879793167114,4,a00053,jazz
u00472,s000257,0.5009737610816956,5,a00194,jazz
u00472,s000190,0.48530304431915283,6,a00062,jazz
u00472,s000177,0.4021770656108856,7,a00143,latin
u00472,s000259,0.37452274560928345,8,a00139,jazz
u00472,s000402,0.3722490966320038,9,a00088,rock
u00472,s000366,0.3368012607097626,10,a00060,jazz
u00732,s000445,0.7195843458175659,1,a00167,rock
u00732,s000328,0.5344133377075195,2,a00129,edm
u00732,s000292,0.5255229473114014,3,a00074,hip-hop
u00732,s000121,0.4918496012687683,4,a00062,jazz
u00732,s000149,0.4441533386707306,5,a00155,rock
u00732,s000110,0.4065490663051605,6,a00142,rock
u00732,s000259,0.343794584274292,7,a00139,jazz
u00732,s000430,0.3432486653327942,8,a00166,rock
u00732,s000401,0.338456928730011,9,a00024,jazz
u00732,s000002,0.33715468645095825,10,a00133,rock
u00466,s000245,0.5502439737319946,1,a00146,latin
u00466,s000018,0.4792554974555969,2,a00096,latin
u00466,s000154,0.47755083441734314,3,a00083,latin
u00466,s000447,0.4691965579986572,4,a00107,latin
u00466,s000237,0.4665203392505646,5,a00073,latin
u00466,s000320,0.4019261300563812,6,a00137,latin
u00466,s000036,0.40092533826828003,7,a00179,latin
u00466,s000201,0.3902081847190857,8,a00161,pop
u00466,s000413,0.3785874843597412,9,a00198,latin
u00466,s000333,0.3748131990432739,10,a00180,latin
u00097,s000410,0.6795574426651001,1,a00031,hip-hop
u00097,s000158,0.5797975063323975,2,a00117,hip-hop
u00097,s000185,0.5008283853530884,3,a00193,hip-hop
u00097,s000381,0.44201892614364624,4,a00100,hip-hop
u00097,s000202,0.44175854325294495,5,a00123,hip-hop
u00097,s000081,0.3749104142189026,6,a00036,classical
u00097,s000438,0.355135440826416,7,a00107,latin
u00097,s000049,0.35290277004241943,8,a00094,rock
u00097,s000301,0.3432895541191101,9,a00033,hip-hop
u00097,s000387,0.34168320894241333,10,a00073,hip-hop
u00189,s000025,0.6500569581985474,1,a00009,edm
u00189,s000119,0.5074775218963623,2,a00168,edm
u00189,s000033,0.503272294998169,3,a00158,edm
u00189,s000058,0.49064701795578003,4,a00010,edm
u00189,s000407,0.4853023290634155,5,a00108,classical
u00189,s000363,0.44952428340911865,6,a00039,edm
u00189,s000467,0.4380018711090088,7,a00017,edm
u00189,s000108,0.4258463680744171,8,a00114,edm
u00189,s000338,0.408940851688385,9,a00148,edm
u00189,s000179,0.38635069131851196,10,a00018,jazz
u00932,s000003,0.8093602061271667,1,a00066,rock
u00932,s000445,0.5236087441444397,2,a00167,rock
u00932,s000483,0.39536863565444946,3,a00102,rock
u00932,s000086,0.3574236035346985,4,a00030,rock
u00932,s000309,0.3384361267089844,5,a00105,hip-hop
u00932,s000229,0.3353259563446045,6,a00143,jazz
u00932,s000487,0.33372962474823,7,a00176,rock
u00932,s000282,0.3114505708217621,8,a00024,rock
u00932,s000049,0.29509541392326355,9,a00094,rock
u00932,s000226,0.28998786211013794,10,a00031,indie
u00961,s000397,0.38469597697257996,1,a00080,indie
u00961,s000044,0.36619800329208374,2,a00067,edm
u00961,s000146,0.36398133635520935,3,a00062,indie
u00961,s000047,0.3584805130958557,4,a00129,rock
u00961,s000276,0.3485655188560486,5,a00113,rock
u00961,s000368,0.3445609211921692,6,a00103,rock
u00961,s000264,0.3328140676021576,7,a00136,edm
u00961,s000288,0.32123827934265137,8,a00028,hip-hop
u00961,s000449,0.3157203793525696,9,a00014,hip-hop
u00961,s000060,0.2957632541656494,10,a00103,rock
u00268,s000226,0.7455098628997803,1,a00031,indie
u00268,s000116,0.6560863852500916,2,a00056,indie
u00268,s000423,0.5765367746353149,3,a00136,indie
u00268,s000067,0.5682591795921326,4,a00045,indie
u00268,s000079,0.5085086226463318,5,a00132,rock
u00268,s000487,0.49969229102134705,6,a00176,rock
u00268,s000331,0.4756554365158081,7,a00192,edm
u00268,s000338,0.42165607213974,8,a00148,edm
u00268,s000177,0.37983274459838867,9,a00143,latin
u00268,s000344,0.36675548553466797,10,a00186,indie
u00749,s000023,0.5214782953262329,1,a00085,pop
u00749,s000035,0.48989948630332947,2,a00108,pop
u00749,s000373,0.4389573037624359,3,a00130,pop
u00749,s000153,0.4336935877799988,4,a00080,pop
u00749,s000459,0.35752183198928833,5,a00125,jazz
u00749,s000106,0.34785473346710205,6,a00181,classical
u00749,s000359,0.30422669649124146,7,a00108,indie
u00749,s000105,0.2856460511684418,8,a00062,hip-hop
u00749,s000249,0.279988169670105,9,a00081,hip-hop
u00749,s000473,0.2737627625465393,10,a00028,pop
u00471,s000036,0.48547059297561646,1,a00179,latin
u00471,s000189,0.46538397669792175,2,a00178,latin
u00471,s000103,0.45331740379333496,3,a00056,rock
u00471,s000424,0.37062495946884155,4,a00114,latin
u00471,s000358,0.36035725474357605,5,a00189,hip-hop
u00471,s000231,0.35826388001441956,6,a00164,latin
u00471,s000348,0.34922897815704346,7,a00054,latin
u00471,s000009,0.3354853093624115,8,a00014,latin
u00471,s000136,0.3343113958835602,9,a00181,indie
u00471,s000390,0.30833107233047485,10,a00046,pop
u00270,s000205,0.6813318133354187,1,a00031,edm
u00270,s000034,0.5607693791389465,2,a00046,rock
u00270,s000380,0.518385112285614,3,a00018,edm
u00270,s000015,0.4872402846813202,4,a00156,edm
u00270,s000226,0.45578891038894653,5,a00031,indie
u00270,s000261,0.3758375346660614,6,a00004,jazz
u00270,s000033,0.35882800817489624,7,a00158,edm
u00270,s000339,0.3550437390804291,8,a00010,edm
u00270,s000365,0.3145587146282196,9,a00128,edm
u00270,s000006,0.31037575006484985,10,a00199,hip-hop
u00874,s000318,0.5052642822265625,1,a00052,pop
u00874,s000269,0.48452919721603394,2,a00107,pop
u00874,s000050,0.44139525294303894,3,a00114,pop
u00874,s000295,0.4355519413948059,4,a00127,pop
u00874,s000299,0.40552178025245667,5,a00040,pop
u00874,s000270,0.34061288833618164,6,a00023,pop
u00874,s000291,0.3222649395465851,7,a00036,classical
u00874,s000206,0.3124162256717682,8,a00177,classical
u00874,s000127,0.2946512699127197,9,a00134,pop
u00874,s000054,0.29331502318382263,10,a00042,rock
u00442,s000414,0.4479485750198364,1,a00144,pop
u00442,s000290,0.41617006063461304,2,a00097,rock
u00442,s000483,0.39990776777267456,3,a00102,rock
u00442,s000489,0.3992284834384918,4,a00172,rock
u00442,s000176,0.3908349275588989,5,a00029,indie
u00442,s000138,0.3862066864967346,6,a00024,hip-hop
u00442,s000490,0.3743346929550171,7,a00141,rock
u00442,s000496,0.35096442699432373,8,a00036,latin
u00442,s000118,0.347321093082428,9,a00153,classical
u00442,s000488,0.3284582197666168,10,a00002,rock
u00699,s000169,0.6806193590164185,1,a00183,jazz
u00699,s000400,0.6395953893661499,2,a00199,jazz
u00699,s000179,0.574938952922821,3,a00018,jazz
u00699,s000346,0.5324064493179321,4,a00053,jazz
u00699,s000374,0.509531557559967,5,a00107,jazz
u00699,s000315,0.46394360065460205,6,a00167,hip-hop
u00699,s000279,0.4209939241409302,7,a00008,hip-hop
u00699,s000197,0.4047224819660187,8,a00130,jazz
u00699,s000261,0.39780741930007935,9,a00004,jazz
u00699,s000156,0.37140315771102905,10,a00176,pop
u00697,s000016,0.6890254020690918,1,a00037,pop
u00697,s000129,0.6252924799919128,2,a00090,pop
u00697,s000270,0.5849619507789612,3,a00023,pop
u00697,s000304,0.46654012799263,4,a00152,pop
u00697,s000183,0.3706497251987457,5,a00114,hip-hop
u00697,s000220,0.3645073175430298,6,a00007,rock
u00697,s000153,0.34326720237731934,7,a00080,pop
u00697,s000253,0.3341464102268219,8,a00196,pop
u00697,s000156,0.3268701434135437,9,a00176,pop
u00697,s000409,0.30558985471725464,10,a00046,pop
u00110,s000092,0.5767447352409363,1,a00040,latin
u00110,s000112,0.3930763602256775,2,a00174,latin
u00110,s000243,0.38913893699645996,3,a00111,indie
u00110,s000278,0.34253060817718506,4,a00013,classical
u00110,s000459,0.34101754426956177,5,a00125,jazz
u00110,s000009,0.3304426074028015,6,a00014,latin
u00110,s000317,0.3081710934638977,7,a00011,latin
u00110,s000297,0.3060128092765808,8,a00041,rock
u00110,s000181,0.3033500909805298,9,a00000,latin
u00110,s000392,0.3012170195579529,10,a00061,latin
u00495,s000037,0.8131839036941528,1,a00183,indie
u00495,s000388,0.5905291438102722,2,a00056,indie
u00495,s000116,0.45062074065208435,3,a00056,indie
u00495,s000001,0.42208147048950195,4,a00197,indie
u00495,s000359,0.4072313904762268,5,a00108,indie
u00495,s000421,0.384674072265625,6,a00116,rock
u00495,s000260,0.3570314347743988,7,a00019,indie
u00495,s000053,0.3406839370727539,8,a00025,indie
u00495,s000062,0.3342664837837219,9,a00133,indie
u00495,s000188,0.3285088539123535,10,a00165,jazz
u00216,s000008,0.6290346384048462,1,a00191,hip-hop
u00216,s000309,0.4853892922401428,2,a00105,hip-hop
u00216,s000415,0.41939812898635864,3,a00150,hip-hop
u00216,s000358,0.41900599002838135,4,a00189,hip-hop
u00216,s000334,0.41137364506721497,5,a00035,hip-hop
u00216,s000294,0.3931855261325836,6,a00145,hip-hop
u00216,s000293,0.3749658763408661,7,a00069,rock
u00216,s000350,0.3702106773853302,8,a00151,hip-hop
u00216,s000038,0.3542885184288025,9,a00014,rock
u00216,s000493,0.3483554422855377,10,a00067,pop
u00387,s000093,0.6247721910476685,1,a00010,indie
u00387,s000020,0.6182917356491089,2,a00182,indie
u00387,s000298,0.5634737014770508,3,a00099,classical
u00387,s000001,0.5295048356056213,4,a00197,indie
u00387,s000136,0.44721850752830505,5,a00181,indie
u00387,s000373,0.42983925342559814,6,a00130,pop
u00387,s000486,0.3747536838054657,7,a00064,indie
u00387,s000423,0.36847421526908875,8,a00136,indie
u00387,s000498,0.36253076791763306,9,a00175,jazz
u00387,s000192,0.3572404980659485,10,a00128,classical
u00490,s000450,0.5475374460220337,1,a00119,latin
u00490,s000497,0.5324462652206421,2,a00152,latin
u00490,s000142,0.5209100842475891,3,a00087,latin
u00490,s000055,0.4703845977783203,4,a00026,classical
u00490,s000189,0.4518917202949524,5,a00178,latin
u00490,s000186,0.4188309907913208,6,a00112,latin
u00490,s000391,0.399577796459198,7,a00011,edm
u00490,s000469,0.38220351934432983,8,a00095,rock
u00490,s000181,0.3820664882659912,9,a00000,latin
u00490,s000392,0.37131062150001526,10,a00061,latin
u00354,s000245,0.6877535581588745,1,a00146,latin
u00354,s000036,0.5840280055999756,2,a00179,latin
u00354,s000087,0.5311285257339478,3,a00121,latin
u00354,s000450,0.48495611548423767,4,a00119,latin
u00354,s000112,0.44738030433654785,5,a00174,latin
u00354,s000177,0.42174774408340454,6,a00143,latin
u00354,s000216,0.37329012155532837,7,a00066,edm
u00354,s000252,0.3432394862174988,8,a00046,latin
u00354,s000331,0.33824631571769714,9,a00192,edm
u00354,s000018,0.31723231077194214,10,a00096,latin
u00835,s000385,0.521064043045044,1,a00188,hip-hop
u00835,s000152,0.4187791645526886,2,a00198,hip-hop
u00835,s000298,0.378493994474411,3,a00099,classical
u00835,s000060,0.36667966842651367,4,a00103,rock
u00835,s000202,0.3554958701133728,5,a00123,hip-hop
u00835,s000358,0.3483588993549347,6,a00189,hip-hop
u00835,s000184,0.336780846118927,7,a00174,latin
u00835,s000355,0.32862013578414917,8,a00035,hip-hop
u00835,s000227,0.3018195927143097,9,a00119,latin
u00835,s000368,0.30093687772750854,10,a00103,rock
u00770,s000007,0.766106903553009,1,a00041,classical
u00770,s000327,0.5480558276176453,2,a00063,classical
u00770,s000375,0.42861875891685486,3,a00171,classical
u00770,s000461,0.4132937788963318,4,a00054,classical
u00770,s000437,0.38635537028312683,5,a00151,classical
u00770,s000066,0.3535984754562378,6,a00089,classical
u00770,s000377,0.344300240278244,7,a00101,classical
u00770,s000019,0.3334423899650574,8,a00154,classical
u00770,s000478,0.3079003691673279,9,a00183,edm
u00770,s000324,0.3057481050491333,10,a00189,classical
u00881,s000314,0.6555122137069702,1,a00133,edm
u00881,s000338,0.6522127389907837,2,a00148,edm
u00881,s000033,0.6171287298202515,3,a00158,edm
u00881,s000494,0.5863718390464783,4,a00145,edm
u00881,s000108,0.4860633313655853,5,a00114,edm
u00881,s000123,0.48597097396850586,6,a00089,indie
u00881,s000303,0.47416695952415466,7,a00164,edm
u00881,s000285,0.455178439617157,8,a00003,edm
u00881,s000260,0.38773465156555176,9,a00019,indie
u00881,s000249,0.3797835111618042,10,a00081,hip-hop
u00005,s000087,0.5462436676025391,1,a00121,latin
u00005,s000036,0.5366349220275879,2,a00179,latin
u00005,s000405,0.38348665833473206,3,a00058,latin
u00005,s000333,0.33341389894485474,4,a00180,latin
u00005,s000419,0.3053446114063263,5,a00013,rock
u00005,s000490,0.3050191402435303,6,a00141,rock
u00005,s000237,0.29769209027290344,7,a00073,latin
u00005,s000309,0.2908826172351837,8,a00105,hip-hop
u00005,s000149,0.2883613109588623,9,a00155,rock
u00005,s000142,0.2827397882938385,10,a00087,latin
u00451,s000012,0.4608222246170044,1,a00032,edm
u00451,s000025,0.4558835029602051,2,a00009,edm
u00451,s000170,0.37849363684654236,3,a00061,latin
u00451,s000105,0.3170931935310364,4,a00062,hip-hop
u00451,s000033,0.3087497353553772,5,a00158,edm
u00451,s000058,0.2994675934314728,6,a00010,edm
u00451,s000072,0.29346728324890137,7,a00189,pop
u00451,s000060,0.2884732782840729,8,a00103,rock
u00451,s000234,0.27220484614372253,9,a00054,pop
u00451,s000201,0.24676349759101868,10,a00161,pop
u00972,s000079,0.6961519718170166,1,a00132,rock
u00972,s000487,0.6518834829330444,2,a00176,rock
u00972,s000032,0.5965410470962524,3,a00140,rock
u00972,s000139,0.592786431312561,4,a00198,rock
u00972,s000047,0.5316908359527588,5,a00129,rock
u00972,s000344,0.48684200644493103,6,a00186,indie
u00972,s000419,0.4306773245334625,7,a00013,rock
u00972,s000105,0.4223945736885071,8,a00062,hip-hop
u00972,s000414,0.3702508509159088,9,a00144,pop
u00972,s000245,0.3684315085411072,10,a00146,latin
u00112,s000217,0.6072881817817688,1,a00050,pop
u00112,s000474,0.5799317955970764,2,a00189,latin
u00112,s000053,0.4938327670097351,3,a00025,indie
u00112,s000142,0.48360687494277954,4,a00087,latin
u00112,s000036,0.4659523069858551,5,a00179,latin
u00112,s000286,0.44770318269729614,6,a00153,pop
u00112,s000475,0.42545759677886963,7,a00061,latin
u00112,s000022,0.3786666691303253,8,a00195,pop
u00112,s000317,0.3688390552997589,9,a00011,latin
u00112,s000341,0.36205098032951355,10,a00010,latin
u00029,s000288,0.6053840517997742,1,a00028,hip-hop
u00029,s000008,0.579763650894165,2,a00191,hip-hop
u00029,s000477,0.5697070360183716,3,a00015,latin
u00029,s000159,0.46849560737609863,4,a00085,hip-hop
u00029,s000097,0.41945216059684753,5,a00100,edm
u00029,s000350,0.41424357891082764,6,a00151,hip-hop
u00029,s000262,0.36150696873664856,7,a00036,indie
u00029,s000384,0.34003251791000366,8,a00048,rock
u00029,s000369,0.3326752781867981,9,a00041,pop
u00029,s000320,0.32977622747421265,10,a00137,latin
u00783,s000006,0.6165057420730591,1,a00199,hip-hop
u00783,s000334,0.6041438579559326,2,a00035,hip-hop
u00783,s000249,0.5638529062271118,3,a00081,hip-hop
u00783,s000355,0.5536303520202637,4,a00035,hip-hop
u00783,s000220,0.44119176268577576,5,a00007,rock
u00783,s000126,0.4293286204338074,6,a00129,hip-hop
u00783,s000294,0.4129486083984375,7,a00145,hip-hop
u00783,s000430,0.4064943194389343,8,a00166,rock
u00783,s000105,0.3937199115753174,9,a00062,hip-hop
u00783,s000152,0.338398814201355,10,a00198,hip-hop
u00238,s000272,0.937065839767456,1,a00157,jazz
u00238,s000039,0.8664464354515076,2,a00156,jazz
u00238,s000197,0.5929238200187683,3,a00130,jazz
u00238,s000443,0.5901677012443542,4,a00036,jazz
u00238,s000382,0.4023621678352356,5,a00043,jazz
u00238,s000346,0.3971239924430847,6,a00053,jazz
u00238,s000188,0.3874084949493408,7,a00165,jazz
u00238,s000298,0.38664326071739197,8,a00099,classical
u00238,s000315,0.3765888810157776,9,a00167,hip-hop
u00238,s000427,0.37269413471221924,10,a00058,jazz
u00282,s000025,0.5563467144966125,1,a00009,edm
u00282,s000086,0.5012563467025757,2,a00030,rock
u00282,s000383,0.4781169295310974,3,a00186,hip-hop
u00282,s000097,0.4323267936706543,4,a00100,edm
u00282,s000132,0.3917500078678131,5,a00170,edm
u00282,s000393,0.3885499835014343,6,a00079,edm
u00282,s000477,0.38726183772087097,7,a00015,latin
u00282,s000262,0.35104900598526,8,a00036,indie
u00282,s000140,0.3386079967021942,9,a00179,edm
u00282,s000442,0.32087182998657227,10,a00130,hip-hop
u00519,s000201,0.6259374022483826,1,a00161,pop
u00519,s000304,0.4625784754753113,2,a00152,pop
u00519,s000026,0.45464587211608887,3,a00004,pop
u00519,s000023,0.4171375632286072,4,a00085,pop
u00519,s000318,0.40477293729782104,5,a00052,pop
u00519,s000105,0.3833850026130676,6,a00062,hip-hop
u00519,s000114,0.3697218596935272,7,a00136,indie
u00519,s000196,0.36704307794570923,8,a00102,pop
u00519,s000099,0.33512216806411743,9,a00089,jazz
u00519,s000338,0.3067542612552643,10,a00148,edm
u00612,s000083,0.5699570178985596,1,a00126,hip-hop
u00612,s000059,0.5160234570503235,2,a00073,hip-hop
u00612,s000398,0.42197680473327637,3,a00117,hip-hop
u00612,s000334,0.3979625403881073,4,a00035,hip-hop
u00612,s000381,0.36394578218460083,5,a00100,hip-hop
u00612,s000152,0.3570922017097473,6,a00198,hip-hop
u00612,s000433,0.34356656670570374,7,a00102,hip-hop
u00612,s000449,0.34097880125045776,8,a00014,hip-hop
u00612,s000309,0.33331334590911865,9,a00105,hip-hop
u00612,s000347,0.30552828311920166,10,a00097,indie
u00194,s000042,0.6424539685249329,1,a00156,indie
u00194,s000020,0.35741308331489563,2,a00182,indie
u00194,s000014,0.35662785172462463,3,a00163,classical
u00194,s000284,0.3467690348625183,4,a00021,indie
u00194,s000331,0.32618632912635803,5,a00192,edm
u00194,s000010,0.2844941020011902,6,a00110,classical
u00194,s000007,0.28382691740989685,7,a00041,classical
u00194,s000484,0.27292007207870483,8,a00083,indie
u00194,s000486,0.26885566115379333,9,a00064,indie
u00194,s000242,0.2648807168006897,10,a00146,indie
u00044,s000363,0.60325688123703,1,a00039,edm
u00044,s000008,0.5137523412704468,2,a00191,hip-hop
u00044,s000059,0.5112903714179993,3,a00073,hip-hop
u00044,s000138,0.5090106725692749,4,a00024,hip-hop
u00044,s000267,0.48621782660484314,5,a00098,hip-hop
u00044,s000144,0.4824661314487457,6,a00176,hip-hop
u00044,s000164,0.47027602791786194,7,a00070,classical
u00044,s000108,0.4475286304950714,8,a00114,edm
u00044,s000163,0.4078258275985718,9,a00048,edm
u00044,s000258,0.3998149037361145,10,a00118,latin
u00366,s000025,0.6352939605712891,1,a00009,edm
u00366,s000144,0.587069034576416,2,a00176,hip-hop
u00366,s000012,0.56135094165802,3,a00032,edm
u00366,s000328,0.5307611227035522,4,a00129,edm
u00366,s000408,0.5016604661941528,5,a00025,indie
u00366,s000070,0.4881627559661865,6,a00140,classical
u00366,s000167,0.41961514949798584,7,a00178,edm
u00366,s000033,0.41831666231155396,8,a00158,edm
u00366,s000465,0.40479958057403564,9,a00012,edm
u00366,s000123,0.35711321234703064,10,a00089,indie
u00277,s000015,0.7677382230758667,1,a00156,edm
u00277,s000365,0.3896021842956543,2,a00128,edm
u00277,s000465,0.3022933900356293,3,a00012,edm
u00277,s000261,0.301733136177063,4,a00004,jazz
u00277,s000140,0.299845427274704,5,a00179,edm
u00277,s000331,0.29472801089286804,6,a00192,edm
u00277,s000361,0.2798885107040405,7,a00193,edm
u00277,s000449,0.27062445878982544,8,a00014,hip-hop
u00277,s000499,0.2595463991165161,9,a00192,indie
u00277,s000353,0.2435343712568283,10,a00055,edm
u00146,s000039,0.7499977350234985,1,a00156,jazz
u00146,s000427,0.36187583208084106,2,a00058,jazz
u00146,s000346,0.3079790472984314,3,a00053,jazz
u00146,s000080,0.2916913330554962,4,a00119,jazz
u00146,s000374,0.27056801319122314,5,a00107,jazz
u00146,s000172,0.24587026238441467,6,a00157,jazz
u00146,s000257,0.241450697183609,7,a00194,jazz
u00146,s000169,0.2362644523382187,8,a00183,jazz
u00146,s000401,0.23351380228996277,9,a00024,jazz
u00146,s000498,0.22769077122211456,10,a00175,jazz
u00287,s000437,0.7133184671401978,1,a00151,classical
u00287,s000066,0.7039694786071777,2,a00089,classical
u00287,s000375,0.6387743353843689,3,a00171,classical
u00287,s000082,0.6314576268196106,4,a00071,classical
u00287,s000014,0.6300094127655029,5,a00163,classical
u00287,s000327,0.5777386426925659,6,a00063,classical
u00287,s000377,0.49415192008018494,7,a00101,classical
u00287,s000485,0.45833271741867065,8,a00132,indie
u00287,s000279,0.3982248604297638,9,a00008,hip-hop
u00287,s000124,0.3956928849220276,10,a00074,edm
u00301,s000032,0.427803635597229,1,a00140,rock
u00301,s000110,0.38849711418151855,2,a00142,rock
u00301,s000487,0.34988933801651,3,a00176,rock
u00301,s000028,0.3477979302406311,4,a00073,classical
u00301,s000409,0.3473912179470062,5,a00046,pop
u00301,s000238,0.31939178705215454,6,a00006,rock
u00301,s000289,0.3101864457130432,7,a00108,rock
u00301,s000421,0.3027034401893616,8,a00116,rock
u00301,s000045,0.2967529892921448,9,a00075,jazz
u00301,s000368,0.2961392104625702,10,a00103,rock
u00305,s000007,0.7660180330276489,1,a00041,classical
u00305,s000418,0.5873581171035767,2,a00134,classical
u00305,s000375,0.5308777689933777,3,a00171,classical
u00305,s000011,0.5135596394538879,4,a00156,classical
u00305,s000066,0.5127701759338379,5,a00089,classical
u00305,s000019,0.4937981963157654,6,a00154,classical
u00305,s000369,0.4183310866355896,7,a00041,pop
u00305,s000386,0.38962680101394653,8,a00016,rock
u00305,s000409,0.35932183265686035,9,a00046,pop
u00305,s000218,0.3552134037017822,10,a00096,classical
u00161,s000045,0.590682864189148,1,a00075,jazz
u00161,s000481,0.49036043882369995,2,a00157,classical
u00161,s000282,0.46870115399360657,3,a00024,rock
u00161,s000248,0.435354620218277,4,a00187,pop
u00161,s000236,0.42927056550979614,5,a00006,rock
u00161,s000047,0.4221135973930359,6,a00129,rock
u00161,s000260,0.39389193058013916,7,a00019,indie
u00161,s000243,0.3868078291416168,8,a00111,indie
u00161,s000278,0.3803371787071228,9,a00013,classical
u00161,s000072,0.36527901887893677,10,a00189,pop
u00504,s000001,0.36807143688201904,1,a00197,indie
u00504,s000115,0.32536453008651733,2,a00179,indie
u00504,s000383,0.31977689266204834,3,a00186,hip-hop
u00504,s000332,0.31498244404792786,4,a00050,indie
u00504,s000226,0.2829006314277649,5,a00031,indie
u00504,s000347,0.28241294622421265,6,a00097,indie
u00504,s000284,0.27099791169166565,7,a00021,indie
u00504,s000334,0.27012839913368225,8,a00035,hip-hop
u00504,s000265,0.26906079053878784,9,a00052,jazz
u00504,s000091,0.2661162316799164,10,a00039,indie
u00922,s000021,0.5226811766624451,1,a00032,rock
u00922,s000002,0.4464337229728699,2,a00133,rock
u00922,s000419,0.41361016035079956,3,a00013,rock
u00922,s000149,0.35563403367996216,4,a00155,rock
u00922,s000079,0.35183200240135193,5,a00132,rock
u00922,s000123,0.34370583295822144,6,a00089,indie
u00922,s000086,0.3366292715072632,7,a00030,rock
u00922,s000440,0.3284856379032135,8,a00044,rock
u00922,s000229,0.32312893867492676,9,a00143,jazz
u00922,s000098,0.318936824798584,10,a00148,edm
u00870,s000375,0.5227831602096558,1,a00171,classical
u00870,s000063,0.4807417094707489,2,a00199,classical
u00870,s000418,0.4558998942375183,3,a00134,classical
u00870,s000019,0.45518583059310913,4,a00154,classical
u00870,s000291,0.43274247646331787,5,a00036,classical
u00870,s000384,0.4299720525741577,6,a00048,rock
u00870,s000294,0.3776697814464569,7,a00145,hip-hop
u00870,s000394,0.3517396152019501,8,a00082,classical
u00870,s000102,0.34177833795547485,9,a00181,hip-hop
u00870,s000040,0.34143322706222534,10,a00135,classical
u00149,s000098,0.5684212446212769,1,a00148,edm
u00149,s000123,0.543477475643158,2,a00089,indie
u00149,s000499,0.5069195032119751,3,a00192,indie
u00149,s000193,0.4900476634502411,4,a00007,latin
u00149,s000249,0.4861336052417755,5,a00081,hip-hop
u00149,s000405,0.4464482069015503,6,a00058,latin
u00149,s000076,0.44491294026374817,7,a00170,edm
u00149,s000356,0.42701464891433716,8,a00147,hip-hop
u00149,s000497,0.38238459825515747,9,a00152,latin
u00149,s000024,0.3626708686351776,10,a00065,latin
u00728,s000010,0.5104185342788696,1,a00110,classical
u00728,s000179,0.48920828104019165,2,a00018,jazz
u00728,s000420,0.47913840413093567,3,a00078,rock
u00728,s000223,0.42485907673835754,4,a00095,indie
u00728,s000119,0.3869539499282837,5,a00168,edm
u00728,s000142,0.3842729330062866,6,a00087,latin
u00728,s000040,0.365450918674469,7,a00135,classical
u00728,s000366,0.3495698571205139,8,a00060,jazz
u00728,s000217,0.3380149006843567,9,a00050,pop
u00728,s000195,0.32795968651771545,10,a00054,classical
u00399,s000002,0.5069851279258728,1,a00133,rock
u00399,s000032,0.37554529309272766,2,a00140,rock
u00399,s000139,0.3570515215396881,3,a00198,rock
u00399,s000388,0.29529762268066406,4,a00056,indie
u00399,s000080,0.2910589277744293,5,a00119,jazz
u00399,s000020,0.27195629477500916,6,a00182,indie
u00399,s000276,0.26980486512184143,7,a00113,rock
u00399,s000103,0.26928240060806274,8,a00056,rock
u00399,s000341,0.26828181743621826,9,a00010,latin
u00399,s000487,0.26593706011772156,10,a00176,rock
u00336,s000010,0.6911474466323853,1,a00110,classical
u00336,s000218,0.5712569952011108,2,a00096,classical
u00336,s000166,0.47122180461883545,3,a00140,classical
u00336,s000068,0.45881354808807373,4,a00106,classical
u00336,s000412,0.4240989685058594,5,a00015,classical
u00336,s000407,0.3877564072608948,6,a00108,classical
u00336,s000118,0.36937084794044495,7,a00153,classical
u00336,s000081,0.3649027943611145,8,a00036,classical
u00336,s000481,0.3633389174938202,9,a00157,classical
u00336,s000151,0.35042381286621094,10,a00048,classical
u00109,s000115,0.5910654067993164,1,a00179,indie
u00109,s000095,0.5276879668235779,2,a00000,pop
u00109,s000020,0.4778425693511963,3,a00182,indie
u00109,s000353,0.36679837107658386,4,a00055,edm
u00109,s000013,0.35166555643081665,5,a00154,jazz
u00109,s000128,0.34577134251594543,6,a00161,edm
u00109,s000498,0.336584210395813,7,a00175,jazz
u00109,s000332,0.3268531560897827,8,a00050,indie
u00109,s000241,0.31655633449554443,9,a00084,hip-hop
u00109,s000163,0.3158763647079468,10,a00048,edm
u00510,s000103,0.5488665103912354,1,a00056,rock
u00510,s000364,0.5165821313858032,2,a00016,latin
u00510,s000289,0.5150790214538574,3,a00108,rock
u00510,s000085,0.4455524981021881,4,a00091,rock
u00510,s000282,0.41736260056495667,5,a00024,rock
u00510,s000261,0.39575517177581787,6,a00004,jazz
u00510,s000128,0.39068421721458435,7,a00161,edm
u00510,s000278,0.35974934697151184,8,a00013,classical
u00510,s000279,0.3433157801628113,9,a00008,hip-hop
u00510,s000234,0.3398565351963043,10,a00054,pop
u00723,s000003,0.7692838311195374,1,a00066,rock
u00723,s000232,0.4662969708442688,2,a00181,classical
u00723,s000490,0.45535561442375183,3,a00141,rock
u00723,s000368,0.4441293776035309,4,a00103,rock
u00723,s000302,0.43033367395401,5,a00016,indie
u00723,s000123,0.41969212889671326,6,a00089,indie
u00723,s000079,0.4181140065193176,7,a00132,rock
u00723,s000072,0.4010559320449829,8,a00189,pop
u00723,s000276,0.3396517336368561,9,a00113,rock
u00723,s000176,0.3387487828731537,10,a00029,indie
u00851,s000026,0.6260129809379578,1,a00004,pop
u00851,s000248,0.57900071144104,2,a00187,pop
u00851,s000255,0.5670695304870605,3,a00010,pop
u00851,s000175,0.48321300745010376,4,a00172,indie
u00851,s000442,0.40274685621261597,5,a00130,hip-hop
u00851,s000129,0.3813292384147644,6,a00090,pop
u00851,s000310,0.3683300316333771,7,a00085,jazz
u00851,s000484,0.36688143014907837,8,a00083,indie
u00851,s000049,0.36045074462890625,9,a00094,rock
u00851,s000427,0.32935240864753723,10,a00058,jazz
u00203,s000238,0.45910054445266724,1,a00006,rock
u00203,s000236,0.44933781027793884,2,a00006,rock
u00203,s000282,0.3977716565132141,3,a00024,rock
u00203,s000138,0.3948710858821869,4,a00024,hip-hop
u00203,s000490,0.3918047547340393,5,a00141,rock
u00203,s000004,0.39050713181495667,6,a00134,rock
u00203,s000243,0.38720038533210754,7,a00111,indie
u00203,s000489,0.37183740735054016,8,a00172,rock
u00203,s000290,0.3708155155181885,9,a00097,rock
u00203,s000440,0.36443406343460083,10,a00044,rock
u00652,s000037,0.6622827053070068,1,a00183,indie
u00652,s000223,0.5550260543823242,2,a00095,indie
u00652,s000277,0.515272855758667,3,a00114,indie
u00652,s000139,0.4952329397201538,4,a00198,rock
u00652,s000464,0.4728876054286957,5,a00157,jazz
u00652,s000224,0.4494573473930359,6,a00087,rock
u00652,s000030,0.4484826326370239,7,a00117,indie
u00652,s000485,0.4409610629081726,8,a00132,indie
u00652,s000262,0.43593358993530273,9,a00036,indie
u00652,s000089,0.42249971628189087,10,a00050,pop
u00665,s000449,0.585995078086853,1,a00014,hip-hop
u00665,s000291,0.5523380041122437,2,a00036,classical
u00665,s000202,0.5403560400009155,3,a00123,hip-hop
u00665,s000437,0.46890920400619507,4,a00151,classical
u00665,s000442,0.4519132077693939,5,a00130,hip-hop
u00665,s000169,0.446487694978714,6,a00183,jazz
u00665,s000066,0.4420982003211975,7,a00089,classical
u00665,s000384,0.4279378056526184,8,a00048,rock
u00665,s000114,0.4164651036262512,9,a00136,indie
u00665,s000069,0.3938770294189453,10,a00139,classical
u00937,s000206,0.35919836163520813,1,a00177,classical
u00937,s000213,0.35225680470466614,2,a00186,edm
u00937,s000327,0.3395203948020935,3,a00063,classical
u00937,s000053,0.33622145652770996,4,a00025,indie
u00937,s000233,0.311810702085495,5,a00141,rock
u00937,s000077,0.3063011169433594,6,a00099,rock
u00937,s000081,0.30456313490867615,7,a00036,classical
u00937,s000351,0.2898499369621277,8,a00149,latin
u00937,s000029,0.2747833728790283,9,a00096,classical
u00937,s000122,0.26949071884155273,10,a00024,jazz
u00628,s000098,0.6162443161010742,1,a00148,edm
u00628,s000485,0.5050437450408936,2,a00132,indie
u00628,s000344,0.47710853815078735,3,a00186,indie
u00628,s000491,0.45524463057518005,4,a00119,indie
u00628,s000188,0.44714635610580444,5,a00165,jazz
u00628,s000476,0.40495556592941284,6,a00184,indie
u00628,s000001,0.3814045786857605,7,a00197,indie
u00628,s000465,0.3588562607765198,8,a00012,edm
u00628,s000030,0.35382840037345886,9,a00117,indie
u00628,s000300,0.3505759537220001,10,a00165,indie
u00115,s000059,0.5774028897285461,1,a00073,hip-hop
u00115,s000387,0.5178714990615845,2,a00073,hip-hop
u00115,s000433,0.40807458758354187,3,a00102,hip-hop
u00115,s000381,0.40780526399612427,4,a00100,hip-hop
u00115,s000108,0.3696087896823883,5,a00114,edm
u00115,s000298,0.3650820851325989,6,a00099,classical
u00115,s000394,0.3561543822288513,7,a00082,classical
u00115,s000213,0.35594993829727173,8,a00186,edm
u00115,s000328,0.3462989330291748,9,a00129,edm
u00115,s000334,0.3368006944656372,10,a00035,hip-hop
u00214,s000013,0.6397265195846558,1,a00154,jazz
u00214,s000464,0.6251422166824341,2,a00157,jazz
u00214,s000099,0.40970849990844727,3,a00089,jazz
u00214,s000480,0.37909820675849915,4,a00009,jazz
u00214,s000273,0.3501826226711273,5,a00119,jazz
u00214,s000498,0.3351982831954956,6,a00175,jazz
u00214,s000045,0.3165557086467743,7,a00075,jazz
u00214,s000039,0.31461769342422485,8,a00156,jazz
u00214,s000476,0.3047550618648529,9,a00184,indie
u00214,s000374,0.29422497749328613,10,a00107,jazz
u00864,s000090,0.6075398921966553,1,a00028,hip-hop
u00864,s000398,0.42798882722854614,2,a00117,hip-hop
u00864,s000213,0.4249418377876282,3,a00186,edm
u00864,s000356,0.4190768003463745,4,a00147,hip-hop
u00864,s000442,0.4062635600566864,5,a00130,hip-hop
u00864,s000433,0.39202767610549927,6,a00102,hip-hop
u00864,s000202,0.38244399428367615,7,a00123,hip-hop
u00864,s000034,0.37984782457351685,8,a00046,rock
u00864,s000315,0.3781587779521942,9,a00167,hip-hop
u00864,s000272,0.3625502586364746,10,a00157,jazz
u00421,s000127,0.645599901676178,1,a00134,pop
u00421,s000022,0.6224279999732971,2,a00195,pop
u00421,s000269,0.5290539264678955,3,a00107,pop
u00421,s000126,0.5061700344085693,4,a00129,hip-hop
u00421,s000100,0.39219245314598083,5,a00109,jazz
u00421,s000419,0.37622299790382385,6,a00013,rock
u00421,s000212,0.36693334579467773,7,a00066,pop
u00421,s000206,0.35572439432144165,8,a00177,classical
u00421,s000021,0.33756086230278015,9,a00032,rock
u00421,s000383,0.31791502237319946,10,a00186,hip-hop
u00221,s000310,0.619242787361145,1,a00085,jazz
u00221,s000346,0.5598942637443542,2,a00053,jazz
u00221,s000121,0.49186450242996216,3,a00062,jazz
u00221,s000172,0.4099469780921936,4,a00157,jazz
u00221,s000148,0.3906930088996887,5,a00153,jazz
u00221,s000463,0.38466769456863403,6,a00033,jazz
u00221,s000065,0.3288520574569702,7,a00046,jazz
u00221,s000046,0.3287479281425476,8,a00172,jazz
u00221,s000079,0.3098177909851074,9,a00132,rock
u00221,s000259,0.29165035486221313,10,a00139,jazz
u00389,s000282,0.6140578389167786,1,a00024,rock
u00389,s000002,0.4927747845649719,2,a00133,rock
u00389,s000469,0.4311320185661316,3,a00095,rock
u00389,s000398,0.4096148610115051,4,a00117,hip-hop
u00389,s000445,0.40826326608657837,5,a00167,rock
u00389,s000488,0.3992089629173279,6,a00002,rock
u00389,s000320,0.34724611043930054,7,a00137,latin
u00389,s000394,0.34143906831741333,8,a00082,classical
u00389,s000157,0.3384343683719635,9,a00147,rock
u00389,s000420,0.3167180120944977,10,a00078,rock
u00032,s000158,0.540290355682373,1,a00117,hip-hop
u00032,s000083,0.5224211812019348,2,a00126,hip-hop
u00032,s000090,0.4870159327983856,3,a00028,hip-hop
u00032,s000381,0.4646487236022949,4,a00100,hip-hop
u00032,s000395,0.4188874363899231,5,a00007,edm
u00032,s000138,0.40384015440940857,6,a00024,hip-hop
u00032,s000485,0.38796037435531616,7,a00132,indie
u00032,s000235,0.3567984104156494,8,a00175,hip-hop
u00032,s000438,0.3525952398777008,9,a00107,latin
u00032,s000433,0.3513698875904083,10,a00102,hip-hop
u00160,s000042,0.7451003193855286,1,a00156,indie
u00160,s000178,0.6924703121185303,2,a00167,indie
u00160,s000417,0.6325974464416504,3,a00085,indie
u00160,s000408,0.598914384841919,4,a00025,indie
u00160,s000344,0.5960538387298584,5,a00186,indie
u00160,s000001,0.5525575876235962,6,a00197,indie
u00160,s000300,0.5319000482559204,7,a00165,indie
u00160,s000491,0.4644507169723511,8,a00119,indie
u00160,s000103,0.43982020020484924,9,a00056,rock
u00160,s000214,0.43007808923721313,10,a00071,pop
u00135,s000007,0.5730476379394531,1,a00041,classical
u00135,s000068,0.5194644331932068,2,a00106,classical
u00135,s000010,0.4888918101787567,3,a00110,classical
u00135,s000118,0.45266488194465637,4,a00153,classical
u00135,s000072,0.45169755816459656,5,a00189,pop
u00135,s000166,0.3949299454689026,6,a00140,classical
u00135,s000248,0.39398443698883057,7,a00187,pop
u00135,s000179,0.3590492308139801,8,a00018,jazz
u00135,s000327,0.35165929794311523,9,a00063,classical
u00135,s000191,0.3476761281490326,10,a00131,jazz
u00795,s000423,0.5789788961410522,1,a00136,indie
u00795,s000113,0.5068372488021851,2,a00052,indie
u00795,s000223,0.4979051351547241,3,a00095,indie
u00795,s000098,0.4303725063800812,4,a00148,edm
u00795,s000483,0.4272436499595642,5,a00102,rock
u00795,s000226,0.4127829968929291,6,a00031,indie
u00795,s000440,0.4118281900882721,7,a00044,rock
u00795,s000344,0.3818089962005615,8,a00186,indie
u00795,s000300,0.3807261884212494,9,a00165,indie
u00795,s000067,0.354858934879303,10,a00045,indie
u00791,s000438,0.6186144351959229,1,a00107,latin
u00791,s000181,0.4947959780693054,2,a00000,latin
u00791,s000450,0.4419928789138794,3,a00119,latin
u00791,s000139,0.41767480969429016,4,a00198,rock
u00791,s000031,0.4110346734523773,5,a00037,latin
u00791,s000177,0.3881027102470398,6,a00143,latin
u00791,s000355,0.37864789366722107,7,a00035,hip-hop
u00791,s000018,0.37120211124420166,8,a00096,latin
u00791,s000156,0.3456915020942688,9,a00176,pop
u00791,s000148,0.33915576338768005,10,a00153,jazz
u00065,s000295,0.7357560396194458,1,a00127,pop
u00065,s000060,0.3950059115886688,2,a00103,rock
u00065,s000477,0.3770350217819214,3,a00015,latin
u00065,s000406,0.33546310663223267,4,a00153,pop
u00065,s000473,0.311368465423584,5,a00028,pop
u00065,s000050,0.2966407537460327,6,a00114,pop
u00065,s000095,0.27117079496383667,7,a00000,pop
u00065,s000336,0.25899577140808105,8,a00025,jazz
u00065,s000280,0.24243997037410736,9,a00039,pop
u00065,s000346,0.23444056510925293,10,a00053,jazz
u00727,s000045,0.5849301218986511,1,a00075,jazz
u00727,s000382,0.5645567178726196,2,a00043,jazz
u00727,s000296,0.44231876730918884,3,a00084,jazz
u00727,s000366,0.41646069288253784,4,a00060,jazz
u00727,s000427,0.41636064648628235,5,a00058,jazz
u00727,s000443,0.41166242957115173,6,a00036,jazz
u00727,s000169,0.40795719623565674,7,a00183,jazz
u00727,s000017,0.37990623712539673,8,a00184,jazz
u00727,s000439,0.3688271939754486,9,a00187,jazz
u00727,s000483,0.36467552185058594,10,a00102,rock
u00418,s000036,0.5793948769569397,1,a00179,latin
u00418,s000024,0.42180219292640686,2,a00065,latin
u00418,s000227,0.35268887877464294,3,a00119,latin
u00418,s000087,0.3244328498840332,4,a00121,latin
u00418,s000067,0.309090256690979,5,a00045,indie
u00418,s000475,0.2970266342163086,6,a00061,latin
u00418,s000447,0.2963621914386749,7,a00107,latin
u00418,s000405,0.29499751329421997,8,a00058,latin
u00418,s000333,0.2948950231075287,9,a00180,latin
u00418,s000237,0.26937055587768555,10,a00073,latin
u00920,s000068,0.6122167110443115,1,a00106,classical
u00920,s000005,0.6045311093330383,2,a00178,classical
u00920,s000007,0.482085257768631,3,a00041,classical
u00920,s000177,0.45905444025993347,4,a00143,latin
u00920,s000179,0.45367929339408875,5,a00018,jazz
u00920,s000142,0.4094061255455017,6,a00087,latin
u00920,s000119,0.4051421880722046,7,a00168,edm
u00920,s000151,0.4007825553417206,8,a00048,classical
u00920,s000493,0.37999436259269714,9,a00067,pop
u00920,s000232,0.3641740679740906,10,a00181,classical
u00588,s000083,0.6613839268684387,1,a00126,hip-hop
u00588,s000350,0.3954058885574341,2,a00151,hip-hop
u00588,s000376,0.3907831907272339,3,a00178,hip-hop
u00588,s000475,0.37156158685684204,4,a00061,latin
u00588,s000387,0.3689558207988739,5,a00073,hip-hop
u00588,s000294,0.36106401681900024,6,a00145,hip-hop
u00588,s000390,0.34795331954956055,7,a00046,pop
u00588,s000358,0.3423731327056885,8,a00189,hip-hop
u00588,s000315,0.32181447744369507,9,a00167,hip-hop
u00588,s000288,0.3155733048915863,10,a00028,hip-hop
u00465,s000116,0.5072793960571289,1,a00056,indie
u00465,s000344,0.503542423248291,2,a00186,indie
u00465,s000408,0.3963291645050049,3,a00025,indie
u00465,s000304,0.37548184394836426,4,a00152,pop
u00465,s000151,0.3621672987937927,5,a00048,classical
u00465,s000175,0.3556637763977051,6,a00172,indie
u00465,s000042,0.34231293201446533,7,a00156,indie
u00465,s000037,0.31782710552215576,8,a00183,indie
u00465,s000491,0.3116947114467621,9,a00119,indie
u00465,s000262,0.29323267936706543,10,a00036,indie
u00346,s000375,0.4981752038002014,1,a00171,classical
u00346,s000338,0.4961005449295044,2,a00148,edm
u00346,s000080,0.48246103525161743,3,a00119,jazz
u00346,s000065,0.48165154457092285,4,a00046,jazz
u00346,s000374,0.4676610827445984,5,a00107,jazz
u00346,s000346,0.3833395838737488,6,a00053,jazz
u00346,s000459,0.3669000566005707,7,a00125,jazz
u00346,s000190,0.3413885235786438,8,a00062,jazz
u00346,s000181,0.33410942554473877,9,a00000,latin
u00346,s000336,0.3277258574962616,10,a00025,jazz
u00100,s000159,0.5116125345230103,1,a00085,hip-hop
u00100,s000244,0.5059911012649536,2,a00124,indie
u00100,s000062,0.4657745361328125,3,a00133,indie
u00100,s000356,0.44318264722824097,4,a00147,hip-hop
u00100,s000033,0.41256511211395264,5,a00158,edm
u00100,s000358,0.3954744040966034,6,a00189,hip-hop
u00100,s000360,0.3922742009162903,7,a00153,edm
u00100,s000093,0.35370904207229614,8,a00010,indie
u00100,s000459,0.34816351532936096,9,a00125,jazz
u00100,s000042,0.34120529890060425,10,a00156,indie
u00296,s000000,0.5020862817764282,1,a00178,edm
u00296,s000104,0.3047546148300171,2,a00000,edm
u00296,s000465,0.28573477268218994,3,a00012,edm
u00296,s000287,0.27538955211639404,4,a00185,edm
u00296,s000353,0.25994426012039185,5,a00055,edm
u00296,s000365,0.2531878352165222,6,a00128,edm
u00296,s000467,0.2201865017414093,7,a00017,edm
u00296,s000361,0.21008700132369995,8,a00193,edm
u00296,s000167,0.20068305730819702,9,a00178,edm
u00296,s000119,0.19503548741340637,10,a00168,edm
u00498,s000003,0.7360396981239319,1,a00066,rock
u00498,s000043,0.30464863777160645,2,a00046,rock
u00498,s000110,0.2790619134902954,3,a00142,rock
u00498,s000368,0.274100124835968,4,a00103,rock
u00498,s000289,0.27059775590896606,5,a00108,rock
u00498,s000490,0.26051074266433716,6,a00141,rock
u00498,s000430,0.23025700449943542,7,a00166,rock
u00498,s000077,0.22331318259239197,8,a00099,rock
u00498,s000469,0.22273504734039307,9,a00095,rock
u00498,s000141,0.21794721484184265,10,a00197,rock
u00344,s000013,0.5371036529541016,1,a00154,jazz
u00344,s000341,0.41112929582595825,2,a00010,latin
u00344,s000390,0.32504451274871826,3,a00046,pop
u00344,s000309,0.31753337383270264,4,a00105,hip-hop
u00344,s000027,0.30922508239746094,5,a00122,jazz
u00344,s000445,0.29858505725860596,6,a00167,rock
u00344,s000444,0.29678890109062195,7,a00170,jazz
u00344,s000282,0.296099990606308,8,a00024,rock
u00344,s000175,0.2791021466255188,9,a00172,indie
u00344,s000020,0.2656295597553253,10,a00182,indie
u00009,s000016,0.768288254737854,1,a00037,pop
u00009,s000369,0.5874062180519104,2,a00041,pop
u00009,s000447,0.5811170339584351,3,a00107,latin
u00009,s000129,0.5592398643493652,4,a00090,pop
u00009,s000265,0.5000673532485962,5,a00052,jazz
u00009,s000304,0.4981609582901001,6,a00152,pop
u00009,s000414,0.48993638157844543,7,a00144,pop
u00009,s000131,0.43055614829063416,8,a00127,pop
u00009,s000072,0.4280416965484619,9,a00189,pop
u00009,s000279,0.4211903214454651,10,a00008,hip-hop
u00734,s000035,0.5459598302841187,1,a00108,pop
u00734,s000131,0.46774548292160034,2,a00127,pop
u00734,s000049,0.45412740111351013,3,a00094,rock
u00734,s000316,0.4425581693649292,4,a00097,pop
u00734,s000218,0.429473340511322,5,a00096,classical
u00734,s000383,0.36587396264076233,6,a00186,hip-hop
u00734,s000265,0.34285229444503784,7,a00052,jazz
u00734,s000022,0.3411766290664673,8,a00195,pop
u00734,s000414,0.3336051404476166,9,a00144,pop
u00734,s000471,0.3330625891685486,10,a00038,pop
u00978,s000024,0.5510163307189941,1,a00065,latin
u00978,s000245,0.48970621824264526,2,a00146,latin
u00978,s000405,0.4527435302734375,3,a00058,latin
u00978,s000307,0.40045154094696045,4,a00086,latin
u00978,s000154,0.3928072452545166,5,a00083,latin
u00978,s000186,0.33697575330734253,6,a00112,latin
u00978,s000452,0.33652663230895996,7,a00092,latin
u00978,s000331,0.3201920688152313,8,a00192,edm
u00978,s000348,0.3075684905052185,9,a00054,latin
u00978,s000092,0.29591235518455505,10,a00040,latin
u00944,s000192,0.6034810543060303,1,a00128,classical
u00944,s000055,0.5446233749389648,2,a00026,classical
u00944,s000049,0.4537767767906189,3,a00094,rock
u00944,s000237,0.4259604215621948,4,a00073,latin
u00944,s000151,0.39026302099227905,5,a00048,classical
u00944,s000232,0.35011744499206543,6,a00181,classical
u00944,s000066,0.34779658913612366,7,a00089,classical
u00944,s000347,0.33458441495895386,8,a00097,indie
u00944,s000059,0.3163284659385681,9,a00073,hip-hop
u00944,s000195,0.31173092126846313,10,a00054,classical
u00521,s000037,0.7034838199615479,1,a00183,indie
u00521,s000359,0.626186192035675,2,a00108,indie
u00521,s000188,0.556226372718811,3,a00165,jazz
u00521,s000476,0.5457682013511658,4,a00184,indie
u00521,s000344,0.5336564779281616,5,a00186,indie
u00521,s000388,0.48435166478157043,6,a00056,indie
u00521,s000303,0.45219331979751587,7,a00164,edm
u00521,s000486,0.45155689120292664,8,a00064,indie
u00521,s000485,0.4185519814491272,9,a00132,indie
u00521,s000062,0.41539567708969116,10,a00133,indie
u00077,s000356,0.7887539863586426,1,a00147,hip-hop
u00077,s000090,0.7246800661087036,2,a00028,hip-hop
u00077,s000358,0.640788733959198,3,a00189,hip-hop
u00077,s000124,0.48472779989242554,4,a00074,edm
u00077,s000267,0.47393593192100525,5,a00098,hip-hop
u00077,s000249,0.43560996651649475,6,a00081,hip-hop
u00077,s000235,0.3993431031703949,7,a00175,hip-hop
u00077,s000279,0.3901260197162628,8,a00008,hip-hop
u00077,s000138,0.37132859230041504,9,a00024,hip-hop
u00077,s000457,0.3338715434074402,10,a00169,hip-hop
u00326,s000027,0.6588342785835266,1,a00122,jazz
u00326,s000422,0.591528058052063,2,a00006,jazz
u00326,s000382,0.5181374549865723,3,a00043,jazz
u00326,s000443,0.4363575875759125,4,a00036,jazz
u00326,s000285,0.4186083674430847,5,a00003,edm
u00326,s000324,0.40269216895103455,6,a00189,classical
u00326,s000438,0.40143176913261414,7,a00107,latin
u00326,s000296,0.36566656827926636,8,a00084,jazz
u00326,s000191,0.36336076259613037,9,a00131,jazz
u00326,s000207,0.3358957767486572,10,a00134,edm
u00501,s000423,0.617816150188446,1,a00136,indie
u00501,s000214,0.5867086052894592,2,a00071,pop
u00501,s000069,0.5849028825759888,3,a00139,classical
u00501,s000011,0.5763649940490723,4,a00156,classical
u00501,s000070,0.5530785322189331,5,a00140,classical
u00501,s000412,0.46700093150138855,6,a00015,classical
u00501,s000047,0.44622373580932617,7,a00129,rock
u00501,s000232,0.38703489303588867,8,a00181,classical
u00501,s000144,0.38155078887939453,9,a00176,hip-hop
u00501,s000220,0.362515389919281,10,a00007,rock
u00021,s000005,0.6627783179283142,1,a00178,classical
u00021,s000010,0.6390497088432312,2,a00110,classical
u00021,s000040,0.5414956212043762,3,a00135,classical
u00021,s000029,0.4797954559326172,4,a00096,classical
u00021,s000161,0.47928085923194885,5,a00188,classical
u00021,s000268,0.47845259308815,6,a00085,classical
u00021,s000449,0.46739786863327026,7,a00014,hip-hop
u00021,s000164,0.4669204354286194,8,a00070,classical
u00021,s000066,0.38712579011917114,9,a00089,classical
u00021,s000442,0.3574531674385071,10,a00130,hip-hop
u00164,s000264,0.45254987478256226,1,a00136,edm
u00164,s000392,0.41792744398117065,2,a00061,latin
u00164,s000089,0.3826873004436493,3,a00050,pop
u00164,s000026,0.36903032660484314,4,a00004,pop
u00164,s000023,0.34952807426452637,5,a00085,pop
u00164,s000158,0.3326241075992584,6,a00117,hip-hop
u00164,s000438,0.3260425329208374,7,a00107,latin
u00164,s000022,0.31339550018310547,8,a00195,pop
u00164,s000393,0.3097544014453888,9,a00079,edm
u00164,s000328,0.30053961277008057,10,a00129,edm
u00960,s000308,0.6320456862449646,1,a00116,rock
u00960,s000276,0.5570009350776672,2,a00113,rock
u00960,s000141,0.4319673180580139,3,a00197,rock
u00960,s000038,0.3804967999458313,4,a00014,rock
u00960,s000391,0.3656603693962097,5,a00011,edm
u00960,s000035,0.36051470041275024,6,a00108,pop
u00960,s000055,0.3542710840702057,7,a00026,classical
u00960,s000420,0.3385407328605652,8,a00078,rock
u00960,s000384,0.3344966471195221,9,a00048,rock
u00960,s000149,0.3311765193939209,10,a00155,rock
u00873,s000487,0.38131406903266907,1,a00176,rock
u00873,s000402,0.32272130250930786,2,a00088,rock
u00873,s000276,0.30229514837265015,3,a00113,rock
u00873,s000212,0.2924831211566925,4,a00066,pop
u00873,s000139,0.2919574975967407,5,a00198,rock
u00873,s000085,0.2871440052986145,6,a00091,rock
u00873,s000406,0.2829691767692566,7,a00153,pop
u00873,s000282,0.2811718285083771,8,a00024,rock
u00873,s000130,0.272731751203537,9,a00016,pop
u00873,s000038,0.25389644503593445,10,a00014,rock
u00157,s000040,0.5933358073234558,1,a00135,classical
u00157,s000026,0.5227389335632324,2,a00004,pop
u00157,s000156,0.47767284512519836,3,a00176,pop
u00157,s000185,0.43803495168685913,4,a00193,hip-hop
u00157,s000395,0.419162392616272,5,a00007,edm
u00157,s000022,0.3836711049079895,6,a00195,pop
u00157,s000158,0.3734707236289978,7,a00117,hip-hop
u00157,s000497,0.3698559105396271,8,a00152,latin
u00157,s000435,0.3659491539001465,9,a00013,pop
u00157,s000234,0.34721386432647705,10,a00054,pop
u00974,s000090,0.7321240901947021,1,a00028,hip-hop
u00974,s000267,0.6455410718917847,2,a00098,hip-hop
u00974,s000008,0.5924335718154907,3,a00191,hip-hop
u00974,s000204,0.4752276837825775,4,a00054,classical
u00974,s000381,0.4249354600906372,5,a00100,hip-hop
u00974,s000105,0.42277276515960693,6,a00062,hip-hop
u00974,s000415,0.39990806579589844,7,a00150,hip-hop
u00974,s000334,0.32882893085479736,8,a00035,hip-hop
u00974,s000385,0.32188117504119873,9,a00188,hip-hop
u00974,s000102,0.31668806076049805,10,a00181,hip-hop
u00578,s000373,0.5290706157684326,1,a00130,pop
u00578,s000459,0.44650623202323914,2,a00125,jazz
u00578,s000094,0.4057328402996063,3,a00150,pop
u00578,s000106,0.40435683727264404,4,a00181,classical
u00578,s000153,0.3855934143066406,5,a00080,pop
u00578,s000359,0.38088148832321167,6,a00108,indie
u00578,s000338,0.3219474256038666,7,a00148,edm
u00578,s000158,0.26778051257133484,8,a00117,hip-hop
u00578,s000304,0.2582700550556183,9,a00152,pop
u00578,s000280,0.24648086726665497,10,a00039,pop
u00593,s000398,0.6903513669967651,1,a00117,hip-hop
u00593,s000059,0.6070187091827393,2,a00073,hip-hop
u00593,s000006,0.5306587219238281,3,a00199,hip-hop
u00593,s000185,0.46498703956604004,4,a00193,hip-hop
u00593,s000184,0.3915598690509796,5,a00174,latin
u00593,s000119,0.39092084765434265,6,a00168,edm
u00593,s000183,0.3690291941165924,7,a00114,hip-hop
u00593,s000417,0.3667256236076355,8,a00085,indie
u00593,s000138,0.36049625277519226,9,a00024,hip-hop
u00593,s000248,0.3155641257762909,10,a00187,pop
u00102,s000130,0.530403733253479,1,a00016,pop
u00102,s000071,0.49105963110923767,2,a00103,pop
u00102,s000269,0.452254980802536,3,a00107,pop
u00102,s000158,0.44036662578582764,4,a00117,hip-hop
u00102,s000295,0.40281879901885986,5,a00127,pop
u00102,s000385,0.38400232791900635,6,a00188,hip-hop
u00102,s000299,0.3564079701900482,7,a00040,pop
u00102,s000236,0.34210073947906494,8,a00006,rock
u00102,s000248,0.33553338050842285,9,a00187,pop
u00102,s000026,0.3199479877948761,10,a00004,pop
u00626,s000005,0.676856279373169,1,a00178,classical
u00626,s000014,0.5795036554336548,2,a00163,classical
u00626,s000053,0.42885881662368774,3,a00025,indie
u00626,s000081,0.40177470445632935,4,a00036,classical
u00626,s000206,0.35436034202575684,5,a00177,classical
u00626,s000351,0.32184815406799316,6,a00149,latin
u00626,s000327,0.3011400103569031,7,a00063,classical
u00626,s000029,0.2906700670719147,8,a00096,classical
u00626,s000369,0.2777746617794037,9,a00041,pop
u00626,s000213,0.2698468565940857,10,a00186,edm
u00283,s000020,0.46390628814697266,1,a00182,indie
u00283,s000042,0.4551358222961426,2,a00156,indie
u00283,s000284,0.3887123167514801,3,a00021,indie
u00283,s000213,0.3424172103404999,4,a00186,edm
u00283,s000226,0.33217769861221313,5,a00031,indie
u00283,s000484,0.3153776526451111,6,a00083,indie
u00283,s000113,0.3096659183502197,7,a00052,indie
u00283,s000146,0.30860498547554016,8,a00062,indie
u00283,s000124,0.30147016048431396,9,a00074,edm
u00283,s000049,0.2863563299179077,10,a00094,rock
u00116,s000282,0.510565996170044,1,a00024,rock
u00116,s000487,0.502507209777832,2,a00176,rock
u00116,s000331,0.4290376901626587,3,a00192,edm
u00116,s000099,0.4093421399593353,4,a00089,jazz
u00116,s000430,0.4034215211868286,5,a00166,rock
u00116,s000445,0.39778265357017517,6,a00167,rock
u00116,s000421,0.39031973481178284,7,a00116,rock
u00116,s000384,0.3799552023410797,8,a00048,rock
u00116,s000126,0.37395548820495605,9,a00129,hip-hop
u00116,s000490,0.36709898710250854,10,a00141,rock
u00167,s000037,0.6628924608230591,1,a00183,indie
u00167,s000146,0.6194031834602356,2,a00062,indie
u00167,s000352,0.6018615961074829,3,a00068,indie
u00167,s000356,0.5360146760940552,4,a00147,hip-hop
u00167,s000408,0.494196355342865,5,a00025,indie
u00167,s000176,0.48758870363235474,6,a00029,indie
u00167,s000485,0.4561326801776886,7,a00132,indie
u00167,s000286,0.3896908164024353,8,a00153,pop
u00167,s000063,0.36808347702026367,9,a00199,classical
u00167,s000358,0.36743593215942383,10,a00189,hip-hop
u00553,s000006,0.5860973000526428,1,a00199,hip-hop
u00553,s000185,0.5328304767608643,2,a00193,hip-hop
u00553,s000091,0.515560507774353,3,a00039,indie
u00553,s000241,0.44950270652770996,4,a00084,hip-hop
u00553,s000059,0.4470271170139313,5,a00073,hip-hop
u00553,s000102,0.3798118531703949,6,a00181,hip-hop
u00553,s000163,0.37657642364501953,7,a00048,edm
u00553,s000299,0.351809561252594,8,a00040,pop
u00553,s000126,0.3253880739212036,9,a00129,hip-hop
u00553,s000350,0.3247416913509369,10,a00151,hip-hop
u00711,s000016,0.6707983613014221,1,a00037,pop
u00711,s000089,0.5844993591308594,2,a00050,pop
u00711,s000295,0.3992026746273041,3,a00127,pop
u00711,s000493,0.3909775912761688,4,a00067,pop
u00711,s000435,0.38716065883636475,5,a00013,pop
u00711,s000030,0.378286212682724,6,a00117,indie
u00711,s000270,0.35698604583740234,7,a00023,pop
u00711,s000299,0.35458481311798096,8,a00040,pop
u00711,s000419,0.3381578326225281,9,a00013,rock
u00711,s000264,0.3336126208305359,10,a00136,edm
u00829,s000237,0.7902145385742188,1,a00073,latin
u00829,s000307,0.5319947600364685,2,a00086,latin
u00829,s000405,0.48504722118377686,3,a00058,latin
u00829,s000036,0.475722074508667,4,a00179,latin
u00829,s000358,0.4470233917236328,5,a00189,hip-hop
u00829,s000076,0.4117830991744995,6,a00170,edm
u00829,s000067,0.40796005725860596,7,a00045,indie
u00829,s000477,0.4057926535606384,8,a00015,latin
u00829,s000449,0.3979306221008301,9,a00014,hip-hop
u00829,s000475,0.3520069718360901,10,a00061,latin
u00335,s000392,0.6960614323616028,1,a00061,latin
u00335,s000024,0.6225544214248657,2,a00065,latin
u00335,s000391,0.4614967703819275,3,a00011,edm
u00335,s000189,0.4540208578109741,4,a00178,latin
u00335,s000231,0.41125112771987915,5,a00164,latin
u00335,s000475,0.40359261631965637,6,a00061,latin
u00335,s000425,0.37412041425704956,7,a00175,edm
u00335,s000399,0.35269832611083984,8,a00197,classical
u00335,s000103,0.34141963720321655,9,a00056,rock
u00335,s000474,0.33800995349884033,10,a00189,latin
u00729,s000376,0.5566056966781616,1,a00178,hip-hop
u00729,s000059,0.5185152292251587,2,a00073,hip-hop
u00729,s000272,0.5087112188339233,3,a00157,jazz
u00729,s000419,0.46409448981285095,4,a00013,rock
u00729,s000183,0.4547426700592041,5,a00114,hip-hop
u00729,s000169,0.43359681963920593,6,a00183,jazz
u00729,s000052,0.42163586616516113,7,a00035,jazz
u00729,s000355,0.41143178939819336,8,a00035,hip-hop
u00729,s000090,0.40754735469818115,9,a00028,hip-hop
u00729,s000213,0.39718198776245117,10,a00186,edm
u00995,s000010,0.4347638487815857,1,a00110,classical
u00995,s000376,0.41630181670188904,2,a00178,hip-hop
u00995,s000011,0.38137853145599365,3,a00156,classical
u00995,s000132,0.3685782551765442,4,a00170,edm
u00995,s000001,0.3632536232471466,5,a00197,indie
u00995,s000330,0.3511497974395752,6,a00106,edm
u00995,s000005,0.3451363444328308,7,a00178,classical
u00995,s000149,0.3359634578227997,8,a00155,rock
u00995,s000437,0.3167549967765808,9,a00151,classical
u00995,s000128,0.3090229630470276,10,a00161,edm
u00275,s000211,0.6302640438079834,1,a00056,hip-hop
u00275,s000249,0.5702678561210632,2,a00081,hip-hop
u00275,s000318,0.5146116018295288,3,a00052,pop
u00275,s000105,0.4662087857723236,4,a00062,hip-hop
u00275,s000449,0.455277681350708,5,a00014,hip-hop
u00275,s000358,0.44500207901000977,6,a00189,hip-hop
u00275,s000202,0.4223434627056122,7,a00123,hip-hop
u00275,s000126,0.41744136810302734,8,a00129,hip-hop
u00275,s000356,0.41097813844680786,9,a00147,hip-hop
u00275,s000292,0.3874201774597168,10,a00074,hip-hop
u00555,s000231,0.5365654230117798,1,a00164,latin
u00555,s000186,0.531650185585022,2,a00112,latin
u00555,s000076,0.4884280562400818,3,a00170,edm
u00555,s000351,0.41025230288505554,4,a00149,latin
u00555,s000498,0.40381157398223877,5,a00175,jazz
u00555,s000452,0.3932710886001587,6,a00092,latin
u00555,s000413,0.38498973846435547,7,a00198,latin
u00555,s000142,0.3844336271286011,8,a00087,latin
u00555,s000170,0.3814295530319214,9,a00061,latin
u00555,s000233,0.37451907992362976,10,a00141,rock
u00372,s000016,0.46020179986953735,1,a00037,pop
u00372,s000026,0.39356058835983276,2,a00004,pop
u00372,s000035,0.3734165132045746,3,a00108,pop
u00372,s000050,0.3659006655216217,4,a00114,pop
u00372,s000405,0.26860523223876953,5,a00058,latin
u00372,s000473,0.24556495249271393,6,a00028,pop
u00372,s000493,0.22263890504837036,7,a00067,pop
u00372,s000270,0.21325764060020447,8,a00023,pop
u00372,s000033,0.19949376583099365,9,a00158,edm
u00372,s000212,0.1972266137599945,10,a00066,pop
u00008,s000434,0.62026047706604,1,a00016,hip-hop
u00008,s000244,0.60302734375,2,a00124,indie
u00008,s000359,0.5305840373039246,3,a00108,indie
u00008,s000113,0.5059798955917358,4,a00052,indie
u00008,s000312,0.48665767908096313,5,a00056,rock
u00008,s000042,0.4575839042663574,6,a00156,indie
u00008,s000412,0.45604756474494934,7,a00015,classical
u00008,s000344,0.43438488245010376,8,a00186,indie
u00008,s000487,0.4195896089076996,9,a00176,rock
u00008,s000430,0.40509673953056335,10,a00166,rock
u00849,s000361,0.8354436755180359,1,a00193,edm
u00849,s000465,0.6949498057365417,2,a00012,edm
u00849,s000264,0.6816847324371338,3,a00136,edm
u00849,s000425,0.6435885429382324,4,a00175,edm
u00849,s000146,0.46507328748703003,5,a00062,indie
u00849,s000292,0.4387064278125763,6,a00074,hip-hop
u00849,s000213,0.3706602454185486,7,a00186,edm
u00849,s000108,0.36974990367889404,8,a00114,edm
u00849,s000163,0.3420170247554779,9,a00048,edm
u00849,s000393,0.3412048816680908,10,a00079,edm
u00841,s000178,0.504143238067627,1,a00167,indie
u00841,s000258,0.4331985116004944,2,a00118,latin
u00841,s000066,0.3968164026737213,3,a00089,classical
u00841,s000036,0.3805393576622009,4,a00179,latin
u00841,s000479,0.378246933221817,5,a00120,latin
u00841,s000139,0.36781173944473267,6,a00198,rock
u00841,s000224,0.3582165241241455,7,a00087,rock
u00841,s000315,0.3574579656124115,8,a00167,hip-hop
u00841,s000129,0.33715444803237915,9,a00090,pop
u00841,s000475,0.3238331079483032,10,a00061,latin
u00543,s000016,0.539566695690155,1,a00037,pop
u00543,s000484,0.4895394444465637,2,a00083,indie
u00543,s000216,0.43689796328544617,3,a00066,edm
u00543,s000156,0.42141371965408325,4,a00176,pop
u00543,s000406,0.41864871978759766,5,a00153,pop
u00543,s000018,0.4019060432910919,6,a00096,latin
u00543,s000435,0.37156975269317627,7,a00013,pop
u00543,s000196,0.3474990129470825,8,a00102,pop
u00543,s000148,0.33209943771362305,9,a00153,jazz
u00543,s000059,0.308407187461853,10,a00073,hip-hop
u00893,s000327,0.4758871793746948,1,a00063,classical
u00893,s000011,0.4657062292098999,2,a00156,classical
u00893,s000056,0.4244445562362671,3,a00068,latin
u00893,s000010,0.4201875329017639,4,a00110,classical
u00893,s000452,0.41924935579299927,5,a00092,latin
u00893,s000065,0.40517786145210266,6,a00046,jazz
u00893,s000014,0.3965258002281189,7,a00163,classical
u00893,s000470,0.37995201349258423,8,a00122,classical
u00893,s000366,0.34864550828933716,9,a00060,jazz
u00893,s000475,0.3469950556755066,10,a00061,latin
u00595,s000376,0.6374174356460571,1,a00178,hip-hop
u00595,s000144,0.565243124961853,2,a00176,hip-hop
u00595,s000059,0.5249513387680054,3,a00073,hip-hop
u00595,s000410,0.4775473177433014,4,a00031,hip-hop
u00595,s000358,0.4647318124771118,5,a00189,hip-hop
u00595,s000202,0.4570385813713074,6,a00123,hip-hop
u00595,s000386,0.37119701504707336,7,a00016,rock
u00595,s000006,0.3605622947216034,8,a00199,hip-hop
u00595,s000142,0.3594704270362854,9,a00087,latin
u00595,s000369,0.3484016954898834,10,a00041,pop
u00905,s000016,0.6257481575012207,1,a00037,pop
u00905,s000316,0.5102684497833252,2,a00097,pop
u00905,s000167,0.4547213315963745,3,a00178,edm
u00905,s000129,0.4347503185272217,4,a00090,pop
u00905,s000050,0.42700350284576416,5,a00114,pop
u00905,s000314,0.3830019235610962,6,a00133,edm
u00905,s000414,0.34418222308158875,7,a00144,pop
u00905,s000242,0.32788899540901184,8,a00146,indie
u00905,s000310,0.3084681034088135,9,a00085,jazz
u00905,s000484,0.30567970871925354,10,a00083,indie
u00600,s000010,0.695542573928833,1,a00110,classical
u00600,s000005,0.5777947902679443,2,a00178,classical
u00600,s000033,0.3865496516227722,3,a00158,edm
u00600,s000025,0.33914294838905334,4,a00009,edm
u00600,s000161,0.3194262385368347,5,a00188,classical
u00600,s000380,0.29067984223365784,6,a00018,edm
u00600,s000407,0.2878689169883728,7,a00108,classical
u00600,s000012,0.28353211283683777,8,a00032,edm
u00600,s000166,0.2819969058036804,9,a00140,classical
u00600,s000081,0.26459965109825134,10,a00036,classical
u00832,s000422,0.5631526708602905,1,a00006,jazz
u00832,s000045,0.555132269859314,2,a00075,jazz
u00832,s000089,0.5445156097412109,3,a00050,pop
u00832,s000171,0.5272103548049927,4,a00031,jazz
u00832,s000273,0.500434398651123,5,a00119,jazz
u00832,s000259,0.4598338305950165,6,a00139,jazz
u00832,s000453,0.4284244179725647,7,a00152,jazz
u00832,s000191,0.4232354760169983,8,a00131,jazz
u00832,s000296,0.40140968561172485,9,a00084,jazz
u00832,s000498,0.3901923894882202,10,a00175,jazz
u00012,s000439,0.8851616382598877,1,a00187,jazz
u00012,s000422,0.8555102348327637,2,a00006,jazz
u00012,s000427,0.6002731323242188,3,a00058,jazz
u00012,s000308,0.5409908294677734,4,a00116,rock
u00012,s000382,0.5225660800933838,5,a00043,jazz
u00012,s000065,0.5148505568504333,6,a00046,jazz
u00012,s000017,0.4575713574886322,7,a00184,jazz
u00012,s000197,0.38983142375946045,8,a00130,jazz
u00012,s000100,0.3832096457481384,9,a00109,jazz
u00012,s000444,0.37845855951309204,10,a00170,jazz
u00667,s000090,0.6096084713935852,1,a00028,hip-hop
u00667,s000381,0.5531396865844727,2,a00100,hip-hop
u00667,s000216,0.43659597635269165,3,a00066,edm
u00667,s000267,0.40572434663772583,4,a00098,hip-hop
u00667,s000468,0.40007472038269043,5,a00159,hip-hop
u00667,s000126,0.3984174132347107,6,a00129,hip-hop
u00667,s000350,0.386284202337265,7,a00151,hip-hop
u00667,s000079,0.38356369733810425,8,a00132,rock
u00667,s000309,0.37748584151268005,9,a00105,hip-hop
u00667,s000244,0.3724806308746338,10,a00124,indie
u00819,s000002,0.5239947438240051,1,a00133,rock
u00819,s000032,0.4023418426513672,2,a00140,rock
u00819,s000276,0.3345191180706024,3,a00113,rock
u00819,s000402,0.2789880037307739,4,a00088,rock
u00819,s000487,0.25798356533050537,5,a00176,rock
u00819,s000110,0.25458914041519165,6,a00142,rock
u00819,s000490,0.24243998527526855,7,a00141,rock
u00819,s000146,0.23787567019462585,8,a00062,indie
u00819,s000141,0.23400810360908508,9,a00197,rock
u00819,s000034,0.22500139474868774,10,a00046,rock
u00415,s000003,0.6866730451583862,1,a00066,rock
u00415,s000110,0.36976173520088196,2,a00142,rock
u00415,s000289,0.34786325693130493,3,a00108,rock
u00415,s000077,0.2989230751991272,4,a00099,rock
u00415,s000490,0.29066842794418335,5,a00141,rock
u00415,s000043,0.27922847867012024,6,a00046,rock
u00415,s000035,0.2710161805152893,7,a00108,pop
u00415,s000487,0.26497191190719604,8,a00176,rock
u00415,s000055,0.25324609875679016,9,a00026,classical
u00415,s000475,0.2530093789100647,10,a00061,latin
u00956,s000292,0.5141332149505615,1,a00074,hip-hop
u00956,s000494,0.39878344535827637,2,a00145,edm
u00956,s000376,0.3592166304588318,3,a00178,hip-hop
u00956,s000008,0.3562134802341461,4,a00191,hip-hop
u00956,s000177,0.32045260071754456,5,a00143,latin
u00956,s000154,0.31120526790618896,6,a00083,latin
u00956,s000060,0.2957957684993744,7,a00103,rock
u00956,s000152,0.29375752806663513,8,a00198,hip-hop
u00956,s000049,0.2927119731903076,9,a00094,rock
u00956,s000288,0.2918242812156677,10,a00028,hip-hop
u00143,s000018,0.5050414800643921,1,a00096,latin
u00143,s000452,0.47727906703948975,2,a00092,latin
u00143,s000454,0.46392327547073364,3,a00140,rock
u00143,s000317,0.4405580163002014,4,a00011,latin
u00143,s000450,0.4157862663269043,5,a00119,latin
u00143,s000009,0.3964548707008362,6,a00014,latin
u00143,s000125,0.39595910906791687,7,a00037,latin
u00143,s000060,0.3842303454875946,8,a00103,rock
u00143,s000186,0.37452763319015503,9,a00112,latin
u00143,s000438,0.3675088882446289,10,a00107,latin
u00220,s000229,0.6613918542861938,1,a00143,jazz
u00220,s000191,0.4919247329235077,2,a00131,jazz
u00220,s000017,0.450156569480896,3,a00184,jazz
u00220,s000459,0.4192435145378113,4,a00125,jazz
u00220,s000422,0.41079461574554443,5,a00006,jazz
u00220,s000197,0.40969353914260864,6,a00130,jazz
u00220,s000296,0.38586682081222534,7,a00084,jazz
u00220,s000233,0.38483864068984985,8,a00141,rock
u00220,s000490,0.37970006465911865,9,a00141,rock
u00220,s000046,0.36000752449035645,10,a00172,jazz
u00280,s000398,0.7694487571716309,1,a00117,hip-hop
u00280,s000006,0.6878839731216431,2,a00199,hip-hop
u00280,s000385,0.6326079368591309,3,a00188,hip-hop
u00280,s000301,0.6245565414428711,4,a00033,hip-hop
u00280,s000126,0.6191355586051941,5,a00129,hip-hop
u00280,s000334,0.48915597796440125,6,a00035,hip-hop
u00280,s000358,0.4651276171207428,7,a00189,hip-hop
u00280,s000249,0.4633494019508362,8,a00081,hip-hop
u00280,s000457,0.4460332989692688,9,a00169,hip-hop
u00280,s000419,0.4306521713733673,10,a00013,rock
u00206,s000092,0.6914669871330261,1,a00040,latin
u00206,s000348,0.5948906540870667,2,a00054,latin
u00206,s000258,0.5807662606239319,3,a00118,latin
u00206,s000156,0.4808792471885681,4,a00176,pop
u00206,s000232,0.4729662835597992,5,a00181,classical
u00206,s000333,0.4687771201133728,6,a00180,latin
u00206,s000009,0.40068691968917847,7,a00014,latin
u00206,s000036,0.39728546142578125,8,a00179,latin
u00206,s000006,0.3853628635406494,9,a00199,hip-hop
u00206,s000366,0.36261826753616333,10,a00060,jazz
u00784,s000212,0.47841891646385193,1,a00066,pop
u00784,s000280,0.3951539397239685,2,a00039,pop
u00784,s000170,0.37383216619491577,3,a00061,latin
u00784,s000060,0.3366084098815918,4,a00103,rock
u00784,s000381,0.3310827612876892,5,a00100,hip-hop
u00784,s000022,0.3281868100166321,6,a00195,pop
u00784,s000026,0.31592339277267456,7,a00004,pop
u00784,s000201,0.3053036034107208,8,a00161,pop
u00784,s000095,0.3010491132736206,9,a00000,pop
u00784,s000248,0.29929524660110474,10,a00187,pop
u00293,s000022,0.5369088649749756,1,a00195,pop
u00293,s000035,0.44373875856399536,2,a00108,pop
u00293,s000299,0.39169538021087646,3,a00040,pop
u00293,s000473,0.3159320652484894,4,a00028,pop
u00293,s000269,0.284684956073761,5,a00107,pop
u00293,s000270,0.2667374312877655,6,a00023,pop
u00293,s000153,0.2473284900188446,7,a00080,pop
u00293,s000280,0.23883193731307983,8,a00039,pop
u00293,s000050,0.2350999116897583,9,a00114,pop
u00293,s000383,0.22737784683704376,10,a00186,hip-hop
u00079,s000008,0.5573344230651855,1,a00191,hip-hop
u00079,s000183,0.5540382862091064,2,a00114,hip-hop
u00079,s000381,0.5524394512176514,3,a00100,hip-hop
u00079,s000267,0.48638296127319336,4,a00098,hip-hop
u00079,s000083,0.46619129180908203,5,a00126,hip-hop
u00079,s000415,0.4221310615539551,6,a00150,hip-hop
u00079,s000144,0.4072457551956177,7,a00176,hip-hop
u00079,s000014,0.36779746413230896,8,a00163,classical
u00079,s000376,0.3612470328807831,9,a00178,hip-hop
u00079,s000481,0.35677891969680786,10,a00157,classical
u00368,s000103,0.46766048669815063,1,a00056,rock
u00368,s000191,0.4520134925842285,2,a00131,jazz
u00368,s000483,0.4170120358467102,3,a00102,rock
u00368,s000065,0.375907301902771,4,a00046,jazz
u00368,s000106,0.3726522922515869,5,a00181,classical
u00368,s000049,0.36344048380851746,6,a00094,rock
u00368,s000308,0.3405929505825043,7,a00116,rock
u00368,s000233,0.3363930881023407,8,a00141,rock
u00368,s000229,0.3358175754547119,9,a00143,jazz
u00368,s000382,0.3331128656864166,10,a00043,jazz
u00205,s000010,0.7842147350311279,1,a00110,classical
u00205,s000005,0.6466542482376099,2,a00178,classical
u00205,s000014,0.6088680028915405,3,a00163,classical
u00205,s000377,0.477228581905365,4,a00101,classical
u00205,s000065,0.4398954212665558,5,a00046,jazz
u00205,s000375,0.38705188035964966,6,a00171,classical
u00205,s000204,0.36360758543014526,7,a00054,classical
u00205,s000369,0.3477616012096405,8,a00041,pop
u00205,s000040,0.31723952293395996,9,a00135,classical
u00205,s000461,0.30884841084480286,10,a00054,classical
u00579,s000016,0.5965166687965393,1,a00037,pop
u00579,s000194,0.5267851948738098,2,a00156,pop
u00579,s000248,0.45855024456977844,3,a00187,pop
u00579,s000129,0.45799633860588074,4,a00090,pop
u00579,s000196,0.43309730291366577,5,a00102,pop
u00579,s000400,0.4237171411514282,6,a00199,jazz
u00579,s000270,0.4118577241897583,7,a00023,pop
u00579,s000310,0.40569496154785156,8,a00085,jazz
u00579,s000485,0.3827840983867645,9,a00132,indie
u00579,s000083,0.3805720806121826,10,a00126,hip-hop
u00889,s000289,0.5709346532821655,1,a00108,rock
u00889,s000312,0.37676072120666504,2,a00056,rock
u00889,s000417,0.3741074800491333,3,a00085,indie
u00889,s000325,0.3197507858276367,4,a00121,rock
u00889,s000202,0.3149034380912781,5,a00123,hip-hop
u00889,s000034,0.31292271614074707,6,a00046,rock
u00889,s000464,0.289242148399353,7,a00157,jazz
u00889,s000077,0.2796674966812134,8,a00099,rock
u00889,s000445,0.27531999349594116,9,a00167,rock
u00889,s000478,0.27168989181518555,10,a00183,edm
u00742,s000156,0.6446375846862793,1,a00176,pop
u00742,s000022,0.6428083777427673,2,a00195,pop
u00742,s000299,0.5973345637321472,3,a00040,pop
u00742,s000248,0.5089285373687744,4,a00187,pop
u00742,s000307,0.4152393043041229,5,a00086,latin
u00742,s000065,0.41055557131767273,6,a00046,jazz
u00742,s000095,0.3946455121040344,7,a00000,pop
u00742,s000376,0.37339890003204346,8,a00178,hip-hop
u00742,s000414,0.35152944922447205,9,a00144,pop
u00742,s000377,0.34995877742767334,10,a00101,classical
u00445,s000480,0.6935994625091553,1,a00009,jazz
u00445,s000427,0.6044101715087891,2,a00058,jazz
u00445,s000100,0.5359207391738892,3,a00109,jazz
u00445,s000039,0.5038193464279175,4,a00156,jazz
u00445,s000013,0.4990345239639282,5,a00154,jazz
u00445,s000202,0.45582765340805054,6,a00123,hip-hop
u00445,s000400,0.38728389143943787,7,a00199,jazz
u00445,s000045,0.3739655017852783,8,a00075,jazz
u00445,s000473,0.3714776635169983,9,a00028,pop
u00445,s000488,0.36574846506118774,10,a00002,rock
u00953,s000288,0.7463507056236267,1,a00028,hip-hop
u00953,s000355,0.6442579030990601,2,a00035,hip-hop
u00953,s000410,0.5082062482833862,3,a00031,hip-hop
u00953,s000144,0.504599928855896,4,a00176,hip-hop
u00953,s000008,0.4709639847278595,5,a00191,hip-hop
u00953,s000315,0.3698098659515381,6,a00167,hip-hop
u00953,s000398,0.3388459086418152,7,a00117,hip-hop
u00953,s000394,0.3382691740989685,8,a00082,classical
u00953,s000336,0.3031986951828003,9,a00025,jazz
u00953,s000292,0.3004050850868225,10,a00074,hip-hop
u00018,s000392,0.5230537056922913,1,a00061,latin
u00018,s000018,0.5025202035903931,2,a00096,latin
u00018,s000474,0.46313613653182983,3,a00189,latin
u00018,s000189,0.4551142752170563,4,a00178,latin
u00018,s000144,0.3977152407169342,5,a00176,hip-hop
u00018,s000186,0.3763042092323303,6,a00112,latin
u00018,s000231,0.33644533157348633,7,a00164,latin
u00018,s000090,0.32506173849105835,8,a00028,hip-hop
u00018,s000062,0.3020458221435547,9,a00133,indie
u00018,s000450,0.2966855466365814,10,a00119,latin
u00236,s000442,0.5892722606658936,1,a00130,hip-hop
u00236,s000033,0.561334490776062,2,a00158,edm
u00236,s000278,0.4121406078338623,3,a00013,classical
u00236,s000154,0.3944961428642273,4,a00083,latin
u00236,s000123,0.38877105712890625,5,a00089,indie
u00236,s000245,0.3843870759010315,6,a00146,latin
u00236,s000132,0.3787616491317749,7,a00170,edm
u00236,s000260,0.36820879578590393,8,a00019,indie
u00236,s000122,0.3607959747314453,9,a00024,jazz
u00236,s000104,0.35730642080307007,10,a00000,edm
u00902,s000360,0.5848978161811829,1,a00153,edm
u00902,s000033,0.5827640891075134,2,a00158,edm
u00902,s000058,0.5509231686592102,3,a00010,edm
u00902,s000285,0.5340619087219238,4,a00003,edm
u00902,s000025,0.5241445302963257,5,a00009,edm
u00902,s000494,0.5137262344360352,6,a00145,edm
u00902,s000365,0.4881358742713928,7,a00128,edm
u00902,s000125,0.45775607228279114,8,a00037,latin
u00902,s000140,0.4507801830768585,9,a00179,edm
u00902,s000105,0.41133853793144226,10,a00062,hip-hop
u00573,s000131,0.6128840446472168,1,a00127,pop
u00573,s000493,0.5988208055496216,2,a00067,pop
u00573,s000129,0.5625087022781372,3,a00090,pop
u00573,s000153,0.5498496294021606,4,a00080,pop
u00573,s000035,0.4683307409286499,5,a00108,pop
u00573,s000253,0.439225971698761,6,a00196,pop
u00573,s000286,0.4211078882217407,7,a00153,pop
u00573,s000471,0.3919292986392975,8,a00038,pop
u00573,s000191,0.3843423128128052,9,a00131,jazz
u00573,s000424,0.3599624037742615,10,a00114,latin
u00423,s000013,0.6052662134170532,1,a00154,jazz
u00423,s000039,0.5292568206787109,2,a00156,jazz
u00423,s000427,0.5042693018913269,3,a00058,jazz
u00423,s000272,0.3999197781085968,4,a00157,jazz
u00423,s000453,0.39767134189605713,5,a00152,jazz
u00423,s000382,0.347960889339447,6,a00043,jazz
u00423,s000328,0.34200575947761536,7,a00129,edm
u00423,s000345,0.3376774191856384,8,a00038,jazz
u00423,s000197,0.33137229084968567,9,a00130,jazz
u00423,s000375,0.3235604166984558,10,a00171,classical
u00306,s000083,0.6643685102462769,1,a00126,hip-hop
u00306,s000158,0.5517762899398804,2,a00117,hip-hop
u00306,s000410,0.5195748805999756,3,a00031,hip-hop
u00306,s000185,0.5160917043685913,4,a00193,hip-hop
u00306,s000390,0.37914422154426575,5,a00046,pop
u00306,s000449,0.372905969619751,6,a00014,hip-hop
u00306,s000294,0.3640851378440857,7,a00145,hip-hop
u00306,s000105,0.35954177379608154,8,a00062,hip-hop
u00306,s000442,0.34521880745887756,9,a00130,hip-hop
u00306,s000415,0.3450685143470764,10,a00150,hip-hop
u00725,s000010,0.6740570068359375,1,a00110,classical
u00725,s000068,0.6259888410568237,2,a00106,classical
u00725,s000047,0.6192824840545654,3,a00129,rock
u00725,s000166,0.5697140693664551,4,a00140,classical
u00725,s000014,0.4630163311958313,5,a00163,classical
u00725,s000407,0.4265391230583191,6,a00108,classical
u00725,s000278,0.4126569926738739,7,a00013,classical
u00725,s000444,0.40916383266448975,8,a00170,jazz
u00725,s000291,0.3876913785934448,9,a00036,classical
u00725,s000461,0.35980889201164246,10,a00054,classical
u00378,s000127,0.2648354768753052,1,a00134,pop
u00378,s000295,0.25913989543914795,2,a00127,pop
u00378,s000280,0.25279101729393005,3,a00039,pop
u00378,s000156,0.2319575697183609,4,a00176,pop
u00378,s000435,0.22756406664848328,5,a00013,pop
u00378,s000390,0.22139042615890503,6,a00046,pop
u00378,s000299,0.21727688610553741,7,a00040,pop
u00378,s000406,0.20563992857933044,8,a00153,pop
u00378,s000201,0.20358018577098846,9,a00161,pop
u00378,s000316,0.20289279520511627,10,a00097,pop
u00838,s000008,0.473171591758728,1,a00191,hip-hop
u00838,s000006,0.47179022431373596,2,a00199,hip-hop
u00838,s000277,0.4681251347064972,3,a00114,indie
u00838,s000249,0.40367236733436584,4,a00081,hip-hop
u00838,s000499,0.36136314272880554,5,a00192,indie
u00838,s000124,0.3516310751438141,6,a00074,edm
u00838,s000484,0.33988335728645325,7,a00083,indie
u00838,s000159,0.3193776607513428,8,a00085,hip-hop
u00838,s000450,0.3069406747817993,9,a00119,latin
u00838,s000358,0.2998151481151581,10,a00189,hip-hop
u00619,s000463,0.8721779584884644,1,a00033,jazz
u00619,s000027,0.741348147392273,2,a00122,jazz
u00619,s000422,0.5897464156150818,3,a00006,jazz
u00619,s000191,0.4608456790447235,4,a00131,jazz
u00619,s000170,0.44696834683418274,5,a00061,latin
u00619,s000439,0.41492706537246704,6,a00187,jazz
u00619,s000285,0.4109671115875244,7,a00003,edm
u00619,s000053,0.39885812997817993,8,a00025,indie
u00619,s000257,0.3961479663848877,9,a00194,jazz
u00619,s000158,0.3961450755596161,10,a00117,hip-hop
u00121,s000010,0.6197837591171265,1,a00110,classical
u00121,s000007,0.5027695298194885,2,a00041,classical
u00121,s000014,0.48204708099365234,3,a00163,classical
u00121,s000407,0.3490231931209564,4,a00108,classical
u00121,s000425,0.3460529148578644,5,a00175,edm
u00121,s000164,0.3413965702056885,6,a00070,classical
u00121,s000192,0.3175130784511566,7,a00128,classical
u00121,s000118,0.3060224950313568,8,a00153,classical
u00121,s000204,0.2802118957042694,9,a00054,classical
u00121,s000012,0.2638821601867676,10,a00032,edm
u00687,s000014,0.5912708640098572,1,a00163,classical
u00687,s000204,0.28927773237228394,2,a00054,classical
u00687,s000418,0.26995885372161865,3,a00134,classical
u00687,s000451,0.2683180570602417,4,a00003,classical
u00687,s000327,0.2664042115211487,5,a00063,classical
u00687,s000161,0.23132701218128204,6,a00188,classical
u00687,s000029,0.2259751558303833,7,a00096,classical
u00687,s000028,0.2233303189277649,8,a00073,classical
u00687,s000470,0.22256512939929962,9,a00122,classical
u00687,s000232,0.21497315168380737,10,a00181,classical
u00954,s000013,0.6660192012786865,1,a00154,jazz
u00954,s000039,0.647765040397644,2,a00156,jazz
u00954,s000477,0.5678426027297974,3,a00015,latin
u00954,s000411,0.48329591751098633,4,a00009,pop
u00954,s000375,0.45678043365478516,5,a00171,classical
u00954,s000308,0.4395102858543396,6,a00116,rock
u00954,s000164,0.40641075372695923,7,a00070,classical
u00954,s000470,0.4032211899757385,8,a00122,classical
u00954,s000401,0.36092904210090637,9,a00024,jazz
u00954,s000129,0.34492436051368713,10,a00090,pop
u00533,s000043,0.8464497923851013,1,a00046,rock
u00533,s000325,0.4589500427246094,2,a00121,rock
u00533,s000471,0.3828459680080414,3,a00038,pop
u00533,s000445,0.348935067653656,4,a00167,rock
u00533,s000279,0.34143006801605225,5,a00008,hip-hop
u00533,s000003,0.33251702785491943,6,a00066,rock
u00533,s000077,0.3246496021747589,7,a00099,rock
u00533,s000417,0.32288190722465515,8,a00085,indie
u00533,s000410,0.31950560212135315,9,a00031,hip-hop
u00533,s000002,0.30313730239868164,10,a00133,rock
u00531,s000036,0.6868478059768677,1,a00179,latin
u00531,s000087,0.33342015743255615,2,a00121,latin
u00531,s000245,0.32389235496520996,3,a00146,latin
u00531,s000112,0.2964690327644348,4,a00174,latin
u00531,s000333,0.2946229577064514,5,a00180,latin
u00531,s000450,0.29245805740356445,6,a00119,latin
u00531,s000237,0.2855585217475891,7,a00073,latin
u00531,s000405,0.2827334403991699,8,a00058,latin
u00531,s000142,0.26125064492225647,9,a00087,latin
u00531,s000475,0.24401742219924927,10,a00061,latin
u00892,s000086,0.5208325386047363,1,a00030,rock
u00892,s000004,0.47145581245422363,2,a00134,rock
u00892,s000038,0.4345790147781372,3,a00014,rock
u00892,s000129,0.4342924654483795,4,a00090,pop
u00892,s000299,0.4198016822338104,5,a00040,pop
u00892,s000170,0.4071611762046814,6,a00061,latin
u00892,s000473,0.3543618619441986,7,a00028,pop
u00892,s000419,0.35413825511932373,8,a00013,rock
u00892,s000282,0.35246312618255615,9,a00024,rock
u00892,s000325,0.34863531589508057,10,a00121,rock
u00583,s000072,0.7732394933700562,1,a00189,pop
u00583,s000442,0.5110774040222168,2,a00130,hip-hop
u00583,s000255,0.4664344787597656,3,a00010,pop
u00583,s000265,0.41208335757255554,4,a00052,jazz
u00583,s000023,0.3898630440235138,5,a00085,pop
u00583,s000194,0.35224875807762146,6,a00156,pop
u00583,s000189,0.30846136808395386,7,a00178,latin
u00583,s000294,0.2801628112792969,8,a00145,hip-hop
u00583,s000030,0.2784053385257721,9,a00117,indie
u00583,s000216,0.27614080905914307,10,a00066,edm
u00224,s000099,0.5755444765090942,1,a00089,jazz
u00224,s000273,0.5135935544967651,2,a00119,jazz
u00224,s000409,0.4546884298324585,3,a00046,pop
u00224,s000464,0.4324038028717041,4,a00157,jazz
u00224,s000026,0.4108288884162903,5,a00004,pop
u00224,s000473,0.4095648527145386,6,a00028,pop
u00224,s000374,0.37268465757369995,7,a00107,jazz
u00224,s000422,0.3440558910369873,8,a00006,jazz
u00224,s000033,0.3152291774749756,9,a00158,edm
u00224,s000100,0.30863553285598755,10,a00109,jazz
u00910,s000382,0.5189653038978577,1,a00043,jazz
u00910,s000324,0.5006922483444214,2,a00189,classical
u00910,s000296,0.4474262297153473,3,a00084,jazz
u00910,s000464,0.4331660270690918,4,a00157,jazz
u00910,s000017,0.3970267176628113,5,a00184,jazz
u00910,s000265,0.3545192778110504,6,a00052,jazz
u00910,s000444,0.35107100009918213,7,a00170,jazz
u00910,s000468,0.344396710395813,8,a00159,hip-hop
u00910,s000427,0.3347950279712677,9,a00058,jazz
u00910,s000198,0.33077505230903625,10,a00031,jazz
u00038,s000276,0.5103191137313843,1,a00113,rock
u00038,s000232,0.47468918561935425,2,a00181,classical
u00038,s000004,0.4300980865955353,3,a00134,rock
u00038,s000047,0.3743290603160858,4,a00129,rock
u00038,s000440,0.34046024084091187,5,a00044,rock
u00038,s000038,0.3296639919281006,6,a00014,rock
u00038,s000079,0.3233553469181061,7,a00132,rock
u00038,s000479,0.32045114040374756,8,a00120,latin
u00038,s000034,0.31482383608818054,9,a00046,rock
u00038,s000183,0.29303860664367676,10,a00114,hip-hop
u00441,s000475,0.6200118064880371,1,a00061,latin
u00441,s000193,0.5848585367202759,2,a00007,latin
u00441,s000278,0.5763382911682129,3,a00013,classical
u00441,s000280,0.46774959564208984,4,a00039,pop
u00441,s000411,0.46218329668045044,5,a00009,pop
u00441,s000154,0.4303896427154541,6,a00083,latin
u00441,s000176,0.4288065731525421,7,a00029,indie
u00441,s000450,0.42722925543785095,8,a00119,latin
u00441,s000028,0.40322715044021606,9,a00073,classical
u00441,s000496,0.3671759366989136,10,a00036,latin
u00446,s000427,0.811964750289917,1,a00058,jazz
u00446,s000374,0.5998049974441528,2,a00107,jazz
u00446,s000480,0.5814498662948608,3,a00009,jazz
u00446,s000273,0.4533194899559021,4,a00119,jazz
u00446,s000382,0.40598517656326294,5,a00043,jazz
u00446,s000422,0.3878958821296692,6,a00006,jazz
u00446,s000099,0.3526051640510559,7,a00089,jazz
u00446,s000464,0.32988661527633667,8,a00157,jazz
u00446,s000366,0.3032701015472412,9,a00060,jazz
u00446,s000338,0.29553958773612976,10,a00148,edm
u00929,s000487,0.5660771131515503,1,a00176,rock
u00929,s000003,0.5545098781585693,2,a00066,rock
u00929,s000483,0.5497992038726807,3,a00102,rock
u00929,s000139,0.541426420211792,4,a00198,rock
u00929,s000032,0.4875883460044861,5,a00140,rock
u00929,s000238,0.4506969451904297,6,a00006,rock
u00929,s000439,0.4499245882034302,7,a00187,jazz
u00929,s000421,0.4372287392616272,8,a00116,rock
u00929,s000316,0.4232250452041626,9,a00097,pop
u00929,s000030,0.42173945903778076,10,a00117,indie
u00357,s000348,0.43719959259033203,1,a00054,latin
u00357,s000475,0.39910635352134705,2,a00061,latin
u00357,s000447,0.39849936962127686,3,a00107,latin
u00357,s000307,0.39410924911499023,4,a00086,latin
u00357,s000169,0.3787290155887604,5,a00183,jazz
u00357,s000333,0.3703739643096924,6,a00180,latin
u00357,s000027,0.35104769468307495,7,a00122,jazz
u00357,s000372,0.3459727168083191,8,a00034,latin
u00357,s000024,0.3409155607223511,9,a00065,latin
u00357,s000449,0.3323368728160858,10,a00014,hip-hop
u00987,s000358,0.636320948600769,1,a00189,hip-hop
u00987,s000381,0.6302909851074219,2,a00100,hip-hop
u00987,s000076,0.5705088376998901,3,a00170,edm
u00987,s000468,0.550037682056427,4,a00159,hip-hop
u00987,s000385,0.45938295125961304,5,a00188,hip-hop
u00987,s000158,0.44331300258636475,6,a00117,hip-hop
u00987,s000415,0.4329989552497864,7,a00150,hip-hop
u00987,s000105,0.4239196181297302,8,a00062,hip-hop
u00987,s000476,0.42124348878860474,9,a00184,indie
u00987,s000102,0.3735184371471405,10,a00181,hip-hop
u00813,s000059,0.5361524820327759,1,a00073,hip-hop
u00813,s000006,0.5239119529724121,2,a00199,hip-hop
u00813,s000381,0.47116440534591675,3,a00100,hip-hop
u00813,s000267,0.43982353806495667,4,a00098,hip-hop
u00813,s000083,0.4305275082588196,5,a00126,hip-hop
u00813,s000385,0.401608407497406,6,a00188,hip-hop
u00813,s000159,0.3877493441104889,7,a00085,hip-hop
u00813,s000102,0.3680824041366577,8,a00181,hip-hop
u00813,s000390,0.3643716275691986,9,a00046,pop
u00813,s000358,0.3414749503135681,10,a00189,hip-hop
u00211,s000037,0.605043351650238,1,a00183,indie
u00211,s000385,0.5817081332206726,2,a00188,hip-hop
u00211,s000244,0.527445912361145,3,a00124,indie
u00211,s000491,0.5079938173294067,4,a00119,indie
u00211,s000347,0.4588328003883362,5,a00097,indie
u00211,s000388,0.4506222605705261,6,a00056,indie
u00211,s000302,0.42598336935043335,7,a00016,indie
u00211,s000360,0.40462207794189453,8,a00153,edm
u00211,s000260,0.39661750197410583,9,a00019,indie
u00211,s000047,0.3753633499145508,10,a00129,rock
u00822,s000015,0.6082360744476318,1,a00156,edm
u00822,s000025,0.4975474774837494,2,a00009,edm
u00822,s000213,0.4360310435295105,3,a00186,edm
u00822,s000177,0.41488251090049744,4,a00143,latin
u00822,s000154,0.3800274431705475,5,a00083,latin
u00822,s000428,0.3027796149253845,6,a00081,edm
u00822,s000097,0.3003997206687927,7,a00100,edm
u00822,s000124,0.2988000512123108,8,a00074,edm
u00822,s000303,0.28553393483161926,9,a00164,edm
u00822,s000499,0.28103941679000854,10,a00192,indie
u00675,s000418,0.2975528836250305,1,a00134,classical
u00675,s000451,0.2698521018028259,2,a00003,classical
u00675,s000327,0.24528321623802185,3,a00063,classical
u00675,s000470,0.21376687288284302,4,a00122,classical
u00675,s000161,0.2115340381860733,5,a00188,classical
u00675,s000437,0.2104107141494751,6,a00151,classical
u00675,s000069,0.20468486845493317,7,a00139,classical
u00675,s000204,0.20258215069770813,8,a00054,classical
u00675,s000407,0.19792920351028442,9,a00108,classical
u00675,s000232,0.19211724400520325,10,a00181,classical
u00513,s000338,0.5835991501808167,1,a00148,edm
u00513,s000044,0.4620555639266968,2,a00067,edm
u00513,s000000,0.4538787603378296,3,a00178,edm
u00513,s000104,0.43759962916374207,4,a00000,edm
u00513,s000098,0.40846288204193115,5,a00148,edm
u00513,s000467,0.38930433988571167,6,a00017,edm
u00513,s000400,0.3716416358947754,7,a00199,jazz
u00513,s000365,0.33868080377578735,8,a00128,edm
u00513,s000465,0.33124810457229614,9,a00012,edm
u00513,s000167,0.31340259313583374,10,a00178,edm
u00556,s000227,0.4754638969898224,1,a00119,latin
u00556,s000116,0.42172545194625854,2,a00056,indie
u00556,s000087,0.3987075686454773,3,a00121,latin
u00556,s000036,0.39535558223724365,4,a00179,latin
u00556,s000113,0.3771606683731079,5,a00052,indie
u00556,s000091,0.33855652809143066,6,a00039,indie
u00556,s000098,0.31897440552711487,7,a00148,edm
u00556,s000333,0.29965922236442566,8,a00180,latin
u00556,s000245,0.2953917980194092,9,a00146,latin
u00556,s000447,0.2903403639793396,10,a00107,latin
u00690,s000089,0.6009440422058105,1,a00050,pop
u00690,s000385,0.5437223315238953,2,a00188,hip-hop
u00690,s000411,0.4772840738296509,3,a00009,pop
u00690,s000346,0.4580819308757782,4,a00053,jazz
u00690,s000141,0.43015241622924805,5,a00197,rock
u00690,s000270,0.41711926460266113,6,a00023,pop
u00690,s000151,0.4079989790916443,7,a00048,classical
u00690,s000299,0.40221184492111206,8,a00040,pop
u00690,s000473,0.39550289511680603,9,a00028,pop
u00690,s000253,0.39128172397613525,10,a00196,pop
u00575,s000033,0.7538824677467346,1,a00158,edm
u00575,s000132,0.5159879922866821,2,a00170,edm
u00575,s000044,0.45833906531333923,3,a00067,edm
u00575,s000380,0.44221922755241394,4,a00018,edm
u00575,s000123,0.4395270347595215,5,a00089,indie
u00575,s000361,0.40685349702835083,6,a00193,edm
u00575,s000264,0.40368810296058655,7,a00136,edm
u00575,s000292,0.3729712665081024,8,a00074,hip-hop
u00575,s000216,0.32676228880882263,9,a00066,edm
u00575,s000108,0.29171329736709595,10,a00114,edm
u00197,s000006,0.6672768592834473,1,a00199,hip-hop
u00197,s000288,0.5289846658706665,2,a00028,hip-hop
u00197,s000315,0.5285259485244751,3,a00167,hip-hop
u00197,s000355,0.45537787675857544,4,a00035,hip-hop
u00197,s000369,0.4025295674800873,5,a00041,pop
u00197,s000320,0.3998034596443176,6,a00137,latin
u00197,s000144,0.36387547850608826,7,a00176,hip-hop
u00197,s000183,0.35855793952941895,8,a00114,hip-hop
u00197,s000395,0.34907254576683044,9,a00007,edm
u00197,s000358,0.3487427234649658,10,a00189,hip-hop
u00985,s000286,0.3745069205760956,1,a00153,pop
u00985,s000127,0.3279840648174286,2,a00134,pop
u00985,s000406,0.3273836672306061,3,a00153,pop
u00985,s000415,0.3220899701118469,4,a00150,hip-hop
u00985,s000217,0.3117562532424927,5,a00050,pop
u00985,s000099,0.31119078397750854,6,a00089,jazz
u00985,s000190,0.29829880595207214,7,a00062,jazz
u00985,s000317,0.290427029132843,8,a00011,latin
u00985,s000295,0.28852933645248413,9,a00127,pop
u00985,s000391,0.2881855368614197,10,a00011,edm
u00945,s000037,0.7475595474243164,1,a00183,indie
u00945,s000452,0.5579625368118286,2,a00092,latin
u00945,s000491,0.5099025964736938,3,a00119,indie
u00945,s000368,0.4865555465221405,4,a00103,rock
u00945,s000095,0.41121330857276917,5,a00000,pop
u00945,s000400,0.4009271264076233,6,a00199,jazz
u00945,s000184,0.3951333463191986,7,a00174,latin
u00945,s000097,0.3841433525085449,8,a00100,edm
u00945,s000329,0.378332257270813,9,a00053,classical
u00945,s000260,0.37655937671661377,10,a00019,indie
u00793,s000083,0.6517956852912903,1,a00126,hip-hop
u00793,s000126,0.48835140466690063,2,a00129,hip-hop
u00793,s000008,0.48780784010887146,3,a00191,hip-hop
u00793,s000202,0.4817869961261749,4,a00123,hip-hop
u00793,s000045,0.3932662904262543,5,a00075,jazz
u00793,s000434,0.3874264061450958,6,a00016,hip-hop
u00793,s000334,0.368682324886322,7,a00035,hip-hop
u00793,s000457,0.3588081896305084,8,a00169,hip-hop
u00793,s000249,0.34106674790382385,9,a00081,hip-hop
u00793,s000049,0.32592326402664185,10,a00094,rock
u00393,s000231,0.5920616388320923,1,a00164,latin
u00393,s000236,0.44024458527565,2,a00006,rock
u00393,s000125,0.4114520251750946,3,a00037,latin
u00393,s000372,0.40428096055984497,4,a00034,latin
u00393,s000193,0.39701586961746216,5,a00007,latin
u00393,s000392,0.3924728035926819,6,a00061,latin
u00393,s000496,0.38165298104286194,7,a00036,latin
u00393,s000043,0.3698009252548218,8,a00046,rock
u00393,s000184,0.3570106029510498,9,a00174,latin
u00393,s000470,0.34686148166656494,10,a00122,classical
u00741,s000132,0.6122540235519409,1,a00170,edm
u00741,s000448,0.6039076447486877,2,a00038,edm
u00741,s000363,0.483075886964798,3,a00039,edm
u00741,s000144,0.4411354959011078,4,a00176,hip-hop
u00741,s000380,0.4272090196609497,5,a00018,edm
u00741,s000317,0.41538524627685547,6,a00011,latin
u00741,s000482,0.38812947273254395,7,a00152,edm
u00741,s000328,0.36519768834114075,8,a00129,edm
u00741,s000225,0.3637479245662689,9,a00077,edm
u00741,s000097,0.35751867294311523,10,a00100,edm
u00328,s000392,0.6789523363113403,1,a00061,latin
u00328,s000181,0.6293947100639343,2,a00000,latin
u00328,s000204,0.49970871210098267,3,a00054,classical
u00328,s000374,0.47463202476501465,4,a00107,jazz
u00328,s000186,0.4347662925720215,5,a00112,latin
u00328,s000097,0.3887571096420288,6,a00100,edm
u00328,s000442,0.38587522506713867,7,a00130,hip-hop
u00328,s000485,0.3740365207195282,8,a00132,indie
u00328,s000125,0.3667404353618622,9,a00037,latin
u00328,s000154,0.36482295393943787,10,a00083,latin
u00574,s000042,0.796497642993927,1,a00156,indie
u00574,s000262,0.669221818447113,2,a00036,indie
u00574,s000476,0.6221023201942444,3,a00184,indie
u00574,s000464,0.4666593074798584,4,a00157,jazz
u00574,s000485,0.4595290422439575,5,a00132,indie
u00574,s000089,0.4366365671157837,6,a00050,pop
u00574,s000441,0.42473527789115906,7,a00097,pop
u00574,s000063,0.40820232033729553,8,a00199,classical
u00574,s000146,0.3920796513557434,9,a00062,indie
u00574,s000123,0.3794393539428711,10,a00089,indie
u00405,s000059,0.7604012489318848,1,a00073,hip-hop
u00405,s000398,0.66523677110672,2,a00117,hip-hop
u00405,s000410,0.5499276518821716,3,a00031,hip-hop
u00405,s000183,0.5064259171485901,4,a00114,hip-hop
u00405,s000355,0.4284212589263916,5,a00035,hip-hop
u00405,s000411,0.4235379099845886,6,a00009,pop
u00405,s000144,0.4124777317047119,7,a00176,hip-hop
u00405,s000471,0.40534669160842896,8,a00038,pop
u00405,s000279,0.40152955055236816,9,a00008,hip-hop
u00405,s000477,0.34231889247894287,10,a00015,latin
u00298,s000063,0.6162005066871643,1,a00199,classical
u00298,s000007,0.604711651802063,2,a00041,classical
u00298,s000470,0.4916810393333435,3,a00122,classical
u00298,s000407,0.4207153022289276,4,a00108,classical
u00298,s000420,0.3963143825531006,5,a00078,rock
u00298,s000124,0.3943358063697815,6,a00074,edm
u00298,s000235,0.3647547662258148,7,a00175,hip-hop
u00298,s000232,0.3528067171573639,8,a00181,classical
u00298,s000055,0.3471604585647583,9,a00026,classical
u00298,s000400,0.340737521648407,10,a00199,jazz
u00231,s000385,0.513975977897644,1,a00188,hip-hop
u00231,s000334,0.48578470945358276,2,a00035,hip-hop
u00231,s000211,0.44745635986328125,3,a00056,hip-hop
u00231,s000356,0.4057707190513611,4,a00147,hip-hop
u00231,s000152,0.3926066756248474,5,a00198,hip-hop
u00231,s000267,0.37125396728515625,6,a00098,hip-hop
u00231,s000140,0.35182124376296997,7,a00179,edm
u00231,s000273,0.34895026683807373,8,a00119,jazz
u00231,s000205,0.33370527625083923,9,a00031,edm
u00231,s000259,0.3302997946739197,10,a00139,jazz
u00392,s000036,0.788058876991272,1,a00179,latin
u00392,s000245,0.589746356010437,2,a00146,latin
u00392,s000094,0.5371267795562744,3,a00150,pop
u00392,s000479,0.4844920039176941,4,a00120,latin
u00392,s000392,0.4827742874622345,5,a00061,latin
u00392,s000100,0.4429020285606384,6,a00109,jazz
u00392,s000056,0.4056012034416199,7,a00068,latin
u00392,s000366,0.40273913741111755,8,a00060,jazz
u00392,s000475,0.3962816298007965,9,a00061,latin
u00392,s000164,0.3702526092529297,10,a00070,classical
u00247,s000141,0.5379822254180908,1,a00197,rock
u00247,s000001,0.4944840967655182,2,a00197,indie
u00247,s000450,0.43336787819862366,3,a00119,latin
u00247,s000320,0.4278174042701721,4,a00137,latin
u00247,s000238,0.3671364486217499,5,a00006,rock
u00247,s000469,0.35897016525268555,6,a00095,rock
u00247,s000076,0.35067063570022583,7,a00170,edm
u00247,s000309,0.3121836185455322,8,a00105,hip-hop
u00247,s000035,0.3069402277469635,9,a00108,pop
u00247,s000034,0.2986934185028076,10,a00046,rock
u00999,s000191,0.5983067750930786,1,a00131,jazz
u00999,s000100,0.531373143196106,2,a00109,jazz
u00999,s000229,0.4919789731502533,3,a00143,jazz
u00999,s000273,0.49167269468307495,4,a00119,jazz
u00999,s000401,0.4536409080028534,5,a00024,jazz
u00999,s000214,0.4251118302345276,6,a00071,pop
u00999,s000387,0.4158056974411011,7,a00073,hip-hop
u00999,s000052,0.40772485733032227,8,a00035,jazz
u00999,s000483,0.39699283242225647,9,a00102,rock
u00999,s000001,0.3828844428062439,10,a00197,indie
u00860,s000083,0.7458850145339966,1,a00126,hip-hop
u00860,s000301,0.7034355401992798,2,a00033,hip-hop
u00860,s000358,0.630343496799469,3,a00189,hip-hop
u00860,s000385,0.5849091410636902,4,a00188,hip-hop
u00860,s000126,0.4789315462112427,5,a00129,hip-hop
u00860,s000468,0.47050741314888,6,a00159,hip-hop
u00860,s000457,0.46968376636505127,7,a00169,hip-hop
u00860,s000152,0.4593850374221802,8,a00198,hip-hop
u00860,s000329,0.44940251111984253,9,a00053,classical
u00860,s000433,0.41783303022384644,10,a00102,hip-hop
u00680,s000445,0.45501449704170227,1,a00167,rock
u00680,s000438,0.4447816014289856,2,a00107,latin
u00680,s000154,0.4221518635749817,3,a00083,latin
u00680,s000036,0.4148310422897339,4,a00179,latin
u00680,s000450,0.40558165311813354,5,a00119,latin
u00680,s000224,0.3955448269844055,6,a00087,rock
u00680,s000452,0.35902610421180725,7,a00092,latin
u00680,s000392,0.34253987669944763,8,a00061,latin
u00680,s000419,0.30701231956481934,9,a00013,rock
u00680,s000317,0.30397072434425354,10,a00011,latin
u00370,s000090,0.808535099029541,1,a00028,hip-hop
u00370,s000410,0.619536280632019,2,a00031,hip-hop
u00370,s000315,0.5312785506248474,3,a00167,hip-hop
u00370,s000183,0.5261262655258179,4,a00114,hip-hop
u00370,s000144,0.4860123097896576,5,a00176,hip-hop
u00370,s000288,0.4613586664199829,6,a00028,hip-hop
u00370,s000358,0.41689562797546387,7,a00189,hip-hop
u00370,s000369,0.4131773114204407,8,a00041,pop
u00370,s000411,0.38471049070358276,9,a00009,pop
u00370,s000138,0.33064305782318115,10,a00024,hip-hop
u00891,s000176,0.45432165265083313,1,a00029,indie
u00891,s000482,0.3905409276485443,2,a00152,edm
u00891,s000095,0.35456106066703796,3,a00000,pop
u00891,s000123,0.3543386459350586,4,a00089,indie
u00891,s000304,0.3337036371231079,5,a00152,pop
u00891,s000252,0.32990777492523193,6,a00046,latin
u00891,s000484,0.32059964537620544,7,a00083,indie
u00891,s000243,0.3091682493686676,8,a00111,indie
u00891,s000300,0.30783432722091675,9,a00165,indie
u00891,s000409,0.3066004812717438,10,a00046,pop
u00527,s000094,0.6331038475036621,1,a00150,pop
u00527,s000052,0.5222579836845398,2,a00035,jazz
u00527,s000217,0.5194235444068909,3,a00050,pop
u00527,s000131,0.49840593338012695,4,a00127,pop
u00527,s000050,0.44947394728660583,5,a00114,pop
u00527,s000268,0.4133780598640442,6,a00085,classical
u00527,s000016,0.3877486288547516,7,a00037,pop
u00527,s000459,0.3752530515193939,8,a00125,jazz
u00527,s000114,0.374358594417572,9,a00136,indie
u00527,s000022,0.3718337118625641,10,a00195,pop
u00788,s000438,0.5116439461708069,1,a00107,latin
u00788,s000154,0.4549553394317627,2,a00083,latin
u00788,s000445,0.40894386172294617,3,a00167,rock
u00788,s000450,0.3968418836593628,4,a00119,latin
u00788,s000130,0.37057921290397644,5,a00016,pop
u00788,s000452,0.31006237864494324,6,a00092,latin
u00788,s000067,0.28918248414993286,7,a00045,indie
u00788,s000419,0.2870211601257324,8,a00013,rock
u00788,s000018,0.24890419840812683,9,a00096,latin
u00788,s000024,0.2407815158367157,10,a00065,latin
u00786,s000037,0.587553858757019,1,a00183,indie
u00786,s000347,0.5256623029708862,2,a00097,indie
u00786,s000115,0.5164549350738525,3,a00179,indie
u00786,s000030,0.43177464604377747,4,a00117,indie
u00786,s000492,0.3962172567844391,5,a00157,indie
u00786,s000053,0.3797719180583954,6,a00025,indie
u00786,s000318,0.3507575988769531,7,a00052,pop
u00786,s000280,0.3470592498779297,8,a00039,pop
u00786,s000243,0.3352636396884918,9,a00111,indie
u00786,s000345,0.3191831707954407,10,a00038,jazz
u00072,s000490,0.29292377829551697,1,a00141,rock
u00072,s000110,0.24225549399852753,2,a00142,rock
u00072,s000086,0.236066997051239,3,a00030,rock
u00072,s000276,0.23182187974452972,4,a00113,rock
u00072,s000047,0.22912177443504333,5,a00129,rock
u00072,s000043,0.22792167961597443,6,a00046,rock
u00072,s000289,0.22597728669643402,7,a00108,rock
u00072,s000141,0.21943895518779755,8,a00197,rock
u00072,s000487,0.21571381390094757,9,a00176,rock
u00072,s000368,0.2126166820526123,10,a00103,rock
u00880,s000010,0.886642575263977,1,a00110,classical
u00880,s000040,0.5459421277046204,2,a00135,classical
u00880,s000081,0.5405767560005188,3,a00036,classical
u00880,s000226,0.4790803790092468,4,a00031,indie
u00880,s000487,0.41588094830513,5,a00176,rock
u00880,s000298,0.40225842595100403,6,a00099,classical
u00880,s000077,0.39249441027641296,7,a00099,rock
u00880,s000113,0.3884811997413635,8,a00052,indie
u00880,s000455,0.3884038031101227,9,a00160,classical
u00880,s000412,0.38828396797180176,10,a00015,classical
u00689,s000390,0.5442737340927124,1,a00046,pop
u00689,s000233,0.5408927798271179,2,a00141,rock
u00689,s000156,0.501375138759613,3,a00176,pop
u00689,s000478,0.4919692277908325,4,a00183,edm
u00689,s000071,0.4488365948200226,5,a00103,pop
u00689,s000023,0.4298611581325531,6,a00085,pop
u00689,s000189,0.411392480134964,7,a00178,latin
u00689,s000105,0.393031507730484,8,a00062,hip-hop
u00689,s000286,0.34800031781196594,9,a00153,pop
u00689,s000261,0.34763675928115845,10,a00004,jazz
u00603,s000330,0.5680313110351562,1,a00106,edm
u00603,s000167,0.5205115079879761,2,a00178,edm
u00603,s000467,0.47132736444473267,3,a00017,edm
u00603,s000353,0.45596322417259216,4,a00055,edm
u00603,s000360,0.4361738860607147,5,a00153,edm
u00603,s000000,0.43132084608078003,6,a00178,edm
u00603,s000012,0.41529834270477295,7,a00032,edm
u00603,s000110,0.41237103939056396,8,a00142,rock
u00603,s000033,0.39948347210884094,9,a00158,edm
u00603,s000380,0.3958170711994171,10,a00018,edm
u00812,s000469,0.53752201795578,1,a00095,rock
u00812,s000125,0.5127848386764526,2,a00037,latin
u00812,s000103,0.5071396231651306,3,a00056,rock
u00812,s000046,0.44739699363708496,4,a00172,jazz
u00812,s000266,0.42509448528289795,5,a00171,indie
u00812,s000391,0.39890265464782715,6,a00011,edm
u00812,s000035,0.3920789361000061,7,a00108,pop
u00812,s000141,0.32907989621162415,8,a00197,rock
u00812,s000439,0.30968406796455383,9,a00187,jazz
u00812,s000282,0.3069681227207184,10,a00024,rock
u00633,s000421,0.564515233039856,1,a00116,rock
u00633,s000002,0.5082381367683411,2,a00133,rock
u00633,s000139,0.49803656339645386,3,a00198,rock
u00633,s000488,0.48883169889450073,4,a00002,rock
u00633,s000103,0.48647135496139526,5,a00056,rock
u00633,s000021,0.4644559621810913,6,a00032,rock
u00633,s000490,0.4477142095565796,7,a00141,rock
u00633,s000440,0.44529151916503906,8,a00044,rock
u00633,s000419,0.38050371408462524,9,a00013,rock
u00633,s000398,0.37062346935272217,10,a00117,hip-hop
u00085,s000039,0.7218126058578491,1,a00156,jazz
u00085,s000080,0.465810626745224,2,a00119,jazz
u00085,s000172,0.41573572158813477,3,a00157,jazz
u00085,s000401,0.3924410343170166,4,a00024,jazz
u00085,s000121,0.3624872863292694,5,a00062,jazz
u00085,s000493,0.35150569677352905,6,a00067,pop
u00085,s000141,0.3448639512062073,7,a00197,rock
u00085,s000050,0.3295029401779175,8,a00114,pop
u00085,s000211,0.3161294162273407,9,a00056,hip-hop
u00085,s000366,0.3153659999370575,10,a00060,jazz
u00099,s000377,0.7237105369567871,1,a00101,classical
u00099,s000418,0.6961572170257568,2,a00134,classical
u00099,s000066,0.6849446296691895,3,a00089,classical
u00099,s000005,0.672897219657898,4,a00178,classical
u00099,s000437,0.6229709386825562,5,a00151,classical
u00099,s000478,0.5335062146186829,6,a00183,edm
u00099,s000011,0.5018205046653748,7,a00156,classical
u00099,s000345,0.47384408116340637,8,a00038,jazz
u00099,s000040,0.44334667921066284,9,a00135,classical
u00099,s000166,0.37054839730262756,10,a00140,classical
u00363,s000493,0.5402787327766418,1,a00067,pop
u00363,s000270,0.4652464985847473,2,a00023,pop
u00363,s000089,0.4544472396373749,3,a00050,pop
u00363,s000156,0.37002047896385193,4,a00176,pop
u00363,s000264,0.3549312949180603,5,a00136,edm
u00363,s000471,0.342508465051651,6,a00038,pop
u00363,s000137,0.3345668911933899,7,a00151,pop
u00363,s000129,0.3189014196395874,8,a00090,pop
u00363,s000275,0.31854507327079773,9,a00127,latin
u00363,s000413,0.31321418285369873,10,a00198,latin
u00842,s000289,0.562008261680603,1,a00108,rock
u00842,s000236,0.4460718631744385,2,a00006,rock
u00842,s000430,0.4369058609008789,3,a00166,rock
u00842,s000034,0.38133397698402405,4,a00046,rock
u00842,s000364,0.3728645443916321,5,a00016,latin
u00842,s000055,0.35763418674468994,6,a00026,classical
u00842,s000005,0.28492212295532227,7,a00178,classical
u00842,s000171,0.27110064029693604,8,a00031,jazz
u00842,s000497,0.2605871558189392,9,a00152,latin
u00842,s000312,0.25328993797302246,10,a00056,rock
u00909,s000225,0.6874550580978394,1,a00077,edm
u00909,s000033,0.5866755247116089,2,a00158,edm
u00909,s000275,0.5348884463310242,3,a00127,latin
u00909,s000395,0.4623643755912781,4,a00007,edm
u00909,s000227,0.458072304725647,5,a00119,latin
u00909,s000457,0.4308616518974304,6,a00169,hip-hop
u00909,s000297,0.4106525778770447,7,a00041,rock
u00909,s000449,0.41006481647491455,8,a00014,hip-hop
u00909,s000186,0.3646846413612366,9,a00112,latin
u00909,s000224,0.3565579652786255,10,a00087,rock
u00148,s000420,0.6014115810394287,1,a00078,rock
u00148,s000032,0.4861556589603424,2,a00140,rock
u00148,s000487,0.44608139991760254,3,a00176,rock
u00148,s000004,0.4339783191680908,4,a00134,rock
u00148,s000341,0.4338982105255127,5,a00010,latin
u00148,s000224,0.42266660928726196,6,a00087,rock
u00148,s000308,0.4098238945007324,7,a00116,rock
u00148,s000282,0.40765687823295593,8,a00024,rock
u00148,s000430,0.4073832631111145,9,a00166,rock
u00148,s000259,0.4006277322769165,10,a00139,jazz
u00520,s000018,0.6524617075920105,1,a00096,latin
u00520,s000142,0.47049617767333984,2,a00087,latin
u00520,s000474,0.4366524815559387,3,a00189,latin
u00520,s000450,0.4056520462036133,4,a00119,latin
u00520,s000449,0.4023208022117615,5,a00014,hip-hop
u00520,s000470,0.3938484191894531,6,a00122,classical
u00520,s000060,0.38746392726898193,7,a00103,rock
u00520,s000392,0.36765366792678833,8,a00061,latin
u00520,s000149,0.34546011686325073,9,a00155,rock
u00520,s000090,0.3372418284416199,10,a00028,hip-hop
u00554,s000483,0.535538911819458,1,a00102,rock
u00554,s000149,0.42753249406814575,2,a00155,rock
u00554,s000419,0.41304346919059753,3,a00013,rock
u00554,s000309,0.410269170999527,4,a00105,hip-hop
u00554,s000430,0.39308202266693115,5,a00166,rock
u00554,s000282,0.3749537169933319,6,a00024,rock
u00554,s000487,0.3526793122291565,7,a00176,rock
u00554,s000402,0.3195311427116394,8,a00088,rock
u00554,s000468,0.3162305951118469,9,a00159,hip-hop
u00554,s000187,0.31132379174232483,10,a00113,rock
u00479,s000158,0.5435957908630371,1,a00117,hip-hop
u00479,s000090,0.490450382232666,2,a00028,hip-hop
u00479,s000136,0.4836519956588745,3,a00181,indie
u00479,s000457,0.48057353496551514,4,a00169,hip-hop
u00479,s000267,0.4625624120235443,5,a00098,hip-hop
u00479,s000105,0.4522997736930847,6,a00062,hip-hop
u00479,s000316,0.42477715015411377,7,a00097,pop
u00479,s000077,0.40408945083618164,8,a00099,rock
u00479,s000415,0.3988008499145508,9,a00150,hip-hop
u00479,s000395,0.3840731978416443,10,a00007,edm
u00320,s000112,0.6868612766265869,1,a00174,latin
u00320,s000177,0.642474353313446,2,a00143,latin
u00320,s000036,0.6158723831176758,3,a00179,latin
u00320,s000216,0.5453888773918152,4,a00066,edm
u00320,s000031,0.4212888479232788,5,a00037,latin
u00320,s000348,0.3609127402305603,6,a00054,latin
u00320,s000450,0.35037803649902344,7,a00119,latin
u00320,s000087,0.338000625371933,8,a00121,latin
u00320,s000405,0.33789488673210144,9,a00058,latin
u00320,s000452,0.3315199017524719,10,a00092,latin
u00292,s000149,0.7202816605567932,1,a00155,rock
u00292,s000157,0.5383588671684265,2,a00147,rock
u00292,s000320,0.39976757764816284,3,a00137,latin
u00292,s000394,0.3422091007232666,4,a00082,classical
u00292,s000469,0.3258821666240692,5,a00095,rock
u00292,s000398,0.3061356544494629,6,a00117,hip-hop
u00292,s000236,0.3047473132610321,7,a00006,rock
u00292,s000284,0.29986488819122314,8,a00021,indie
u00292,s000089,0.28198274970054626,9,a00050,pop
u00292,s000017,0.2773990035057068,10,a00184,jazz
u00643,s000276,0.49391549825668335,1,a00113,rock
u00643,s000320,0.4702400267124176,2,a00137,latin
u00643,s000282,0.46797019243240356,3,a00024,rock
u00643,s000149,0.45571333169937134,4,a00155,rock
u00643,s000398,0.4202212691307068,5,a00117,hip-hop
u00643,s000469,0.4079325199127197,6,a00095,rock
u00643,s000032,0.40614044666290283,7,a00140,rock
u00643,s000157,0.35035276412963867,8,a00147,rock
u00643,s000394,0.33340156078338623,9,a00082,classical
u00643,s000420,0.3212704658508301,10,a00078,rock
u00190,s000020,0.4722217321395874,1,a00182,indie
u00190,s000395,0.39184850454330444,2,a00007,edm
u00190,s000086,0.3784607946872711,3,a00030,rock
u00190,s000347,0.35122939944267273,4,a00097,indie
u00190,s000114,0.3278418183326721,5,a00136,indie
u00190,s000373,0.3272244930267334,6,a00130,pop
u00190,s000486,0.30858269333839417,7,a00064,indie
u00190,s000477,0.3042137622833252,8,a00015,latin
u00190,s000345,0.3022734522819519,9,a00038,jazz
u00190,s000393,0.2925146222114563,10,a00079,edm
u00338,s000083,0.6255757212638855,1,a00126,hip-hop
u00338,s000094,0.4835752844810486,2,a00150,pop
u00338,s000241,0.47612816095352173,3,a00084,hip-hop
u00338,s000205,0.38646501302719116,4,a00031,edm
u00338,s000092,0.3855236768722534,5,a00040,latin
u00338,s000294,0.3512793481349945,6,a00145,hip-hop
u00338,s000276,0.3501562774181366,7,a00113,rock
u00338,s000410,0.34188157320022583,8,a00031,hip-hop
u00338,s000175,0.33135172724723816,9,a00172,indie
u00338,s000329,0.33101096749305725,10,a00053,classical
u00715,s000372,0.5163208246231079,1,a00034,latin
u00715,s000479,0.4694386124610901,2,a00120,latin
u00715,s000181,0.41034847497940063,3,a00000,latin
u00715,s000087,0.40895313024520874,4,a00121,latin
u00715,s000160,0.3872189521789551,5,a00062,latin
u00715,s000154,0.3730112910270691,6,a00083,latin
u00715,s000498,0.35541826486587524,7,a00175,jazz
u00715,s000459,0.34820792078971863,8,a00125,jazz
u00715,s000201,0.3478209376335144,9,a00161,pop
u00715,s000233,0.32971328496932983,10,a00141,rock
u00375,s000356,0.5673023462295532,1,a00147,hip-hop
u00375,s000273,0.5595247149467468,2,a00119,jazz
u00375,s000104,0.4991561472415924,3,a00000,edm
u00375,s000090,0.4980749189853668,4,a00028,hip-hop
u00375,s000159,0.4757087230682373,5,a00085,hip-hop
u00375,s000350,0.47520554065704346,6,a00151,hip-hop
u00375,s000006,0.42284417152404785,7,a00199,hip-hop
u00375,s000325,0.4147298336029053,8,a00121,rock
u00375,s000383,0.40780365467071533,9,a00186,hip-hop
u00375,s000059,0.3942911922931671,10,a00073,hip-hop
u00950,s000013,0.9221512675285339,1,a00154,jazz
u00950,s000310,0.7427695989608765,2,a00085,jazz
u00950,s000046,0.5921808481216431,3,a00172,jazz
u00950,s000172,0.5027188658714294,4,a00157,jazz
u00950,s000121,0.5008860230445862,5,a00062,jazz
u00950,s000139,0.49106159806251526,6,a00198,rock
u00950,s000039,0.48394277691841125,7,a00156,jazz
u00950,s000079,0.4611673951148987,8,a00132,rock
u00950,s000245,0.438956618309021,9,a00146,latin
u00950,s000186,0.4371032118797302,10,a00112,latin
u00877,s000299,0.7475153803825378,1,a00040,pop
u00877,s000473,0.5571034550666809,2,a00028,pop
u00877,s000022,0.5192381739616394,3,a00195,pop
u00877,s000089,0.4296802878379822,4,a00050,pop
u00877,s000280,0.4163067042827606,5,a00039,pop
u00877,s000050,0.41609737277030945,6,a00114,pop
u00877,s000153,0.4124293625354767,7,a00080,pop
u00877,s000218,0.40635746717453003,8,a00096,classical
u00877,s000316,0.4058811068534851,9,a00097,pop
u00877,s000385,0.3797333538532257,10,a00188,hip-hop
u00196,s000214,0.846039891242981,1,a00071,pop
u00196,s000248,0.5287160873413086,2,a00187,pop
u00196,s000411,0.5078917741775513,3,a00009,pop
u00196,s000129,0.5033881664276123,4,a00090,pop
u00196,s000398,0.48767364025115967,5,a00117,hip-hop
u00196,s000363,0.460615336894989,6,a00039,edm
u00196,s000424,0.44858434796333313,7,a00114,latin
u00196,s000310,0.4469461739063263,8,a00085,jazz
u00196,s000435,0.44091683626174927,9,a00013,pop
u00196,s000253,0.3988901376724243,10,a00196,pop
u00234,s000385,0.4422154724597931,1,a00188,hip-hop
u00234,s000185,0.4397742748260498,2,a00193,hip-hop
u00234,s000290,0.3910878002643585,3,a00097,rock
u00234,s000202,0.37191277742385864,4,a00123,hip-hop
u00234,s000387,0.36447054147720337,5,a00073,hip-hop
u00234,s000157,0.35317862033843994,6,a00147,rock
u00234,s000237,0.3412361741065979,7,a00073,latin
u00234,s000449,0.33555907011032104,8,a00014,hip-hop
u00234,s000288,0.3248075842857361,9,a00028,hip-hop
u00234,s000261,0.31643158197402954,10,a00004,jazz
u00736,s000090,0.7581982016563416,1,a00028,hip-hop
u00736,s000376,0.4230095446109772,2,a00178,hip-hop
u00736,s000237,0.4146575331687927,3,a00073,latin
u00736,s000104,0.41368913650512695,4,a00000,edm
u00736,s000361,0.40838706493377686,5,a00193,edm
u00736,s000449,0.3748357594013214,6,a00014,hip-hop
u00736,s000185,0.3390992283821106,7,a00193,hip-hop
u00736,s000397,0.3390192687511444,8,a00080,indie
u00736,s000152,0.33631861209869385,9,a00198,hip-hop
u00736,s000183,0.33113157749176025,10,a00114,hip-hop
u00239,s000447,0.6095132827758789,1,a00107,latin
u00239,s000424,0.6019177436828613,2,a00114,latin
u00239,s000142,0.5867322087287903,3,a00087,latin
u00239,s000450,0.5841825008392334,4,a00119,latin
u00239,s000405,0.555802047252655,5,a00058,latin
u00239,s000477,0.5550330877304077,6,a00015,latin
u00239,s000018,0.5515232682228088,7,a00096,latin
u00239,s000112,0.51628577709198,8,a00174,latin
u00239,s000214,0.43930089473724365,9,a00071,pop
u00239,s000154,0.382403701543808,10,a00083,latin
u00427,s000006,0.6006932258605957,1,a00199,hip-hop
u00427,s000059,0.5246336460113525,2,a00073,hip-hop
u00427,s000355,0.27520179748535156,3,a00035,hip-hop
u00427,s000356,0.2740163207054138,4,a00147,hip-hop
u00427,s000387,0.2710839807987213,5,a00073,hip-hop
u00427,s000398,0.25096097588539124,6,a00117,hip-hop
u00427,s000315,0.24997879564762115,7,a00167,hip-hop
u00427,s000385,0.24623915553092957,8,a00188,hip-hop
u00427,s000241,0.24408313632011414,9,a00084,hip-hop
u00427,s000358,0.24392223358154297,10,a00189,hip-hop
u00462,s000015,0.8217235207557678,1,a00156,edm
u00462,s000287,0.5062318444252014,2,a00185,edm
u00462,s000119,0.4653871953487396,3,a00168,edm
u00462,s000467,0.43874889612197876,4,a00017,edm
u00462,s000353,0.4195273518562317,5,a00055,edm
u00462,s000484,0.36917126178741455,6,a00083,indie
u00462,s000185,0.3470427691936493,7,a00193,hip-hop
u00462,s000000,0.34461307525634766,8,a00178,edm
u00462,s000361,0.33219093084335327,9,a00193,edm
u00462,s000207,0.3199654519557953,10,a00134,edm
u00084,s000037,0.6535720229148865,1,a00183,indie
u00084,s000284,0.5914257168769836,2,a00021,indie
u00084,s000178,0.5766022801399231,3,a00167,indie
u00084,s000229,0.5756941437721252,4,a00143,jazz
u00084,s000277,0.5706355571746826,5,a00114,indie
u00084,s000092,0.5569528341293335,6,a00040,latin
u00084,s000020,0.49974608421325684,7,a00182,indie
u00084,s000089,0.4655549228191376,8,a00050,pop
u00084,s000212,0.42102932929992676,9,a00066,pop
u00084,s000452,0.41665610671043396,10,a00092,latin
u00666,s000015,0.8127764463424683,1,a00156,edm
u00666,s000124,0.479714572429657,2,a00074,edm
u00666,s000104,0.45190805196762085,3,a00000,edm
u00666,s000393,0.4237622022628784,4,a00079,edm
u00666,s000097,0.35543423891067505,5,a00100,edm
u00666,s000482,0.31808000802993774,6,a00152,edm
u00666,s000467,0.3163524866104126,7,a00017,edm
u00666,s000119,0.3137440085411072,8,a00168,edm
u00666,s000397,0.30358293652534485,9,a00080,indie
u00666,s000328,0.2828603684902191,10,a00129,edm
u00207,s000159,0.524100661277771,1,a00085,hip-hop
u00207,s000398,0.4808257222175598,2,a00117,hip-hop
u00207,s000070,0.42885497212409973,3,a00140,classical
u00207,s000309,0.4267248511314392,4,a00105,hip-hop
u00207,s000301,0.42671939730644226,5,a00033,hip-hop
u00207,s000185,0.40683022141456604,6,a00193,hip-hop
u00207,s000126,0.39762917160987854,7,a00129,hip-hop
u00207,s000468,0.3559831976890564,8,a00159,hip-hop
u00207,s000103,0.3515465259552002,9,a00056,rock
u00207,s000339,0.3493693172931671,10,a00010,edm
u00856,s000401,0.7398044466972351,1,a00024,jazz
u00856,s000177,0.7154543399810791,2,a00143,latin
u00856,s000346,0.6807063817977905,3,a00053,jazz
u00856,s000121,0.6412510871887207,4,a00062,jazz
u00856,s000259,0.4465775489807129,5,a00139,jazz
u00856,s000257,0.415513277053833,6,a00194,jazz
u00856,s000039,0.4084380865097046,7,a00156,jazz
u00856,s000140,0.40525850653648376,8,a00179,edm
u00856,s000156,0.4016938805580139,9,a00176,pop
u00856,s000164,0.39883869886398315,10,a00070,classical
u00317,s000490,0.29771021008491516,1,a00141,rock
u00317,s000289,0.2517574429512024,2,a00108,rock
u00317,s000043,0.24813781678676605,3,a00046,rock
u00317,s000282,0.22758877277374268,4,a00024,rock
u00317,s000086,0.22352300584316254,5,a00030,rock
u00317,s000276,0.21765609085559845,6,a00113,rock
u00317,s000141,0.21718533337116241,7,a00197,rock
u00317,s000489,0.21707166731357574,8,a00172,rock
u00317,s000047,0.20951221883296967,9,a00129,rock
u00317,s000308,0.20759853720664978,10,a00116,rock
u00488,s000079,0.5262632369995117,1,a00132,rock
u00488,s000487,0.4568464457988739,2,a00176,rock
u00488,s000293,0.4246555268764496,3,a00069,rock
u00488,s000126,0.4238262474536896,4,a00129,hip-hop
u00488,s000032,0.4193793535232544,5,a00140,rock
u00488,s000344,0.4065517783164978,6,a00186,indie
u00488,s000235,0.40438491106033325,7,a00175,hip-hop
u00488,s000085,0.37724414467811584,8,a00091,rock
u00488,s000054,0.3649236857891083,9,a00042,rock
u00488,s000050,0.36373379826545715,10,a00114,pop
u00322,s000090,0.7095855474472046,1,a00028,hip-hop
u00322,s000301,0.5396527051925659,2,a00033,hip-hop
u00322,s000449,0.5270912647247314,3,a00014,hip-hop
u00322,s000433,0.5116596221923828,4,a00102,hip-hop
u00322,s000358,0.47201302647590637,5,a00189,hip-hop
u00322,s000249,0.46935123205184937,6,a00081,hip-hop
u00322,s000152,0.3824467658996582,7,a00198,hip-hop
u00322,s000355,0.38067376613616943,8,a00035,hip-hop
u00322,s000381,0.3760371506214142,9,a00100,hip-hop
u00322,s000076,0.3568821847438812,10,a00170,edm
u00739,s000083,0.6111354827880859,1,a00126,hip-hop
u00739,s000383,0.5027393698692322,2,a00186,hip-hop
u00739,s000006,0.4993501901626587,3,a00199,hip-hop
u00739,s000309,0.469291090965271,4,a00105,hip-hop
u00739,s000358,0.4121709167957306,5,a00189,hip-hop
u00739,s000091,0.4108239412307739,6,a00039,indie
u00739,s000241,0.4077228605747223,7,a00084,hip-hop
u00739,s000163,0.3688080310821533,8,a00048,edm
u00739,s000356,0.3596384525299072,9,a00147,hip-hop
u00739,s000398,0.33434540033340454,10,a00117,hip-hop
u00289,s000245,0.6077958941459656,1,a00146,latin
u00289,s000331,0.5147638320922852,2,a00192,edm
u00289,s000024,0.45641836524009705,3,a00065,latin
u00289,s000186,0.36825329065322876,4,a00112,latin
u00289,s000363,0.3539523482322693,5,a00039,edm
u00289,s000307,0.3520998954772949,6,a00086,latin
u00289,s000366,0.3463844060897827,7,a00060,jazz
u00289,s000348,0.34492814540863037,8,a00054,latin
u00289,s000156,0.3346368074417114,9,a00176,pop
u00289,s000031,0.31865349411964417,10,a00037,latin
u00983,s000005,0.5634541511535645,1,a00178,classical
u00983,s000053,0.4058627784252167,2,a00025,indie
u00983,s000195,0.39862537384033203,3,a00054,classical
u00983,s000014,0.3786010444164276,4,a00163,classical
u00983,s000007,0.3785409927368164,5,a00041,classical
u00983,s000151,0.36668333411216736,6,a00048,classical
u00983,s000141,0.3662223815917969,7,a00197,rock
u00983,s000499,0.36398375034332275,8,a00192,indie
u00983,s000464,0.34056270122528076,9,a00157,jazz
u00983,s000480,0.3353691101074219,10,a00009,jazz
u00705,s000011,0.6970250606536865,1,a00156,classical
u00705,s000040,0.5528849363327026,2,a00135,classical
u00705,s000019,0.5324118733406067,3,a00154,classical
u00705,s000377,0.461561381816864,4,a00101,classical
u00705,s000455,0.44900786876678467,5,a00160,classical
u00705,s000375,0.42669638991355896,6,a00171,classical
u00705,s000360,0.41706517338752747,7,a00153,edm
u00705,s000418,0.39758676290512085,8,a00134,classical
u00705,s000214,0.357818603515625,9,a00071,pop
u00705,s000412,0.3368281126022339,10,a00015,classical
u00051,s000033,0.5959595441818237,1,a00158,edm
u00051,s000104,0.5837375521659851,2,a00000,edm
u00051,s000158,0.5250670313835144,3,a00117,hip-hop
u00051,s000108,0.46028590202331543,4,a00114,edm
u00051,s000063,0.45381292700767517,5,a00199,classical
u00051,s000000,0.44275057315826416,6,a00178,edm
u00051,s000331,0.3892633020877838,7,a00192,edm
u00051,s000140,0.38635408878326416,8,a00179,edm
u00051,s000119,0.3438175916671753,9,a00168,edm
u00051,s000356,0.3381417989730835,10,a00147,hip-hop
u00318,s000042,0.7280880212783813,1,a00156,indie
u00318,s000486,0.5678746700286865,2,a00064,indie
u00318,s000001,0.5242846608161926,3,a00197,indie
u00318,s000114,0.4711690843105316,4,a00136,indie
u00318,s000104,0.34472107887268066,5,a00000,edm
u00318,s000262,0.3373536765575409,6,a00036,indie
u00318,s000331,0.3271358609199524,7,a00192,edm
u00318,s000268,0.3199958801269531,8,a00085,classical
u00318,s000034,0.29698991775512695,9,a00046,rock
u00318,s000265,0.2962336242198944,10,a00052,jazz
u00340,s000039,0.505804181098938,1,a00156,jazz
u00340,s000190,0.45306187868118286,2,a00062,jazz
u00340,s000045,0.4187546372413635,3,a00075,jazz
u00340,s000427,0.4079849123954773,4,a00058,jazz
u00340,s000080,0.3533579111099243,5,a00119,jazz
u00340,s000454,0.3072011470794678,6,a00140,rock
u00340,s000345,0.3038114011287689,7,a00038,jazz
u00340,s000372,0.2977239489555359,8,a00034,latin
u00340,s000368,0.29278430342674255,9,a00103,rock
u00340,s000374,0.2893753945827484,10,a00107,jazz
u00453,s000025,0.5857034921646118,1,a00009,edm
u00453,s000285,0.5316047072410583,2,a00003,edm
u00453,s000494,0.4845582842826843,3,a00145,edm
u00453,s000339,0.4816749393939972,4,a00010,edm
u00453,s000108,0.39255303144454956,5,a00114,edm
u00453,s000058,0.38076257705688477,6,a00010,edm
u00453,s000453,0.37618887424468994,7,a00152,jazz
u00453,s000113,0.3321518898010254,8,a00052,indie
u00453,s000044,0.320669949054718,9,a00067,edm
u00453,s000098,0.31994473934173584,10,a00148,edm
u00547,s000159,0.642553448677063,1,a00085,hip-hop
u00547,s000006,0.6001952886581421,2,a00199,hip-hop
u00547,s000334,0.4847283661365509,3,a00035,hip-hop
u00547,s000387,0.47993040084838867,4,a00073,hip-hop
u00547,s000385,0.4224732518196106,5,a00188,hip-hop
u00547,s000185,0.40564048290252686,6,a00193,hip-hop
u00547,s000292,0.35309818387031555,7,a00074,hip-hop
u00547,s000309,0.33793285489082336,8,a00105,hip-hop
u00547,s000493,0.33362486958503723,9,a00067,pop
u00547,s000358,0.3287237584590912,10,a00189,hip-hop
u00798,s000004,0.506751537322998,1,a00134,rock
u00798,s000490,0.30597758293151855,2,a00141,rock
u00798,s000157,0.29756420850753784,3,a00147,rock
u00798,s000086,0.2651049494743347,4,a00030,rock
u00798,s000236,0.25504547357559204,5,a00006,rock
u00798,s000489,0.24574588239192963,6,a00172,rock
u00798,s000054,0.24062632024288177,7,a00042,rock
u00798,s000420,0.23482583463191986,8,a00078,rock
u00798,s000440,0.22790390253067017,9,a00044,rock
u00798,s000282,0.21195566654205322,10,a00024,rock
u00777,s000036,0.5768013000488281,1,a00179,latin
u00777,s000392,0.4740329086780548,2,a00061,latin
u00777,s000154,0.45430392026901245,3,a00083,latin
u00777,s000087,0.44777682423591614,4,a00121,latin
u00777,s000245,0.4322754740715027,5,a00146,latin
u00777,s000018,0.4240803122520447,6,a00096,latin
u00777,s000204,0.3637259602546692,7,a00054,classical
u00777,s000142,0.34424102306365967,8,a00087,latin
u00777,s000452,0.34029409289360046,9,a00092,latin
u00777,s000474,0.31434065103530884,10,a00189,latin
u00782,s000170,0.5566924810409546,1,a00061,latin
u00782,s000372,0.4947929382324219,2,a00034,latin
u00782,s000024,0.45413729548454285,3,a00065,latin
u00782,s000236,0.42171308398246765,4,a00006,rock
u00782,s000161,0.42093122005462646,5,a00188,classical
u00782,s000425,0.3914599120616913,6,a00175,edm
u00782,s000438,0.3911468982696533,7,a00107,latin
u00782,s000050,0.3784642517566681,8,a00114,pop
u00782,s000103,0.3619120121002197,9,a00056,rock
u00782,s000154,0.3474886417388916,10,a00083,latin
u00371,s000237,0.6418434381484985,1,a00073,latin
u00371,s000438,0.5525491833686829,2,a00107,latin
u00371,s000186,0.5214468240737915,3,a00112,latin
u00371,s000227,0.5207586288452148,4,a00119,latin
u00371,s000351,0.4702143371105194,5,a00149,latin
u00371,s000076,0.4377416968345642,6,a00170,edm
u00371,s000341,0.37675386667251587,7,a00010,latin
u00371,s000112,0.3699515461921692,8,a00174,latin
u00371,s000435,0.3678324818611145,9,a00013,pop
u00371,s000225,0.36244291067123413,10,a00077,edm
u00087,s000386,0.6554909944534302,1,a00016,rock
u00087,s000225,0.49820899963378906,2,a00077,edm
u00087,s000457,0.4870914816856384,3,a00169,hip-hop
u00087,s000146,0.4508371353149414,4,a00062,indie
u00087,s000003,0.43151384592056274,5,a00066,rock
u00087,s000438,0.37926462292671204,6,a00107,latin
u00087,s000358,0.37099507451057434,7,a00189,hip-hop
u00087,s000086,0.36849087476730347,8,a00030,rock
u00087,s000290,0.33612293004989624,9,a00097,rock
u00087,s000368,0.3191302418708801,10,a00103,rock
u00291,s000013,0.7268086671829224,1,a00154,jazz
u00291,s000172,0.6709371209144592,2,a00157,jazz
u00291,s000190,0.5878201127052307,3,a00062,jazz
u00291,s000121,0.5220080018043518,4,a00062,jazz
u00291,s000444,0.5201712250709534,5,a00170,jazz
u00291,s000177,0.49179893732070923,6,a00143,latin
u00291,s000259,0.469079852104187,7,a00139,jazz
u00291,s000464,0.4318096935749054,8,a00157,jazz
u00291,s000346,0.4229707717895508,9,a00053,jazz
u00291,s000366,0.4211168587207794,10,a00060,jazz
u00430,s000187,0.5273046493530273,1,a00113,rock
u00430,s000421,0.3975158929824829,2,a00116,rock
u00430,s000079,0.36015987396240234,3,a00132,rock
u00430,s000430,0.35594502091407776,4,a00166,rock
u00430,s000032,0.33514147996902466,5,a00140,rock
u00430,s000077,0.3266006410121918,6,a00099,rock
u00430,s000071,0.32516050338745117,7,a00103,pop
u00430,s000490,0.32507550716400146,8,a00141,rock
u00430,s000440,0.32403385639190674,9,a00044,rock
u00430,s000488,0.3143281936645508,10,a00002,rock
u00105,s000214,0.5611605644226074,1,a00071,pop
u00105,s000016,0.49647635221481323,2,a00037,pop
u00105,s000441,0.4875333309173584,3,a00097,pop
u00105,s000022,0.47631850838661194,4,a00195,pop
u00105,s000383,0.4455240070819855,5,a00186,hip-hop
u00105,s000255,0.38619065284729004,6,a00010,pop
u00105,s000194,0.3777257800102234,7,a00156,pop
u00105,s000440,0.3678496778011322,8,a00044,rock
u00105,s000054,0.3448941707611084,9,a00042,rock
u00105,s000369,0.3424147367477417,10,a00041,pop
u00584,s000015,0.8085582256317139,1,a00156,edm
u00584,s000287,0.5027456879615784,2,a00185,edm
u00584,s000085,0.4960850477218628,3,a00091,rock
u00584,s000314,0.4700029790401459,4,a00133,edm
u00584,s000167,0.44119614362716675,5,a00178,edm
u00584,s000407,0.42122942209243774,6,a00108,classical
u00584,s000142,0.4009178578853607,7,a00087,latin
u00584,s000467,0.3772261142730713,8,a00017,edm
u00584,s000484,0.3694201707839966,9,a00083,indie
u00584,s000347,0.3417280316352844,10,a00097,indie
u00145,s000492,0.5974891185760498,1,a00157,indie
u00145,s000114,0.5649302005767822,2,a00136,indie
u00145,s000300,0.49198004603385925,3,a00165,indie
u00145,s000359,0.44365671277046204,4,a00108,indie
u00145,s000363,0.4319573640823364,5,a00039,edm
u00145,s000176,0.42671462893486023,6,a00029,indie
u00145,s000038,0.413313627243042,7,a00014,rock
u00145,s000225,0.39902934432029724,8,a00077,edm
u00145,s000308,0.3888188898563385,9,a00116,rock
u00145,s000001,0.3671807646751404,10,a00197,indie
u00081,s000006,0.6405848264694214,1,a00199,hip-hop
u00081,s000249,0.4781317412853241,2,a00081,hip-hop
u00081,s000433,0.4630429148674011,3,a00102,hip-hop
u00081,s000356,0.408297598361969,4,a00147,hip-hop
u00081,s000211,0.405154824256897,5,a00056,hip-hop
u00081,s000213,0.36886072158813477,6,a00186,edm
u00081,s000315,0.3490618169307709,7,a00167,hip-hop
u00081,s000052,0.3303980231285095,8,a00035,jazz
u00081,s000138,0.32110750675201416,9,a00024,hip-hop
u00081,s000152,0.3205553889274597,10,a00198,hip-hop
u00998,s000142,0.562397837638855,1,a00087,latin
u00998,s000024,0.5026167631149292,2,a00065,latin
u00998,s000317,0.4246117174625397,3,a00011,latin
u00998,s000424,0.4177684783935547,4,a00114,latin
u00998,s000415,0.39037957787513733,5,a00150,hip-hop
u00998,s000497,0.3789171874523163,6,a00152,latin
u00998,s000186,0.37255334854125977,7,a00112,latin
u00998,s000447,0.37047597765922546,8,a00107,latin
u00998,s000193,0.3647485673427582,9,a00007,latin
u00998,s000105,0.36296379566192627,10,a00062,hip-hop
u00616,s000043,0.8184803128242493,1,a00046,rock
u00616,s000154,0.5714476108551025,2,a00083,latin
u00616,s000110,0.49649539589881897,3,a00142,rock
u00616,s000002,0.49036818742752075,4,a00133,rock
u00616,s000260,0.4826241731643677,5,a00019,indie
u00616,s000282,0.4729160666465759,6,a00024,rock
u00616,s000216,0.43459832668304443,7,a00066,edm
u00616,s000029,0.39723584055900574,8,a00096,classical
u00616,s000112,0.37994059920310974,9,a00174,latin
u00616,s000245,0.3780456781387329,10,a00146,latin
u00707,s000390,0.5497111082077026,1,a00046,pop
u00707,s000245,0.5229140520095825,2,a00146,latin
u00707,s000112,0.42635196447372437,3,a00174,latin
u00707,s000036,0.4201716482639313,4,a00179,latin
u00707,s000442,0.4199533760547638,5,a00130,hip-hop
u00707,s000136,0.4017268717288971,6,a00181,indie
u00707,s000484,0.35516634583473206,7,a00083,indie
u00707,s000077,0.32304880023002625,8,a00099,rock
u00707,s000154,0.3142211437225342,9,a00083,latin
u00707,s000450,0.3120031952857971,10,a00119,latin
u00693,s000083,0.5837771892547607,1,a00126,hip-hop
u00693,s000059,0.509446382522583,2,a00073,hip-hop
u00693,s000385,0.3236098885536194,3,a00188,hip-hop
u00693,s000205,0.31267333030700684,4,a00031,edm
u00693,s000102,0.2756507098674774,5,a00181,hip-hop
u00693,s000381,0.2592061161994934,6,a00100,hip-hop
u00693,s000309,0.2401971071958542,7,a00105,hip-hop
u00693,s000026,0.2231408655643463,8,a00004,pop
u00693,s000267,0.21375200152397156,9,a00098,hip-hop
u00693,s000433,0.20247308909893036,10,a00102,hip-hop
u00122,s000026,0.6132423281669617,1,a00004,pop
u00122,s000316,0.6024451851844788,2,a00097,pop
u00122,s000153,0.563019871711731,3,a00080,pop
u00122,s000262,0.46953296661376953,4,a00036,indie
u00122,s000218,0.4510345458984375,5,a00096,classical
u00122,s000023,0.37961825728416443,6,a00085,pop
u00122,s000223,0.3750592768192291,7,a00095,indie
u00122,s000464,0.372536301612854,8,a00157,jazz
u00122,s000427,0.3552558124065399,9,a00058,jazz
u00122,s000277,0.35131242871284485,10,a00114,indie
u00709,s000245,0.5470238924026489,1,a00146,latin
u00709,s000154,0.4785398542881012,2,a00083,latin
u00709,s000405,0.42635250091552734,3,a00058,latin
u00709,s000452,0.3798137605190277,4,a00092,latin
u00709,s000186,0.3743784725666046,5,a00112,latin
u00709,s000092,0.3494589328765869,6,a00040,latin
u00709,s000307,0.34129464626312256,7,a00086,latin
u00709,s000331,0.3395420014858246,8,a00192,edm
u00709,s000366,0.31674396991729736,9,a00060,jazz
u00709,s000348,0.28251156210899353,10,a00054,latin
u00113,s000058,0.6611716747283936,1,a00010,edm
u00113,s000033,0.6176832914352417,2,a00158,edm
u00113,s000012,0.55387282371521,3,a00032,edm
u00113,s000494,0.5253932476043701,4,a00145,edm
u00113,s000480,0.5174661874771118,5,a00009,jazz
u00113,s000160,0.5159338712692261,6,a00062,latin
u00113,s000207,0.48687201738357544,7,a00134,edm
u00113,s000213,0.46200913190841675,8,a00186,edm
u00113,s000070,0.4158031940460205,9,a00140,classical
u00113,s000225,0.41107869148254395,10,a00077,edm
u00177,s000175,0.5931020975112915,1,a00172,indie
u00177,s000296,0.583736777305603,2,a00084,jazz
u00177,s000045,0.5266001224517822,3,a00075,jazz
u00177,s000422,0.4274776577949524,4,a00006,jazz
u00177,s000498,0.4163058400154114,5,a00175,jazz
u00177,s000229,0.4057987928390503,6,a00143,jazz
u00177,s000099,0.39934241771698,7,a00089,jazz
u00177,s000163,0.38269689679145813,8,a00048,edm
u00177,s000194,0.37204664945602417,9,a00156,pop
u00177,s000464,0.3653554320335388,10,a00157,jazz
u00325,s000033,0.7694036364555359,1,a00158,edm
u00325,s000140,0.5871597528457642,2,a00179,edm
u00325,s000153,0.5684037804603577,3,a00080,pop
u00325,s000012,0.5585681200027466,4,a00032,edm
u00325,s000361,0.4656883776187897,5,a00193,edm
u00325,s000146,0.4363441467285156,6,a00062,indie
u00325,s000225,0.43145543336868286,7,a00077,edm
u00325,s000044,0.42348000407218933,8,a00067,edm
u00325,s000428,0.3358752727508545,9,a00081,edm
u00325,s000328,0.3277600407600403,10,a00129,edm
u00975,s000016,0.46688592433929443,1,a00037,pop
u00975,s000419,0.4554632902145386,2,a00013,rock
u00975,s000089,0.437954843044281,3,a00050,pop
u00975,s000255,0.4316475987434387,4,a00010,pop
u00975,s000218,0.4083804786205292,5,a00096,classical
u00975,s000023,0.3885115087032318,6,a00085,pop
u00975,s000262,0.3880225419998169,7,a00036,indie
u00975,s000126,0.37051600217819214,8,a00129,hip-hop
u00975,s000299,0.3673543632030487,9,a00040,pop
u00975,s000265,0.3665317893028259,10,a00052,jazz
u00949,s000011,0.6681686639785767,1,a00156,classical
u00949,s000171,0.5459931492805481,2,a00031,jazz
u00949,s000118,0.49834197759628296,3,a00153,classical
u00949,s000007,0.4955804944038391,4,a00041,classical
u00949,s000161,0.47199714183807373,5,a00188,classical
u00949,s000072,0.4404087960720062,6,a00189,pop
u00949,s000273,0.4318315386772156,7,a00119,jazz
u00949,s000151,0.3936338424682617,8,a00048,classical
u00949,s000481,0.36688175797462463,9,a00157,classical
u00949,s000412,0.34824126958847046,10,a00015,classical
u00962,s000025,0.7612158060073853,1,a00009,edm
u00962,s000119,0.524027407169342,2,a00168,edm
u00962,s000353,0.46557438373565674,3,a00055,edm
u00962,s000140,0.43827658891677856,4,a00179,edm
u00962,s000467,0.4229224920272827,5,a00017,edm
u00962,s000484,0.36230966448783875,6,a00083,indie
u00962,s000207,0.36211496591567993,7,a00134,edm
u00962,s000124,0.34839364886283875,8,a00074,edm
u00962,s000385,0.290820837020874,9,a00188,hip-hop
u00962,s000185,0.28206896781921387,10,a00193,hip-hop
u00185,s000166,0.6991857290267944,1,a00140,classical
u00185,s000412,0.6697458624839783,2,a00015,classical
u00185,s000151,0.6548001170158386,3,a00048,classical
u00185,s000218,0.47658029198646545,4,a00096,classical
u00185,s000029,0.42475277185440063,5,a00096,classical
u00185,s000081,0.4035753011703491,6,a00036,classical
u00185,s000493,0.3965855538845062,7,a00067,pop
u00185,s000171,0.3405344486236572,8,a00031,jazz
u00185,s000407,0.33140116930007935,9,a00108,classical
u00185,s000296,0.3168221116065979,10,a00084,jazz
u00235,s000059,0.7260926961898804,1,a00073,hip-hop
u00235,s000267,0.6590726971626282,2,a00098,hip-hop
u00235,s000309,0.5902854800224304,3,a00105,hip-hop
u00235,s000301,0.5848533511161804,4,a00033,hip-hop
u00235,s000152,0.5537543296813965,5,a00198,hip-hop
u00235,s000449,0.5096016526222229,6,a00014,hip-hop
u00235,s000126,0.5064268112182617,7,a00129,hip-hop
u00235,s000249,0.4778943955898285,8,a00081,hip-hop
u00235,s000186,0.4443557560443878,9,a00112,latin
u00235,s000224,0.4198876917362213,10,a00087,rock
u00676,s000008,0.5794885158538818,1,a00191,hip-hop
u00676,s000419,0.5449878573417664,2,a00013,rock
u00676,s000105,0.49718910455703735,3,a00062,hip-hop
u00676,s000425,0.46782979369163513,4,a00175,edm
u00676,s000385,0.46689724922180176,5,a00188,hip-hop
u00676,s000415,0.43534550070762634,6,a00150,hip-hop
u00676,s000079,0.4290761351585388,7,a00132,rock
u00676,s000470,0.39525026082992554,8,a00122,classical
u00676,s000104,0.39188116788864136,9,a00000,edm
u00676,s000309,0.37466514110565186,10,a00105,hip-hop
u00869,s000264,0.6208013296127319,1,a00136,edm
u00869,s000044,0.5926017165184021,2,a00067,edm
u00869,s000465,0.44812262058258057,3,a00012,edm
u00869,s000303,0.43668413162231445,4,a00164,edm
u00869,s000184,0.39618515968322754,5,a00174,latin
u00869,s000494,0.38928085565567017,6,a00145,edm
u00869,s000213,0.3763419985771179,7,a00186,edm
u00869,s000225,0.3692610561847687,8,a00077,edm
u00869,s000292,0.35854679346084595,9,a00074,hip-hop
u00869,s000393,0.34261059761047363,10,a00079,edm
u00515,s000039,0.5032238960266113,1,a00156,jazz
u00515,s000427,0.47838184237480164,2,a00058,jazz
u00515,s000045,0.4210350215435028,3,a00075,jazz
u00515,s000052,0.41415688395500183,4,a00035,jazz
u00515,s000257,0.3953760862350464,5,a00194,jazz
u00515,s000459,0.38614386320114136,6,a00125,jazz
u00515,s000273,0.3768776059150696,7,a00119,jazz
u00515,s000190,0.34057074785232544,8,a00062,jazz
u00515,s000338,0.3390671908855438,9,a00148,edm
u00515,s000114,0.3138929009437561,10,a00136,indie
u00381,s000287,0.5389171242713928,1,a00185,edm
u00381,s000484,0.5198131799697876,2,a00083,indie
u00381,s000119,0.4357984960079193,3,a00168,edm
u00381,s000467,0.4051927924156189,4,a00017,edm
u00381,s000327,0.3823345899581909,5,a00063,classical
u00381,s000451,0.3423328399658203,6,a00003,classical
u00381,s000194,0.32143640518188477,7,a00156,pop
u00381,s000205,0.31581512093544006,8,a00031,edm
u00381,s000167,0.31423628330230713,9,a00178,edm
u00381,s000376,0.3000829219818115,10,a00178,hip-hop
u00151,s000272,0.562082052230835,1,a00157,jazz
u00151,s000177,0.5034586191177368,2,a00143,latin
u00151,s000400,0.4540492296218872,3,a00199,jazz
u00151,s000172,0.4428664445877075,4,a00157,jazz
u00151,s000179,0.4108802378177643,5,a00018,jazz
u00151,s000080,0.40042343735694885,6,a00119,jazz
u00151,s000169,0.38508087396621704,7,a00183,jazz
u00151,s000046,0.3683006763458252,8,a00172,jazz
u00151,s000245,0.3607618808746338,9,a00146,latin
u00151,s000141,0.3323332667350769,10,a00197,rock
u00605,s000427,0.7510931491851807,1,a00058,jazz
u00605,s000013,0.7331951856613159,2,a00154,jazz
u00605,s000100,0.6280716061592102,3,a00109,jazz
u00605,s000453,0.5257349014282227,4,a00152,jazz
u00605,s000169,0.4430314004421234,5,a00183,jazz
u00605,s000464,0.42253202199935913,6,a00157,jazz
u00605,s000273,0.40373316407203674,7,a00119,jazz
u00605,s000310,0.3923495411872864,8,a00085,jazz
u00605,s000394,0.38965484499931335,9,a00082,classical
u00605,s000463,0.38343310356140137,10,a00033,jazz
u00486,s000045,0.5573553442955017,1,a00075,jazz
u00486,s000427,0.334340900182724,2,a00058,jazz
u00486,s000169,0.319740891456604,3,a00183,jazz
u00486,s000400,0.319713294506073,4,a00199,jazz
u00486,s000190,0.3105087876319885,5,a00062,jazz
u00486,s000444,0.25237536430358887,6,a00170,jazz
u00486,s000346,0.2487887740135193,7,a00053,jazz
u00486,s000080,0.2484571635723114,8,a00119,jazz
u00486,s000345,0.22453773021697998,9,a00038,jazz
u00486,s000401,0.2197987139225006,10,a00024,jazz
u00718,s000398,0.5541647672653198,1,a00117,hip-hop
u00718,s000024,0.5311121344566345,2,a00065,latin
u00718,s000447,0.494620144367218,3,a00107,latin
u00718,s000112,0.4355609714984894,4,a00174,latin
u00718,s000384,0.3793361186981201,5,a00048,rock
u00718,s000001,0.34330156445503235,6,a00197,indie
u00718,s000104,0.33197256922721863,7,a00000,edm
u00718,s000090,0.29775816202163696,8,a00028,hip-hop
u00718,s000163,0.2928154170513153,9,a00048,edm
u00718,s000216,0.2926595211029053,10,a00066,edm
u00147,s000013,0.6101874113082886,1,a00154,jazz
u00147,s000027,0.5792946815490723,2,a00122,jazz
u00147,s000439,0.5687767267227173,3,a00187,jazz
u00147,s000366,0.5211100578308105,4,a00060,jazz
u00147,s000169,0.5053222179412842,5,a00183,jazz
u00147,s000100,0.44757387042045593,6,a00109,jazz
u00147,s000490,0.42675209045410156,7,a00141,rock
u00147,s000123,0.40347132086753845,8,a00089,indie
u00147,s000197,0.39587509632110596,9,a00130,jazz
u00147,s000284,0.39478403329849243,10,a00021,indie
u00088,s000059,0.7181215286254883,1,a00073,hip-hop
u00088,s000376,0.5456746816635132,2,a00178,hip-hop
u00088,s000144,0.4594454765319824,3,a00176,hip-hop
u00088,s000385,0.4268617033958435,4,a00188,hip-hop
u00088,s000008,0.41955313086509705,5,a00191,hip-hop
u00088,s000202,0.3528635501861572,6,a00123,hip-hop
u00088,s000493,0.3320404887199402,7,a00067,pop
u00088,s000481,0.3244308829307556,8,a00157,classical
u00088,s000398,0.31440359354019165,9,a00117,hip-hop
u00088,s000410,0.30543023347854614,10,a00031,hip-hop
u00831,s000011,0.8246419429779053,1,a00156,classical
u00831,s000161,0.6910505294799805,2,a00188,classical
u00831,s000209,0.5972777009010315,3,a00007,classical
u00831,s000068,0.5838686227798462,4,a00106,classical
u00831,s000268,0.48799049854278564,5,a00085,classical
u00831,s000028,0.46678245067596436,6,a00073,classical
u00831,s000455,0.4202698767185211,7,a00160,classical
u00831,s000194,0.3995054364204407,8,a00156,pop
u00831,s000320,0.38485392928123474,9,a00137,latin
u00831,s000437,0.36771535873413086,10,a00151,classical
u00589,s000291,0.6096228957176208,1,a00036,classical
u00589,s000028,0.6083495616912842,2,a00073,classical
u00589,s000005,0.5790137648582458,3,a00178,classical
u00589,s000461,0.5525809526443481,4,a00054,classical
u00589,s000007,0.5523892641067505,5,a00041,classical
u00589,s000014,0.4736393094062805,6,a00163,classical
u00589,s000252,0.46787169575691223,7,a00046,latin
u00589,s000473,0.4523169994354248,8,a00028,pop
u00589,s000451,0.44957172870635986,9,a00003,classical
u00589,s000399,0.4462466835975647,10,a00197,classical
u00279,s000304,0.5770177841186523,1,a00152,pop
u00279,s000259,0.5018249154090881,2,a00139,jazz
u00279,s000409,0.4440779983997345,3,a00046,pop
u00279,s000022,0.44223928451538086,4,a00195,pop
u00279,s000131,0.3693186044692993,5,a00127,pop
u00279,s000289,0.3693039119243622,6,a00108,rock
u00279,s000270,0.36902016401290894,7,a00023,pop
u00279,s000493,0.3640052378177643,8,a00067,pop
u00279,s000225,0.31323546171188354,9,a00077,edm
u00279,s000047,0.31223881244659424,10,a00129,rock
u00502,s000377,0.6252353191375732,1,a00101,classical
u00502,s000007,0.5668941140174866,2,a00041,classical
u00502,s000360,0.5667259693145752,3,a00153,edm
u00502,s000005,0.5581129193305969,4,a00178,classical
u00502,s000019,0.5401676297187805,5,a00154,classical
u00502,s000142,0.5290240049362183,6,a00087,latin
u00502,s000477,0.449033260345459,7,a00015,latin
u00502,s000437,0.4010952413082123,8,a00151,classical
u00502,s000399,0.39958566427230835,9,a00197,classical
u00502,s000327,0.3951825499534607,10,a00063,classical
u00333,s000013,0.5655832886695862,1,a00154,jazz
u00333,s000039,0.5358618497848511,2,a00156,jazz
u00333,s000045,0.5227882862091064,3,a00075,jazz
u00333,s000019,0.47037559747695923,4,a00154,classical
u00333,s000108,0.4402969479560852,5,a00114,edm
u00333,s000427,0.4276491105556488,6,a00058,jazz
u00333,s000453,0.3941277265548706,7,a00152,jazz
u00333,s000273,0.38344496488571167,8,a00119,jazz
u00333,s000400,0.3597918152809143,9,a00199,jazz
u00333,s000377,0.349134624004364,10,a00101,classical
u00286,s000002,0.5883433818817139,1,a00133,rock
u00286,s000302,0.3947513699531555,2,a00016,indie
u00286,s000469,0.3913233280181885,3,a00095,rock
u00286,s000232,0.36494681239128113,4,a00181,classical
u00286,s000085,0.3563993275165558,5,a00091,rock
u00286,s000258,0.35427719354629517,6,a00118,latin
u00286,s000384,0.33764368295669556,7,a00048,rock
u00286,s000021,0.3346906900405884,8,a00032,rock
u00286,s000110,0.32636409997940063,9,a00142,rock
u00286,s000034,0.32152679562568665,10,a00046,rock
u00059,s000011,0.616787314414978,1,a00156,classical
u00059,s000166,0.5626341104507446,2,a00140,classical
u00059,s000005,0.5465201735496521,3,a00178,classical
u00059,s000014,0.3880377411842346,4,a00163,classical
u00059,s000029,0.37068697810173035,5,a00096,classical
u00059,s000068,0.36415982246398926,6,a00106,classical
u00059,s000291,0.34067007899284363,7,a00036,classical
u00059,s000218,0.3372284770011902,8,a00096,classical
u00059,s000451,0.3334806561470032,9,a00003,classical
u00059,s000364,0.333387166261673,10,a00016,latin
u00710,s000223,0.6272807121276855,1,a00095,indie
u00710,s000242,0.5561705231666565,2,a00146,indie
u00710,s000329,0.4577507972717285,3,a00053,classical
u00710,s000037,0.45343050360679626,4,a00183,indie
u00710,s000262,0.423214852809906,5,a00036,indie
u00710,s000139,0.4179832935333252,6,a00198,rock
u00710,s000427,0.39336860179901123,7,a00058,jazz
u00710,s000082,0.38813233375549316,8,a00071,classical
u00710,s000464,0.37151721119880676,9,a00157,jazz
u00710,s000123,0.36595138907432556,10,a00089,indie
u00394,s000089,0.5585215091705322,1,a00050,pop
u00394,s000102,0.49206462502479553,2,a00181,hip-hop
u00394,s000013,0.4797750413417816,3,a00154,jazz
u00394,s000393,0.4664909839630127,4,a00079,edm
u00394,s000177,0.4529884457588196,5,a00143,latin
u00394,s000017,0.44558656215667725,6,a00184,jazz
u00394,s000027,0.4239169955253601,7,a00122,jazz
u00394,s000172,0.4107903242111206,8,a00157,jazz
u00394,s000459,0.3895370662212372,9,a00125,jazz
u00394,s000161,0.36159205436706543,10,a00188,classical
u00458,s000172,0.9405043721199036,1,a00157,jazz
u00458,s000089,0.6116281747817993,2,a00050,pop
u00458,s000401,0.5551964640617371,3,a00024,jazz
u00458,s000039,0.5451969504356384,4,a00156,jazz
u00458,s000242,0.44387179613113403,5,a00146,indie
u00458,s000402,0.3935622572898865,6,a00088,rock
u00458,s000468,0.3873964548110962,7,a00159,hip-hop
u00458,s000141,0.377351850271225,8,a00197,rock
u00458,s000257,0.37495332956314087,9,a00194,jazz
u00458,s000382,0.3565293252468109,10,a00043,jazz
u00024,s000398,0.6733250021934509,1,a00117,hip-hop
u00024,s000391,0.5047001242637634,2,a00011,edm
u00024,s000243,0.5003453493118286,3,a00111,indie
u00024,s000178,0.4620823562145233,4,a00167,indie
u00024,s000468,0.4608076214790344,5,a00159,hip-hop
u00024,s000309,0.43874120712280273,6,a00105,hip-hop
u00024,s000103,0.39850351214408875,7,a00056,rock
u00024,s000455,0.39298659563064575,8,a00160,classical
u00024,s000152,0.39258724451065063,9,a00198,hip-hop
u00024,s000158,0.3850914537906647,10,a00117,hip-hop
u00433,s000413,0.5331937670707703,1,a00198,latin
u00433,s000142,0.5318029522895813,2,a00087,latin
u00433,s000351,0.5273479223251343,3,a00149,latin
u00433,s000036,0.5128796100616455,4,a00179,latin
u00433,s000424,0.5015769600868225,5,a00114,latin
u00433,s000474,0.47577983140945435,6,a00189,latin
u00433,s000392,0.40801358222961426,7,a00061,latin
u00433,s000435,0.3891909420490265,8,a00013,pop
u00433,s000317,0.3771170973777771,9,a00011,latin
u00433,s000149,0.36048704385757446,10,a00155,rock
u00416,s000011,0.7785101532936096,1,a00156,classical
u00416,s000214,0.6517207622528076,2,a00071,pop
u00416,s000066,0.4849828779697418,3,a00089,classical
u00416,s000218,0.42215871810913086,4,a00096,classical
u00416,s000268,0.41160619258880615,5,a00085,classical
u00416,s000177,0.376347154378891,6,a00143,latin
u00416,s000434,0.35919827222824097,7,a00016,hip-hop
u00416,s000363,0.3537836968898773,8,a00039,edm
u00416,s000423,0.3534325063228607,9,a00136,indie
u00416,s000302,0.3332855701446533,10,a00016,indie
u00598,s000301,0.7653520703315735,1,a00033,hip-hop
u00598,s000387,0.6787580847740173,2,a00073,hip-hop
u00598,s000423,0.5584554076194763,3,a00136,indie
u00598,s000144,0.43584126234054565,4,a00176,hip-hop
u00598,s000363,0.42427611351013184,5,a00039,edm
u00598,s000410,0.40526166558265686,6,a00031,hip-hop
u00598,s000049,0.39928343892097473,7,a00094,rock
u00598,s000008,0.3875419795513153,8,a00191,hip-hop
u00598,s000231,0.346080482006073,9,a00164,latin
u00598,s000288,0.3388185203075409,10,a00028,hip-hop
u00256,s000388,0.9039862155914307,1,a00056,indie
u00256,s000042,0.5877671837806702,2,a00156,indie
u00256,s000030,0.5358573198318481,3,a00117,indie
u00256,s000223,0.44898706674575806,4,a00095,indie
u00256,s000089,0.4111080765724182,5,a00050,pop
u00256,s000113,0.3960855305194855,6,a00052,indie
u00256,s000202,0.3742979168891907,7,a00123,hip-hop
u00256,s000009,0.3665617108345032,8,a00014,latin
u00256,s000063,0.35997483134269714,9,a00199,classical
u00256,s000476,0.35717228055000305,10,a00184,indie
u00299,s000024,0.5155421495437622,1,a00065,latin
u00299,s000227,0.3229498565196991,2,a00119,latin
u00299,s000405,0.32256245613098145,3,a00058,latin
u00299,s000447,0.32106566429138184,4,a00107,latin
u00299,s000450,0.26825809478759766,5,a00119,latin
u00299,s000475,0.2623927593231201,6,a00061,latin
u00299,s000496,0.252747118473053,7,a00036,latin
u00299,s000372,0.2521533966064453,8,a00034,latin
u00299,s000237,0.24719610810279846,9,a00073,latin
u00299,s000438,0.2465643584728241,10,a00107,latin
u00590,s000054,0.5415154099464417,1,a00042,rock
u00590,s000047,0.4740697145462036,2,a00129,rock
u00590,s000428,0.4445451498031616,3,a00081,edm
u00590,s000420,0.4101159870624542,4,a00078,rock
u00590,s000454,0.4072791337966919,5,a00140,rock
u00590,s000392,0.40636321902275085,6,a00061,latin
u00590,s000358,0.40612614154815674,7,a00189,hip-hop
u00590,s000119,0.40366503596305847,8,a00168,edm
u00590,s000406,0.4028800129890442,9,a00153,pop
u00590,s000082,0.39932385087013245,10,a00071,classical
u00188,s000020,0.4681743383407593,1,a00182,indie
u00188,s000338,0.4503299295902252,2,a00148,edm
u00188,s000375,0.3499769866466522,3,a00171,classical
u00188,s000347,0.3011537790298462,4,a00097,indie
u00188,s000178,0.29665833711624146,5,a00167,indie
u00188,s000428,0.2957896590232849,6,a00081,edm
u00188,s000115,0.27919480204582214,7,a00179,indie
u00188,s000450,0.27509328722953796,8,a00119,latin
u00188,s000113,0.2695619761943817,9,a00052,indie
u00188,s000485,0.2669681906700134,10,a00132,indie
u00040,s000027,0.5153198838233948,1,a00122,jazz
u00040,s000338,0.4421679973602295,2,a00148,edm
u00040,s000204,0.43326908349990845,3,a00054,classical
u00040,s000459,0.39138132333755493,4,a00125,jazz
u00040,s000017,0.38452744483947754,5,a00184,jazz
u00040,s000375,0.3772362768650055,6,a00171,classical
u00040,s000158,0.358923077583313,7,a00117,hip-hop
u00040,s000327,0.3546259105205536,8,a00063,classical
u00040,s000190,0.335981547832489,9,a00062,jazz
u00040,s000450,0.3350948691368103,10,a00119,latin
u00469,s000090,0.6106264591217041,1,a00028,hip-hop
u00469,s000334,0.595430314540863,2,a00035,hip-hop
u00469,s000358,0.5798298120498657,3,a00189,hip-hop
u00469,s000496,0.5637956857681274,4,a00036,latin
u00469,s000006,0.4540443420410156,5,a00199,hip-hop
u00469,s000098,0.417982280254364,6,a00148,edm
u00469,s000387,0.391307532787323,7,a00073,hip-hop
u00469,s000301,0.38783690333366394,8,a00033,hip-hop
u00469,s000356,0.3594125509262085,9,a00147,hip-hop
u00469,s000329,0.3542417287826538,10,a00053,classical
u00489,s000014,0.6964219808578491,1,a00163,classical
u00489,s000010,0.575864315032959,2,a00110,classical
u00489,s000160,0.424699604511261,3,a00062,latin
u00489,s000312,0.4126695394515991,4,a00056,rock
u00489,s000368,0.3986886441707611,5,a00103,rock
u00489,s000397,0.38522103428840637,6,a00080,indie
u00489,s000005,0.378642201423645,7,a00178,classical
u00489,s000167,0.35693374276161194,8,a00178,edm
u00489,s000301,0.3421863913536072,9,a00033,hip-hop
u00489,s000097,0.3204602897167206,10,a00100,edm
u00701,s000474,0.6143002510070801,1,a00189,latin
u00701,s000317,0.48821425437927246,2,a00011,latin
u00701,s000320,0.47246253490448,3,a00137,latin
u00701,s000112,0.46875807642936707,4,a00174,latin
u00701,s000475,0.46422073245048523,5,a00061,latin
u00701,s000341,0.44293802976608276,6,a00010,latin
u00701,s000189,0.42747732996940613,7,a00178,latin
u00701,s000031,0.3755912780761719,8,a00037,latin
u00701,s000405,0.3617180585861206,9,a00058,latin
u00701,s000435,0.3511979281902313,10,a00013,pop
u00858,s000016,0.5459036827087402,1,a00037,pop
u00858,s000026,0.46892714500427246,2,a00004,pop
u00858,s000129,0.29708194732666016,3,a00090,pop
u00858,s000280,0.2543637752532959,4,a00039,pop
u00858,s000255,0.2514449656009674,5,a00010,pop
u00858,s000212,0.23614299297332764,6,a00066,pop
u00858,s000050,0.23286667466163635,7,a00114,pop
u00858,s000295,0.22603628039360046,8,a00127,pop
u00858,s000234,0.22500959038734436,9,a00054,pop
u00858,s000471,0.22091864049434662,10,a00038,pop
u00080,s000093,0.7416377067565918,1,a00010,indie
u00080,s000020,0.7236627340316772,2,a00182,indie
u00080,s000347,0.6066938638687134,3,a00097,indie
u00080,s000115,0.5391371846199036,4,a00179,indie
u00080,s000053,0.5118106603622437,5,a00025,indie
u00080,s000049,0.48596957325935364,6,a00094,rock
u00080,s000266,0.47600123286247253,7,a00171,indie
u00080,s000146,0.4403480291366577,8,a00062,indie
u00080,s000242,0.4227256178855896,9,a00146,indie
u00080,s000224,0.40425556898117065,10,a00087,rock
u00332,s000090,0.8227858543395996,1,a00028,hip-hop
u00332,s000152,0.5017097592353821,2,a00198,hip-hop
u00332,s000457,0.46398910880088806,3,a00169,hip-hop
u00332,s000130,0.4228522479534149,4,a00016,pop
u00332,s000227,0.3693677484989166,5,a00119,latin
u00332,s000095,0.36731380224227905,6,a00000,pop
u00332,s000358,0.3566523790359497,7,a00189,hip-hop
u00332,s000368,0.3561910390853882,8,a00103,rock
u00332,s000019,0.35309064388275146,9,a00154,classical
u00332,s000164,0.3429417312145233,10,a00070,classical
u00156,s000284,0.7242918014526367,1,a00021,indie
u00156,s000178,0.5771554708480835,2,a00167,indie
u00156,s000020,0.5622130036354065,3,a00182,indie
u00156,s000042,0.5590439438819885,4,a00156,indie
u00156,s000136,0.49962398409843445,5,a00181,indie
u00156,s000234,0.46693146228790283,6,a00054,pop
u00156,s000063,0.4329102635383606,7,a00199,classical
u00156,s000408,0.41766518354415894,8,a00025,indie
u00156,s000236,0.39981409907341003,9,a00006,rock
u00156,s000146,0.37813061475753784,10,a00062,indie
u00746,s000427,0.311095267534256,1,a00058,jazz
u00746,s000346,0.2961205244064331,2,a00053,jazz
u00746,s000080,0.28990820050239563,3,a00119,jazz
u00746,s000366,0.274966299533844,4,a00060,jazz
u00746,s000169,0.26977968215942383,5,a00183,jazz
u00746,s000374,0.22980724275112152,6,a00107,jazz
u00746,s000190,0.21977737545967102,7,a00062,jazz
u00746,s000401,0.21942442655563354,8,a00024,jazz
u00746,s000099,0.2144044190645218,9,a00089,jazz
u00746,s000444,0.21228370070457458,10,a00170,jazz
u00602,s000356,0.5929229259490967,1,a00147,hip-hop
u00602,s000358,0.5747809410095215,2,a00189,hip-hop
u00602,s000334,0.4564192593097687,3,a00035,hip-hop
u00602,s000152,0.43889153003692627,4,a00198,hip-hop
u00602,s000457,0.4267348349094391,5,a00169,hip-hop
u00602,s000301,0.42046093940734863,6,a00033,hip-hop
u00602,s000063,0.3961527943611145,7,a00199,classical
u00602,s000124,0.3924189805984497,8,a00074,edm
u00602,s000329,0.37572431564331055,9,a00053,classical
u00602,s000289,0.34054017066955566,10,a00108,rock
u00222,s000015,0.6973075866699219,1,a00156,edm
u00222,s000012,0.5419085025787354,2,a00032,edm
u00222,s000140,0.2873525023460388,3,a00179,edm
u00222,s000264,0.2833443284034729,4,a00136,edm
u00222,s000328,0.2660791277885437,5,a00129,edm
u00222,s000128,0.2600426971912384,6,a00161,edm
u00222,s000225,0.2409454584121704,7,a00077,edm
u00222,s000380,0.2403520792722702,8,a00018,edm
u00222,s000330,0.22690612077713013,9,a00106,edm
u00222,s000303,0.20462575554847717,10,a00164,edm
u00106,s000058,0.6457585096359253,1,a00010,edm
u00106,s000441,0.5822775363922119,2,a00097,pop
u00106,s000179,0.559819221496582,3,a00018,jazz
u00106,s000033,0.5433965921401978,4,a00158,edm
u00106,s000025,0.5270578861236572,5,a00009,edm
u00106,s000108,0.4532012641429901,6,a00114,edm
u00106,s000167,0.4126910865306854,7,a00178,edm
u00106,s000157,0.3727608919143677,8,a00147,rock
u00106,s000443,0.37260597944259644,9,a00036,jazz
u00106,s000494,0.36993998289108276,10,a00145,edm
u00023,s000036,0.5894112586975098,1,a00179,latin
u00023,s000397,0.5035650730133057,2,a00080,indie
u00023,s000231,0.5000090599060059,3,a00164,latin
u00023,s000497,0.4430614411830902,4,a00152,latin
u00023,s000361,0.4348546266555786,5,a00193,edm
u00023,s000189,0.36173832416534424,6,a00178,latin
u00023,s000372,0.3464418053627014,7,a00034,latin
u00023,s000031,0.3453507423400879,8,a00037,latin
u00023,s000385,0.3415890634059906,9,a00188,hip-hop
u00023,s000449,0.3387654423713684,10,a00014,hip-hop
u00627,s000015,0.7728996276855469,1,a00156,edm
u00627,s000097,0.6521051526069641,2,a00100,edm
u00627,s000368,0.4082004427909851,3,a00103,rock
u00627,s000184,0.37062203884124756,4,a00174,latin
u00627,s000452,0.3646223545074463,5,a00092,latin
u00627,s000287,0.33731964230537415,6,a00185,edm
u00627,s000409,0.3027883768081665,7,a00046,pop
u00627,s000070,0.29455694556236267,8,a00140,classical
u00627,s000465,0.2940155863761902,9,a00012,edm
u00627,s000361,0.287079781293869,10,a00193,edm
u00796,s000014,0.6000018119812012,1,a00163,classical
u00796,s000204,0.284429132938385,2,a00054,classical
u00796,s000418,0.2677016258239746,3,a00134,classical
u00796,s000451,0.2646484375,4,a00003,classical
u00796,s000327,0.25560492277145386,5,a00063,classical
u00796,s000029,0.231904536485672,6,a00096,classical
u00796,s000161,0.2309262901544571,7,a00188,classical
u00796,s000028,0.2245398461818695,8,a00073,classical
u00796,s000470,0.22190435230731964,9,a00122,classical
u00796,s000232,0.2156536728143692,10,a00181,classical
u00964,s000115,0.5761555433273315,1,a00179,indie
u00964,s000226,0.5269567966461182,2,a00031,indie
u00964,s000001,0.52015620470047,3,a00197,indie
u00964,s000347,0.4483703076839447,4,a00097,indie
u00964,s000492,0.41603797674179077,5,a00157,indie
u00964,s000093,0.4128589928150177,6,a00010,indie
u00964,s000344,0.3611552119255066,7,a00186,indie
u00964,s000330,0.35253965854644775,8,a00106,edm
u00964,s000266,0.3480182886123657,9,a00171,indie
u00964,s000243,0.32949474453926086,10,a00111,indie
u00797,s000037,0.6708652973175049,1,a00183,indie
u00797,s000020,0.5446286201477051,2,a00182,indie
u00797,s000423,0.5398337244987488,3,a00136,indie
u00797,s000110,0.5202964544296265,4,a00142,rock
u00797,s000332,0.46990761160850525,5,a00050,indie
u00797,s000302,0.4485478699207306,6,a00016,indie
u00797,s000113,0.4398110508918762,7,a00052,indie
u00797,s000484,0.43578365445137024,8,a00083,indie
u00797,s000232,0.4113064110279083,9,a00181,classical
u00797,s000128,0.37948814034461975,10,a00161,edm
u00861,s000003,0.5692790150642395,1,a00066,rock
u00861,s000293,0.5044905543327332,2,a00069,rock
u00861,s000141,0.43317657709121704,3,a00197,rock
u00861,s000093,0.4188346862792969,4,a00010,indie
u00861,s000146,0.3636324405670166,5,a00062,indie
u00861,s000290,0.35961753129959106,6,a00097,rock
u00861,s000224,0.3507171869277954,7,a00087,rock
u00861,s000469,0.3110911250114441,8,a00095,rock
u00861,s000192,0.30450746417045593,9,a00128,classical
u00861,s000308,0.2968207001686096,10,a00116,rock
u00473,s000090,0.5308178663253784,1,a00028,hip-hop
u00473,s000298,0.44190526008605957,2,a00099,classical
u00473,s000076,0.4330572783946991,3,a00170,edm
u00473,s000028,0.41747695207595825,4,a00073,classical
u00473,s000184,0.4052109122276306,5,a00174,latin
u00473,s000385,0.3992656171321869,6,a00188,hip-hop
u00473,s000142,0.396368145942688,7,a00087,latin
u00473,s000138,0.3854999542236328,8,a00024,hip-hop
u00473,s000358,0.3824716806411743,9,a00189,hip-hop
u00473,s000060,0.37426671385765076,10,a00103,rock
u00608,s000059,0.52890944480896,1,a00073,hip-hop
u00608,s000102,0.46511614322662354,2,a00181,hip-hop
u00608,s000299,0.33797207474708557,3,a00040,pop
u00608,s000016,0.33040955662727356,4,a00037,pop
u00608,s000356,0.3115743100643158,5,a00147,hip-hop
u00608,s000131,0.3016228973865509,6,a00127,pop
u00608,s000138,0.2956528961658478,7,a00024,hip-hop
u00608,s000235,0.26671770215034485,8,a00175,hip-hop
u00608,s000214,0.25412046909332275,9,a00071,pop
u00608,s000021,0.24080051481723785,10,a00032,rock
u00437,s000497,0.799004077911377,1,a00152,latin
u00437,s000475,0.7453376054763794,2,a00061,latin
u00437,s000496,0.49186158180236816,3,a00036,latin
u00437,s000452,0.4738430976867676,4,a00092,latin
u00437,s000009,0.4358558654785156,5,a00014,latin
u00437,s000227,0.4273403584957123,6,a00119,latin
u00437,s000224,0.42731374502182007,7,a00087,rock
u00437,s000233,0.3836127817630768,8,a00141,rock
u00437,s000223,0.36612385511398315,9,a00095,indie
u00437,s000249,0.351493775844574,10,a00081,hip-hop
u00713,s000083,0.8883256912231445,1,a00126,hip-hop
u00713,s000063,0.5598331093788147,2,a00199,classical
u00713,s000358,0.5296149253845215,3,a00189,hip-hop
u00713,s000102,0.4807124137878418,4,a00181,hip-hop
u00713,s000457,0.4535149037837982,5,a00169,hip-hop
u00713,s000249,0.4522596001625061,6,a00081,hip-hop
u00713,s000331,0.40996602177619934,7,a00192,edm
u00713,s000381,0.4052925407886505,8,a00100,hip-hop
u00713,s000170,0.3821259140968323,9,a00061,latin
u00713,s000307,0.3343394100666046,10,a00086,latin
u00898,s000159,0.629375696182251,1,a00085,hip-hop
u00898,s000408,0.422462522983551,2,a00025,indie
u00898,s000033,0.3508448004722595,3,a00158,edm
u00898,s000103,0.33081820607185364,4,a00056,rock
u00898,s000299,0.3244248628616333,5,a00040,pop
u00898,s000300,0.30462053418159485,6,a00165,indie
u00898,s000093,0.295233815908432,7,a00010,indie
u00898,s000225,0.2900523245334625,8,a00077,edm
u00898,s000241,0.2849663496017456,9,a00084,hip-hop
u00898,s000037,0.26320749521255493,10,a00183,indie
u00455,s000427,0.6000014543533325,1,a00058,jazz
u00455,s000422,0.5183920860290527,2,a00006,jazz
u00455,s000464,0.42707160115242004,3,a00157,jazz
u00455,s000045,0.39512184262275696,4,a00075,jazz
u00455,s000453,0.38710182905197144,5,a00152,jazz
u00455,s000480,0.36353498697280884,6,a00009,jazz
u00455,s000046,0.3603394627571106,7,a00172,jazz
u00455,s000171,0.34520208835601807,8,a00031,jazz
u00455,s000400,0.34397023916244507,9,a00199,jazz
u00455,s000433,0.3353045582771301,10,a00102,hip-hop
u00577,s000339,0.6591747999191284,1,a00010,edm
u00577,s000025,0.5812681913375854,2,a00009,edm
u00577,s000494,0.5683003664016724,3,a00145,edm
u00577,s000105,0.5001243352890015,4,a00062,hip-hop
u00577,s000142,0.46782705187797546,5,a00087,latin
u00577,s000338,0.4346471428871155,6,a00148,edm
u00577,s000314,0.4194221496582031,7,a00133,edm
u00577,s000303,0.40891945362091064,8,a00164,edm
u00577,s000098,0.4067782163619995,9,a00148,edm
u00577,s000308,0.3776785731315613,10,a00116,rock
u00696,s000042,0.7084594964981079,1,a00156,indie
u00696,s000284,0.37313252687454224,2,a00021,indie
u00696,s000344,0.2955890893936157,3,a00186,indie
u00696,s000146,0.2856111526489258,4,a00062,indie
u00696,s000242,0.28427138924598694,5,a00146,indie
u00696,s000484,0.27814507484436035,6,a00083,indie
u00696,s000114,0.2649036645889282,7,a00136,indie
u00696,s000331,0.25867733359336853,8,a00192,edm
u00696,s000226,0.24632257223129272,9,a00031,indie
u00696,s000408,0.2427687644958496,10,a00025,indie
u00096,s000050,0.6307322978973389,1,a00114,pop
u00096,s000016,0.6208750605583191,2,a00037,pop
u00096,s000080,0.5773118734359741,3,a00119,jazz
u00096,s000022,0.5513013601303101,4,a00195,pop
u00096,s000035,0.5111923217773438,5,a00108,pop
u00096,s000473,0.46494942903518677,6,a00028,pop
u00096,s000299,0.45886367559432983,7,a00040,pop
u00096,s000405,0.41525015234947205,8,a00058,latin
u00096,s000206,0.36268407106399536,9,a00177,classical
u00096,s000205,0.3324071168899536,10,a00031,edm
u00261,s000123,0.5763174295425415,1,a00089,indie
u00261,s000496,0.5193096995353699,2,a00036,latin
u00261,s000025,0.505079448223114,3,a00009,edm
u00261,s000465,0.4995283782482147,4,a00012,edm
u00261,s000058,0.4653908610343933,5,a00010,edm
u00261,s000423,0.4542423486709595,6,a00136,indie
u00261,s000108,0.44176921248435974,7,a00114,edm
u00261,s000132,0.4186519384384155,8,a00170,edm
u00261,s000434,0.4146243631839752,9,a00016,hip-hop
u00261,s000000,0.413129061460495,10,a00178,edm
u00104,s000016,0.8437561988830566,1,a00037,pop
u00104,s000253,0.546908974647522,2,a00196,pop
u00104,s000071,0.5267149209976196,3,a00103,pop
u00104,s000300,0.510162889957428,4,a00165,indie
u00104,s000194,0.502795934677124,5,a00156,pop
u00104,s000248,0.4971783757209778,6,a00187,pop
u00104,s000131,0.4902248978614807,7,a00127,pop
u00104,s000270,0.47141140699386597,8,a00023,pop
u00104,s000441,0.4537646472454071,9,a00097,pop
u00104,s000390,0.45142728090286255,10,a00046,pop
u00264,s000480,0.8081108927726746,1,a00009,jazz
u00264,s000013,0.7896149158477783,2,a00154,jazz
u00264,s000045,0.6077951788902283,3,a00075,jazz
u00264,s000169,0.5027878284454346,4,a00183,jazz
u00264,s000453,0.48720479011535645,5,a00152,jazz
u00264,s000464,0.46847954392433167,6,a00157,jazz
u00264,s000100,0.4210558533668518,7,a00109,jazz
u00264,s000394,0.41903334856033325,8,a00082,classical
u00264,s000105,0.36742910742759705,9,a00062,hip-hop
u00264,s000422,0.36625537276268005,10,a00006,jazz
u00033,s000435,0.6929861307144165,1,a00013,pop
u00033,s000035,0.5312875509262085,2,a00108,pop
u00033,s000471,0.5220473408699036,3,a00038,pop
u00033,s000214,0.47956275939941406,4,a00071,pop
u00033,s000253,0.47708699107170105,5,a00196,pop
u00033,s000131,0.38182970881462097,6,a00127,pop
u00033,s000441,0.3702070116996765,7,a00097,pop
u00033,s000194,0.36760640144348145,8,a00156,pop
u00033,s000153,0.36490610241889954,9,a00080,pop
u00033,s000346,0.3276476263999939,10,a00053,jazz
u00592,s000005,0.6429151892662048,1,a00178,classical
u00592,s000161,0.5033653378486633,2,a00188,classical
u00592,s000160,0.4974803328514099,3,a00062,latin
u00592,s000268,0.4879794120788574,4,a00085,classical
u00592,s000451,0.4555732011795044,5,a00003,classical
u00592,s000014,0.43843570351600647,6,a00163,classical
u00592,s000304,0.3984214961528778,7,a00152,pop
u00592,s000470,0.3601168394088745,8,a00122,classical
u00592,s000298,0.3505416810512543,9,a00099,classical
u00592,s000364,0.33290547132492065,10,a00016,latin
u00785,s000312,0.6088246703147888,1,a00056,rock
u00785,s000487,0.5956280827522278,2,a00176,rock
u00785,s000220,0.5084677338600159,3,a00007,rock
u00785,s000085,0.5041888952255249,4,a00091,rock
u00785,s000325,0.47462597489356995,5,a00121,rock
u00785,s000003,0.39694663882255554,6,a00066,rock
u00785,s000139,0.39464032649993896,7,a00198,rock
u00785,s000054,0.3868023753166199,8,a00042,rock
u00785,s000260,0.38421398401260376,9,a00019,indie
u00785,s000469,0.3785058557987213,10,a00095,rock
u00345,s000332,0.8043016195297241,1,a00050,indie
u00345,s000244,0.6381551623344421,2,a00124,indie
u00345,s000347,0.5721922516822815,3,a00097,indie
u00345,s000020,0.5415343642234802,4,a00182,indie
u00345,s000360,0.54033362865448,5,a00153,edm
u00345,s000030,0.5196025967597961,6,a00117,indie
u00345,s000345,0.47464078664779663,7,a00038,jazz
u00345,s000489,0.427279531955719,8,a00172,rock
u00345,s000295,0.3950681686401367,9,a00127,pop
u00345,s000238,0.36227113008499146,10,a00006,rock
u00738,s000375,0.8580642938613892,1,a00171,classical
u00738,s000007,0.6687628030776978,2,a00041,classical
u00738,s000011,0.5458272099494934,3,a00156,classical
u00738,s000377,0.5300207138061523,4,a00101,classical
u00738,s000066,0.5154568552970886,5,a00089,classical
u00738,s000063,0.440138041973114,6,a00199,classical
u00738,s000327,0.4271983504295349,7,a00063,classical
u00738,s000040,0.3991836905479431,8,a00135,classical
u00738,s000122,0.3717902600765228,9,a00024,jazz
u00738,s000235,0.350135862827301,10,a00175,hip-hop
u00604,s000037,0.6626179218292236,1,a00183,indie
u00604,s000001,0.37271231412887573,2,a00197,indie
u00604,s000116,0.31521353125572205,3,a00056,indie
u00604,s000332,0.30062082409858704,4,a00050,indie
u00604,s000408,0.2633810341358185,5,a00025,indie
u00604,s000091,0.24874597787857056,6,a00039,indie
u00604,s000226,0.2475387305021286,7,a00031,indie
u00604,s000423,0.23098373413085938,8,a00136,indie
u00604,s000388,0.22455786168575287,9,a00056,indie
u00604,s000115,0.22330829501152039,10,a00179,indie
u00226,s000010,0.7662439942359924,1,a00110,classical
u00226,s000493,0.721243143081665,2,a00067,pop
u00226,s000161,0.6062043905258179,3,a00188,classical
u00226,s000412,0.5482016205787659,4,a00015,classical
u00226,s000013,0.52408367395401,5,a00154,jazz
u00226,s000014,0.510368824005127,6,a00163,classical
u00226,s000007,0.4247533679008484,7,a00041,classical
u00226,s000166,0.3988758325576782,8,a00140,classical
u00226,s000009,0.39677998423576355,9,a00014,latin
u00226,s000116,0.3839615285396576,10,a00056,indie
u00028,s000112,0.676733136177063,1,a00174,latin
u00028,s000447,0.6227070093154907,2,a00107,latin
u00028,s000031,0.6204371452331543,3,a00037,latin
u00028,s000477,0.5659233331680298,4,a00015,latin
u00028,s000237,0.5477308034896851,5,a00073,latin
u00028,s000036,0.517918586730957,6,a00179,latin
u00028,s000474,0.45673975348472595,7,a00189,latin
u00028,s000141,0.39346176385879517,8,a00197,rock
u00028,s000140,0.38293731212615967,9,a00179,edm
u00028,s000479,0.34951409697532654,10,a00120,latin
u00897,s000241,0.5259984731674194,1,a00084,hip-hop
u00897,s000091,0.4447171986103058,2,a00039,indie
u00897,s000309,0.4261621832847595,3,a00105,hip-hop
u00897,s000185,0.4241620898246765,4,a00193,hip-hop
u00897,s000081,0.3598597049713135,5,a00036,classical
u00897,s000235,0.35928696393966675,6,a00175,hip-hop
u00897,s000105,0.35179373621940613,7,a00062,hip-hop
u00897,s000334,0.3427840769290924,8,a00035,hip-hop
u00897,s000293,0.34211206436157227,9,a00069,rock
u00897,s000459,0.32695478200912476,10,a00125,jazz
u00947,s000275,0.6460950374603271,1,a00127,latin
u00947,s000449,0.4811025559902191,2,a00014,hip-hop
u00947,s000225,0.4671041667461395,3,a00077,edm
u00947,s000056,0.4391763210296631,4,a00068,latin
u00947,s000153,0.41767045855522156,5,a00080,pop
u00947,s000451,0.38632264733314514,6,a00003,classical
u00947,s000438,0.37872397899627686,7,a00107,latin
u00947,s000333,0.37664687633514404,8,a00180,latin
u00947,s000053,0.36593276262283325,9,a00025,indie
u00947,s000358,0.35069990158081055,10,a00189,hip-hop
u00679,s000196,0.5327610969543457,1,a00102,pop
u00679,s000023,0.5314947366714478,2,a00085,pop
u00679,s000270,0.466495543718338,3,a00023,pop
u00679,s000406,0.4426441490650177,4,a00153,pop
u00679,s000026,0.415460467338562,5,a00004,pop
u00679,s000163,0.36613863706588745,6,a00048,edm
u00679,s000409,0.36353275179862976,7,a00046,pop
u00679,s000071,0.3441350758075714,8,a00103,pop
u00679,s000022,0.34281647205352783,9,a00195,pop
u00679,s000314,0.33963924646377563,10,a00133,edm
u00698,s000122,0.6436713337898254,1,a00024,jazz
u00698,s000196,0.5693706274032593,2,a00102,pop
u00698,s000023,0.49901121854782104,3,a00085,pop
u00698,s000233,0.4989579916000366,4,a00141,rock
u00698,s000473,0.4638063311576843,5,a00028,pop
u00698,s000390,0.4184698164463043,6,a00046,pop
u00698,s000433,0.3948347568511963,7,a00102,hip-hop
u00698,s000297,0.3852003216743469,8,a00041,rock
u00698,s000441,0.37962213158607483,9,a00097,pop
u00698,s000478,0.37824469804763794,10,a00183,edm
u00347,s000008,0.5784026384353638,1,a00191,hip-hop
u00347,s000415,0.5240226984024048,2,a00150,hip-hop
u00347,s000083,0.5205785632133484,3,a00126,hip-hop
u00347,s000224,0.441167414188385,4,a00087,rock
u00347,s000059,0.43124616146087646,5,a00073,hip-hop
u00347,s000356,0.4197201728820801,6,a00147,hip-hop
u00347,s000144,0.39117056131362915,7,a00176,hip-hop
u00347,s000390,0.3865305185317993,8,a00046,pop
u00347,s000476,0.3381362557411194,9,a00184,indie
u00347,s000026,0.3322734534740448,10,a00004,pop
u00781,s000346,0.6291807889938354,1,a00053,jazz
u00781,s000411,0.5272970199584961,2,a00009,pop
u00781,s000211,0.5071811676025391,3,a00056,hip-hop
u00781,s000127,0.4173300862312317,4,a00134,pop
u00781,s000039,0.40130552649497986,5,a00156,jazz
u00781,s000046,0.3863198459148407,6,a00172,jazz
u00781,s000027,0.36823827028274536,7,a00122,jazz
u00781,s000013,0.36127594113349915,8,a00154,jazz
u00781,s000328,0.34661751985549927,9,a00129,edm
u00781,s000461,0.30197957158088684,10,a00054,classical
u00067,s000384,0.5411934852600098,1,a00048,rock
u00067,s000157,0.5216526389122009,2,a00147,rock
u00067,s000017,0.4633801579475403,3,a00184,jazz
u00067,s000004,0.4111974239349365,4,a00134,rock
u00067,s000488,0.40835997462272644,5,a00002,rock
u00067,s000445,0.36953744292259216,6,a00167,rock
u00067,s000236,0.34601902961730957,7,a00006,rock
u00067,s000490,0.3428247272968292,8,a00141,rock
u00067,s000187,0.33286988735198975,9,a00113,rock
u00067,s000238,0.3150935471057892,10,a00006,rock
u00169,s000015,0.8484091758728027,1,a00156,edm
u00169,s000097,0.2822028398513794,2,a00100,edm
u00169,s000140,0.25639939308166504,3,a00179,edm
u00169,s000467,0.23448993265628815,4,a00017,edm
u00169,s000465,0.23059135675430298,5,a00012,edm
u00169,s000287,0.21621975302696228,6,a00185,edm
u00169,s000393,0.2146448791027069,7,a00079,edm
u00169,s000167,0.2104174941778183,8,a00178,edm
u00169,s000365,0.2103818953037262,9,a00128,edm
u00169,s000361,0.20397530496120453,10,a00193,edm
u00460,s000127,0.7970420718193054,1,a00134,pop
u00460,s000050,0.48622068762779236,2,a00114,pop
u00460,s000100,0.42584627866744995,3,a00109,jazz
u00460,s000299,0.41260796785354614,4,a00040,pop
u00460,s000473,0.39753639698028564,5,a00028,pop
u00460,s000178,0.38230466842651367,6,a00167,indie
u00460,s000099,0.3572724759578705,7,a00089,jazz
u00460,s000080,0.3484656810760498,8,a00119,jazz
u00460,s000214,0.33152544498443604,9,a00071,pop
u00460,s000212,0.3138153851032257,10,a00066,pop
u00884,s000154,0.5505157709121704,1,a00083,latin
u00884,s000333,0.48977038264274597,2,a00180,latin
u00884,s000036,0.46351882815361023,3,a00179,latin
u00884,s000331,0.44235217571258545,4,a00192,edm
u00884,s000373,0.4055812358856201,5,a00130,pop
u00884,s000216,0.3957955241203308,6,a00066,edm
u00884,s000477,0.39387160539627075,7,a00015,latin
u00884,s000177,0.3920179009437561,8,a00143,latin
u00884,s000009,0.35442522168159485,9,a00014,latin
u00884,s000475,0.3492569923400879,10,a00061,latin
u00452,s000025,0.7613267302513123,1,a00009,edm
u00452,s000128,0.47729063034057617,2,a00161,edm
u00452,s000167,0.44437259435653687,3,a00178,edm
u00452,s000467,0.43064752221107483,4,a00017,edm
u00452,s000110,0.41671013832092285,5,a00142,rock
u00452,s000339,0.3986964821815491,6,a00010,edm
u00452,s000066,0.3534305691719055,7,a00089,classical
u00452,s000358,0.3506726324558258,8,a00189,hip-hop
u00452,s000369,0.33184561133384705,9,a00041,pop
u00452,s000103,0.32122892141342163,10,a00056,rock
u00400,s000245,0.5405055284500122,1,a00146,latin
u00400,s000392,0.4866439700126648,2,a00061,latin
u00400,s000216,0.4444054067134857,3,a00066,edm
u00400,s000104,0.42226648330688477,4,a00000,edm
u00400,s000154,0.39246273040771484,5,a00083,latin
u00400,s000252,0.3545275330543518,6,a00046,latin
u00400,s000231,0.33027157187461853,7,a00164,latin
u00400,s000142,0.3124542832374573,8,a00087,latin
u00400,s000497,0.3120774030685425,9,a00152,latin
u00400,s000474,0.29802748560905457,10,a00189,latin
u00491,s000028,0.7025277018547058,1,a00073,classical
u00491,s000029,0.5958048105239868,2,a00096,classical
u00491,s000418,0.550007700920105,3,a00134,classical
u00491,s000106,0.5165286064147949,4,a00181,classical
u00491,s000498,0.5009595155715942,5,a00175,jazz
u00491,s000461,0.459949254989624,6,a00054,classical
u00491,s000014,0.4240957796573639,7,a00163,classical
u00491,s000260,0.38558322191238403,8,a00019,indie
u00491,s000399,0.37709569931030273,9,a00197,classical
u00491,s000382,0.3634570837020874,10,a00043,jazz
u00242,s000381,0.498108446598053,1,a00100,hip-hop
u00242,s000350,0.43898123502731323,2,a00151,hip-hop
u00242,s000105,0.4224855601787567,3,a00062,hip-hop
u00242,s000185,0.4062950611114502,4,a00193,hip-hop
u00242,s000170,0.36955055594444275,5,a00061,latin
u00242,s000457,0.3593335747718811,6,a00169,hip-hop
u00242,s000358,0.3580092787742615,7,a00189,hip-hop
u00242,s000398,0.35390859842300415,8,a00117,hip-hop
u00242,s000060,0.3430561423301697,9,a00103,rock
u00242,s000124,0.31242454051971436,10,a00074,edm
u00907,s000039,0.6724121570587158,1,a00156,jazz
u00907,s000427,0.5476652383804321,2,a00058,jazz
u00907,s000324,0.4587359130382538,3,a00189,classical
u00907,s000422,0.42491912841796875,4,a00006,jazz
u00907,s000382,0.39802345633506775,5,a00043,jazz
u00907,s000275,0.37158775329589844,6,a00127,latin
u00907,s000444,0.3601987361907959,7,a00170,jazz
u00907,s000148,0.3195372223854065,8,a00153,jazz
u00907,s000438,0.315130352973938,9,a00107,latin
u00907,s000259,0.31376028060913086,10,a00139,jazz
u00367,s000264,0.46256184577941895,1,a00136,edm
u00367,s000022,0.4618168771266937,2,a00195,pop
u00367,s000089,0.4471989870071411,3,a00050,pop
u00367,s000026,0.4436963200569153,4,a00004,pop
u00367,s000023,0.43778008222579956,5,a00085,pop
u00367,s000201,0.42228853702545166,6,a00161,pop
u00367,s000435,0.4031514823436737,7,a00013,pop
u00367,s000275,0.36605018377304077,8,a00127,latin
u00367,s000438,0.3280003070831299,9,a00107,latin
u00367,s000227,0.28648245334625244,10,a00119,latin
u00818,s000083,0.7552021741867065,1,a00126,hip-hop
u00818,s000267,0.42665523290634155,2,a00098,hip-hop
u00818,s000050,0.40420466661453247,3,a00114,pop
u00818,s000350,0.39957839250564575,4,a00151,hip-hop
u00818,s000159,0.3814382553100586,5,a00085,hip-hop
u00818,s000126,0.33713966608047485,6,a00129,hip-hop
u00818,s000315,0.3279183506965637,7,a00167,hip-hop
u00818,s000185,0.32667022943496704,8,a00193,hip-hop
u00818,s000398,0.31967875361442566,9,a00117,hip-hop
u00818,s000144,0.313051700592041,10,a00176,hip-hop
u00053,s000468,0.605051577091217,1,a00159,hip-hop
u00053,s000126,0.5796520113945007,2,a00129,hip-hop
u00053,s000385,0.5794711112976074,3,a00188,hip-hop
u00053,s000105,0.49680131673812866,4,a00062,hip-hop
u00053,s000433,0.4923253655433655,5,a00102,hip-hop
u00053,s000356,0.4902215003967285,6,a00147,hip-hop
u00053,s000235,0.40639400482177734,7,a00175,hip-hop
u00053,s000261,0.3641276955604553,8,a00004,jazz
u00053,s000288,0.3625725209712982,9,a00028,hip-hop
u00053,s000442,0.355906218290329,10,a00130,hip-hop
u00057,s000276,0.5894936323165894,1,a00113,rock
u00057,s000232,0.4423154890537262,2,a00181,classical
u00057,s000085,0.4325976073741913,3,a00091,rock
u00057,s000302,0.41426020860671997,4,a00016,indie
u00057,s000268,0.3804108202457428,5,a00085,classical
u00057,s000045,0.325392484664917,6,a00075,jazz
u00057,s000299,0.304779052734375,7,a00040,pop
u00057,s000226,0.2990123927593231,8,a00031,indie
u00057,s000261,0.2984382212162018,9,a00004,jazz
u00057,s000356,0.2973431646823883,10,a00147,hip-hop
u00308,s000142,0.5685263872146606,1,a00087,latin
u00308,s000341,0.5568657517433167,2,a00010,latin
u00308,s000435,0.5308053493499756,3,a00013,pop
u00308,s000189,0.4982479512691498,4,a00178,latin
u00308,s000082,0.43068498373031616,5,a00071,classical
u00308,s000053,0.403473436832428,6,a00025,indie
u00308,s000241,0.38961291313171387,7,a00084,hip-hop
u00308,s000284,0.37029895186424255,8,a00021,indie
u00308,s000364,0.3653719425201416,9,a00016,latin
u00308,s000273,0.3642885684967041,10,a00119,jazz
u00536,s000447,0.6551132202148438,1,a00107,latin
u00536,s000036,0.6449885964393616,2,a00179,latin
u00536,s000333,0.5266456604003906,3,a00180,latin
u00536,s000373,0.5160956978797913,4,a00130,pop
u00536,s000320,0.4653577208518982,5,a00137,latin
u00536,s000304,0.4497371315956116,6,a00152,pop
u00536,s000188,0.4244599938392639,7,a00165,jazz
u00536,s000435,0.3531128168106079,8,a00013,pop
u00536,s000489,0.351548433303833,9,a00172,rock
u00536,s000275,0.30688756704330444,10,a00127,latin
u00507,s000366,0.6624510884284973,1,a00060,jazz
u00507,s000382,0.6464618444442749,2,a00043,jazz
u00507,s000197,0.6387125253677368,3,a00130,jazz
u00507,s000374,0.5041068196296692,4,a00107,jazz
u00507,s000229,0.4342100918292999,5,a00143,jazz
u00507,s000272,0.4282950162887573,6,a00157,jazz
u00507,s000407,0.41274067759513855,7,a00108,classical
u00507,s000444,0.40316569805145264,8,a00170,jazz
u00507,s000314,0.4023606479167938,9,a00133,edm
u00507,s000169,0.39421510696411133,10,a00183,jazz
u00417,s000248,0.6414334774017334,1,a00187,pop
u00417,s000095,0.5470356941223145,2,a00000,pop
u00417,s000023,0.5161684155464172,3,a00085,pop
u00417,s000158,0.49469244480133057,4,a00117,hip-hop
u00417,s000060,0.466855525970459,5,a00103,rock
u00417,s000253,0.45883604884147644,6,a00196,pop
u00417,s000373,0.3938136696815491,7,a00130,pop
u00417,s000300,0.38545358180999756,8,a00165,indie
u00417,s000159,0.38405296206474304,9,a00085,hip-hop
u00417,s000070,0.3737548291683197,10,a00140,classical
u00672,s000084,0.7079054117202759,1,a00105,edm
u00672,s000132,0.6808885335922241,2,a00170,edm
u00672,s000015,0.5831820368766785,3,a00156,edm
u00672,s000383,0.47896531224250793,4,a00186,hip-hop
u00672,s000034,0.4764519929885864,5,a00046,rock
u00672,s000070,0.43268394470214844,6,a00140,classical
u00672,s000128,0.3959832787513733,7,a00161,edm
u00672,s000006,0.3875938355922699,8,a00199,hip-hop
u00672,s000477,0.38162633776664734,9,a00015,latin
u00672,s000374,0.3802715837955475,10,a00107,jazz
u00439,s000027,0.5417839884757996,1,a00122,jazz
u00439,s000191,0.48332521319389343,2,a00131,jazz
u00439,s000483,0.472775936126709,3,a00102,rock
u00439,s000046,0.4708994925022125,4,a00172,jazz
u00439,s000296,0.44203662872314453,5,a00084,jazz
u00439,s000406,0.39965981245040894,6,a00153,pop
u00439,s000103,0.39428022503852844,7,a00056,rock
u00439,s000229,0.3869110941886902,8,a00143,jazz
u00439,s000422,0.3824945390224457,9,a00006,jazz
u00439,s000459,0.36978036165237427,10,a00125,jazz
u00165,s000003,0.5804721117019653,1,a00066,rock
u00165,s000297,0.46323680877685547,2,a00041,rock
u00165,s000454,0.45586246252059937,3,a00140,rock
u00165,s000397,0.43028467893600464,4,a00080,indie
u00165,s000312,0.4195011556148529,5,a00056,rock
u00165,s000070,0.40569013357162476,6,a00140,classical
u00165,s000089,0.384348064661026,7,a00050,pop
u00165,s000498,0.3692430853843689,8,a00175,jazz
u00165,s000021,0.36862021684646606,9,a00032,rock
u00165,s000028,0.35279613733291626,10,a00073,classical
u00854,s000492,0.8643776178359985,1,a00157,indie
u00854,s000115,0.6817324757575989,2,a00179,indie
u00854,s000266,0.6406278014183044,3,a00171,indie
u00854,s000053,0.4376051723957062,4,a00025,indie
u00854,s000001,0.42723920941352844,5,a00197,indie
u00854,s000298,0.3606148064136505,6,a00099,classical
u00854,s000363,0.3565952181816101,7,a00039,edm
u00854,s000176,0.34562671184539795,8,a00029,indie
u00854,s000091,0.3453981280326843,9,a00039,indie
u00854,s000423,0.3363869786262512,10,a00136,indie
u00568,s000388,0.5803855061531067,1,a00056,indie
u00568,s000042,0.5164919495582581,2,a00156,indie
u00568,s000260,0.4577494263648987,3,a00019,indie
u00568,s000001,0.4016169607639313,4,a00197,indie
u00568,s000188,0.3730633854866028,5,a00165,jazz
u00568,s000441,0.3471614122390747,6,a00097,pop
u00568,s000359,0.32465797662734985,7,a00108,indie
u00568,s000030,0.32423511147499084,8,a00117,indie
u00568,s000062,0.30848217010498047,9,a00133,indie
u00568,s000469,0.2849736213684082,10,a00095,rock
u00759,s000484,0.6611382961273193,1,a00083,indie
u00759,s000037,0.614912748336792,2,a00183,indie
u00759,s000001,0.5281546711921692,3,a00197,indie
u00759,s000455,0.42110151052474976,4,a00160,classical
u00759,s000231,0.39849185943603516,5,a00164,latin
u00759,s000113,0.3960888385772705,6,a00052,indie
u00759,s000302,0.38953039050102234,7,a00016,indie
u00759,s000490,0.3564938008785248,8,a00141,rock
u00759,s000363,0.3404163122177124,9,a00039,edm
u00759,s000268,0.3336317539215088,10,a00085,classical
u00776,s000002,0.5247740745544434,1,a00133,rock
u00776,s000445,0.46771618723869324,2,a00167,rock
u00776,s000483,0.3870878219604492,3,a00102,rock
u00776,s000386,0.38419151306152344,4,a00016,rock
u00776,s000428,0.3539922535419464,5,a00081,edm
u00776,s000440,0.3293231129646301,6,a00044,rock
u00776,s000265,0.31573227047920227,7,a00052,jazz
u00776,s000139,0.30099907517433167,8,a00198,rock
u00776,s000393,0.2992902398109436,9,a00079,edm
u00776,s000468,0.29561159014701843,10,a00159,hip-hop
u00468,s000014,0.5886797308921814,1,a00163,classical
u00468,s000209,0.5167794227600098,2,a00007,classical
u00468,s000055,0.4374307692050934,3,a00026,classical
u00468,s000255,0.4119878113269806,4,a00010,pop
u00468,s000028,0.3765706717967987,5,a00073,classical
u00468,s000394,0.3734772801399231,6,a00082,classical
u00468,s000278,0.36959338188171387,7,a00013,classical
u00468,s000047,0.36161595582962036,8,a00129,rock
u00468,s000291,0.3538416028022766,9,a00036,classical
u00468,s000353,0.34932589530944824,10,a00055,edm
u00474,s000273,0.6813675165176392,1,a00119,jazz
u00474,s000464,0.6603516340255737,2,a00157,jazz
u00474,s000422,0.6014586687088013,3,a00006,jazz
u00474,s000427,0.5920118689537048,4,a00058,jazz
u00474,s000191,0.5573031306266785,5,a00131,jazz
u00474,s000218,0.4707174599170685,6,a00096,classical
u00474,s000382,0.449819952249527,7,a00043,jazz
u00474,s000374,0.4486822783946991,8,a00107,jazz
u00474,s000046,0.4252473711967468,9,a00172,jazz
u00474,s000065,0.401220440864563,10,a00046,jazz
u00376,s000433,0.4344656765460968,1,a00102,hip-hop
u00376,s000398,0.33248722553253174,2,a00117,hip-hop
u00376,s000348,0.32711660861968994,3,a00054,latin
u00376,s000411,0.31426823139190674,4,a00009,pop
u00376,s000141,0.30251702666282654,5,a00197,rock
u00376,s000358,0.30007779598236084,6,a00189,hip-hop
u00376,s000102,0.29905709624290466,7,a00181,hip-hop
u00376,s000385,0.2894020080566406,8,a00188,hip-hop
u00376,s000026,0.2847942113876343,9,a00004,pop
u00376,s000216,0.2743077278137207,10,a00066,edm
u00402,s000169,0.6931360960006714,1,a00183,jazz
u00402,s000425,0.4379076361656189,2,a00175,edm
u00402,s000366,0.410457044839859,3,a00060,jazz
u00402,s000272,0.39513126015663147,4,a00157,jazz
u00402,s000374,0.3914865553379059,5,a00107,jazz
u00402,s000095,0.3210785388946533,6,a00000,pop
u00402,s000045,0.31024348735809326,7,a00075,jazz
u00402,s000315,0.30556002259254456,8,a00167,hip-hop
u00402,s000345,0.2800670266151428,9,a00038,jazz
u00402,s000261,0.27945107221603394,10,a00004,jazz
u00720,s000035,0.6410841345787048,1,a00108,pop
u00720,s000026,0.618238627910614,2,a00004,pop
u00720,s000023,0.5130881667137146,3,a00085,pop
u00720,s000409,0.4317518472671509,4,a00046,pop
u00720,s000024,0.42481663823127747,5,a00065,latin
u00720,s000122,0.38769492506980896,6,a00024,jazz
u00720,s000261,0.37503188848495483,7,a00004,jazz
u00720,s000279,0.37395498156547546,8,a00008,hip-hop
u00720,s000390,0.32320165634155273,9,a00046,pop
u00720,s000137,0.31688299775123596,10,a00151,pop
u00153,s000027,0.5944265723228455,1,a00122,jazz
u00153,s000407,0.4990301728248596,2,a00108,classical
u00153,s000363,0.48890525102615356,3,a00039,edm
u00153,s000171,0.47988709807395935,4,a00031,jazz
u00153,s000439,0.4462057948112488,5,a00187,jazz
u00153,s000275,0.445662260055542,6,a00127,latin
u00153,s000422,0.41277366876602173,7,a00006,jazz
u00153,s000167,0.40921923518180847,8,a00178,edm
u00153,s000427,0.40109479427337646,9,a00058,jazz
u00153,s000148,0.3756972551345825,10,a00153,jazz
u00833,s000356,0.7184616327285767,1,a00147,hip-hop
u00833,s000059,0.5131417512893677,2,a00073,hip-hop
u00833,s000358,0.49656885862350464,3,a00189,hip-hop
u00833,s000334,0.435091495513916,4,a00035,hip-hop
u00833,s000496,0.41619807481765747,5,a00036,latin
u00833,s000309,0.3782481849193573,6,a00105,hip-hop
u00833,s000277,0.3767484426498413,7,a00114,indie
u00833,s000063,0.36710506677627563,8,a00199,classical
u00833,s000329,0.31617027521133423,9,a00053,classical
u00833,s000026,0.3045312166213989,10,a00004,pop
u00401,s000083,0.45400017499923706,1,a00126,hip-hop
u00401,s000128,0.43888217210769653,2,a00161,edm
u00401,s000059,0.39939868450164795,3,a00073,hip-hop
u00401,s000457,0.34087440371513367,4,a00169,hip-hop
u00401,s000347,0.33116546273231506,5,a00097,indie
u00401,s000360,0.3284275233745575,6,a00153,edm
u00401,s000385,0.3015081286430359,7,a00188,hip-hop
u00401,s000485,0.29494157433509827,8,a00132,indie
u00401,s000163,0.28270241618156433,9,a00048,edm
u00401,s000353,0.279884397983551,10,a00055,edm
u00514,s000035,0.5313678979873657,1,a00108,pop
u00514,s000473,0.3442137837409973,2,a00028,pop
u00514,s000270,0.302435040473938,3,a00023,pop
u00514,s000050,0.2790588438510895,4,a00114,pop
u00514,s000269,0.27123114466667175,5,a00107,pop
u00514,s000299,0.24737548828125,6,a00040,pop
u00514,s000295,0.23561090230941772,7,a00127,pop
u00514,s000153,0.22654587030410767,8,a00080,pop
u00514,s000390,0.21647819876670837,9,a00046,pop
u00514,s000196,0.21168896555900574,10,a00102,pop
u00992,s000390,0.5547410249710083,1,a00046,pop
u00992,s000026,0.5223836898803711,2,a00004,pop
u00992,s000196,0.497442364692688,3,a00102,pop
u00992,s000248,0.4970294237136841,4,a00187,pop
u00992,s000441,0.490469753742218,5,a00097,pop
u00992,s000493,0.4797728955745697,6,a00067,pop
u00992,s000286,0.4755552411079407,7,a00153,pop
u00992,s000417,0.421129435300827,8,a00085,indie
u00992,s000122,0.40577828884124756,9,a00024,jazz
u00992,s000212,0.40400880575180054,10,a00066,pop
u00369,s000093,0.9169721007347107,1,a00010,indie
u00369,s000053,0.5501279830932617,2,a00025,indie
u00369,s000363,0.5456761121749878,3,a00039,edm
u00369,s000146,0.5388137102127075,4,a00062,indie
u00369,s000020,0.4958561062812805,5,a00182,indie
u00369,s000001,0.4375084340572357,6,a00197,indie
u00369,s000049,0.436893105506897,7,a00094,rock
u00369,s000332,0.4111431837081909,8,a00050,indie
u00369,s000434,0.40771570801734924,9,a00016,hip-hop
u00369,s000440,0.40469834208488464,10,a00044,rock
u00924,s000004,0.48740869760513306,1,a00134,rock
u00924,s000440,0.4701012074947357,2,a00044,rock
u00924,s000471,0.46914005279541016,3,a00038,pop
u00924,s000054,0.4096444249153137,4,a00042,rock
u00924,s000369,0.395016610622406,5,a00041,pop
u00924,s000428,0.38103678822517395,6,a00081,edm
u00924,s000207,0.3795431852340698,7,a00134,edm
u00924,s000421,0.3724547028541565,8,a00116,rock
u00924,s000095,0.32886603474617004,9,a00000,pop
u00924,s000327,0.3269284963607788,10,a00063,classical
u00644,s000036,0.5010191202163696,1,a00179,latin
u00644,s000392,0.47368407249450684,2,a00061,latin
u00644,s000245,0.41509145498275757,3,a00146,latin
u00644,s000186,0.34587937593460083,4,a00112,latin
u00644,s000177,0.34163957834243774,5,a00143,latin
u00644,s000018,0.33489441871643066,6,a00096,latin
u00644,s000450,0.3338656425476074,7,a00119,latin
u00644,s000092,0.3259991407394409,8,a00040,latin
u00644,s000156,0.32279032468795776,9,a00176,pop
u00644,s000087,0.3120776414871216,10,a00121,latin
u00321,s000011,0.6584672927856445,1,a00156,classical
u00321,s000068,0.5827788710594177,2,a00106,classical
u00321,s000005,0.5616251230239868,3,a00178,classical
u00321,s000218,0.5453802347183228,4,a00096,classical
u00321,s000377,0.4649887681007385,5,a00101,classical
u00321,s000151,0.446853905916214,6,a00048,classical
u00321,s000081,0.4002155661582947,7,a00036,classical
u00321,s000118,0.381115198135376,8,a00153,classical
u00321,s000232,0.3134526014328003,9,a00181,classical
u00321,s000171,0.310930460691452,10,a00031,jazz
u00940,s000350,0.610663652420044,1,a00151,hip-hop
u00940,s000385,0.5911914706230164,2,a00188,hip-hop
u00940,s000158,0.5848600268363953,3,a00117,hip-hop
u00940,s000292,0.4683525860309601,4,a00074,hip-hop
u00940,s000137,0.4508175253868103,5,a00151,pop
u00940,s000267,0.4318535625934601,6,a00098,hip-hop
u00940,s000325,0.3939532935619354,7,a00121,rock
u00940,s000484,0.39046576619148254,8,a00083,indie
u00940,s000170,0.38681119680404663,9,a00061,latin
u00940,s000104,0.377562552690506,10,a00000,edm
u00130,s000241,0.5244807600975037,1,a00084,hip-hop
u00130,s000395,0.5242445468902588,2,a00007,edm
u00130,s000159,0.51987224817276,3,a00085,hip-hop
u00130,s000350,0.4612354040145874,4,a00151,hip-hop
u00130,s000461,0.41303783655166626,5,a00054,classical
u00130,s000328,0.4002232849597931,6,a00129,edm
u00130,s000288,0.39310896396636963,7,a00028,hip-hop
u00130,s000235,0.39115777611732483,8,a00175,hip-hop
u00130,s000138,0.35975128412246704,9,a00024,hip-hop
u00130,s000292,0.3483303487300873,10,a00074,hip-hop
u00095,s000084,0.7424354553222656,1,a00105,edm
u00095,s000033,0.6743643283843994,2,a00158,edm
u00095,s000380,0.6230769157409668,3,a00018,edm
u00095,s000144,0.6145074367523193,4,a00176,hip-hop
u00095,s000448,0.5324497222900391,5,a00038,edm
u00095,s000465,0.5080137848854065,6,a00012,edm
u00095,s000442,0.448464572429657,7,a00130,hip-hop
u00095,s000395,0.43354928493499756,8,a00007,edm
u00095,s000328,0.4061356782913208,9,a00129,edm
u00095,s000167,0.39011311531066895,10,a00178,edm
u00926,s000011,0.6350359916687012,1,a00156,classical
u00926,s000455,0.5236088037490845,2,a00160,classical
u00926,s000066,0.49763011932373047,3,a00089,classical
u00926,s000268,0.4469236731529236,4,a00085,classical
u00926,s000214,0.40163227915763855,5,a00071,pop
u00926,s000040,0.34683817625045776,6,a00135,classical
u00926,s000029,0.34491679072380066,7,a00096,classical
u00926,s000298,0.3385580778121948,8,a00099,classical
u00926,s000412,0.3253714442253113,9,a00015,classical
u00926,s000034,0.28506216406822205,10,a00046,rock
u00373,s000405,0.6214350461959839,1,a00058,latin
u00373,s000372,0.5444673299789429,2,a00034,latin
u00373,s000438,0.5279654264450073,3,a00107,latin
u00373,s000499,0.42567169666290283,4,a00192,indie
u00373,s000154,0.407489538192749,5,a00083,latin
u00373,s000496,0.3882961869239807,6,a00036,latin
u00373,s000479,0.38194671273231506,7,a00120,latin
u00373,s000177,0.3573760390281677,8,a00143,latin
u00373,s000181,0.32660916447639465,9,a00000,latin
u00373,s000307,0.31244945526123047,10,a00086,latin
u00775,s000005,0.5725715160369873,1,a00178,classical
u00775,s000327,0.45366859436035156,2,a00063,classical
u00775,s000375,0.41582226753234863,3,a00171,classical
u00775,s000040,0.36399781703948975,4,a00135,classical
u00775,s000461,0.35837098956108093,5,a00054,classical
u00775,s000163,0.32144731283187866,6,a00048,edm
u00775,s000149,0.30147677659988403,7,a00155,rock
u00775,s000066,0.29653501510620117,8,a00089,classical
u00775,s000019,0.2840100824832916,9,a00154,classical
u00775,s000235,0.2837381958961487,10,a00175,hip-hop
u00020,s000012,0.6446688175201416,1,a00032,edm
u00020,s000393,0.48652520775794983,2,a00079,edm
u00020,s000287,0.444454163312912,3,a00185,edm
u00020,s000339,0.420424222946167,4,a00010,edm
u00020,s000264,0.36194515228271484,5,a00136,edm
u00020,s000328,0.3155936300754547,6,a00129,edm
u00020,s000448,0.3077036440372467,7,a00038,edm
u00020,s000383,0.3033214211463928,8,a00186,hip-hop
u00020,s000428,0.30055490136146545,9,a00081,edm
u00020,s000494,0.28176864981651306,10,a00145,edm
u00162,s000018,0.4522382616996765,1,a00096,latin
u00162,s000307,0.37098485231399536,2,a00086,latin
u00162,s000320,0.358310729265213,3,a00137,latin
u00162,s000496,0.33697426319122314,4,a00036,latin
u00162,s000237,0.33251458406448364,5,a00073,latin
u00162,s000252,0.32827168703079224,6,a00046,latin
u00162,s000194,0.3168335258960724,7,a00156,pop
u00162,s000112,0.3137362599372864,8,a00174,latin
u00162,s000402,0.3107239007949829,9,a00088,rock
u00162,s000024,0.2889956831932068,10,a00065,latin
u00047,s000388,0.7942317128181458,1,a00056,indie
u00047,s000042,0.7940329909324646,2,a00156,indie
u00047,s000113,0.6720937490463257,3,a00052,indie
u00047,s000262,0.5145847201347351,4,a00036,indie
u00047,s000265,0.4808620512485504,5,a00052,jazz
u00047,s000098,0.4609612226486206,6,a00148,edm
u00047,s000423,0.41896337270736694,7,a00136,indie
u00047,s000338,0.40312784910202026,8,a00148,edm
u00047,s000258,0.3929540514945984,9,a00118,latin
u00047,s000021,0.364571213722229,10,a00032,rock
u00464,s000008,0.44464603066444397,1,a00191,hip-hop
u00464,s000204,0.4229431450366974,2,a00054,classical
u00464,s000452,0.39788883924484253,3,a00092,latin
u00464,s000059,0.3821524679660797,4,a00073,hip-hop
u00464,s000410,0.36224716901779175,5,a00031,hip-hop
u00464,s000475,0.3580717444419861,6,a00061,latin
u00464,s000450,0.3138316869735718,7,a00119,latin
u00464,s000235,0.29865431785583496,8,a00175,hip-hop
u00464,s000152,0.2708683907985687,9,a00198,hip-hop
u00464,s000476,0.2600136399269104,10,a00184,indie
u00253,s000068,0.5955365300178528,1,a00106,classical
u00253,s000427,0.5821700692176819,2,a00058,jazz
u00253,s000011,0.5335543155670166,3,a00156,classical
u00253,s000005,0.5020638704299927,4,a00178,classical
u00253,s000493,0.47076672315597534,5,a00067,pop
u00253,s000052,0.44074082374572754,6,a00035,jazz
u00253,s000195,0.4352063536643982,7,a00054,classical
u00253,s000265,0.43273574113845825,8,a00052,jazz
u00253,s000116,0.4128127694129944,9,a00056,indie
u00253,s000137,0.3602360486984253,10,a00151,pop
u00721,s000013,0.5438421368598938,1,a00154,jazz
u00721,s000368,0.3845045566558838,2,a00103,rock
u00721,s000400,0.3754022717475891,3,a00199,jazz
u00721,s000149,0.333150178194046,4,a00155,rock
u00721,s000449,0.3323756158351898,5,a00014,hip-hop
u00721,s000016,0.32079964876174927,6,a00037,pop
u00721,s000190,0.31706786155700684,7,a00062,jazz
u00721,s000361,0.2963256239891052,8,a00193,edm
u00721,s000452,0.29479336738586426,9,a00092,latin
u00721,s000097,0.28944826126098633,10,a00100,edm
u00054,s000067,0.5684881210327148,1,a00045,indie
u00054,s000338,0.5296534299850464,2,a00148,edm
u00054,s000113,0.5277129411697388,3,a00052,indie
u00054,s000123,0.4413764476776123,4,a00089,indie
u00054,s000388,0.4327819049358368,5,a00056,indie
u00054,s000037,0.42676833271980286,6,a00183,indie
u00054,s000483,0.3883310854434967,7,a00102,rock
u00054,s000151,0.36068984866142273,8,a00048,classical
u00054,s000058,0.35386282205581665,9,a00010,edm
u00054,s000318,0.35245993733406067,10,a00052,pop
u00599,s000015,0.8399360775947571,1,a00156,edm
u00599,s000097,0.28550052642822266,2,a00100,edm
u00599,s000140,0.25687041878700256,3,a00179,edm
u00599,s000467,0.2301557958126068,4,a00017,edm
u00599,s000465,0.22666537761688232,5,a00012,edm
u00599,s000287,0.21824099123477936,6,a00185,edm
u00599,s000365,0.2140190303325653,7,a00128,edm
u00599,s000393,0.20928463339805603,8,a00079,edm
u00599,s000167,0.20644627511501312,9,a00178,edm
u00599,s000361,0.2053872048854828,10,a00193,edm
u00391,s000013,0.5690228939056396,1,a00154,jazz
u00391,s000265,0.48440098762512207,2,a00052,jazz
u00391,s000027,0.40439271926879883,3,a00122,jazz
u00391,s000080,0.34957355260849,4,a00119,jazz
u00391,s000366,0.29340261220932007,5,a00060,jazz
u00391,s000346,0.2916351556777954,6,a00053,jazz
u00391,s000163,0.27404341101646423,7,a00048,edm
u00391,s000245,0.26920634508132935,8,a00146,latin
u00391,s000067,0.26786816120147705,9,a00045,indie
u00391,s000316,0.2658274173736572,10,a00097,pop
u00973,s000172,0.8465919494628906,1,a00157,jazz
u00973,s000401,0.5645670890808105,2,a00024,jazz
u00973,s000039,0.5597788095474243,3,a00156,jazz
u00973,s000198,0.46615472435951233,4,a00031,jazz
u00973,s000257,0.4395137429237366,5,a00194,jazz
u00973,s000447,0.4315468966960907,6,a00107,latin
u00973,s000402,0.407814085483551,7,a00088,rock
u00973,s000346,0.40108466148376465,8,a00053,jazz
u00973,s000169,0.37094706296920776,9,a00183,jazz
u00973,s000260,0.35915982723236084,10,a00019,indie
u00724,s000238,0.6181858777999878,1,a00006,rock
u00724,s000440,0.4959803819656372,2,a00044,rock
u00724,s000420,0.4851716458797455,3,a00078,rock
u00724,s000243,0.4609668254852295,4,a00111,indie
u00724,s000489,0.4249221980571747,5,a00172,rock
u00724,s000156,0.4189586639404297,6,a00176,pop
u00724,s000450,0.40094542503356934,7,a00119,latin
u00724,s000204,0.3978966474533081,8,a00054,classical
u00724,s000004,0.3696829676628113,9,a00134,rock
u00724,s000038,0.3382755219936371,10,a00014,rock
u00390,s000427,1.1434860229492188,1,a00058,jazz
u00390,s000273,0.6703764200210571,2,a00119,jazz
u00390,s000045,0.5685355067253113,3,a00075,jazz
u00390,s000039,0.5606833696365356,4,a00156,jazz
u00390,s000100,0.4577594995498657,5,a00109,jazz
u00390,s000259,0.45126795768737793,6,a00139,jazz
u00390,s000089,0.43015021085739136,7,a00050,pop
u00390,s000242,0.4165731966495514,8,a00146,indie
u00390,s000453,0.4091569781303406,9,a00152,jazz
u00390,s000169,0.4080171287059784,10,a00183,jazz
u00237,s000314,0.7087700366973877,1,a00133,edm
u00237,s000494,0.7013750076293945,2,a00145,edm
u00237,s000098,0.5493260025978088,3,a00148,edm
u00237,s000025,0.5289437174797058,4,a00009,edm
u00237,s000033,0.48587536811828613,5,a00158,edm
u00237,s000303,0.4576265513896942,6,a00164,edm
u00237,s000108,0.4353220462799072,7,a00114,edm
u00237,s000285,0.41890984773635864,8,a00003,edm
u00237,s000213,0.40179675817489624,9,a00186,edm
u00237,s000260,0.3764910101890564,10,a00019,indie
u00329,s000036,0.5954563617706299,1,a00179,latin
u00329,s000398,0.5562930107116699,2,a00117,hip-hop
u00329,s000237,0.5050987005233765,3,a00073,latin
u00329,s000489,0.4471062421798706,4,a00172,rock
u00329,s000188,0.4386558532714844,5,a00165,jazz
u00329,s000333,0.41675621271133423,6,a00180,latin
u00329,s000384,0.39596179127693176,7,a00048,rock
u00329,s000413,0.38431841135025024,8,a00198,latin
u00329,s000245,0.38275468349456787,9,a00146,latin
u00329,s000376,0.3401457369327545,10,a00178,hip-hop
u00773,s000008,0.7972767353057861,1,a00191,hip-hop
u00773,s000006,0.6456789374351501,2,a00199,hip-hop
u00773,s000309,0.6425257921218872,3,a00105,hip-hop
u00773,s000185,0.5308626890182495,4,a00193,hip-hop
u00773,s000383,0.40170788764953613,5,a00186,hip-hop
u00773,s000358,0.4013174772262573,6,a00189,hip-hop
u00773,s000468,0.3682149648666382,7,a00159,hip-hop
u00773,s000144,0.3303905725479126,8,a00176,hip-hop
u00773,s000129,0.3159870505332947,9,a00090,pop
u00773,s000493,0.3080187439918518,10,a00067,pop
u00274,s000003,0.7200334668159485,1,a00066,rock
u00274,s000129,0.4655645787715912,2,a00090,pop
u00274,s000094,0.46318110823631287,3,a00150,pop
u00274,s000258,0.4622924029827118,4,a00118,latin
u00274,s000358,0.45104968547821045,5,a00189,hip-hop
u00274,s000297,0.4500913619995117,6,a00041,rock
u00274,s000076,0.44359081983566284,7,a00170,edm
u00274,s000401,0.4116842448711395,8,a00024,jazz
u00274,s000043,0.38318318128585815,9,a00046,rock
u00274,s000141,0.3632443845272064,10,a00197,rock
u00323,s000040,0.5087331533432007,1,a00135,classical
u00323,s000094,0.44121474027633667,2,a00150,pop
u00323,s000137,0.42940711975097656,3,a00151,pop
u00323,s000156,0.4102035164833069,4,a00176,pop
u00323,s000234,0.39008718729019165,5,a00054,pop
u00323,s000016,0.3888852000236511,6,a00037,pop
u00323,s000330,0.31951475143432617,7,a00106,edm
u00323,s000257,0.3170003294944763,8,a00194,jazz
u00323,s000497,0.29528945684432983,9,a00152,latin
u00323,s000185,0.2950127124786377,10,a00193,hip-hop
u00631,s000008,0.6053445339202881,1,a00191,hip-hop
u00631,s000334,0.4939543604850769,2,a00035,hip-hop
u00631,s000387,0.4829809069633484,3,a00073,hip-hop
u00631,s000301,0.46696165204048157,4,a00033,hip-hop
u00631,s000152,0.4478905498981476,5,a00198,hip-hop
u00631,s000126,0.42426133155822754,6,a00129,hip-hop
u00631,s000292,0.4155261218547821,7,a00074,hip-hop
u00631,s000105,0.3855997920036316,8,a00062,hip-hop
u00631,s000202,0.3519103229045868,9,a00123,hip-hop
u00631,s000356,0.3359954357147217,10,a00147,hip-hop
u00799,s000171,0.7120499610900879,1,a00031,jazz
u00799,s000296,0.5936393737792969,2,a00084,jazz
u00799,s000045,0.5821661949157715,3,a00075,jazz
u00799,s000046,0.5781533122062683,4,a00172,jazz
u00799,s000427,0.5639806985855103,5,a00058,jazz
u00799,s000229,0.5464913845062256,6,a00143,jazz
u00799,s000065,0.4711686968803406,7,a00046,jazz
u00799,s000464,0.46458956599235535,8,a00157,jazz
u00799,s000444,0.45374858379364014,9,a00170,jazz
u00799,s000318,0.41915127635002136,10,a00052,pop
u00070,s000201,0.5513999462127686,1,a00161,pop
u00070,s000207,0.5148097276687622,2,a00134,edm
u00070,s000196,0.45319491624832153,3,a00102,pop
u00070,s000114,0.41867899894714355,4,a00136,indie
u00070,s000255,0.4105043411254883,5,a00010,pop
u00070,s000269,0.37825807929039,6,a00107,pop
u00070,s000050,0.36182281374931335,7,a00114,pop
u00070,s000295,0.35528552532196045,8,a00127,pop
u00070,s000112,0.34463179111480713,9,a00174,latin
u00070,s000280,0.32426026463508606,10,a00039,pop
u00101,s000332,0.5118128061294556,1,a00050,indie
u00101,s000040,0.47724539041519165,2,a00135,classical
u00101,s000318,0.4128156900405884,3,a00052,pop
u00101,s000137,0.40051430463790894,4,a00151,pop
u00101,s000411,0.3918001055717468,5,a00009,pop
u00101,s000269,0.3755984306335449,6,a00107,pop
u00101,s000258,0.36938077211380005,7,a00118,latin
u00101,s000156,0.36757415533065796,8,a00176,pop
u00101,s000473,0.3586600422859192,9,a00028,pop
u00101,s000100,0.34508585929870605,10,a00109,jazz
u00691,s000275,0.687987208366394,1,a00127,latin
u00691,s000153,0.5649259090423584,2,a00080,pop
u00691,s000015,0.5552141666412354,3,a00156,edm
u00691,s000033,0.517830491065979,4,a00158,edm
u00691,s000361,0.5058150291442871,5,a00193,edm
u00691,s000303,0.4831489324569702,6,a00164,edm
u00691,s000393,0.4458640217781067,7,a00079,edm
u00691,s000356,0.42265528440475464,8,a00147,hip-hop
u00691,s000227,0.4160669147968292,9,a00119,latin
u00691,s000351,0.41048353910446167,10,a00149,latin
u00174,s000036,0.6622339487075806,1,a00179,latin
u00174,s000189,0.6058490872383118,2,a00178,latin
u00174,s000275,0.4919908344745636,3,a00127,latin
u00174,s000457,0.4797321856021881,4,a00169,hip-hop
u00174,s000063,0.4060157537460327,5,a00199,classical
u00174,s000481,0.3966990113258362,6,a00157,classical
u00174,s000009,0.38165929913520813,7,a00014,latin
u00174,s000317,0.37891194224357605,8,a00011,latin
u00174,s000392,0.36871668696403503,9,a00061,latin
u00174,s000181,0.3588303029537201,10,a00000,latin
u00993,s000008,0.5281340479850769,1,a00191,hip-hop
u00993,s000356,0.522347629070282,2,a00147,hip-hop
u00993,s000288,0.5067144632339478,3,a00028,hip-hop
u00993,s000398,0.46572548151016235,4,a00117,hip-hop
u00993,s000315,0.44908982515335083,5,a00167,hip-hop
u00993,s000006,0.443523108959198,6,a00199,hip-hop
u00993,s000325,0.4282835125923157,7,a00121,rock
u00993,s000361,0.41364026069641113,8,a00193,edm
u00993,s000419,0.40739014744758606,9,a00013,rock
u00993,s000138,0.406008780002594,10,a00024,hip-hop
u00252,s000008,0.5369608402252197,1,a00191,hip-hop
u00252,s000183,0.45065075159072876,2,a00114,hip-hop
u00252,s000398,0.4315386116504669,3,a00117,hip-hop
u00252,s000376,0.41753965616226196,4,a00178,hip-hop
u00252,s000481,0.3893465995788574,5,a00157,classical
u00252,s000385,0.3298656940460205,6,a00188,hip-hop
u00252,s000138,0.2871077060699463,7,a00024,hip-hop
u00252,s000410,0.2659226357936859,8,a00031,hip-hop
u00252,s000202,0.2564447522163391,9,a00123,hip-hop
u00252,s000184,0.2373286336660385,10,a00174,latin
u00353,s000036,0.733619213104248,1,a00179,latin
u00353,s000333,0.7091020345687866,2,a00180,latin
u00353,s000227,0.6654402613639832,3,a00119,latin
u00353,s000405,0.4598199129104614,4,a00058,latin
u00353,s000112,0.3886345624923706,5,a00174,latin
u00353,s000024,0.3664048910140991,6,a00065,latin
u00353,s000413,0.3518216013908386,7,a00198,latin
u00353,s000248,0.340406596660614,8,a00187,pop
u00353,s000438,0.3302431106567383,9,a00107,latin
u00353,s000288,0.2970205545425415,10,a00028,hip-hop
u00919,s000275,0.4876570999622345,1,a00127,latin
u00919,s000170,0.4373413324356079,2,a00061,latin
u00919,s000024,0.4086374342441559,3,a00065,latin
u00919,s000076,0.40743887424468994,4,a00170,edm
u00919,s000452,0.4040890634059906,5,a00092,latin
u00919,s000307,0.3811865448951721,6,a00086,latin
u00919,s000457,0.3767307698726654,7,a00169,hip-hop
u00919,s000227,0.3723938763141632,8,a00119,latin
u00919,s000153,0.33744359016418457,9,a00080,pop
u00919,s000392,0.3347470164299011,10,a00061,latin
u00467,s000032,0.5059364438056946,1,a00140,rock
u00467,s000276,0.4962711036205292,2,a00113,rock
u00467,s000297,0.48433202505111694,3,a00041,rock
u00467,s000397,0.454361230134964,4,a00080,indie
u00467,s000194,0.41397082805633545,5,a00156,pop
u00467,s000329,0.39840710163116455,6,a00053,classical
u00467,s000054,0.39426499605178833,7,a00042,rock
u00467,s000141,0.3918023109436035,8,a00197,rock
u00467,s000392,0.3850766718387604,9,a00061,latin
u00467,s000097,0.3768438398838043,10,a00100,edm
u00271,s000320,0.730759859085083,1,a00137,latin
u00271,s000413,0.5875668525695801,2,a00198,latin
u00271,s000031,0.446459025144577,3,a00037,latin
u00271,s000237,0.4440751075744629,4,a00073,latin
u00271,s000245,0.4341086447238922,5,a00146,latin
u00271,s000457,0.3931369185447693,6,a00169,hip-hop
u00271,s000373,0.38226044178009033,7,a00130,pop
u00271,s000344,0.3820704519748688,8,a00186,indie
u00271,s000082,0.38059014081954956,9,a00071,classical
u00271,s000121,0.3772650361061096,10,a00062,jazz
u00141,s000266,0.5495991110801697,1,a00171,indie
u00141,s000138,0.5072993636131287,2,a00024,hip-hop
u00141,s000204,0.46715429425239563,3,a00054,classical
u00141,s000420,0.4108349084854126,4,a00078,rock
u00141,s000329,0.40293318033218384,5,a00053,classical
u00141,s000093,0.3858950138092041,6,a00010,indie
u00141,s000450,0.36735063791275024,7,a00119,latin
u00141,s000454,0.36422085762023926,8,a00140,rock
u00141,s000157,0.35967692732810974,9,a00147,rock
u00141,s000224,0.355342298746109,10,a00087,rock
u00823,s000001,0.6367218494415283,1,a00197,indie
u00823,s000093,0.6090275049209595,2,a00010,indie
u00823,s000260,0.5960466265678406,3,a00019,indie
u00823,s000464,0.529629111289978,4,a00157,jazz
u00823,s000062,0.5109521150588989,5,a00133,indie
u00823,s000030,0.5078973770141602,6,a00117,indie
u00823,s000344,0.48465535044670105,7,a00186,indie
u00823,s000329,0.4765812158584595,8,a00053,classical
u00823,s000122,0.43315935134887695,9,a00024,jazz
u00823,s000485,0.42749857902526855,10,a00132,indie
u00259,s000027,0.812317967414856,1,a00122,jazz
u00259,s000013,0.7726502418518066,2,a00154,jazz
u00259,s000223,0.607829213142395,3,a00095,indie
u00259,s000382,0.5486397743225098,4,a00043,jazz
u00259,s000453,0.5155472755432129,5,a00152,jazz
u00259,s000272,0.4853347837924957,6,a00157,jazz
u00259,s000169,0.46917444467544556,7,a00183,jazz
u00259,s000179,0.4530392289161682,8,a00018,jazz
u00259,s000224,0.4335530400276184,9,a00087,rock
u00259,s000443,0.40986794233322144,10,a00036,jazz
u00805,s000006,0.6428114175796509,1,a00199,hip-hop
u00805,s000083,0.5435198545455933,2,a00126,hip-hop
u00805,s000315,0.4575629234313965,3,a00167,hip-hop
u00805,s000390,0.450234055519104,4,a00046,pop
u00805,s000288,0.43581947684288025,5,a00028,hip-hop
u00805,s000358,0.42360925674438477,6,a00189,hip-hop
u00805,s000376,0.4212246537208557,7,a00178,hip-hop
u00805,s000387,0.3900226354598999,8,a00073,hip-hop
u00805,s000475,0.34538859128952026,9,a00061,latin
u00805,s000144,0.3363231420516968,10,a00176,hip-hop
u00802,s000032,0.6657218933105469,1,a00140,rock
u00802,s000445,0.4490814208984375,2,a00167,rock
u00802,s000004,0.4466046988964081,3,a00134,rock
u00802,s000229,0.36288097500801086,4,a00143,jazz
u00802,s000483,0.35789376497268677,5,a00102,rock
u00802,s000157,0.3418509066104889,6,a00147,rock
u00802,s000489,0.3381998538970947,7,a00172,rock
u00802,s000049,0.3355492353439331,8,a00094,rock
u00802,s000026,0.3157387375831604,9,a00004,pop
u00802,s000309,0.31336167454719543,10,a00105,hip-hop
u00916,s000406,0.5530214309692383,1,a00153,pop
u00916,s000300,0.5299928784370422,2,a00165,indie
u00916,s000214,0.5073474645614624,3,a00071,pop
u00916,s000270,0.47736018896102905,4,a00023,pop
u00916,s000253,0.3990742564201355,5,a00196,pop
u00916,s000189,0.3939294219017029,6,a00178,latin
u00916,s000487,0.37279775738716125,7,a00176,rock
u00916,s000035,0.3678276538848877,8,a00108,pop
u00916,s000072,0.36718571186065674,9,a00189,pop
u00916,s000212,0.36618849635124207,10,a00066,pop
u00625,s000094,0.6089209318161011,1,a00150,pop
u00625,s000052,0.49744734168052673,2,a00035,jazz
u00625,s000035,0.4840240776538849,3,a00108,pop
u00625,s000299,0.4774916172027588,4,a00040,pop
u00625,s000023,0.4270017743110657,5,a00085,pop
u00625,s000050,0.42201581597328186,6,a00114,pop
u00625,s000217,0.4067201018333435,7,a00050,pop
u00625,s000201,0.39758211374282837,8,a00161,pop
u00625,s000473,0.3882494866847992,9,a00028,pop
u00625,s000441,0.3778802454471588,10,a00097,pop
u00001,s000083,0.5877562761306763,1,a00126,hip-hop
u00001,s000358,0.4952954649925232,2,a00189,hip-hop
u00001,s000350,0.457150399684906,3,a00151,hip-hop
u00001,s000006,0.4418230652809143,4,a00199,hip-hop
u00001,s000381,0.38209080696105957,5,a00100,hip-hop
u00001,s000298,0.37150418758392334,6,a00099,classical
u00001,s000385,0.3337942957878113,7,a00188,hip-hop
u00001,s000152,0.31245362758636475,8,a00198,hip-hop
u00001,s000231,0.31118136644363403,9,a00164,latin
u00001,s000149,0.29465124011039734,10,a00155,rock
u00702,s000419,0.4668634533882141,1,a00013,rock
u00702,s000002,0.4558730125427246,2,a00133,rock
u00702,s000439,0.4477230906486511,3,a00187,jazz
u00702,s000098,0.40751931071281433,4,a00148,edm
u00702,s000293,0.3962703347206116,5,a00069,rock
u00702,s000032,0.3818129599094391,6,a00140,rock
u00702,s000454,0.3755151629447937,7,a00140,rock
u00702,s000490,0.35832369327545166,8,a00141,rock
u00702,s000299,0.3545883893966675,9,a00040,pop
u00702,s000123,0.3510974645614624,10,a00089,indie
u00717,s000008,0.5523050427436829,1,a00191,hip-hop
u00717,s000090,0.5298758149147034,2,a00028,hip-hop
u00717,s000387,0.5158001184463501,3,a00073,hip-hop
u00717,s000358,0.491445392370224,4,a00189,hip-hop
u00717,s000249,0.4722955822944641,5,a00081,hip-hop
u00717,s000006,0.46047893166542053,6,a00199,hip-hop
u00717,s000356,0.40429264307022095,7,a00147,hip-hop
u00717,s000232,0.40265411138534546,8,a00181,classical
u00717,s000385,0.36130672693252563,9,a00188,hip-hop
u00717,s000159,0.35308945178985596,10,a00085,hip-hop
u00035,s000053,0.6004554033279419,1,a00025,indie
u00035,s000161,0.5690216422080994,2,a00188,classical
u00035,s000218,0.4533216059207916,3,a00096,classical
u00035,s000069,0.4310934543609619,4,a00139,classical
u00035,s000077,0.4188085198402405,5,a00099,rock
u00035,s000029,0.3913010358810425,6,a00096,classical
u00035,s000351,0.333167165517807,7,a00149,latin
u00035,s000213,0.33213797211647034,8,a00186,edm
u00035,s000110,0.31150662899017334,9,a00142,rock
u00035,s000268,0.30289220809936523,10,a00085,classical
u00487,s000090,0.6538663506507874,1,a00028,hip-hop
u00487,s000158,0.47447484731674194,2,a00117,hip-hop
u00487,s000398,0.4425789713859558,3,a00117,hip-hop
u00487,s000267,0.4381532669067383,4,a00098,hip-hop
u00487,s000309,0.418396532535553,5,a00105,hip-hop
u00487,s000358,0.38049376010894775,6,a00189,hip-hop
u00487,s000381,0.377460777759552,7,a00100,hip-hop
u00487,s000301,0.3630589246749878,8,a00033,hip-hop
u00487,s000468,0.3621355891227722,9,a00159,hip-hop
u00487,s000415,0.3545108437538147,10,a00150,hip-hop
u00213,s000359,0.5517406463623047,1,a00108,indie
u00213,s000491,0.5504209995269775,2,a00119,indie
u00213,s000388,0.511885941028595,3,a00056,indie
u00213,s000123,0.35925740003585815,4,a00089,indie
u00213,s000062,0.35563382506370544,5,a00133,indie
u00213,s000329,0.33862704038619995,6,a00053,classical
u00213,s000485,0.31424421072006226,7,a00132,indie
u00213,s000030,0.3044211268424988,8,a00117,indie
u00213,s000314,0.29287105798721313,9,a00133,edm
u00213,s000476,0.28384602069854736,10,a00184,indie
u00931,s000387,0.5015972256660461,1,a00073,hip-hop
u00931,s000185,0.4559808373451233,2,a00193,hip-hop
u00931,s000290,0.43867701292037964,3,a00097,rock
u00931,s000288,0.42039352655410767,4,a00028,hip-hop
u00931,s000307,0.3523978590965271,5,a00086,latin
u00931,s000157,0.34580427408218384,6,a00147,rock
u00931,s000102,0.3335137963294983,7,a00181,hip-hop
u00931,s000156,0.3312115967273712,8,a00176,pop
u00931,s000235,0.3167281448841095,9,a00175,hip-hop
u00931,s000202,0.2931864559650421,10,a00123,hip-hop
u00493,s000207,0.7670646905899048,1,a00134,edm
u00493,s000140,0.5337982177734375,2,a00179,edm
u00493,s000440,0.4971119165420532,3,a00044,rock
u00493,s000033,0.48709678649902344,4,a00158,edm
u00493,s000148,0.481845498085022,5,a00153,jazz
u00493,s000448,0.4311704933643341,6,a00038,edm
u00493,s000128,0.41805097460746765,7,a00161,edm
u00493,s000176,0.4147427976131439,8,a00029,indie
u00493,s000178,0.39830338954925537,9,a00167,indie
u00493,s000339,0.37272313237190247,10,a00010,edm
u00297,s000277,0.5876819491386414,1,a00114,indie
u00297,s000095,0.574584424495697,2,a00000,pop
u00297,s000223,0.5327973365783691,3,a00095,indie
u00297,s000098,0.44014039635658264,4,a00148,edm
u00297,s000176,0.3945411741733551,5,a00029,indie
u00297,s000260,0.385809987783432,6,a00019,indie
u00297,s000498,0.3639812171459198,7,a00175,jazz
u00297,s000476,0.3519340753555298,8,a00184,indie
u00297,s000409,0.3400457501411438,9,a00046,pop
u00297,s000414,0.32499462366104126,10,a00144,pop
u00576,s000412,0.6516596078872681,1,a00015,classical
u00576,s000007,0.6181024312973022,2,a00041,classical
u00576,s000068,0.6140628457069397,3,a00106,classical
u00576,s000443,0.48481321334838867,4,a00036,jazz
u00576,s000171,0.48296284675598145,5,a00031,jazz
u00576,s000248,0.4739009737968445,6,a00187,pop
u00576,s000142,0.4658436179161072,7,a00087,latin
u00576,s000010,0.46253859996795654,8,a00110,classical
u00576,s000314,0.46127626299858093,9,a00133,edm
u00576,s000166,0.45340868830680847,10,a00140,classical
u00195,s000023,0.5199275016784668,1,a00085,pop
u00195,s000295,0.45807576179504395,2,a00127,pop
u00195,s000473,0.401979923248291,3,a00028,pop
u00195,s000126,0.39596131443977356,4,a00129,hip-hop
u00195,s000235,0.3796674609184265,5,a00175,hip-hop
u00195,s000405,0.36017751693725586,6,a00058,latin
u00195,s000030,0.3261517882347107,7,a00117,indie
u00195,s000130,0.3252767324447632,8,a00016,pop
u00195,s000016,0.3161185681819916,9,a00037,pop
u00195,s000087,0.30738383531570435,10,a00121,latin
u00981,s000258,0.6061580181121826,1,a00118,latin
u00981,s000060,0.43876445293426514,2,a00103,rock
u00981,s000177,0.4280354380607605,3,a00143,latin
u00981,s000178,0.3932168483734131,4,a00167,indie
u00981,s000009,0.39088672399520874,5,a00014,latin
u00981,s000452,0.38079309463500977,6,a00092,latin
u00981,s000392,0.3744843602180481,7,a00061,latin
u00981,s000377,0.37229710817337036,8,a00101,classical
u00981,s000479,0.3480245769023895,9,a00120,latin
u00981,s000386,0.34255293011665344,10,a00016,rock
u00449,s000025,0.5498884320259094,1,a00009,edm
u00449,s000465,0.3922581970691681,2,a00012,edm
u00449,s000393,0.38569608330726624,3,a00079,edm
u00449,s000184,0.34954118728637695,4,a00174,latin
u00449,s000000,0.3418886065483093,5,a00178,edm
u00449,s000442,0.3202557861804962,6,a00130,hip-hop
u00449,s000365,0.31621670722961426,7,a00128,edm
u00449,s000040,0.30080267786979675,8,a00135,classical
u00449,s000266,0.29302942752838135,9,a00171,indie
u00449,s000202,0.28760820627212524,10,a00123,hip-hop
u00943,s000005,0.6388762593269348,1,a00178,classical
u00943,s000010,0.5310103893280029,2,a00110,classical
u00943,s000118,0.5278477668762207,3,a00153,classical
u00943,s000475,0.48313117027282715,4,a00061,latin
u00943,s000204,0.45267096161842346,5,a00054,classical
u00943,s000160,0.42063987255096436,6,a00062,latin
u00943,s000161,0.41181251406669617,7,a00188,classical
u00943,s000410,0.3868233561515808,8,a00031,hip-hop
u00943,s000298,0.38486814498901367,9,a00099,classical
u00943,s000223,0.3700487017631531,10,a00095,indie
u00512,s000492,0.5474876165390015,1,a00157,indie
u00512,s000427,0.4497825503349304,2,a00058,jazz
u00512,s000476,0.4458615779876709,3,a00184,indie
u00512,s000262,0.4419082701206207,4,a00036,indie
u00512,s000441,0.436061829328537,5,a00097,pop
u00512,s000089,0.43450677394866943,6,a00050,pop
u00512,s000277,0.41889333724975586,7,a00114,indie
u00512,s000223,0.4166460633277893,8,a00095,indie
u00512,s000122,0.3898007273674011,9,a00024,jazz
u00512,s000485,0.3465595841407776,10,a00132,indie
u00648,s000341,0.618375837802887,1,a00010,latin
u00648,s000036,0.5641213655471802,2,a00179,latin
u00648,s000474,0.4657849073410034,3,a00189,latin
u00648,s000189,0.45562851428985596,4,a00178,latin
u00648,s000477,0.3843652009963989,5,a00015,latin
u00648,s000410,0.3834579885005951,6,a00031,hip-hop
u00648,s000328,0.359322190284729,7,a00129,edm
u00648,s000142,0.33704251050949097,8,a00087,latin
u00648,s000447,0.3365399241447449,9,a00107,latin
u00648,s000166,0.32383352518081665,10,a00140,classical
u00650,s000020,0.6525104641914368,1,a00182,indie
u00650,s000030,0.5985913276672363,2,a00117,indie
u00650,s000192,0.5329877138137817,3,a00128,classical
u00650,s000277,0.4599592387676239,4,a00114,indie
u00650,s000347,0.45285463333129883,5,a00097,indie
u00650,s000093,0.43223533034324646,6,a00010,indie
u00650,s000492,0.41861528158187866,7,a00157,indie
u00650,s000352,0.4092159867286682,8,a00068,indie
u00650,s000095,0.3860049247741699,9,a00000,pop
u00650,s000286,0.3857979476451874,10,a00153,pop
u00311,s000146,0.6435264348983765,1,a00062,indie
u00311,s000347,0.5310342907905579,2,a00097,indie
u00311,s000093,0.49430620670318604,3,a00010,indie
u00311,s000332,0.4940789043903351,4,a00050,indie
u00311,s000030,0.4536358118057251,5,a00117,indie
u00311,s000344,0.4396979808807373,6,a00186,indie
u00311,s000492,0.4382484555244446,7,a00157,indie
u00311,s000232,0.424103319644928,8,a00181,classical
u00311,s000114,0.40098825097084045,9,a00136,indie
u00311,s000226,0.3920644521713257,10,a00031,indie
u00041,s000037,0.6665490865707397,1,a00183,indie
u00041,s000265,0.532555878162384,2,a00052,jazz
u00041,s000216,0.45810651779174805,3,a00066,edm
u00041,s000067,0.4485478103160858,4,a00045,indie
u00041,s000262,0.4121236503124237,5,a00036,indie
u00041,s000136,0.39927151799201965,6,a00181,indie
u00041,s000154,0.3945446014404297,7,a00083,latin
u00041,s000114,0.3369767665863037,8,a00136,indie
u00041,s000450,0.33628493547439575,9,a00119,latin
u00041,s000388,0.32766255736351013,10,a00056,indie
u00315,s000204,0.6366155743598938,1,a00054,classical
u00315,s000024,0.503825306892395,2,a00065,latin
u00315,s000164,0.5014239549636841,3,a00070,classical
u00315,s000413,0.46530699729919434,4,a00198,latin
u00315,s000397,0.44096389412879944,5,a00080,indie
u00315,s000475,0.43134263157844543,6,a00061,latin
u00315,s000186,0.40135157108306885,7,a00112,latin
u00315,s000258,0.384753555059433,8,a00118,latin
u00315,s000009,0.3422970175743103,9,a00014,latin
u00315,s000070,0.3413413166999817,10,a00140,classical
u00865,s000420,0.5792682766914368,1,a00078,rock
u00865,s000368,0.5614846348762512,2,a00103,rock
u00865,s000297,0.4675096869468689,3,a00041,rock
u00865,s000329,0.46329265832901,4,a00053,classical
u00865,s000290,0.4381198585033417,5,a00097,rock
u00865,s000384,0.3927561640739441,6,a00048,rock
u00865,s000082,0.3863125443458557,7,a00071,classical
u00865,s000486,0.37016794085502625,8,a00064,indie
u00865,s000233,0.3303159773349762,9,a00141,rock
u00865,s000181,0.32968586683273315,10,a00000,latin
u00591,s000425,0.5960582494735718,1,a00175,edm
u00591,s000372,0.46740472316741943,2,a00034,latin
u00591,s000497,0.45724985003471375,3,a00152,latin
u00591,s000184,0.3668055534362793,4,a00174,latin
u00591,s000470,0.336259663105011,5,a00122,classical
u00591,s000081,0.3310041129589081,6,a00036,classical
u00591,s000160,0.3260487914085388,7,a00062,latin
u00591,s000428,0.3005579710006714,8,a00081,edm
u00591,s000236,0.29262247681617737,9,a00006,rock
u00591,s000341,0.28528615832328796,10,a00010,latin
u00126,s000405,0.5110273957252502,1,a00058,latin
u00126,s000141,0.37312638759613037,2,a00197,rock
u00126,s000106,0.3520866632461548,3,a00181,classical
u00126,s000473,0.3515288829803467,4,a00028,pop
u00126,s000201,0.3416960835456848,5,a00161,pop
u00126,s000035,0.3200632631778717,6,a00108,pop
u00126,s000270,0.3172701597213745,7,a00023,pop
u00126,s000409,0.31704533100128174,8,a00046,pop
u00126,s000269,0.3087778687477112,9,a00107,pop
u00126,s000372,0.29877185821533203,10,a00034,latin
u00645,s000005,0.7827773094177246,1,a00178,classical
u00645,s000206,0.5383286476135254,2,a00177,classical
u00645,s000481,0.517969012260437,3,a00157,classical
u00645,s000125,0.4977577328681946,4,a00037,latin
u00645,s000192,0.41447922587394714,5,a00128,classical
u00645,s000186,0.37188199162483215,6,a00112,latin
u00645,s000063,0.35493046045303345,7,a00199,classical
u00645,s000195,0.3474699854850769,8,a00054,classical
u00645,s000394,0.3381704092025757,9,a00082,classical
u00645,s000291,0.3213668465614319,10,a00036,classical
u00388,s000021,0.3763295114040375,1,a00032,rock
u00388,s000282,0.2849021255970001,2,a00024,rock
u00388,s000086,0.26913315057754517,3,a00030,rock
u00388,s000384,0.2589339017868042,4,a00048,rock
u00388,s000110,0.22893096506595612,5,a00142,rock
u00388,s000089,0.22853869199752808,6,a00050,pop
u00388,s000047,0.22413937747478485,7,a00129,rock
u00388,s000038,0.2230290323495865,8,a00014,rock
u00388,s000157,0.21788829565048218,9,a00147,rock
u00388,s000103,0.21663323044776917,10,a00056,rock
u00209,s000010,0.7039133310317993,1,a00110,classical
u00209,s000005,0.6305199861526489,2,a00178,classical
u00209,s000418,0.2995898127555847,3,a00134,classical
u00209,s000407,0.26852720975875854,4,a00108,classical
u00209,s000040,0.2392519861459732,5,a00135,classical
u00209,s000451,0.23716247081756592,6,a00003,classical
u00209,s000161,0.22187384963035583,7,a00188,classical
u00209,s000070,0.221817284822464,8,a00140,classical
u00209,s000380,0.2211325615644455,9,a00018,edm
u00209,s000081,0.21843072772026062,10,a00036,classical
u00530,s000004,0.37935134768486023,1,a00134,rock
u00530,s000080,0.3723694086074829,2,a00119,jazz
u00530,s000388,0.3485299348831177,3,a00056,indie
u00530,s000413,0.3394806385040283,4,a00198,latin
u00530,s000038,0.3268822729587555,5,a00014,rock
u00530,s000266,0.3120380938053131,6,a00171,indie
u00530,s000103,0.2929144501686096,7,a00056,rock
u00530,s000414,0.27608057856559753,8,a00144,pop
u00530,s000187,0.2707899808883667,9,a00113,rock
u00530,s000449,0.2652697265148163,10,a00014,hip-hop
u00245,s000146,0.7078657150268555,1,a00062,indie
u00245,s000044,0.6383262872695923,2,a00067,edm
u00245,s000213,0.5980541110038757,3,a00186,edm
u00245,s000153,0.46717414259910583,4,a00080,pop
u00245,s000356,0.4305022358894348,5,a00147,hip-hop
u00245,s000393,0.4228591322898865,6,a00079,edm
u00245,s000184,0.40276962518692017,7,a00174,latin
u00245,s000465,0.40021049976348877,8,a00012,edm
u00245,s000494,0.39575910568237305,9,a00145,edm
u00245,s000140,0.3731876611709595,10,a00179,edm
u00641,s000012,0.6034336090087891,1,a00032,edm
u00641,s000477,0.40689218044281006,2,a00015,latin
u00641,s000461,0.39551275968551636,3,a00054,classical
u00641,s000380,0.3920116722583771,4,a00018,edm
u00641,s000213,0.3790242075920105,5,a00186,edm
u00641,s000383,0.36468735337257385,6,a00186,hip-hop
u00641,s000374,0.36232027411460876,7,a00107,jazz
u00641,s000140,0.3569798767566681,8,a00179,edm
u00641,s000132,0.3502192497253418,9,a00170,edm
u00641,s000264,0.33199334144592285,10,a00136,edm
u00761,s000212,0.5204075574874878,1,a00066,pop
u00761,s000156,0.43544965982437134,2,a00176,pop
u00761,s000158,0.4139111638069153,3,a00117,hip-hop
u00761,s000409,0.4086751341819763,4,a00046,pop
u00761,s000327,0.40035539865493774,5,a00063,classical
u00761,s000022,0.36965224146842957,6,a00195,pop
u00761,s000072,0.35518255829811096,7,a00189,pop
u00761,s000383,0.34448865056037903,8,a00186,hip-hop
u00761,s000385,0.3238348960876465,9,a00188,hip-hop
u00761,s000269,0.30262118577957153,10,a00107,pop
u00540,s000175,0.4684176743030548,1,a00172,indie
u00540,s000484,0.36182719469070435,2,a00083,indie
u00540,s000388,0.3605055510997772,3,a00056,indie
u00540,s000296,0.34848910570144653,4,a00084,jazz
u00540,s000116,0.3387335538864136,5,a00056,indie
u00540,s000498,0.33025041222572327,6,a00175,jazz
u00540,s000194,0.3212759494781494,7,a00156,pop
u00540,s000316,0.3078281879425049,8,a00097,pop
u00540,s000490,0.3044421374797821,9,a00141,rock
u00540,s000072,0.29491057991981506,10,a00189,pop
u00683,s000006,0.5302793383598328,1,a00199,hip-hop
u00683,s000008,0.4972887635231018,2,a00191,hip-hop
u00683,s000288,0.34348374605178833,3,a00028,hip-hop
u00683,s000398,0.3037257790565491,4,a00117,hip-hop
u00683,s000358,0.29701852798461914,5,a00189,hip-hop
u00683,s000376,0.28977513313293457,6,a00178,hip-hop
u00683,s000387,0.2564656734466553,7,a00073,hip-hop
u00683,s000202,0.2437230795621872,8,a00123,hip-hop
u00683,s000183,0.2391674965620041,9,a00114,hip-hop
u00683,s000355,0.230799600481987,10,a00035,hip-hop
u00753,s000471,0.44429078698158264,1,a00038,pop
u00753,s000023,0.39901870489120483,2,a00085,pop
u00753,s000248,0.31786245107650757,3,a00187,pop
u00753,s000414,0.301285982131958,4,a00144,pop
u00753,s000094,0.29762840270996094,5,a00150,pop
u00753,s000131,0.2917892336845398,6,a00127,pop
u00753,s000217,0.27570176124572754,7,a00050,pop
u00753,s000435,0.26817646622657776,8,a00013,pop
u00753,s000214,0.26772624254226685,9,a00071,pop
u00753,s000201,0.26657941937446594,10,a00161,pop
u00217,s000007,0.5941312313079834,1,a00041,classical
u00217,s000014,0.527886688709259,2,a00163,classical
u00217,s000425,0.35176387429237366,3,a00175,edm
u00217,s000192,0.3513657748699188,4,a00128,classical
u00217,s000231,0.3452886641025543,5,a00164,latin
u00217,s000252,0.3194825053215027,6,a00046,latin
u00217,s000118,0.3153890073299408,7,a00153,classical
u00217,s000461,0.28994134068489075,8,a00054,classical
u00217,s000235,0.2702404856681824,9,a00175,hip-hop
u00217,s000081,0.26737087965011597,10,a00036,classical
u00517,s000140,0.25940752029418945,1,a00179,edm
u00517,s000465,0.24669227004051208,2,a00012,edm
u00517,s000167,0.2237997204065323,3,a00178,edm
u00517,s000467,0.21757133305072784,4,a00017,edm
u00517,s000287,0.21448922157287598,5,a00185,edm
u00517,s000097,0.21295972168445587,6,a00100,edm
u00517,s000084,0.21264182031154633,7,a00105,edm
u00517,s000328,0.21112123131752014,8,a00129,edm
u00517,s000365,0.20812390744686127,9,a00128,edm
u00517,s000393,0.20265688002109528,10,a00079,edm
u00890,s000243,0.5245537757873535,1,a00111,indie
u00890,s000115,0.4806729555130005,2,a00179,indie
u00890,s000352,0.47712042927742004,3,a00068,indie
u00890,s000284,0.473075270652771,4,a00021,indie
u00890,s000020,0.45365819334983826,5,a00182,indie
u00890,s000106,0.39916011691093445,6,a00181,classical
u00890,s000300,0.3884163498878479,7,a00165,indie
u00890,s000092,0.3729615807533264,8,a00040,latin
u00890,s000408,0.3438470959663391,9,a00025,indie
u00890,s000001,0.3397936224937439,10,a00197,indie
u00339,s000059,0.6157312393188477,1,a00073,hip-hop
u00339,s000410,0.4082915484905243,2,a00031,hip-hop
u00339,s000164,0.4060170650482178,3,a00070,classical
u00339,s000376,0.36565399169921875,4,a00178,hip-hop
u00339,s000279,0.36064332723617554,5,a00008,hip-hop
u00339,s000144,0.34896764159202576,6,a00176,hip-hop
u00339,s000292,0.34180521965026855,7,a00074,hip-hop
u00339,s000350,0.3296487629413605,8,a00151,hip-hop
u00339,s000398,0.29854151606559753,9,a00117,hip-hop
u00339,s000050,0.29319798946380615,10,a00114,pop
u00539,s000016,0.64687180519104,1,a00037,pop
u00539,s000026,0.5025850534439087,2,a00004,pop
u00539,s000414,0.4360119104385376,3,a00144,pop
u00539,s000129,0.41339942812919617,4,a00090,pop
u00539,s000435,0.40412259101867676,5,a00013,pop
u00539,s000411,0.4014841318130493,6,a00009,pop
u00539,s000413,0.35833555459976196,7,a00198,latin
u00539,s000280,0.33919501304626465,8,a00039,pop
u00539,s000409,0.3199554979801178,9,a00046,pop
u00539,s000248,0.3173357844352722,10,a00187,pop
u00431,s000025,0.6086026430130005,1,a00009,edm
u00431,s000467,0.5601177215576172,2,a00017,edm
u00431,s000033,0.5360800623893738,3,a00158,edm
u00431,s000444,0.49619007110595703,4,a00170,jazz
u00431,s000482,0.4453791379928589,5,a00152,edm
u00431,s000105,0.3724104166030884,6,a00062,hip-hop
u00431,s000058,0.3705608546733856,7,a00010,edm
u00431,s000373,0.36429932713508606,8,a00130,pop
u00431,s000318,0.36293578147888184,9,a00052,pop
u00431,s000086,0.3629048466682434,10,a00030,rock
u00764,s000185,0.3420346975326538,1,a00193,hip-hop
u00764,s000451,0.34140369296073914,2,a00003,classical
u00764,s000255,0.3307071626186371,3,a00010,pop
u00764,s000226,0.3112855553627014,4,a00031,indie
u00764,s000327,0.3046492040157318,5,a00063,classical
u00764,s000119,0.3032318353652954,6,a00168,edm
u00764,s000287,0.29599761962890625,7,a00185,edm
u00764,s000175,0.29061517119407654,8,a00172,indie
u00764,s000262,0.2831822633743286,9,a00036,indie
u00764,s000418,0.2827480733394623,10,a00134,classical
u00258,s000474,0.7279271483421326,1,a00189,latin
u00258,s000317,0.538236677646637,2,a00011,latin
u00258,s000351,0.5212514996528625,3,a00149,latin
u00258,s000018,0.47611427307128906,4,a00096,latin
u00258,s000142,0.45999860763549805,5,a00087,latin
u00258,s000435,0.44774729013442993,6,a00013,pop
u00258,s000405,0.4412382245063782,7,a00058,latin
u00258,s000217,0.4138014316558838,8,a00050,pop
u00258,s000450,0.4135461747646332,9,a00119,latin
u00258,s000036,0.3912568688392639,10,a00179,latin
u00550,s000125,0.5203037858009338,1,a00037,latin
u00550,s000043,0.40130165219306946,2,a00046,rock
u00550,s000289,0.34355807304382324,3,a00108,rock
u00550,s000490,0.32033243775367737,4,a00141,rock
u00550,s000391,0.2950574457645416,5,a00011,edm
u00550,s000110,0.2949991822242737,6,a00142,rock
u00550,s000481,0.2791365683078766,7,a00157,classical
u00550,s000410,0.25543004274368286,8,a00031,hip-hop
u00550,s000348,0.2505955100059509,9,a00054,latin
u00550,s000206,0.2490645945072174,10,a00177,classical
u00735,s000273,0.7659996151924133,1,a00119,jazz
u00735,s000191,0.747421145439148,2,a00131,jazz
u00735,s000463,0.6822754144668579,3,a00033,jazz
u00735,s000480,0.6809587478637695,4,a00009,jazz
u00735,s000013,0.6653549075126648,5,a00154,jazz
u00735,s000439,0.6537484526634216,6,a00187,jazz
u00735,s000099,0.4899601340293884,7,a00089,jazz
u00735,s000046,0.4857100248336792,8,a00172,jazz
u00735,s000193,0.47884121537208557,9,a00007,latin
u00735,s000148,0.47089746594429016,10,a00153,jazz
u00623,s000023,0.5509548187255859,1,a00085,pop
u00623,s000304,0.2783111333847046,2,a00152,pop
u00623,s000127,0.27619922161102295,3,a00134,pop
u00623,s000316,0.2626580595970154,4,a00097,pop
u00623,s000072,0.2590270936489105,5,a00189,pop
u00623,s000295,0.2525767683982849,6,a00127,pop
u00623,s000105,0.22466403245925903,7,a00062,hip-hop
u00623,s000189,0.2225102335214615,8,a00178,latin
u00623,s000156,0.21746207773685455,9,a00176,pop
u00623,s000406,0.20635205507278442,10,a00153,pop
u00039,s000013,0.6902588605880737,1,a00154,jazz
u00039,s000190,0.5241775512695312,2,a00062,jazz
u00039,s000140,0.38881418108940125,3,a00179,edm
u00039,s000201,0.3879470229148865,4,a00161,pop
u00039,s000177,0.3788827359676361,5,a00143,latin
u00039,s000439,0.37656643986701965,6,a00187,jazz
u00039,s000106,0.37071526050567627,7,a00181,classical
u00039,s000033,0.353796124458313,8,a00158,edm
u00039,s000080,0.343807578086853,9,a00119,jazz
u00039,s000065,0.33963266015052795,10,a00046,jazz
u00716,s000045,0.5024604797363281,1,a00075,jazz
u00716,s000013,0.44265758991241455,2,a00154,jazz
u00716,s000366,0.4336693286895752,3,a00060,jazz
u00716,s000443,0.4324261546134949,4,a00036,jazz
u00716,s000296,0.40992164611816406,5,a00084,jazz
u00716,s000079,0.4073130786418915,6,a00132,rock
u00716,s000427,0.4060046970844269,7,a00058,jazz
u00716,s000453,0.36888134479522705,8,a00152,jazz
u00716,s000374,0.3514174818992615,9,a00107,jazz
u00716,s000464,0.34306448698043823,10,a00157,jazz
u00765,s000027,0.8102430701255798,1,a00122,jazz
u00765,s000453,0.6941805481910706,2,a00152,jazz
u00765,s000229,0.4481731653213501,3,a00143,jazz
u00765,s000480,0.43104806542396545,4,a00009,jazz
u00765,s000317,0.4298202097415924,5,a00011,latin
u00765,s000422,0.42747974395751953,6,a00006,jazz
u00765,s000218,0.425504595041275,7,a00096,classical
u00765,s000039,0.39825063943862915,8,a00156,jazz
u00765,s000328,0.39168861508369446,9,a00129,edm
u00765,s000259,0.38527193665504456,10,a00139,jazz
u00532,s000454,0.645113468170166,1,a00140,rock
u00532,s000110,0.5264014005661011,2,a00142,rock
u00532,s000003,0.5114209651947021,3,a00066,rock
u00532,s000032,0.4671856760978699,4,a00140,rock
u00532,s000233,0.46367397904396057,5,a00141,rock
u00532,s000054,0.4618239402770996,6,a00042,rock
u00532,s000047,0.45815593004226685,7,a00129,rock
u00532,s000181,0.4504871368408203,8,a00000,latin
u00532,s000049,0.43753477931022644,9,a00094,rock
u00532,s000265,0.39635348320007324,10,a00052,jazz
u00364,s000115,0.6822932362556458,1,a00179,indie
u00364,s000178,0.5281603336334229,2,a00167,indie
u00364,s000238,0.4380437433719635,3,a00006,rock
u00364,s000244,0.42841213941574097,4,a00124,indie
u00364,s000444,0.3680022358894348,5,a00170,jazz
u00364,s000467,0.3479795753955841,6,a00017,edm
u00364,s000440,0.33935314416885376,7,a00044,rock
u00364,s000053,0.30983880162239075,8,a00025,indie
u00364,s000026,0.2970554530620575,9,a00004,pop
u00364,s000269,0.2949047386646271,10,a00107,pop
u00273,s000036,0.49755674600601196,1,a00179,latin
u00273,s000067,0.45503076910972595,2,a00045,indie
u00273,s000383,0.45101308822631836,3,a00186,hip-hop
u00273,s000103,0.4313053488731384,4,a00056,rock
u00273,s000024,0.41690465807914734,5,a00065,latin
u00273,s000154,0.392154335975647,6,a00083,latin
u00273,s000112,0.39160141348838806,7,a00174,latin
u00273,s000372,0.36602044105529785,8,a00034,latin
u00273,s000216,0.33690762519836426,9,a00066,edm
u00273,s000475,0.33036500215530396,10,a00061,latin
u00752,s000234,0.5215917229652405,1,a00054,pop
u00752,s000052,0.4832689166069031,2,a00035,jazz
u00752,s000212,0.48061081767082214,3,a00066,pop
u00752,s000022,0.47186383605003357,4,a00195,pop
u00752,s000026,0.44639354944229126,5,a00004,pop
u00752,s000295,0.4317948520183563,6,a00127,pop
u00752,s000094,0.41791462898254395,7,a00150,pop
u00752,s000235,0.41446080803871155,8,a00175,hip-hop
u00752,s000255,0.4118008613586426,9,a00010,pop
u00752,s000310,0.3851641118526459,10,a00085,jazz
u00930,s000063,0.6859800219535828,1,a00199,classical
u00930,s000352,0.41558289527893066,2,a00068,indie
u00930,s000001,0.36983415484428406,3,a00197,indie
u00930,s000300,0.3539300560951233,4,a00165,indie
u00930,s000123,0.34595629572868347,5,a00089,indie
u00930,s000092,0.3436175584793091,6,a00040,latin
u00930,s000020,0.3417597711086273,7,a00182,indie
u00930,s000333,0.33950573205947876,8,a00180,latin
u00930,s000178,0.33223068714141846,9,a00167,indie
u00930,s000082,0.3277626633644104,10,a00071,classical
u00011,s000176,0.5424869060516357,1,a00029,indie
u00011,s000485,0.5312157869338989,2,a00132,indie
u00011,s000020,0.4583689570426941,3,a00182,indie
u00011,s000063,0.4495716691017151,4,a00199,classical
u00011,s000091,0.42318570613861084,5,a00039,indie
u00011,s000123,0.4183378219604492,6,a00089,indie
u00011,s000178,0.3894665539264679,7,a00167,indie
u00011,s000277,0.382597953081131,8,a00114,indie
u00011,s000352,0.3667757213115692,9,a00068,indie
u00011,s000482,0.36450856924057007,10,a00152,edm
u00537,s000037,0.6126355528831482,1,a00183,indie
u00537,s000042,0.5992765426635742,2,a00156,indie
u00537,s000486,0.4837988317012787,3,a00064,indie
u00537,s000484,0.47849053144454956,4,a00083,indie
u00537,s000226,0.42614278197288513,5,a00031,indie
u00537,s000298,0.3952210247516632,6,a00099,classical
u00537,s000352,0.36802029609680176,7,a00068,indie
u00537,s000449,0.3662969172000885,8,a00014,hip-hop
u00537,s000284,0.35834288597106934,9,a00021,indie
u00537,s000136,0.3406476676464081,10,a00181,indie
u00569,s000454,0.7245712876319885,1,a00140,rock
u00569,s000356,0.5699367523193359,2,a00147,hip-hop
u00569,s000037,0.5441466569900513,3,a00183,indie
u00569,s000262,0.5090341567993164,4,a00036,indie
u00569,s000433,0.4462294280529022,5,a00102,hip-hop
u00569,s000476,0.4144926369190216,6,a00184,indie
u00569,s000484,0.41448432207107544,7,a00083,indie
u00569,s000030,0.41350582242012024,8,a00117,indie
u00569,s000491,0.4123345911502838,9,a00119,indie
u00569,s000297,0.3988749384880066,10,a00041,rock
u00128,s000083,0.6726932525634766,1,a00126,hip-hop
u00128,s000376,0.5390735864639282,2,a00178,hip-hop
u00128,s000008,0.5326801538467407,3,a00191,hip-hop
u00128,s000288,0.4703996181488037,4,a00028,hip-hop
u00128,s000358,0.4502265155315399,5,a00189,hip-hop
u00128,s000279,0.43784385919570923,6,a00008,hip-hop
u00128,s000410,0.40093061327934265,7,a00031,hip-hop
u00128,s000355,0.3783017694950104,8,a00035,hip-hop
u00128,s000386,0.3492891788482666,9,a00016,rock
u00128,s000235,0.34891098737716675,10,a00175,hip-hop
u00863,s000131,0.5674082040786743,1,a00127,pop
u00863,s000435,0.5553128123283386,2,a00013,pop
u00863,s000082,0.48511138558387756,3,a00071,classical
u00863,s000022,0.47469913959503174,4,a00195,pop
u00863,s000040,0.42000263929367065,5,a00135,classical
u00863,s000406,0.4036402106285095,6,a00153,pop
u00863,s000304,0.3970152735710144,7,a00152,pop
u00863,s000008,0.396216481924057,8,a00191,hip-hop
u00863,s000280,0.3798227608203888,9,a00039,pop
u00863,s000094,0.37943223118782043,10,a00150,pop
u00939,s000406,0.6109984517097473,1,a00153,pop
u00939,s000245,0.47803783416748047,2,a00146,latin
u00939,s000473,0.43096718192100525,3,a00028,pop
u00939,s000023,0.419495552778244,4,a00085,pop
u00939,s000022,0.38561826944351196,5,a00195,pop
u00939,s000253,0.3710010349750519,6,a00196,pop
u00939,s000299,0.36841049790382385,7,a00040,pop
u00939,s000273,0.36563530564308167,8,a00119,jazz
u00939,s000300,0.36321622133255005,9,a00165,indie
u00939,s000373,0.3548353910446167,10,a00130,pop
u00632,s000055,0.8887380361557007,1,a00026,classical
u00632,s000011,0.7569712400436401,2,a00156,classical
u00632,s000010,0.5215283632278442,3,a00110,classical
u00632,s000151,0.49976277351379395,4,a00048,classical
u00632,s000288,0.46135804057121277,5,a00028,hip-hop
u00632,s000425,0.45617300271987915,6,a00175,edm
u00632,s000473,0.410997211933136,7,a00028,pop
u00632,s000063,0.40733081102371216,8,a00199,classical
u00632,s000192,0.40148377418518066,9,a00128,classical
u00632,s000394,0.39957815408706665,10,a00082,classical
u00846,s000072,0.4501233696937561,1,a00189,pop
u00846,s000369,0.3833422064781189,2,a00041,pop
u00846,s000194,0.3831402063369751,3,a00156,pop
u00846,s000304,0.3609310984611511,4,a00152,pop
u00846,s000481,0.3516433835029602,5,a00157,classical
u00846,s000471,0.34953945875167847,6,a00038,pop
u00846,s000234,0.3289690613746643,7,a00054,pop
u00846,s000299,0.3257058560848236,8,a00040,pop
u00846,s000212,0.31192246079444885,9,a00066,pop
u00846,s000071,0.30947914719581604,10,a00103,pop
u00241,s000030,0.6572067737579346,1,a00117,indie
u00241,s000300,0.5527949333190918,2,a00165,indie
u00241,s000223,0.5213354825973511,3,a00095,indie
u00241,s000001,0.4893265664577484,4,a00197,indie
u00241,s000408,0.4484465718269348,5,a00025,indie
u00241,s000388,0.4093339741230011,6,a00056,indie
u00241,s000236,0.3697487413883209,7,a00006,rock
u00241,s000024,0.36887800693511963,8,a00065,latin
u00241,s000229,0.3578956127166748,9,a00143,jazz
u00241,s000476,0.3527531027793884,10,a00184,indie
u00911,s000118,0.5848619937896729,1,a00153,classical
u00911,s000014,0.48397475481033325,2,a00163,classical
u00911,s000192,0.47564762830734253,3,a00128,classical
u00911,s000273,0.37615224719047546,4,a00119,jazz
u00911,s000348,0.3596495985984802,5,a00054,latin
u00911,s000141,0.3570460081100464,6,a00197,rock
u00911,s000412,0.3547098636627197,7,a00015,classical
u00911,s000166,0.34482288360595703,8,a00140,classical
u00911,s000481,0.338752806186676,9,a00157,classical
u00911,s000455,0.33525654673576355,10,a00160,classical
u00349,s000020,0.5963822603225708,1,a00182,indie
u00349,s000115,0.46433407068252563,2,a00179,indie
u00349,s000485,0.38140714168548584,3,a00132,indie
u00349,s000385,0.3753551244735718,4,a00188,hip-hop
u00349,s000332,0.35548076033592224,5,a00050,indie
u00349,s000205,0.35134661197662354,6,a00031,edm
u00349,s000492,0.3409251570701599,7,a00157,indie
u00349,s000266,0.32702329754829407,8,a00171,indie
u00349,s000417,0.32247495651245117,9,a00085,indie
u00349,s000428,0.3043856620788574,10,a00081,edm
u00397,s000025,0.5983344316482544,1,a00009,edm
u00397,s000044,0.4342157244682312,2,a00067,edm
u00397,s000123,0.41975727677345276,3,a00089,indie
u00397,s000361,0.39247429370880127,4,a00193,edm
u00397,s000220,0.3816836178302765,5,a00007,rock
u00397,s000000,0.3745211362838745,6,a00178,edm
u00397,s000077,0.37288591265678406,7,a00099,rock
u00397,s000132,0.3715582489967346,8,a00170,edm
u00397,s000363,0.2974550724029541,9,a00039,edm
u00397,s000216,0.2935318350791931,10,a00066,edm
u00407,s000024,0.631884753704071,1,a00065,latin
u00407,s000177,0.4821339249610901,2,a00143,latin
u00407,s000470,0.44470643997192383,3,a00122,classical
u00407,s000450,0.43133533000946045,4,a00119,latin
u00407,s000392,0.42183953523635864,5,a00061,latin
u00407,s000056,0.4133123457431793,6,a00068,latin
u00407,s000447,0.3906843364238739,7,a00107,latin
u00407,s000497,0.35389137268066406,8,a00152,latin
u00407,s000046,0.3421831727027893,9,a00172,jazz
u00407,s000410,0.34191930294036865,10,a00031,hip-hop
u00398,s000193,0.8601003885269165,1,a00007,latin
u00398,s000092,0.6810060143470764,2,a00040,latin
u00398,s000094,0.6268603801727295,3,a00150,pop
u00398,s000496,0.6214607954025269,4,a00036,latin
u00398,s000307,0.47207313776016235,5,a00086,latin
u00398,s000036,0.4589851498603821,6,a00179,latin
u00398,s000233,0.4584886133670807,7,a00141,rock
u00398,s000470,0.42653796076774597,8,a00122,classical
u00398,s000184,0.40932685136795044,9,a00174,latin
u00398,s000141,0.4017687439918518,10,a00197,rock
u00343,s000035,0.551788330078125,1,a00108,pop
u00343,s000406,0.5497294664382935,2,a00153,pop
u00343,s000136,0.47088947892189026,3,a00181,indie
u00343,s000435,0.35932308435440063,4,a00013,pop
u00343,s000309,0.35791897773742676,5,a00105,hip-hop
u00343,s000270,0.32312044501304626,6,a00023,pop
u00343,s000196,0.3186284005641937,7,a00102,pop
u00343,s000216,0.3123529553413391,8,a00066,edm
u00343,s000156,0.30949944257736206,9,a00176,pop
u00343,s000405,0.3009806275367737,10,a00058,latin
u00580,s000397,0.6418300867080688,1,a00080,indie
u00580,s000015,0.5603272914886475,2,a00156,edm
u00580,s000395,0.5337358117103577,3,a00007,edm
u00580,s000070,0.4475674629211426,4,a00140,classical
u00580,s000368,0.3820454776287079,5,a00103,rock
u00580,s000084,0.32946890592575073,6,a00105,edm
u00580,s000029,0.3149546682834625,7,a00096,classical
u00580,s000287,0.3135872483253479,8,a00185,edm
u00580,s000452,0.30811870098114014,9,a00092,latin
u00580,s000317,0.30781450867652893,10,a00011,latin
u00250,s000044,0.5259802341461182,1,a00067,edm
u00250,s000184,0.5069283246994019,2,a00174,latin
u00250,s000465,0.48016127943992615,3,a00012,edm
u00250,s000119,0.4578680396080017,4,a00168,edm
u00250,s000264,0.4222278594970703,5,a00136,edm
u00250,s000288,0.3852192759513855,6,a00028,hip-hop
u00250,s000287,0.3823261260986328,7,a00185,edm
u00250,s000425,0.3599469065666199,8,a00175,edm
u00250,s000000,0.343325674533844,9,a00178,edm
u00250,s000207,0.3334794044494629,10,a00134,edm
u00571,s000045,0.5119243860244751,1,a00075,jazz
u00571,s000346,0.45680302381515503,2,a00053,jazz
u00571,s000463,0.43931248784065247,3,a00033,jazz
u00571,s000121,0.40527889132499695,4,a00062,jazz
u00571,s000148,0.3913574814796448,5,a00153,jazz
u00571,s000046,0.3897135257720947,6,a00172,jazz
u00571,s000273,0.370587021112442,7,a00119,jazz
u00571,s000234,0.34452885389328003,8,a00054,pop
u00571,s000172,0.34218090772628784,9,a00157,jazz
u00571,s000325,0.328372597694397,10,a00121,rock
u00477,s000497,0.5147659778594971,1,a00152,latin
u00477,s000024,0.39969325065612793,2,a00065,latin
u00477,s000364,0.3596351146697998,3,a00016,latin
u00477,s000227,0.34591710567474365,4,a00119,latin
u00477,s000237,0.33394527435302734,5,a00073,latin
u00477,s000358,0.31862905621528625,6,a00189,hip-hop
u00477,s000235,0.3166082799434662,7,a00175,hip-hop
u00477,s000372,0.3143314719200134,8,a00034,latin
u00477,s000184,0.3036755621433258,9,a00174,latin
u00477,s000125,0.30147621035575867,10,a00037,latin
u00952,s000005,0.5759413242340088,1,a00178,classical
u00952,s000014,0.573561429977417,2,a00163,classical
u00952,s000451,0.2975449860095978,3,a00003,classical
u00952,s000418,0.27853676676750183,4,a00134,classical
u00952,s000020,0.2593405246734619,5,a00182,indie
u00952,s000081,0.2558043599128723,6,a00036,classical
u00952,s000223,0.24257537722587585,7,a00095,indie
u00952,s000166,0.2421875298023224,8,a00140,classical
u00952,s000028,0.2319088876247406,9,a00073,classical
u00952,s000053,0.2315487563610077,10,a00025,indie
u00075,s000414,0.7678325176239014,1,a00144,pop
u00075,s000409,0.575924813747406,2,a00046,pop
u00075,s000194,0.5467926263809204,3,a00156,pop
u00075,s000022,0.5240727066993713,4,a00195,pop
u00075,s000196,0.5156506896018982,5,a00102,pop
u00075,s000234,0.4918533265590668,6,a00054,pop
u00075,s000448,0.46706342697143555,7,a00038,edm
u00075,s000026,0.4600198566913605,8,a00004,pop
u00075,s000071,0.4367911219596863,9,a00103,pop
u00075,s000304,0.394635945558548,10,a00152,pop
u00014,s000193,0.6403106451034546,1,a00007,latin
u00014,s000372,0.4739377498626709,2,a00034,latin
u00014,s000447,0.46800923347473145,3,a00107,latin
u00014,s000348,0.45062845945358276,4,a00054,latin
u00014,s000249,0.4498937726020813,5,a00081,hip-hop
u00014,s000483,0.44963037967681885,6,a00102,rock
u00014,s000497,0.44530007243156433,7,a00152,latin
u00014,s000024,0.4090077877044678,8,a00065,latin
u00014,s000067,0.36776983737945557,9,a00045,indie
u00014,s000465,0.35972392559051514,10,a00012,edm
u00172,s000027,0.6439670920372009,1,a00122,jazz
u00172,s000039,0.5523409843444824,2,a00156,jazz
u00172,s000480,0.517692506313324,3,a00009,jazz
u00172,s000464,0.49223315715789795,4,a00157,jazz
u00172,s000099,0.39245301485061646,5,a00089,jazz
u00172,s000374,0.3806055784225464,6,a00107,jazz
u00172,s000273,0.35781577229499817,7,a00119,jazz
u00172,s000498,0.3452078104019165,8,a00175,jazz
u00172,s000453,0.33774811029434204,9,a00152,jazz
u00172,s000171,0.309062123298645,10,a00031,jazz
u00230,s000140,0.25770169496536255,1,a00179,edm
u00230,s000465,0.24163278937339783,2,a00012,edm
u00230,s000097,0.22132670879364014,3,a00100,edm
u00230,s000084,0.2206709086894989,4,a00105,edm
u00230,s000287,0.21865293383598328,5,a00185,edm
u00230,s000167,0.2183932662010193,6,a00178,edm
u00230,s000365,0.21729454398155212,7,a00128,edm
u00230,s000328,0.21242237091064453,8,a00129,edm
u00230,s000467,0.20912307500839233,9,a00017,edm
u00230,s000119,0.20652616024017334,10,a00168,edm
u00731,s000293,0.7155070304870605,1,a00069,rock
u00731,s000445,0.5164397358894348,2,a00167,rock
u00731,s000289,0.36767318844795227,3,a00108,rock
u00731,s000264,0.36689603328704834,4,a00136,edm
u00731,s000140,0.3567822575569153,5,a00179,edm
u00731,s000043,0.3515889048576355,6,a00046,rock
u00731,s000341,0.3491801619529724,7,a00010,latin
u00731,s000148,0.34327611327171326,8,a00153,jazz
u00731,s000344,0.32778212428092957,9,a00186,indie
u00731,s000417,0.3263010084629059,10,a00085,indie
u00129,s000241,0.6507196426391602,1,a00084,hip-hop
u00129,s000126,0.5072035789489746,2,a00129,hip-hop
u00129,s000249,0.47514593601226807,3,a00081,hip-hop
u00129,s000301,0.4505458474159241,4,a00033,hip-hop
u00129,s000202,0.44292253255844116,5,a00123,hip-hop
u00129,s000059,0.42042917013168335,6,a00073,hip-hop
u00129,s000159,0.3999432623386383,7,a00085,hip-hop
u00129,s000385,0.39478522539138794,8,a00188,hip-hop
u00129,s000140,0.36890459060668945,9,a00179,edm
u00129,s000293,0.31364965438842773,10,a00069,rock
u00111,s000037,0.8282669186592102,1,a00183,indie
u00111,s000116,0.7306362986564636,2,a00056,indie
u00111,s000484,0.42242056131362915,3,a00083,indie
u00111,s000277,0.4004831910133362,4,a00114,indie
u00111,s000491,0.39313092827796936,5,a00119,indie
u00111,s000408,0.3912458121776581,6,a00025,indie
u00111,s000113,0.3821691572666168,7,a00052,indie
u00111,s000395,0.37761834263801575,8,a00007,edm
u00111,s000151,0.36476945877075195,9,a00048,classical
u00111,s000175,0.3403259515762329,10,a00172,indie
u00549,s000037,0.6175722479820251,1,a00183,indie
u00549,s000300,0.5150531530380249,2,a00165,indie
u00549,s000116,0.39966538548469543,3,a00056,indie
u00549,s000388,0.3882940411567688,4,a00056,indie
u00549,s000084,0.3811682462692261,5,a00105,edm
u00549,s000093,0.34718871116638184,6,a00010,indie
u00549,s000178,0.336680144071579,7,a00167,indie
u00549,s000159,0.33078375458717346,8,a00085,hip-hop
u00549,s000151,0.31151288747787476,9,a00048,classical
u00549,s000001,0.30716472864151,10,a00197,indie
u00183,s000169,0.6277436017990112,1,a00183,jazz
u00183,s000425,0.5102015733718872,2,a00175,edm
u00183,s000017,0.485679566860199,3,a00184,jazz
u00183,s000366,0.43220341205596924,4,a00060,jazz
u00183,s000272,0.36884230375289917,5,a00157,jazz
u00183,s000374,0.3550247848033905,6,a00107,jazz
u00183,s000179,0.33788907527923584,7,a00018,jazz
u00183,s000045,0.32123956084251404,8,a00075,jazz
u00183,s000315,0.28992778062820435,9,a00167,hip-hop
u00183,s000095,0.28891873359680176,10,a00000,pop
u00986,s000292,0.605797529220581,1,a00074,hip-hop
u00986,s000006,0.5894712805747986,2,a00199,hip-hop
u00986,s000083,0.5847439765930176,3,a00126,hip-hop
u00986,s000334,0.5804085731506348,4,a00035,hip-hop
u00986,s000329,0.5538901090621948,5,a00053,classical
u00986,s000301,0.48387300968170166,6,a00033,hip-hop
u00986,s000358,0.48220300674438477,7,a00189,hip-hop
u00986,s000356,0.44690826535224915,8,a00147,hip-hop
u00986,s000385,0.4142231345176697,9,a00188,hip-hop
u00986,s000415,0.4109025001525879,10,a00150,hip-hop
u00050,s000030,0.43137142062187195,1,a00117,indie
u00050,s000347,0.32403209805488586,2,a00097,indie
u00050,s000344,0.28000253438949585,3,a00186,indie
u00050,s000114,0.25807273387908936,4,a00136,indie
u00050,s000484,0.24351075291633606,5,a00083,indie
u00050,s000113,0.24011419713497162,6,a00052,indie
u00050,s000175,0.2316788136959076,7,a00172,indie
u00050,s000242,0.22234494984149933,8,a00146,indie
u00050,s000388,0.22178596258163452,9,a00056,indie
u00050,s000226,0.21085403859615326,10,a00031,indie
u00704,s000081,0.44632816314697266,1,a00036,classical
u00704,s000068,0.40803754329681396,2,a00106,classical
u00704,s000010,0.390630841255188,3,a00110,classical
u00704,s000377,0.3881949484348297,4,a00101,classical
u00704,s000011,0.35558778047561646,5,a00156,classical
u00704,s000118,0.35161375999450684,6,a00153,classical
u00704,s000212,0.34412437677383423,7,a00066,pop
u00704,s000028,0.29736220836639404,8,a00073,classical
u00704,s000234,0.2916302978992462,9,a00054,pop
u00704,s000005,0.2859537601470947,10,a00178,classical
u00049,s000397,0.6667358875274658,1,a00080,indie
u00049,s000395,0.5794471502304077,2,a00007,edm
u00049,s000070,0.538305938243866,3,a00140,classical
u00049,s000025,0.4504561722278595,4,a00009,edm
u00049,s000033,0.44180265069007874,5,a00158,edm
u00049,s000368,0.4275606870651245,6,a00103,rock
u00049,s000452,0.4201696515083313,7,a00092,latin
u00049,s000438,0.37020552158355713,8,a00107,latin
u00049,s000084,0.34862828254699707,9,a00105,edm
u00049,s000317,0.3142540156841278,10,a00011,latin
u00173,s000055,0.4991999864578247,1,a00026,classical
u00173,s000076,0.4909535050392151,2,a00170,edm
u00173,s000090,0.49052318930625916,3,a00028,hip-hop
u00173,s000334,0.4608122408390045,4,a00035,hip-hop
u00173,s000063,0.4512749910354614,5,a00199,classical
u00173,s000301,0.4446796178817749,6,a00033,hip-hop
u00173,s000059,0.4334449768066406,7,a00073,hip-hop
u00173,s000358,0.4117329716682434,8,a00189,hip-hop
u00173,s000267,0.409854531288147,9,a00098,hip-hop
u00173,s000205,0.38741588592529297,10,a00031,edm
u00774,s000052,0.5826468467712402,1,a00035,jazz
u00774,s000310,0.4374188780784607,2,a00085,jazz
u00774,s000207,0.40247413516044617,3,a00134,edm
u00774,s000304,0.38986778259277344,4,a00152,pop
u00774,s000280,0.342606782913208,5,a00039,pop
u00774,s000474,0.3383904993534088,6,a00189,latin
u00774,s000351,0.33817243576049805,7,a00149,latin
u00774,s000142,0.3354402184486389,8,a00087,latin
u00774,s000130,0.3245612680912018,9,a00016,pop
u00774,s000008,0.3230893015861511,10,a00191,hip-hop
u00248,s000187,0.47694307565689087,1,a00113,rock
u00248,s000454,0.467623770236969,2,a00140,rock
u00248,s000297,0.414040207862854,3,a00041,rock
u00248,s000290,0.4117274284362793,4,a00097,rock
u00248,s000428,0.40825244784355164,5,a00081,edm
u00248,s000085,0.33934515714645386,6,a00091,rock
u00248,s000407,0.3279935121536255,7,a00108,classical
u00248,s000004,0.3055717349052429,8,a00134,rock
u00248,s000063,0.30204159021377563,9,a00199,classical
u00248,s000179,0.2974357306957245,10,a00018,jazz
u00138,s000042,0.5679423213005066,1,a00156,indie
u00138,s000352,0.5225250124931335,2,a00068,indie
u00138,s000223,0.46276867389678955,3,a00095,indie
u00138,s000063,0.3840314745903015,4,a00199,classical
u00138,s000178,0.3760484457015991,5,a00167,indie
u00138,s000408,0.341607928276062,6,a00025,indie
u00138,s000333,0.3377303183078766,7,a00180,latin
u00138,s000114,0.3373457193374634,8,a00136,indie
u00138,s000294,0.31856319308280945,9,a00145,hip-hop
u00138,s000474,0.3131328225135803,10,a00189,latin
u00534,s000260,0.6213308572769165,1,a00019,indie
u00534,s000463,0.5986038446426392,2,a00033,jazz
u00534,s000439,0.5385026335716248,3,a00187,jazz
u00534,s000039,0.5018067359924316,4,a00156,jazz
u00534,s000121,0.4620824158191681,5,a00062,jazz
u00534,s000027,0.457723468542099,6,a00122,jazz
u00534,s000046,0.453438937664032,7,a00172,jazz
u00534,s000172,0.43903565406799316,8,a00157,jazz
u00534,s000314,0.41994255781173706,9,a00133,edm
u00534,s000157,0.39470261335372925,10,a00147,rock
u00046,s000341,0.6781347990036011,1,a00010,latin
u00046,s000142,0.6450814008712769,2,a00087,latin
u00046,s000018,0.5714461207389832,3,a00096,latin
u00046,s000217,0.4852958619594574,4,a00050,pop
u00046,s000252,0.42756766080856323,5,a00046,latin
u00046,s000435,0.4193402826786041,6,a00013,pop
u00046,s000317,0.41356316208839417,7,a00011,latin
u00046,s000189,0.4088805019855499,8,a00178,latin
u00046,s000194,0.3928316533565521,9,a00156,pop
u00046,s000031,0.39207154512405396,10,a00037,latin
u00384,s000011,0.8694835901260376,1,a00156,classical
u00384,s000209,0.7001938223838806,2,a00007,classical
u00384,s000063,0.6174536347389221,3,a00199,classical
u00384,s000294,0.5826900005340576,4,a00145,hip-hop
u00384,s000437,0.5149949789047241,5,a00151,classical
u00384,s000481,0.43587249517440796,6,a00157,classical
u00384,s000384,0.40522152185440063,7,a00048,rock
u00384,s000186,0.3904103636741638,8,a00112,latin
u00384,s000099,0.3750508427619934,9,a00089,jazz
u00384,s000161,0.37384164333343506,10,a00188,classical
u00199,s000312,0.5026600956916809,1,a00056,rock
u00199,s000013,0.49316567182540894,2,a00154,jazz
u00199,s000156,0.4675067663192749,3,a00176,pop
u00199,s000330,0.4549984633922577,4,a00106,edm
u00199,s000400,0.4387187361717224,5,a00199,jazz
u00199,s000169,0.3982555568218231,6,a00183,jazz
u00199,s000365,0.3880501389503479,7,a00128,edm
u00199,s000184,0.3651357591152191,8,a00174,latin
u00199,s000397,0.3622349500656128,9,a00080,indie
u00199,s000272,0.35260850191116333,10,a00157,jazz
u00809,s000007,0.5489163398742676,1,a00041,classical
u00809,s000011,0.5337930917739868,2,a00156,classical
u00809,s000014,0.39818060398101807,3,a00163,classical
u00809,s000369,0.24471725523471832,4,a00041,pop
u00809,s000327,0.23849166929721832,5,a00063,classical
u00809,s000034,0.2340993881225586,6,a00046,rock
u00809,s000451,0.20857468247413635,7,a00003,classical
u00809,s000050,0.19936057925224304,8,a00114,pop
u00809,s000437,0.19931061565876007,9,a00151,classical
u00809,s000029,0.1992775797843933,10,a00096,classical
u00656,s000067,0.6882249712944031,1,a00045,indie
u00656,s000037,0.549846887588501,2,a00183,indie
u00656,s000285,0.5171562433242798,3,a00003,edm
u00656,s000318,0.5164542198181152,4,a00052,pop
u00656,s000388,0.504265546798706,5,a00056,indie
u00656,s000098,0.4814622402191162,6,a00148,edm
u00656,s000345,0.40124109387397766,7,a00038,jazz
u00656,s000365,0.38074642419815063,8,a00128,edm
u00656,s000175,0.3753342628479004,9,a00172,indie
u00656,s000302,0.356648325920105,10,a00016,indie
u00708,s000024,0.6192061901092529,1,a00065,latin
u00708,s000252,0.5032464265823364,2,a00046,latin
u00708,s000018,0.5010807514190674,3,a00096,latin
u00708,s000484,0.47822707891464233,4,a00083,indie
u00708,s000077,0.4417605698108673,5,a00099,rock
u00708,s000278,0.41447916626930237,6,a00013,classical
u00708,s000112,0.36459824442863464,7,a00174,latin
u00708,s000366,0.3570592403411865,8,a00060,jazz
u00708,s000442,0.34570616483688354,9,a00130,hip-hop
u00708,s000175,0.3426610827445984,10,a00172,indie
u00094,s000058,0.6349385976791382,1,a00010,edm
u00094,s000331,0.49996209144592285,2,a00192,edm
u00094,s000356,0.43050307035446167,3,a00147,hip-hop
u00094,s000098,0.4227108657360077,4,a00148,edm
u00094,s000441,0.41399264335632324,5,a00097,pop
u00094,s000157,0.4072088897228241,6,a00147,rock
u00094,s000375,0.3995687663555145,7,a00171,classical
u00094,s000063,0.3923875093460083,8,a00199,classical
u00094,s000407,0.3891012668609619,9,a00108,classical
u00094,s000374,0.3838786780834198,10,a00107,jazz
u00082,s000327,0.5743391513824463,1,a00063,classical
u00082,s000011,0.4839518368244171,2,a00156,classical
u00082,s000234,0.35850828886032104,3,a00054,pop
u00082,s000451,0.34272563457489014,4,a00003,classical
u00082,s000307,0.3354254364967346,5,a00086,latin
u00082,s000014,0.3301547169685364,6,a00163,classical
u00082,s000161,0.3247861862182617,7,a00188,classical
u00082,s000034,0.3105136454105377,8,a00046,rock
u00082,s000353,0.3003515303134918,9,a00055,edm
u00082,s000409,0.29975658655166626,10,a00046,pop
u00640,s000012,0.6936342716217041,1,a00032,edm
u00640,s000140,0.2752472758293152,2,a00179,edm
u00640,s000264,0.26888808608055115,3,a00136,edm
u00640,s000328,0.26821422576904297,4,a00129,edm
u00640,s000380,0.2419811189174652,5,a00018,edm
u00640,s000339,0.2358798384666443,6,a00010,edm
u00640,s000360,0.23173865675926208,7,a00153,edm
u00640,s000225,0.22901462018489838,8,a00077,edm
u00640,s000330,0.22813524305820465,9,a00106,edm
u00640,s000303,0.22585538029670715,10,a00164,edm
u00778,s000447,0.5928165316581726,1,a00107,latin
u00778,s000307,0.5689942240715027,2,a00086,latin
u00778,s000227,0.5292543172836304,3,a00119,latin
u00778,s000477,0.43941232562065125,4,a00015,latin
u00778,s000288,0.41975435614585876,5,a00028,hip-hop
u00778,s000112,0.399058073759079,6,a00174,latin
u00778,s000214,0.39155113697052,7,a00071,pop
u00778,s000405,0.36096814274787903,8,a00058,latin
u00778,s000413,0.3424644470214844,9,a00198,latin
u00778,s000373,0.3375333845615387,10,a00130,pop
u00269,s000427,0.7427701950073242,1,a00058,jazz
u00269,s000013,0.6338949203491211,2,a00154,jazz
u00269,s000099,0.6313070058822632,3,a00089,jazz
u00269,s000463,0.5522840619087219,4,a00033,jazz
u00269,s000464,0.5508249998092651,5,a00157,jazz
u00269,s000039,0.5156634449958801,6,a00156,jazz
u00269,s000453,0.4964374005794525,7,a00152,jazz
u00269,s000100,0.4906173348426819,8,a00109,jazz
u00269,s000401,0.43820738792419434,9,a00024,jazz
u00269,s000046,0.4213256239891052,10,a00172,jazz
u00170,s000237,0.6171971559524536,1,a00073,latin
u00170,s000438,0.5490248799324036,2,a00107,latin
u00170,s000092,0.5010575652122498,3,a00040,latin
u00170,s000479,0.4995151162147522,4,a00120,latin
u00170,s000094,0.48143714666366577,5,a00150,pop
u00170,s000177,0.46087634563446045,6,a00143,latin
u00170,s000447,0.4378337562084198,7,a00107,latin
u00170,s000184,0.3911072015762329,8,a00174,latin
u00170,s000160,0.38708895444869995,9,a00062,latin
u00170,s000024,0.3851425349712372,10,a00065,latin
u00154,s000007,0.5188491344451904,1,a00041,classical
u00154,s000179,0.4449983239173889,2,a00018,jazz
u00154,s000142,0.44356751441955566,3,a00087,latin
u00154,s000082,0.4181833863258362,4,a00071,classical
u00154,s000412,0.4125429689884186,5,a00015,classical
u00154,s000010,0.3870519697666168,6,a00110,classical
u00154,s000119,0.35861772298812866,7,a00168,edm
u00154,s000195,0.3379374146461487,8,a00054,classical
u00154,s000314,0.3319717049598694,9,a00133,edm
u00154,s000470,0.3169950544834137,10,a00122,classical
u00313,s000020,0.5575987100601196,1,a00182,indie
u00313,s000062,0.5478097200393677,2,a00133,indie
u00313,s000113,0.5259649753570557,3,a00052,indie
u00313,s000344,0.4811793863773346,4,a00186,indie
u00313,s000486,0.48012351989746094,5,a00064,indie
u00313,s000374,0.4422837793827057,6,a00107,jazz
u00313,s000030,0.4338834285736084,7,a00117,indie
u00313,s000213,0.40710392594337463,8,a00186,edm
u00313,s000423,0.3849586844444275,9,a00136,indie
u00313,s000047,0.3772329092025757,10,a00129,rock
u00290,s000141,0.6211971044540405,1,a00197,rock
u00290,s000004,0.5337130427360535,2,a00134,rock
u00290,s000469,0.5184346437454224,3,a00095,rock
u00290,s000094,0.47720977663993835,4,a00150,pop
u00290,s000092,0.4206273853778839,5,a00040,latin
u00290,s000163,0.3698838949203491,6,a00048,edm
u00290,s000489,0.3683588206768036,7,a00172,rock
u00290,s000310,0.3534165620803833,8,a00085,jazz
u00290,s000085,0.3452339172363281,9,a00091,rock
u00290,s000045,0.31219372153282166,10,a00075,jazz
u00027,s000217,0.46137112379074097,1,a00050,pop
u00027,s000258,0.45321571826934814,2,a00118,latin
u00027,s000008,0.379902720451355,3,a00191,hip-hop
u00027,s000280,0.3544099032878876,4,a00039,pop
u00027,s000022,0.345519483089447,5,a00195,pop
u00027,s000304,0.3433902859687805,6,a00152,pop
u00027,s000255,0.3200617730617523,7,a00010,pop
u00027,s000106,0.3172312080860138,8,a00181,classical
u00027,s000016,0.3025912642478943,9,a00037,pop
u00027,s000160,0.299482136964798,10,a00062,latin
u00523,s000114,0.2907242774963379,1,a00136,indie
u00523,s000492,0.28708818554878235,2,a00157,indie
u00523,s000242,0.2830492854118347,3,a00146,indie
u00523,s000332,0.27619117498397827,4,a00050,indie
u00523,s000344,0.25958651304244995,5,a00186,indie
u00523,s000300,0.2405548244714737,6,a00165,indie
u00523,s000093,0.2398371696472168,7,a00010,indie
u00523,s000352,0.2383555769920349,8,a00068,indie
u00523,s000484,0.2373940646648407,9,a00083,indie
u00523,s000284,0.23693737387657166,10,a00021,indie
u00780,s000082,0.6030535101890564,1,a00071,classical
u00780,s000233,0.5877955555915833,2,a00141,rock
u00780,s000329,0.5351772308349609,3,a00053,classical
u00780,s000032,0.4244839549064636,4,a00140,rock
u00780,s000348,0.40502291917800903,5,a00054,latin
u00780,s000406,0.39584144949913025,6,a00153,pop
u00780,s000194,0.3931521475315094,7,a00156,pop
u00780,s000368,0.3841150999069214,8,a00103,rock
u00780,s000475,0.3809930980205536,9,a00061,latin
u00780,s000138,0.3739538788795471,10,a00024,hip-hop
u00695,s000261,0.5394660234451294,1,a00004,jazz
u00695,s000358,0.5345462560653687,2,a00189,hip-hop
u00695,s000090,0.49235692620277405,3,a00028,hip-hop
u00695,s000124,0.45792895555496216,4,a00074,edm
u00695,s000277,0.4506338834762573,5,a00114,indie
u00695,s000419,0.42339321970939636,6,a00013,rock
u00695,s000213,0.4205096960067749,7,a00186,edm
u00695,s000034,0.41045236587524414,8,a00046,rock
u00695,s000249,0.4104126989841461,9,a00081,hip-hop
u00695,s000008,0.38636717200279236,10,a00191,hip-hop
u00756,s000153,0.40749746561050415,1,a00080,pop
u00756,s000270,0.39220744371414185,2,a00023,pop
u00756,s000151,0.35016781091690063,3,a00048,classical
u00756,s000381,0.32733064889907837,4,a00100,hip-hop
u00756,s000401,0.31723302602767944,5,a00024,jazz
u00756,s000385,0.312447190284729,6,a00188,hip-hop
u00756,s000435,0.3071139454841614,7,a00013,pop
u00756,s000269,0.30005574226379395,8,a00107,pop
u00756,s000116,0.29972702264785767,9,a00056,indie
u00756,s000067,0.29803377389907837,10,a00045,indie
u00010,s000027,0.6395394802093506,1,a00122,jazz
u00010,s000346,0.28973931074142456,2,a00053,jazz
u00010,s000427,0.27914074063301086,3,a00058,jazz
u00010,s000080,0.2706698477268219,4,a00119,jazz
u00010,s000175,0.2551797032356262,5,a00172,indie
u00010,s000366,0.23926572501659393,6,a00060,jazz
u00010,s000463,0.22934576869010925,7,a00033,jazz
u00010,s000480,0.21160267293453217,8,a00009,jazz
u00010,s000444,0.21014732122421265,9,a00170,jazz
u00010,s000275,0.20972424745559692,10,a00127,latin
u00935,s000332,0.42961639165878296,1,a00050,indie
u00935,s000002,0.34836816787719727,2,a00133,rock
u00935,s000490,0.3418540060520172,3,a00141,rock
u00935,s000000,0.32961350679397583,4,a00178,edm
u00935,s000243,0.32323113083839417,5,a00111,indie
u00935,s000419,0.30113619565963745,6,a00013,rock
u00935,s000085,0.30067676305770874,7,a00091,rock
u00935,s000347,0.2943183183670044,8,a00097,indie
u00935,s000032,0.27953028678894043,9,a00140,rock
u00935,s000489,0.27913564443588257,10,a00172,rock
u00278,s000004,0.49918973445892334,1,a00134,rock
u00278,s000304,0.4031190574169159,2,a00152,pop
u00278,s000021,0.3804561495780945,3,a00032,rock
u00278,s000080,0.36171746253967285,4,a00119,jazz
u00278,s000388,0.3112998306751251,5,a00056,indie
u00278,s000103,0.31026357412338257,6,a00056,rock
u00278,s000157,0.2859133183956146,7,a00147,rock
u00278,s000236,0.28590965270996094,8,a00006,rock
u00278,s000420,0.2856677770614624,9,a00078,rock
u00278,s000036,0.27909356355667114,10,a00179,latin
u00769,s000035,0.36786097288131714,1,a00108,pop
u00769,s000086,0.27974820137023926,2,a00030,rock
u00769,s000110,0.2765960395336151,3,a00142,rock
u00769,s000022,0.2713611125946045,4,a00195,pop
u00769,s000060,0.2712550759315491,5,a00103,rock
u00769,s000047,0.27027636766433716,6,a00129,rock
u00769,s000184,0.24936574697494507,7,a00174,latin
u00769,s000043,0.24843473732471466,8,a00046,rock
u00769,s000490,0.2468651533126831,9,a00141,rock
u00769,s000026,0.24499687552452087,10,a00004,pop
u00859,s000037,0.5883508920669556,1,a00183,indie
u00859,s000030,0.37085527181625366,2,a00117,indie
u00859,s000001,0.3623228073120117,3,a00197,indie
u00859,s000116,0.2935851514339447,4,a00056,indie
u00859,s000347,0.27981001138687134,5,a00097,indie
u00859,s000388,0.2658737599849701,6,a00056,indie
u00859,s000332,0.2563404440879822,7,a00050,indie
u00859,s000490,0.22120365500450134,8,a00141,rock
u00859,s000485,0.21418508887290955,9,a00132,indie
u00859,s000285,0.2099582850933075,10,a00003,edm
u00712,s000290,0.5615360736846924,1,a00097,rock
u00712,s000103,0.514235258102417,2,a00056,rock
u00712,s000454,0.5015910267829895,3,a00140,rock
u00712,s000122,0.501519501209259,4,a00024,jazz
u00712,s000080,0.44403064250946045,5,a00119,jazz
u00712,s000420,0.4423564076423645,6,a00078,rock
u00712,s000329,0.4196287989616394,7,a00053,classical
u00712,s000368,0.40929967164993286,8,a00103,rock
u00712,s000392,0.3748302757740021,9,a00061,latin
u00712,s000086,0.3497881591320038,10,a00030,rock
u00031,s000002,0.622467041015625,1,a00133,rock
u00031,s000409,0.48932692408561707,2,a00046,pop
u00031,s000238,0.4640091359615326,3,a00006,rock
u00031,s000004,0.43494629859924316,4,a00134,rock
u00031,s000028,0.414793998003006,5,a00073,classical
u00031,s000043,0.4028601348400116,6,a00046,rock
u00031,s000288,0.39228904247283936,7,a00028,hip-hop
u00031,s000336,0.39011508226394653,8,a00025,jazz
u00031,s000279,0.37000030279159546,9,a00008,hip-hop
u00031,s000304,0.367431640625,10,a00152,pop
u00045,s000090,0.5546048283576965,1,a00028,hip-hop
u00045,s000008,0.4962177276611328,2,a00191,hip-hop
u00045,s000290,0.43958181142807007,3,a00097,rock
u00045,s000006,0.4326583445072174,4,a00199,hip-hop
u00045,s000185,0.36644938588142395,5,a00193,hip-hop
u00045,s000329,0.3588719367980957,6,a00053,classical
u00045,s000237,0.3446956276893616,7,a00073,latin
u00045,s000288,0.3389429450035095,8,a00028,hip-hop
u00045,s000410,0.33466672897338867,9,a00031,hip-hop
u00045,s000483,0.3273041844367981,10,a00102,rock
u00843,s000037,0.947763204574585,1,a00183,indie
u00843,s000491,0.7064800262451172,2,a00119,indie
u00843,s000062,0.5820189118385315,3,a00133,indie
u00843,s000188,0.571074903011322,4,a00165,jazz
u00843,s000388,0.5406956672668457,5,a00056,indie
u00843,s000329,0.4095836579799652,6,a00053,classical
u00843,s000314,0.39506006240844727,7,a00133,edm
u00843,s000303,0.3821990489959717,8,a00164,edm
u00843,s000302,0.38059717416763306,9,a00016,indie
u00843,s000091,0.3575062155723572,10,a00039,indie
u00867,s000314,0.5663522481918335,1,a00133,edm
u00867,s000177,0.5134797096252441,2,a00143,latin
u00867,s000119,0.4903986155986786,3,a00168,edm
u00867,s000098,0.4586506187915802,4,a00148,edm
u00867,s000205,0.4427300691604614,5,a00031,edm
u00867,s000353,0.4145461320877075,6,a00055,edm
u00867,s000128,0.3748853802680969,7,a00161,edm
u00867,s000380,0.37333178520202637,8,a00018,edm
u00867,s000287,0.36979854106903076,9,a00185,edm
u00867,s000124,0.3684590458869934,10,a00074,edm
u00198,s000011,0.5259226560592651,1,a00156,classical
u00198,s000226,0.49840283393859863,2,a00031,indie
u00198,s000330,0.4544568359851837,3,a00106,edm
u00198,s000279,0.39354878664016724,4,a00008,hip-hop
u00198,s000069,0.35974329710006714,5,a00139,classical
u00198,s000261,0.3444415330886841,6,a00004,jazz
u00198,s000043,0.3434872031211853,7,a00046,rock
u00198,s000299,0.32799845933914185,8,a00040,pop
u00198,s000268,0.3233742117881775,9,a00085,classical
u00198,s000358,0.32270699739456177,10,a00189,hip-hop
u00324,s000467,0.5707801580429077,1,a00017,edm
u00324,s000128,0.4991987347602844,2,a00161,edm
u00324,s000000,0.49360454082489014,3,a00178,edm
u00324,s000104,0.46188536286354065,4,a00000,edm
u00324,s000314,0.4249674677848816,5,a00133,edm
u00324,s000380,0.3930661380290985,6,a00018,edm
u00324,s000441,0.370835542678833,7,a00097,pop
u00324,s000363,0.3697008192539215,8,a00039,edm
u00324,s000353,0.36193689703941345,9,a00055,edm
u00324,s000205,0.34707003831863403,10,a00031,edm
u00052,s000039,0.7860015630722046,1,a00156,jazz
u00052,s000382,0.6222789287567139,2,a00043,jazz
u00052,s000345,0.5211341977119446,3,a00038,jazz
u00052,s000401,0.5179581642150879,4,a00024,jazz
u00052,s000439,0.47669607400894165,5,a00187,jazz
u00052,s000327,0.4582386612892151,6,a00063,classical
u00052,s000121,0.3995409905910492,7,a00062,jazz
u00052,s000171,0.38639703392982483,8,a00031,jazz
u00052,s000172,0.3638245463371277,9,a00157,jazz
u00052,s000422,0.34161463379859924,10,a00006,jazz
u00015,s000375,0.7407553791999817,1,a00171,classical
u00015,s000327,0.6229374408721924,2,a00063,classical
u00015,s000409,0.5710272192955017,3,a00046,pop
u00015,s000069,0.5645263195037842,4,a00139,classical
u00015,s000014,0.537725567817688,5,a00163,classical
u00015,s000010,0.5246189832687378,6,a00110,classical
u00015,s000418,0.4849894642829895,7,a00134,classical
u00015,s000204,0.473449170589447,8,a00054,classical
u00015,s000040,0.46935489773750305,9,a00135,classical
u00015,s000449,0.40856751799583435,10,a00014,hip-hop
u00808,s000015,0.5348000526428223,1,a00156,edm
u00808,s000025,0.5148916244506836,2,a00009,edm
u00808,s000076,0.48083680868148804,3,a00170,edm
u00808,s000091,0.4522797763347626,4,a00039,indie
u00808,s000264,0.42852073907852173,5,a00136,edm
u00808,s000275,0.4263228178024292,6,a00127,latin
u00808,s000146,0.422199010848999,7,a00062,indie
u00808,s000058,0.4039090871810913,8,a00010,edm
u00808,s000331,0.4013228118419647,9,a00192,edm
u00808,s000314,0.38770198822021484,10,a00133,edm
u00840,s000464,0.6583591103553772,1,a00157,jazz
u00840,s000277,0.6456542015075684,2,a00114,indie
u00840,s000089,0.4960222840309143,3,a00050,pop
u00840,s000476,0.48453596234321594,4,a00184,indie
u00840,s000122,0.4582770764827728,5,a00024,jazz
u00840,s000441,0.407998263835907,6,a00097,pop
u00840,s000224,0.37953200936317444,7,a00087,rock
u00840,s000484,0.3705058991909027,8,a00083,indie
u00840,s000229,0.3673187494277954,9,a00143,jazz
u00840,s000427,0.33860963582992554,10,a00058,jazz
u00834,s000220,0.38565734028816223,1,a00007,rock
u00834,s000003,0.38413164019584656,2,a00066,rock
u00834,s000181,0.3097805082798004,3,a00000,latin
u00834,s000368,0.29283028841018677,4,a00103,rock
u00834,s000424,0.28344887495040894,5,a00114,latin
u00834,s000341,0.28197598457336426,6,a00010,latin
u00834,s000026,0.2808849811553955,7,a00004,pop
u00834,s000299,0.27891236543655396,8,a00040,pop
u00834,s000469,0.277194619178772,9,a00095,rock
u00834,s000049,0.261750727891922,10,a00094,rock
u00193,s000030,0.6542671918869019,1,a00117,indie
u00193,s000408,0.6281646490097046,2,a00025,indie
u00193,s000008,0.3896956443786621,3,a00191,hip-hop
u00193,s000298,0.37658578157424927,4,a00099,classical
u00193,s000159,0.36956700682640076,5,a00085,hip-hop
u00193,s000441,0.36347490549087524,6,a00097,pop
u00193,s000176,0.36003902554512024,7,a00029,indie
u00193,s000103,0.35903722047805786,8,a00056,rock
u00193,s000245,0.33011898398399353,9,a00146,latin
u00193,s000196,0.32179033756256104,10,a00102,pop
u00657,s000427,0.7218647003173828,1,a00058,jazz
u00657,s000382,0.7030305862426758,2,a00043,jazz
u00657,s000498,0.675929069519043,3,a00175,jazz
u00657,s000273,0.6431962847709656,4,a00119,jazz
u00657,s000444,0.5994075536727905,5,a00170,jazz
u00657,s000229,0.5580372214317322,6,a00143,jazz
u00657,s000065,0.5384718179702759,7,a00046,jazz
u00657,s000171,0.5034382939338684,8,a00031,jazz
u00657,s000325,0.4825511574745178,9,a00121,rock
u00657,s000318,0.4197459816932678,10,a00052,pop
u00538,s000206,0.5645236372947693,1,a00177,classical
u00538,s000010,0.5318297743797302,2,a00110,classical
u00538,s000192,0.5162208676338196,3,a00128,classical
u00538,s000014,0.5160529613494873,4,a00163,classical
u00538,s000195,0.5085901021957397,5,a00054,classical
u00538,s000007,0.45416510105133057,6,a00041,classical
u00538,s000125,0.42589882016181946,7,a00037,latin
u00538,s000288,0.4182472229003906,8,a00028,hip-hop
u00538,s000049,0.39558738470077515,9,a00094,rock
u00538,s000232,0.3892247676849365,10,a00181,classical
u00178,s000038,0.5482226610183716,1,a00014,rock
u00178,s000004,0.4508207440376282,2,a00134,rock
u00178,s000046,0.44714152812957764,3,a00172,jazz
u00178,s000439,0.42307159304618835,4,a00187,jazz
u00178,s000392,0.4019632935523987,5,a00061,latin
u00178,s000391,0.3782528042793274,6,a00011,edm
u00178,s000091,0.37802135944366455,7,a00039,indie
u00178,s000124,0.369499534368515,8,a00074,edm
u00178,s000125,0.35421043634414673,9,a00037,latin
u00178,s000060,0.33704009652137756,10,a00103,rock
u00875,s000401,0.6499009728431702,1,a00024,jazz
u00875,s000013,0.4038916826248169,2,a00154,jazz
u00875,s000094,0.37941551208496094,3,a00150,pop
u00875,s000276,0.3750925064086914,4,a00113,rock
u00875,s000172,0.37023839354515076,5,a00157,jazz
u00875,s000039,0.34937745332717896,6,a00156,jazz
u00875,s000052,0.34412312507629395,7,a00035,jazz
u00875,s000480,0.34107160568237305,8,a00009,jazz
u00875,s000197,0.34066930413246155,9,a00130,jazz
u00875,s000121,0.33501744270324707,10,a00062,jazz
u00350,s000334,0.5653737783432007,1,a00035,hip-hop
u00350,s000105,0.5407350659370422,2,a00062,hip-hop
u00350,s000126,0.5324884057044983,3,a00129,hip-hop
u00350,s000299,0.48067018389701843,4,a00040,pop
u00350,s000202,0.4654802680015564,5,a00123,hip-hop
u00350,s000059,0.4539453387260437,6,a00073,hip-hop
u00350,s000380,0.4282652735710144,7,a00018,edm
u00350,s000294,0.42268672585487366,8,a00145,hip-hop
u00350,s000220,0.42219817638397217,9,a00007,rock
u00350,s000152,0.3853342533111572,10,a00198,hip-hop
u00596,s000291,0.5097945928573608,1,a00036,classical
u00596,s000005,0.45288655161857605,2,a00178,classical
u00596,s000484,0.39193761348724365,3,a00083,indie
u00596,s000486,0.3797897696495056,4,a00064,indie
u00596,s000128,0.3610166609287262,5,a00161,edm
u00596,s000437,0.3607258200645447,6,a00151,classical
u00596,s000069,0.3381298780441284,7,a00139,classical
u00596,s000278,0.3366813361644745,8,a00013,classical
u00596,s000447,0.32543477416038513,9,a00107,latin
u00596,s000026,0.32439467310905457,10,a00004,pop
u00990,s000471,0.47002071142196655,1,a00038,pop
u00990,s000269,0.4610465168952942,2,a00107,pop
u00990,s000026,0.4393627345561981,3,a00004,pop
u00990,s000336,0.43720394372940063,4,a00025,jazz
u00990,s000280,0.4201914668083191,5,a00039,pop
u00990,s000270,0.37777575850486755,6,a00023,pop
u00990,s000399,0.3760174810886383,7,a00197,classical
u00990,s000409,0.3577832579612732,8,a00046,pop
u00990,s000259,0.3533967137336731,9,a00139,jazz
u00990,s000346,0.34536653757095337,10,a00053,jazz
u00957,s000282,0.6208593845367432,1,a00024,rock
u00957,s000364,0.4795783460140228,2,a00016,latin
u00957,s000289,0.4546947777271271,3,a00108,rock
u00957,s000085,0.4446144700050354,4,a00091,rock
u00957,s000049,0.38842928409576416,5,a00094,rock
u00957,s000157,0.3853835463523865,6,a00147,rock
u00957,s000293,0.37992793321609497,7,a00069,rock
u00957,s000034,0.3692360520362854,8,a00046,rock
u00957,s000004,0.3532537817955017,9,a00134,rock
u00957,s000473,0.34272366762161255,10,a00028,pop
u00737,s000005,0.5601434707641602,1,a00178,classical
u00737,s000451,0.5062576532363892,2,a00003,classical
u00737,s000192,0.47980260848999023,3,a00128,classical
u00737,s000081,0.4320940375328064,4,a00036,classical
u00737,s000014,0.4236713647842407,5,a00163,classical
u00737,s000166,0.3935569226741791,6,a00140,classical
u00737,s000273,0.36145317554473877,7,a00119,jazz
u00737,s000146,0.3610754609107971,8,a00062,indie
u00737,s000141,0.3208094835281372,9,a00197,rock
u00737,s000499,0.310896098613739,10,a00192,indie
u00606,s000042,0.6334320306777954,1,a00156,indie
u00606,s000001,0.6058491468429565,2,a00197,indie
u00606,s000030,0.482896625995636,3,a00117,indie
u00606,s000268,0.3891445994377136,4,a00085,classical
u00606,s000170,0.3467061519622803,5,a00061,latin
u00606,s000298,0.3365340232849121,6,a00099,classical
u00606,s000373,0.33517637848854065,7,a00130,pop
u00606,s000434,0.32858607172966003,8,a00016,hip-hop
u00606,s000490,0.32191431522369385,9,a00141,rock
u00606,s000491,0.30294281244277954,10,a00119,indie
u00529,s000295,0.785283088684082,1,a00127,pop
u00529,s000080,0.6522724628448486,2,a00119,jazz
u00529,s000026,0.6022347211837769,3,a00004,pop
u00529,s000023,0.4776589572429657,4,a00085,pop
u00529,s000095,0.4151739478111267,5,a00000,pop
u00529,s000099,0.3317999839782715,6,a00089,jazz
u00529,s000223,0.30449116230010986,7,a00095,indie
u00529,s000100,0.28777074813842773,8,a00109,jazz
u00529,s000451,0.2877577543258667,9,a00003,classical
u00529,s000189,0.2741774618625641,10,a00178,latin
u00607,s000009,0.5246120691299438,1,a00014,latin
u00607,s000112,0.5079269409179688,2,a00174,latin
u00607,s000056,0.49304482340812683,3,a00068,latin
u00607,s000304,0.47533276677131653,4,a00152,pop
u00607,s000333,0.45301395654678345,5,a00180,latin
u00607,s000351,0.41964852809906006,6,a00149,latin
u00607,s000307,0.39748066663742065,7,a00086,latin
u00607,s000227,0.3824880123138428,8,a00119,latin
u00607,s000447,0.3568460941314697,9,a00107,latin
u00607,s000435,0.35369884967803955,10,a00013,pop
u00408,s000267,0.8428372740745544,1,a00098,hip-hop
u00408,s000183,0.7488946914672852,2,a00114,hip-hop
u00408,s000358,0.4713708758354187,3,a00189,hip-hop
u00408,s000189,0.4675930440425873,4,a00178,latin
u00408,s000102,0.40616992115974426,5,a00181,hip-hop
u00408,s000288,0.3978773355484009,6,a00028,hip-hop
u00408,s000202,0.3580203354358673,7,a00123,hip-hop
u00408,s000390,0.35044413805007935,8,a00046,pop
u00408,s000211,0.3482801616191864,9,a00056,hip-hop
u00408,s000005,0.3370688855648041,10,a00178,classical
u00970,s000438,0.5716642141342163,1,a00107,latin
u00970,s000158,0.5039327144622803,2,a00117,hip-hop
u00970,s000160,0.39657965302467346,3,a00062,latin
u00970,s000234,0.3774605393409729,4,a00054,pop
u00970,s000498,0.34788233041763306,5,a00175,jazz
u00970,s000177,0.34197181463241577,6,a00143,latin
u00970,s000227,0.3378663659095764,7,a00119,latin
u00970,s000381,0.328903466463089,8,a00100,hip-hop
u00970,s000009,0.3023155629634857,9,a00014,latin
u00970,s000070,0.2973169684410095,10,a00140,classical
u00436,s000275,0.5763291716575623,1,a00127,latin
u00436,s000024,0.5513467788696289,2,a00065,latin
u00436,s000227,0.5317027568817139,3,a00119,latin
u00436,s000186,0.4936056137084961,4,a00112,latin
u00436,s000237,0.49257659912109375,5,a00073,latin
u00436,s000435,0.4858817458152771,6,a00013,pop
u00436,s000076,0.4595574736595154,7,a00170,edm
u00436,s000451,0.4526788592338562,8,a00003,classical
u00436,s000053,0.42123863101005554,9,a00025,indie
u00436,s000204,0.4203597605228424,10,a00054,classical
u00787,s000009,0.5119985938072205,1,a00014,latin
u00787,s000405,0.3274090588092804,2,a00058,latin
u00787,s000475,0.2903584837913513,3,a00061,latin
u00787,s000392,0.2845000624656677,4,a00061,latin
u00787,s000413,0.2793366312980652,5,a00198,latin
u00787,s000245,0.2602253258228302,6,a00146,latin
u00787,s000424,0.259245365858078,7,a00114,latin
u00787,s000056,0.2564455568790436,8,a00068,latin
u00787,s000351,0.2554623484611511,9,a00149,latin
u00787,s000450,0.2483026087284088,10,a00119,latin
u00673,s000140,0.2582888901233673,1,a00179,edm
u00673,s000465,0.24457097053527832,2,a00012,edm
u00673,s000167,0.221671462059021,3,a00178,edm
u00673,s000097,0.21681977808475494,4,a00100,edm
u00673,s000287,0.21663206815719604,5,a00185,edm
u00673,s000084,0.21572959423065186,6,a00105,edm
u00673,s000467,0.21497656404972076,7,a00017,edm
u00673,s000328,0.2122642546892166,8,a00129,edm
u00673,s000365,0.21171356737613678,9,a00128,edm
u00673,s000225,0.2002429962158203,10,a00077,edm
u00817,s000257,0.6675163507461548,1,a00194,jazz
u00817,s000273,0.5729660391807556,2,a00119,jazz
u00817,s000191,0.45527568459510803,3,a00131,jazz
u00817,s000308,0.4470214545726776,4,a00116,rock
u00817,s000480,0.44133925437927246,5,a00009,jazz
u00817,s000310,0.4396475553512573,6,a00085,jazz
u00817,s000148,0.43707960844039917,7,a00153,jazz
u00817,s000325,0.42938899993896484,8,a00121,rock
u00817,s000065,0.3988826274871826,9,a00046,jazz
u00817,s000401,0.3914133906364441,10,a00024,jazz
u00204,s000083,0.7367751598358154,1,a00126,hip-hop
u00204,s000006,0.5804728269577026,2,a00199,hip-hop
u00204,s000385,0.5270763635635376,3,a00188,hip-hop
u00204,s000249,0.5173870921134949,4,a00081,hip-hop
u00204,s000309,0.502041757106781,5,a00105,hip-hop
u00204,s000358,0.4890676736831665,6,a00189,hip-hop
u00204,s000159,0.4848494827747345,7,a00085,hip-hop
u00204,s000387,0.4579443335533142,8,a00073,hip-hop
u00204,s000383,0.4429210424423218,9,a00186,hip-hop
u00204,s000433,0.40504005551338196,10,a00102,hip-hop
u00186,s000201,0.5710632801055908,1,a00161,pop
u00186,s000026,0.5045572519302368,2,a00004,pop
u00186,s000318,0.46437034010887146,3,a00052,pop
u00186,s000112,0.4612639844417572,4,a00174,latin
u00186,s000245,0.41320812702178955,5,a00146,latin
u00186,s000304,0.4049378037452698,6,a00152,pop
u00186,s000207,0.3901752829551697,7,a00134,edm
u00186,s000406,0.3619866669178009,8,a00153,pop
u00186,s000255,0.35436007380485535,9,a00010,pop
u00186,s000441,0.3497973382472992,10,a00097,pop
u00611,s000153,0.6279811263084412,1,a00080,pop
u00611,s000035,0.5030163526535034,2,a00108,pop
u00611,s000072,0.46454736590385437,3,a00189,pop
u00611,s000050,0.4219970405101776,4,a00114,pop
u00611,s000493,0.3733919560909271,5,a00067,pop
u00611,s000269,0.3708547353744507,6,a00107,pop
u00611,s000427,0.3498031497001648,7,a00058,jazz
u00611,s000464,0.33139586448669434,8,a00157,jazz
u00611,s000270,0.311413049697876,9,a00023,pop
u00611,s000409,0.2980803847312927,10,a00046,pop
u00374,s000032,0.341850221157074,1,a00140,rock
u00374,s000038,0.3306138217449188,2,a00014,rock
u00374,s000276,0.2963973879814148,3,a00113,rock
u00374,s000402,0.2732275128364563,4,a00088,rock
u00374,s000266,0.268581748008728,5,a00171,indie
u00374,s000021,0.2683360278606415,6,a00032,rock
u00374,s000071,0.2664757966995239,7,a00103,pop
u00374,s000487,0.25763610005378723,8,a00176,rock
u00374,s000047,0.2545698583126068,9,a00129,rock
u00374,s000141,0.2526364028453827,10,a00197,rock
u00108,s000000,0.5333768725395203,1,a00178,edm
u00108,s000104,0.299005389213562,2,a00000,edm
u00108,s000287,0.28089532256126404,3,a00185,edm
u00108,s000465,0.27727511525154114,4,a00012,edm
u00108,s000353,0.27067893743515015,5,a00055,edm
u00108,s000365,0.2634691596031189,6,a00128,edm
u00108,s000467,0.21238748729228973,7,a00017,edm
u00108,s000119,0.21161451935768127,8,a00168,edm
u00108,s000361,0.2065974771976471,9,a00193,edm
u00108,s000167,0.19855336844921112,10,a00178,edm
u00017,s000177,0.6219582557678223,1,a00143,latin
u00017,s000307,0.5083762407302856,2,a00086,latin
u00017,s000438,0.4968770146369934,3,a00107,latin
u00017,s000331,0.49436402320861816,4,a00192,edm
u00017,s000245,0.47700178623199463,5,a00146,latin
u00017,s000024,0.447639137506485,6,a00065,latin
u00017,s000018,0.42890727519989014,7,a00096,latin
u00017,s000372,0.3786364197731018,8,a00034,latin
u00017,s000252,0.3764806389808655,9,a00046,latin
u00017,s000213,0.36807680130004883,10,a00186,edm
u00428,s000003,0.5355520248413086,1,a00066,rock
u00428,s000047,0.48323166370391846,2,a00129,rock
u00428,s000454,0.4493434429168701,3,a00140,rock
u00428,s000297,0.43514716625213623,4,a00041,rock
u00428,s000397,0.3928605020046234,5,a00080,indie
u00428,s000089,0.3816675543785095,6,a00050,pop
u00428,s000276,0.3730650842189789,7,a00113,rock
u00428,s000021,0.36226886510849,8,a00032,rock
u00428,s000070,0.34987735748291016,9,a00140,classical
u00428,s000205,0.3415970802307129,10,a00031,edm
u00758,s000420,0.5806295871734619,1,a00078,rock
u00758,s000238,0.5037394762039185,2,a00006,rock
u00758,s000421,0.49225473403930664,3,a00116,rock
u00758,s000138,0.4733439087867737,4,a00024,hip-hop
u00758,s000488,0.47194522619247437,5,a00002,rock
u00758,s000417,0.47042495012283325,6,a00085,indie
u00758,s000187,0.4445350766181946,7,a00113,rock
u00758,s000348,0.4187360405921936,8,a00054,latin
u00758,s000038,0.4180615246295929,9,a00014,rock
u00758,s000122,0.4170438051223755,10,a00024,jazz
u00240,s000026,0.6775393486022949,1,a00004,pop
u00240,s000280,0.5375329256057739,2,a00039,pop
u00240,s000381,0.5240728855133057,3,a00100,hip-hop
u00240,s000022,0.5159633159637451,4,a00195,pop
u00240,s000406,0.48267024755477905,5,a00153,pop
u00240,s000136,0.46829190850257874,6,a00181,indie
u00240,s000216,0.4195975065231323,7,a00066,edm
u00240,s000493,0.4007432162761688,8,a00067,pop
u00240,s000024,0.3878912627696991,9,a00065,latin
u00240,s000148,0.38246822357177734,10,a00153,jazz
u00585,s000020,0.6035653948783875,1,a00182,indie
u00585,s000042,0.4871112108230591,2,a00156,indie
u00585,s000451,0.461213082075119,3,a00003,classical
u00585,s000299,0.4484484791755676,4,a00040,pop
u00585,s000492,0.4112750291824341,5,a00157,indie
u00585,s000192,0.39775145053863525,6,a00128,classical
u00585,s000266,0.39727360010147095,7,a00171,indie
u00585,s000331,0.36132264137268066,8,a00192,edm
u00585,s000225,0.3446497321128845,9,a00077,edm
u00585,s000351,0.33608338236808777,10,a00149,latin
u00435,s000438,0.42928189039230347,1,a00107,latin
u00435,s000087,0.410898357629776,2,a00121,latin
u00435,s000204,0.40559107065200806,3,a00054,classical
u00435,s000036,0.39425915479660034,4,a00179,latin
u00435,s000081,0.3509920835494995,5,a00036,classical
u00435,s000154,0.34800755977630615,6,a00083,latin
u00435,s000170,0.33016684651374817,7,a00061,latin
u00435,s000094,0.3244606852531433,8,a00150,pop
u00435,s000100,0.31161051988601685,9,a00109,jazz
u00435,s000099,0.29169389605522156,10,a00089,jazz
u00334,s000012,0.6773568987846375,1,a00032,edm
u00334,s000140,0.282396137714386,2,a00179,edm
u00334,s000264,0.27997398376464844,3,a00136,edm
u00334,s000328,0.2700231075286865,4,a00129,edm
u00334,s000380,0.2487408071756363,5,a00018,edm
u00334,s000360,0.2408081293106079,6,a00153,edm
u00334,s000339,0.235909566283226,7,a00010,edm
u00334,s000225,0.2324950397014618,8,a00077,edm
u00334,s000303,0.23121923208236694,9,a00164,edm
u00334,s000128,0.22416159510612488,10,a00161,edm
u00958,s000127,0.7151010036468506,1,a00134,pop
u00958,s000100,0.47784560918807983,2,a00109,jazz
u00958,s000026,0.4498773217201233,3,a00004,pop
u00958,s000244,0.40896502137184143,4,a00124,indie
u00958,s000099,0.39954936504364014,5,a00089,jazz
u00958,s000016,0.37682637572288513,6,a00037,pop
u00958,s000284,0.37120217084884644,7,a00021,indie
u00958,s000129,0.35969606041908264,8,a00090,pop
u00958,s000360,0.354499876499176,9,a00153,edm
u00958,s000243,0.3458918631076813,10,a00111,indie
u00440,s000172,0.4687251150608063,1,a00157,jazz
u00440,s000386,0.4589242935180664,2,a00016,rock
u00440,s000358,0.41420191526412964,3,a00189,hip-hop
u00440,s000053,0.411482572555542,4,a00025,indie
u00440,s000461,0.3976130485534668,5,a00054,classical
u00440,s000188,0.39010223746299744,6,a00165,jazz
u00440,s000401,0.3870266377925873,7,a00024,jazz
u00440,s000213,0.37978434562683105,8,a00186,edm
u00440,s000447,0.3770258128643036,9,a00107,latin
u00440,s000468,0.359915554523468,10,a00159,hip-hop
u00262,s000163,0.462732195854187,1,a00048,edm
u00262,s000011,0.4583909511566162,2,a00156,classical
u00262,s000014,0.4553442597389221,3,a00163,classical
u00262,s000092,0.44132474064826965,4,a00040,latin
u00262,s000005,0.4319166839122772,5,a00178,classical
u00262,s000276,0.38303399085998535,6,a00113,rock
u00262,s000160,0.38194236159324646,7,a00062,latin
u00262,s000330,0.32326439023017883,8,a00106,edm
u00262,s000451,0.32224056124687195,9,a00003,classical
u00262,s000418,0.313382089138031,10,a00134,classical
u00635,s000471,0.6874185800552368,1,a00038,pop
u00635,s000016,0.648027241230011,2,a00037,pop
u00635,s000214,0.4579448103904724,3,a00071,pop
u00635,s000336,0.4372478723526001,4,a00025,jazz
u00635,s000280,0.4273431897163391,5,a00039,pop
u00635,s000008,0.4178689122200012,6,a00191,hip-hop
u00635,s000189,0.394065260887146,7,a00178,latin
u00635,s000225,0.3930503726005554,8,a00077,edm
u00635,s000040,0.38558000326156616,9,a00135,classical
u00635,s000310,0.37663817405700684,10,a00085,jazz
u00768,s000006,0.5725523233413696,1,a00199,hip-hop
u00768,s000083,0.41345056891441345,2,a00126,hip-hop
u00768,s000358,0.3818630278110504,3,a00189,hip-hop
u00768,s000385,0.3813099265098572,4,a00188,hip-hop
u00768,s000309,0.3530501127243042,5,a00105,hip-hop
u00768,s000381,0.31584107875823975,6,a00100,hip-hop
u00768,s000449,0.2870206832885742,7,a00014,hip-hop
u00768,s000026,0.28618955612182617,8,a00004,pop
u00768,s000231,0.277235746383667,9,a00164,latin
u00768,s000159,0.26400431990623474,10,a00085,hip-hop
u00475,s000204,0.4593489170074463,1,a00054,classical
u00475,s000036,0.4584278166294098,2,a00179,latin
u00475,s000087,0.44075316190719604,3,a00121,latin
u00475,s000142,0.4355275630950928,4,a00087,latin
u00475,s000452,0.4289895296096802,5,a00092,latin
u00475,s000009,0.3783546984195709,6,a00014,latin
u00475,s000290,0.37467503547668457,7,a00097,rock
u00475,s000484,0.34151071310043335,8,a00083,indie
u00475,s000497,0.3392373025417328,9,a00152,latin
u00475,s000018,0.3331795930862427,10,a00096,latin
u00257,s000417,0.45235466957092285,1,a00085,indie
u00257,s000406,0.44133102893829346,2,a00153,pop
u00257,s000012,0.3861742615699768,3,a00032,edm
u00257,s000233,0.3845978081226349,4,a00141,rock
u00257,s000033,0.3614248037338257,5,a00158,edm
u00257,s000430,0.3362070918083191,6,a00166,rock
u00257,s000019,0.3300457000732422,7,a00154,classical
u00257,s000428,0.30782073736190796,8,a00081,edm
u00257,s000072,0.3052505850791931,9,a00189,pop
u00257,s000328,0.29984307289123535,10,a00129,edm
u00133,s000005,0.6660875082015991,1,a00178,classical
u00133,s000063,0.5857721567153931,2,a00199,classical
u00133,s000418,0.49573004245758057,3,a00134,classical
u00133,s000470,0.4865834414958954,4,a00122,classical
u00133,s000425,0.4388827085494995,5,a00175,edm
u00133,s000277,0.3995254635810852,6,a00114,indie
u00133,s000420,0.3725438714027405,7,a00078,rock
u00133,s000407,0.37106436491012573,8,a00108,classical
u00133,s000040,0.3587878942489624,9,a00135,classical
u00133,s000095,0.3571058511734009,10,a00000,pop
u00410,s000027,0.8268672227859497,1,a00122,jazz
u00410,s000401,0.5690785646438599,2,a00024,jazz
u00410,s000258,0.5030295848846436,3,a00118,latin
u00410,s000480,0.49693936109542847,4,a00009,jazz
u00410,s000463,0.4434182047843933,5,a00033,jazz
u00410,s000052,0.4054190218448639,6,a00035,jazz
u00410,s000160,0.3682515621185303,7,a00062,latin
u00410,s000217,0.36719077825546265,8,a00050,pop
u00410,s000259,0.3660578727722168,9,a00139,jazz
u00410,s000273,0.35968726873397827,10,a00119,jazz
u00295,s000059,0.5318663716316223,1,a00073,hip-hop
u00295,s000083,0.5209705233573914,2,a00126,hip-hop
u00295,s000267,0.4447847008705139,3,a00098,hip-hop
u00295,s000350,0.4443807005882263,4,a00151,hip-hop
u00295,s000185,0.40784159302711487,5,a00193,hip-hop
u00295,s000105,0.3967563807964325,6,a00062,hip-hop
u00295,s000385,0.39080488681793213,7,a00188,hip-hop
u00295,s000160,0.39006859064102173,8,a00062,latin
u00295,s000438,0.38064098358154297,9,a00107,latin
u00295,s000309,0.3665991425514221,10,a00105,hip-hop
u00004,s000013,0.5920156240463257,1,a00154,jazz
u00004,s000046,0.4628206193447113,2,a00172,jazz
u00004,s000172,0.45196768641471863,3,a00157,jazz
u00004,s000121,0.44375360012054443,4,a00062,jazz
u00004,s000039,0.4326934516429901,5,a00156,jazz
u00004,s000050,0.42719995975494385,6,a00114,pop
u00004,s000045,0.42017862200737,7,a00075,jazz
u00004,s000023,0.3825399875640869,8,a00085,pop
u00004,s000463,0.365663081407547,9,a00033,jazz
u00004,s000493,0.35783401131629944,10,a00067,pop
u00546,s000014,0.5698487758636475,1,a00163,classical
u00546,s000070,0.5280144810676575,2,a00140,classical
u00546,s000082,0.3987271785736084,3,a00071,classical
u00546,s000081,0.38672834634780884,4,a00036,classical
u00546,s000170,0.38601458072662354,5,a00061,latin
u00546,s000303,0.3562796711921692,6,a00164,edm
u00546,s000455,0.3556951880455017,7,a00160,classical
u00546,s000297,0.349666565656662,8,a00041,rock
u00546,s000204,0.3383921980857849,9,a00054,classical
u00546,s000029,0.3162792921066284,10,a00096,classical
u00624,s000380,0.439063161611557,1,a00018,edm
u00624,s000170,0.43178093433380127,2,a00061,latin
u00624,s000262,0.40741005539894104,3,a00036,indie
u00624,s000097,0.38291406631469727,4,a00100,edm
u00624,s000151,0.3749580979347229,5,a00048,classical
u00624,s000011,0.3697117567062378,6,a00156,classical
u00624,s000000,0.34633690118789673,7,a00178,edm
u00624,s000082,0.34579604864120483,8,a00071,classical
u00624,s000395,0.3455812633037567,9,a00007,edm
u00624,s000373,0.3158569633960724,10,a00130,pop
u00811,s000013,0.8831264972686768,1,a00154,jazz
u00811,s000296,0.6020249128341675,2,a00084,jazz
u00811,s000171,0.5822608470916748,3,a00031,jazz
u00811,s000453,0.5695432424545288,4,a00152,jazz
u00811,s000273,0.5176626443862915,5,a00119,jazz
u00811,s000444,0.5164881944656372,6,a00170,jazz
u00811,s000464,0.44664621353149414,7,a00157,jazz
u00811,s000382,0.44328027963638306,8,a00043,jazz
u00811,s000265,0.43077749013900757,9,a00052,jazz
u00811,s000439,0.4232150614261627,10,a00187,jazz
u00432,s000005,0.7189903259277344,1,a00178,classical
u00432,s000056,0.514748215675354,2,a00068,latin
u00432,s000255,0.5099441409111023,3,a00010,pop
u00432,s000309,0.43236619234085083,4,a00105,hip-hop
u00432,s000291,0.4233381450176239,5,a00036,classical
u00432,s000267,0.4217550456523895,6,a00098,hip-hop
u00432,s000206,0.39635783433914185,7,a00177,classical
u00432,s000091,0.36129075288772583,8,a00039,indie
u00432,s000450,0.3466639518737793,9,a00119,latin
u00432,s000454,0.3319562077522278,10,a00140,rock
u00807,s000187,0.4573046565055847,1,a00113,rock
u00807,s000029,0.45244354009628296,2,a00096,classical
u00807,s000451,0.44954007863998413,3,a00003,classical
u00807,s000232,0.433987021446228,4,a00181,classical
u00807,s000368,0.4074941873550415,5,a00103,rock
u00807,s000053,0.40043967962265015,6,a00025,indie
u00807,s000216,0.3823460340499878,7,a00066,edm
u00807,s000003,0.36040231585502625,8,a00066,rock
u00807,s000205,0.3449469804763794,9,a00031,edm
u00807,s000032,0.3443340063095093,10,a00140,rock
u00434,s000309,0.49563348293304443,1,a00105,hip-hop
u00434,s000415,0.48991918563842773,2,a00150,hip-hop
u00434,s000381,0.41074663400650024,3,a00100,hip-hop
u00434,s000457,0.39497026801109314,4,a00169,hip-hop
u00434,s000083,0.378711074590683,5,a00126,hip-hop
u00434,s000059,0.3635958731174469,6,a00073,hip-hop
u00434,s000385,0.3613883852958679,7,a00188,hip-hop
u00434,s000102,0.34913215041160583,8,a00181,hip-hop
u00434,s000318,0.34819161891937256,9,a00052,pop
u00434,s000090,0.30781298875808716,10,a00028,hip-hop
u00934,s000018,0.522260308265686,1,a00096,latin
u00934,s000156,0.3178238868713379,2,a00176,pop
u00934,s000031,0.31186169385910034,3,a00037,latin
u00934,s000154,0.3057788014411926,4,a00083,latin
u00934,s000186,0.29131120443344116,5,a00112,latin
u00934,s000450,0.28595077991485596,6,a00119,latin
u00934,s000452,0.2792319059371948,7,a00092,latin
u00934,s000231,0.27753159403800964,8,a00164,latin
u00934,s000392,0.2712407112121582,9,a00061,latin
u00934,s000447,0.2649189531803131,10,a00107,latin
u00965,s000421,0.6698060631752014,1,a00116,rock
u00965,s000003,0.4785466194152832,2,a00066,rock
u00965,s000126,0.4127507209777832,3,a00129,hip-hop
u00965,s000392,0.40640074014663696,4,a00061,latin
u00965,s000388,0.39636021852493286,5,a00056,indie
u00965,s000476,0.3489377498626709,6,a00184,indie
u00965,s000401,0.3458048105239868,7,a00024,jazz
u00965,s000071,0.33026865124702454,8,a00103,pop
u00965,s000083,0.3293921947479248,9,a00126,hip-hop
u00965,s000233,0.32835403084754944,10,a00141,rock
u00412,s000033,0.516994833946228,1,a00158,edm
u00412,s000066,0.45725250244140625,2,a00089,classical
u00412,s000205,0.4266970753669739,3,a00031,edm
u00412,s000380,0.4104328155517578,4,a00018,edm
u00412,s000339,0.3983873724937439,5,a00010,edm
u00412,s000012,0.38750404119491577,6,a00032,edm
u00412,s000128,0.36051326990127563,7,a00161,edm
u00412,s000058,0.3601175844669342,8,a00010,edm
u00412,s000262,0.3591892719268799,9,a00036,indie
u00412,s000484,0.3475601375102997,10,a00083,indie
u00800,s000149,0.5559569597244263,1,a00155,rock
u00800,s000384,0.4801970422267914,2,a00048,rock
u00800,s000236,0.44676458835601807,3,a00006,rock
u00800,s000157,0.42939382791519165,4,a00147,rock
u00800,s000490,0.363812118768692,5,a00141,rock
u00800,s000260,0.3427426815032959,6,a00019,indie
u00800,s000054,0.34239283204078674,7,a00042,rock
u00800,s000325,0.32867538928985596,8,a00121,rock
u00800,s000445,0.2853677272796631,9,a00167,rock
u00800,s000289,0.2830720841884613,10,a00108,rock
u00597,s000417,0.574465811252594,1,a00085,indie
u00597,s000360,0.534132719039917,2,a00153,edm
u00597,s000243,0.48185405135154724,3,a00111,indie
u00597,s000358,0.45661109685897827,4,a00189,hip-hop
u00597,s000214,0.45023494958877563,5,a00071,pop
u00597,s000062,0.4105226397514343,6,a00133,indie
u00597,s000178,0.3808540999889374,7,a00167,indie
u00597,s000320,0.3782067894935608,8,a00137,latin
u00597,s000400,0.37085312604904175,9,a00199,jazz
u00597,s000105,0.34852364659309387,10,a00062,hip-hop
u00923,s000037,0.621705174446106,1,a00183,indie
u00923,s000244,0.42183011770248413,2,a00124,indie
u00923,s000066,0.39195939898490906,3,a00089,classical
u00923,s000137,0.3877502679824829,4,a00151,pop
u00923,s000103,0.34011292457580566,5,a00056,rock
u00923,s000205,0.3399409055709839,6,a00031,edm
u00923,s000347,0.335779070854187,7,a00097,indie
u00923,s000484,0.3356029987335205,8,a00083,indie
u00923,s000332,0.32143551111221313,9,a00050,indie
u00923,s000358,0.3061233162879944,10,a00189,hip-hop
u00118,s000424,0.7234244346618652,1,a00114,latin
u00118,s000018,0.6431992053985596,2,a00096,latin
u00118,s000474,0.4523661136627197,3,a00189,latin
u00118,s000275,0.44801533222198486,4,a00127,latin
u00118,s000060,0.4409259557723999,5,a00103,rock
u00118,s000304,0.37509775161743164,6,a00152,pop
u00118,s000112,0.3594176769256592,7,a00174,latin
u00118,s000231,0.34071531891822815,8,a00164,latin
u00118,s000153,0.33769339323043823,9,a00080,pop
u00118,s000010,0.3174852728843689,10,a00110,classical
u00443,s000024,0.44315341114997864,1,a00065,latin
u00443,s000237,0.35292482376098633,2,a00073,latin
u00443,s000112,0.34045642614364624,3,a00174,latin
u00443,s000052,0.33747604489326477,4,a00035,jazz
u00443,s000447,0.33388930559158325,5,a00107,latin
u00443,s000201,0.31230852007865906,6,a00161,pop
u00443,s000114,0.3094456195831299,7,a00136,indie
u00443,s000245,0.3008188307285309,8,a00146,latin
u00443,s000413,0.2966934144496918,9,a00198,latin
u00443,s000405,0.28084978461265564,10,a00058,latin
u00772,s000003,0.532865047454834,1,a00066,rock
u00772,s000043,0.39777547121047974,2,a00046,rock
u00772,s000110,0.38508427143096924,3,a00142,rock
u00772,s000002,0.3738965094089508,4,a00133,rock
u00772,s000430,0.2943006455898285,5,a00166,rock
u00772,s000289,0.2846103012561798,6,a00108,rock
u00772,s000490,0.2829386591911316,7,a00141,rock
u00772,s000297,0.2712896168231964,8,a00041,rock
u00772,s000386,0.23183754086494446,9,a00016,rock
u00772,s000055,0.2310493290424347,10,a00026,classical
u00918,s000006,0.7128003835678101,1,a00199,hip-hop
u00918,s000152,0.4653300940990448,2,a00198,hip-hop
u00918,s000288,0.4131681025028229,3,a00028,hip-hop
u00918,s000356,0.3596358895301819,4,a00147,hip-hop
u00918,s000376,0.35283148288726807,5,a00178,hip-hop
u00918,s000449,0.33290421962738037,6,a00014,hip-hop
u00918,s000468,0.3175482153892517,7,a00159,hip-hop
u00918,s000347,0.3158971071243286,8,a00097,indie
u00918,s000184,0.3152163624763489,9,a00174,latin
u00918,s000334,0.3110816776752472,10,a00035,hip-hop
u00071,s000016,0.6080054044723511,1,a00037,pop
u00071,s000022,0.5454294681549072,2,a00195,pop
u00071,s000299,0.34569889307022095,3,a00040,pop
u00071,s000280,0.34017056226730347,4,a00039,pop
u00071,s000094,0.29021069407463074,5,a00150,pop
u00071,s000255,0.2870666980743408,6,a00010,pop
u00071,s000156,0.28406020998954773,7,a00176,pop
u00071,s000435,0.2592049241065979,8,a00013,pop
u00071,s000050,0.23760882019996643,9,a00114,pop
u00071,s000127,0.21582472324371338,10,a00134,pop
u00255,s000013,0.702988862991333,1,a00154,jazz
u00255,s000198,0.5164312720298767,2,a00031,jazz
u00255,s000336,0.4968453645706177,3,a00025,jazz
u00255,s000401,0.4915858805179596,4,a00024,jazz
u00255,s000172,0.47138386964797974,5,a00157,jazz
u00255,s000385,0.4597077965736389,6,a00188,hip-hop
u00255,s000366,0.44907498359680176,7,a00060,jazz
u00255,s000121,0.4354401230812073,8,a00062,jazz
u00255,s000276,0.42145195603370667,9,a00113,rock
u00255,s000269,0.39769572019577026,10,a00107,pop
u00208,s000012,0.6696368455886841,1,a00032,edm
u00208,s000025,0.6189780235290527,2,a00009,edm
u00208,s000303,0.5979783535003662,3,a00164,edm
u00208,s000213,0.564545214176178,4,a00186,edm
u00208,s000339,0.5516256093978882,5,a00010,edm
u00208,s000365,0.5505765676498413,6,a00128,edm
u00208,s000098,0.5488172769546509,7,a00148,edm
u00208,s000314,0.5377979278564453,8,a00133,edm
u00208,s000157,0.5167192816734314,9,a00147,rock
u00208,s000285,0.5062091946601868,10,a00003,edm
u00228,s000419,0.5309209823608398,1,a00013,rock
u00228,s000043,0.4997211694717407,2,a00046,rock
u00228,s000261,0.46158477663993835,3,a00004,jazz
u00228,s000004,0.41655224561691284,4,a00134,rock
u00228,s000070,0.37549638748168945,5,a00140,classical
u00228,s000421,0.3750576972961426,6,a00116,rock
u00228,s000365,0.3661699891090393,7,a00128,edm
u00228,s000288,0.34826791286468506,8,a00028,hip-hop
u00228,s000202,0.34522873163223267,9,a00123,hip-hop
u00228,s000455,0.34505394101142883,10,a00160,classical
u00938,s000365,0.6443142890930176,1,a00128,edm
u00938,s000494,0.5536859035491943,2,a00145,edm
u00938,s000128,0.49529534578323364,3,a00161,edm
u00938,s000205,0.45703011751174927,4,a00031,edm
u00938,s000110,0.44586455821990967,5,a00142,rock
u00938,s000140,0.4384828805923462,6,a00179,edm
u00938,s000255,0.43471023440361023,7,a00010,pop
u00938,s000012,0.43343570828437805,8,a00032,edm
u00938,s000454,0.4257398843765259,9,a00140,rock
u00938,s000453,0.414633572101593,10,a00152,jazz
u00670,s000146,0.4842269718647003,1,a00062,indie
u00670,s000315,0.479452520608902,2,a00167,hip-hop
u00670,s000276,0.40957948565483093,3,a00113,rock
u00670,s000297,0.3822145462036133,4,a00041,rock
u00670,s000077,0.372967004776001,5,a00099,rock
u00670,s000224,0.3728072941303253,6,a00087,rock
u00670,s000402,0.3371359705924988,7,a00088,rock
u00670,s000358,0.334325909614563,8,a00189,hip-hop
u00670,s000032,0.31679901480674744,9,a00140,rock
u00670,s000368,0.3006587028503418,10,a00103,rock
u00622,s000284,0.5230557918548584,1,a00021,indie
u00622,s000279,0.45091548562049866,2,a00008,hip-hop
u00622,s000042,0.44360724091529846,3,a00156,indie
u00622,s000082,0.39020290970802307,4,a00071,classical
u00622,s000124,0.38086938858032227,5,a00074,edm
u00622,s000020,0.3758992552757263,6,a00182,indie
u00622,s000300,0.3740918040275574,7,a00165,indie
u00622,s000095,0.33312729001045227,8,a00000,pop
u00622,s000223,0.32765358686447144,9,a00095,indie
u00622,s000277,0.28374937176704407,10,a00114,indie
u00566,s000269,0.4457748532295227,1,a00107,pop
u00566,s000383,0.43922340869903564,2,a00186,hip-hop
u00566,s000473,0.4171682596206665,3,a00028,pop
u00566,s000022,0.3791050910949707,4,a00195,pop
u00566,s000035,0.3646400272846222,5,a00108,pop
u00566,s000050,0.32717639207839966,6,a00114,pop
u00566,s000441,0.31172704696655273,7,a00097,pop
u00566,s000021,0.29614394903182983,8,a00032,rock
u00566,s000295,0.2908792793750763,9,a00127,pop
u00566,s000072,0.27789562940597534,10,a00189,pop
u00409,s000339,0.5499800443649292,1,a00010,edm
u00409,s000425,0.49592915177345276,2,a00175,edm
u00409,s000449,0.4908226430416107,3,a00014,hip-hop
u00409,s000338,0.483670711517334,4,a00148,edm
u00409,s000494,0.42745956778526306,5,a00145,edm
u00409,s000459,0.41113561391830444,6,a00125,jazz
u00409,s000000,0.405384361743927,7,a00178,edm
u00409,s000312,0.3902742862701416,8,a00056,rock
u00409,s000361,0.37062981724739075,9,a00193,edm
u00409,s000330,0.366222620010376,10,a00106,edm
u00093,s000015,0.6586941480636597,1,a00156,edm
u00093,s000140,0.5906602144241333,2,a00179,edm
u00093,s000428,0.4890941381454468,3,a00081,edm
u00093,s000025,0.4617324769496918,4,a00009,edm
u00093,s000264,0.3962634801864624,5,a00136,edm
u00093,s000363,0.3900798559188843,6,a00039,edm
u00093,s000086,0.2899513244628906,7,a00030,rock
u00093,s000325,0.2734125256538391,8,a00121,rock
u00093,s000144,0.2731034755706787,9,a00176,hip-hop
u00093,s000459,0.2698277235031128,10,a00125,jazz
u00461,s000005,0.6222500205039978,1,a00178,classical
u00461,s000010,0.6075057983398438,2,a00110,classical
u00461,s000452,0.5601937770843506,3,a00092,latin
u00461,s000164,0.5000994205474854,4,a00070,classical
u00461,s000309,0.4232466518878937,5,a00105,hip-hop
u00461,s000327,0.3910173177719116,6,a00063,classical
u00461,s000031,0.37928834557533264,7,a00037,latin
u00461,s000065,0.3730451166629791,8,a00046,jazz
u00461,s000407,0.3644464910030365,9,a00108,classical
u00461,s000070,0.3525266647338867,10,a00140,classical
u00444,s000315,0.5885814428329468,1,a00167,hip-hop
u00444,s000144,0.5480734705924988,2,a00176,hip-hop
u00444,s000008,0.5350571870803833,3,a00191,hip-hop
u00444,s000202,0.5152008533477783,4,a00123,hip-hop
u00444,s000183,0.4323750436306,5,a00114,hip-hop
u00444,s000410,0.4227531850337982,6,a00031,hip-hop
u00444,s000327,0.4022362232208252,7,a00063,classical
u00444,s000398,0.3875868320465088,8,a00117,hip-hop
u00444,s000353,0.3709784746170044,9,a00055,edm
u00444,s000006,0.3547903895378113,10,a00199,hip-hop
u00300,s000002,0.629177987575531,1,a00133,rock
u00300,s000282,0.5596836805343628,2,a00024,rock
u00300,s000149,0.5006927847862244,3,a00155,rock
u00300,s000320,0.47364649176597595,4,a00137,latin
u00300,s000338,0.42114919424057007,5,a00148,edm
u00300,s000398,0.40398383140563965,6,a00117,hip-hop
u00300,s000276,0.380205363035202,7,a00113,rock
u00300,s000290,0.3568808436393738,8,a00097,rock
u00300,s000420,0.337643027305603,9,a00078,rock
u00300,s000394,0.3277422785758972,10,a00082,classical
u00634,s000280,0.25809502601623535,1,a00039,pop
u00634,s000127,0.2472955286502838,2,a00134,pop
u00634,s000295,0.24514606595039368,3,a00127,pop
u00634,s000156,0.23090144991874695,4,a00176,pop
u00634,s000406,0.2169339656829834,5,a00153,pop
u00634,s000299,0.21669167280197144,6,a00040,pop
u00634,s000201,0.2141866832971573,7,a00161,pop
u00634,s000390,0.21388904750347137,8,a00046,pop
u00634,s000435,0.2130284458398819,9,a00013,pop
u00634,s000316,0.2074478566646576,10,a00097,pop
u00076,s000363,0.650422215461731,1,a00039,edm
u00076,s000047,0.4923941195011139,2,a00129,rock
u00076,s000355,0.486330509185791,3,a00035,hip-hop
u00076,s000083,0.4849799871444702,4,a00126,hip-hop
u00076,s000423,0.4817904829978943,5,a00136,indie
u00076,s000220,0.4767831563949585,6,a00007,rock
u00076,s000428,0.4699551463127136,7,a00081,edm
u00076,s000006,0.46210718154907227,8,a00199,hip-hop
u00076,s000070,0.41921067237854004,9,a00140,classical
u00076,s000183,0.4165833592414856,10,a00114,hip-hop
u00545,s000018,0.431363582611084,1,a00096,latin
u00545,s000417,0.3922666311264038,2,a00085,indie
u00545,s000156,0.3854617476463318,3,a00176,pop
u00545,s000359,0.35612010955810547,4,a00108,indie
u00545,s000385,0.3544017970561981,5,a00188,hip-hop
u00545,s000186,0.3510262072086334,6,a00112,latin
u00545,s000154,0.34965550899505615,7,a00083,latin
u00545,s000447,0.3355308175086975,8,a00107,latin
u00545,s000344,0.31547707319259644,9,a00186,indie
u00545,s000455,0.3001036047935486,10,a00160,classical
u00003,s000020,0.5779508352279663,1,a00182,indie
u00003,s000159,0.4832598567008972,2,a00085,hip-hop
u00003,s000383,0.43784040212631226,3,a00186,hip-hop
u00003,s000300,0.4289780855178833,4,a00165,indie
u00003,s000408,0.4250779151916504,5,a00025,indie
u00003,s000103,0.40946030616760254,6,a00056,rock
u00003,s000359,0.3965829610824585,7,a00108,indie
u00003,s000093,0.354276180267334,8,a00010,indie
u00003,s000372,0.3468627333641052,9,a00034,latin
u00003,s000244,0.3183786869049072,10,a00124,indie
u00518,s000358,0.6011241674423218,1,a00189,hip-hop
u00518,s000123,0.5529937744140625,2,a00089,indie
u00518,s000497,0.5338684320449829,3,a00152,latin
u00518,s000475,0.5189349055290222,4,a00061,latin
u00518,s000249,0.4923633635044098,5,a00081,hip-hop
u00518,s000098,0.44891679286956787,6,a00148,edm
u00518,s000483,0.4204374849796295,7,a00102,rock
u00518,s000018,0.4203033149242401,8,a00096,latin
u00518,s000369,0.3541876971721649,9,a00041,pop
u00518,s000402,0.34336215257644653,10,a00088,rock
u00450,s000015,0.7926269769668579,1,a00156,edm
u00450,s000314,0.5511416792869568,2,a00133,edm
u00450,s000098,0.543169379234314,3,a00148,edm
u00450,s000425,0.5006844401359558,4,a00175,edm
u00450,s000033,0.48453855514526367,5,a00158,edm
u00450,s000345,0.43881678581237793,6,a00038,jazz
u00450,s000058,0.42537152767181396,7,a00010,edm
u00450,s000000,0.4033258557319641,8,a00178,edm
u00450,s000442,0.40183234214782715,9,a00130,hip-hop
u00450,s000365,0.3789334297180176,10,a00128,edm
u00361,s000032,0.5682260990142822,1,a00140,rock
u00361,s000260,0.5502176284790039,2,a00019,indie
u00361,s000483,0.5071816444396973,3,a00102,rock
u00361,s000049,0.5040525197982788,4,a00094,rock
u00361,s000278,0.4840845763683319,5,a00013,classical
u00361,s000191,0.42036139965057373,6,a00131,jazz
u00361,s000238,0.39164620637893677,7,a00006,rock
u00361,s000149,0.37730705738067627,8,a00155,rock
u00361,s000352,0.3525483310222626,9,a00068,indie
u00361,s000054,0.3373273015022278,10,a00042,rock
u00063,s000043,0.5612956285476685,1,a00046,rock
u00063,s000372,0.46753621101379395,2,a00034,latin
u00063,s000289,0.4533344805240631,3,a00108,rock
u00063,s000282,0.41733312606811523,4,a00024,rock
u00063,s000497,0.37951889634132385,5,a00152,latin
u00063,s000054,0.37360724806785583,6,a00042,rock
u00063,s000003,0.36131778359413147,7,a00066,rock
u00063,s000085,0.336767315864563,8,a00091,rock
u00063,s000425,0.3366396129131317,9,a00175,edm
u00063,s000022,0.33645355701446533,10,a00195,pop
u00171,s000011,0.781686544418335,1,a00156,classical
u00171,s000068,0.6373953819274902,2,a00106,classical
u00171,s000166,0.5985040664672852,3,a00140,classical
u00171,s000202,0.5529744029045105,4,a00123,hip-hop
u00171,s000291,0.5021092891693115,5,a00036,classical
u00171,s000218,0.40922611951828003,6,a00096,classical
u00171,s000116,0.4056299924850464,7,a00056,indie
u00171,s000412,0.3850022852420807,8,a00015,classical
u00171,s000408,0.37484365701675415,9,a00025,indie
u00171,s000481,0.359475702047348,10,a00157,classical
u00815,s000010,0.7391493320465088,1,a00110,classical
u00815,s000164,0.5286825895309448,2,a00070,classical
u00815,s000014,0.5096558332443237,3,a00163,classical
u00815,s000056,0.45537978410720825,4,a00068,latin
u00815,s000418,0.4290511906147003,5,a00134,classical
u00815,s000369,0.4027836322784424,6,a00041,pop
u00815,s000377,0.3928985893726349,7,a00101,classical
u00815,s000309,0.3754795789718628,8,a00105,hip-hop
u00815,s000452,0.37313753366470337,9,a00092,latin
u00815,s000459,0.3227791488170624,10,a00125,jazz
u00668,s000055,0.6671022176742554,1,a00026,classical
u00668,s000288,0.5728991627693176,2,a00028,hip-hop
u00668,s000248,0.549250602722168,3,a00187,pop
u00668,s000232,0.54621422290802,4,a00181,classical
u00668,s000118,0.5222597122192383,5,a00153,classical
u00668,s000266,0.4486156702041626,6,a00171,indie
u00668,s000195,0.4180138111114502,7,a00054,classical
u00668,s000049,0.4098646938800812,8,a00094,rock
u00668,s000499,0.3743055462837219,9,a00192,indie
u00668,s000237,0.35826435685157776,10,a00073,latin
u00887,s000000,0.6540518999099731,1,a00178,edm
u00887,s000167,0.5714105367660522,2,a00178,edm
u00887,s000058,0.5653334856033325,3,a00010,edm
u00887,s000119,0.5504409074783325,4,a00168,edm
u00887,s000303,0.5242413878440857,5,a00164,edm
u00887,s000260,0.5112289786338806,6,a00019,indie
u00887,s000108,0.5048060417175293,7,a00114,edm
u00887,s000338,0.49637481570243835,8,a00148,edm
u00887,s000441,0.37669020891189575,9,a00097,pop
u00887,s000098,0.37131550908088684,10,a00148,edm
u00184,s000003,0.6378546953201294,1,a00066,rock
u00184,s000138,0.5853956937789917,2,a00024,hip-hop
u00184,s000489,0.5585811138153076,3,a00172,rock
u00184,s000290,0.4928380846977234,4,a00097,rock
u00184,s000156,0.37239888310432434,5,a00176,pop
u00184,s000047,0.36266058683395386,6,a00129,rock
u00184,s000278,0.35640034079551697,7,a00013,classical
u00184,s000332,0.35053926706314087,8,a00050,indie
u00184,s000490,0.3461223840713501,9,a00141,rock
u00184,s000289,0.3330618739128113,10,a00108,rock
u00192,s000003,0.6346499919891357,1,a00066,rock
u00192,s000121,0.5294673442840576,2,a00062,jazz
u00192,s000447,0.4305470883846283,3,a00107,latin
u00192,s000461,0.3662581741809845,4,a00054,classical
u00192,s000038,0.34712186455726624,5,a00014,rock
u00192,s000047,0.3341655135154724,6,a00129,rock
u00192,s000412,0.33199599385261536,7,a00015,classical
u00192,s000110,0.3197990655899048,8,a00142,rock
u00192,s000291,0.3167470097541809,9,a00036,classical
u00192,s000071,0.31294628977775574,10,a00103,pop
u00019,s000464,0.53089839220047,1,a00157,jazz
u00019,s000017,0.49386462569236755,2,a00184,jazz
u00019,s000151,0.422332227230072,3,a00048,classical
u00019,s000027,0.4136257767677307,4,a00122,jazz
u00019,s000273,0.3941892981529236,5,a00119,jazz
u00019,s000480,0.36037176847457886,6,a00009,jazz
u00019,s000296,0.3414396345615387,7,a00084,jazz
u00019,s000453,0.32298028469085693,8,a00152,jazz
u00019,s000052,0.3097633719444275,9,a00035,jazz
u00019,s000039,0.29612237215042114,10,a00156,jazz
u00117,s000393,0.6065499782562256,1,a00079,edm
u00117,s000000,0.5889295339584351,2,a00178,edm
u00117,s000361,0.5294063687324524,3,a00193,edm
u00117,s000089,0.49530935287475586,4,a00050,pop
u00117,s000044,0.4940580129623413,5,a00067,edm
u00117,s000225,0.4764918088912964,6,a00077,edm
u00117,s000012,0.4320557415485382,7,a00032,edm
u00117,s000465,0.42549920082092285,8,a00012,edm
u00117,s000146,0.34312278032302856,9,a00062,indie
u00117,s000227,0.33563879132270813,10,a00119,latin
u00563,s000091,0.6649996042251587,1,a00039,indie
u00563,s000492,0.5549880266189575,2,a00157,indie
u00563,s000201,0.4178578555583954,3,a00161,pop
u00563,s000266,0.41407039761543274,4,a00171,indie
u00563,s000303,0.4114595353603363,5,a00164,edm
u00563,s000146,0.3327687084674835,6,a00062,indie
u00563,s000363,0.3302071690559387,7,a00039,edm
u00563,s000124,0.3021939694881439,8,a00074,edm
u00563,s000298,0.2929600477218628,9,a00099,classical
u00563,s000491,0.28736937046051025,10,a00119,indie
u00456,s000167,0.8085918426513672,1,a00178,edm
u00456,s000205,0.7875301837921143,2,a00031,edm
u00456,s000000,0.6187183856964111,3,a00178,edm
u00456,s000425,0.5020083785057068,4,a00175,edm
u00456,s000104,0.49046698212623596,5,a00000,edm
u00456,s000353,0.45900246500968933,6,a00055,edm
u00456,s000207,0.42828285694122314,7,a00134,edm
u00456,s000226,0.4198998808860779,8,a00031,indie
u00456,s000372,0.36941322684288025,9,a00034,latin
u00456,s000330,0.3579637408256531,10,a00106,edm
u00383,s000151,0.5670176148414612,1,a00048,classical
u00383,s000010,0.4754643738269806,2,a00110,classical
u00383,s000481,0.4408296048641205,3,a00157,classical
u00383,s000068,0.41837558150291443,4,a00106,classical
u00383,s000425,0.41612350940704346,5,a00175,edm
u00383,s000014,0.41554009914398193,6,a00163,classical
u00383,s000273,0.4009852111339569,7,a00119,jazz
u00383,s000124,0.3735649585723877,8,a00074,edm
u00383,s000137,0.3652168810367584,9,a00151,pop
u00383,s000161,0.36388343572616577,10,a00188,classical
u00906,s000035,0.6391270756721497,1,a00108,pop
u00906,s000234,0.5972006916999817,2,a00054,pop
u00906,s000050,0.5588464736938477,3,a00114,pop
u00906,s000026,0.46160435676574707,4,a00004,pop
u00906,s000364,0.448641836643219,5,a00016,latin
u00906,s000236,0.4155147671699524,6,a00006,rock
u00906,s000087,0.3926447033882141,7,a00121,latin
u00906,s000161,0.36086800694465637,8,a00188,classical
u00906,s000166,0.3495638370513916,9,a00140,classical
u00906,s000136,0.33870208263397217,10,a00181,indie
u00621,s000209,0.46564584970474243,1,a00007,classical
u00621,s000050,0.4322143495082855,2,a00114,pop
u00621,s000299,0.4312118887901306,3,a00040,pop
u00621,s000206,0.38120585680007935,4,a00177,classical
u00621,s000316,0.32046061754226685,5,a00097,pop
u00621,s000035,0.30843019485473633,6,a00108,pop
u00621,s000104,0.3068115711212158,7,a00000,edm
u00621,s000484,0.29504233598709106,8,a00083,indie
u00621,s000052,0.28781887888908386,9,a00035,jazz
u00621,s000310,0.2775210738182068,10,a00085,jazz
u00422,s000015,0.8084328174591064,1,a00156,edm
u00422,s000338,0.6206580400466919,2,a00148,edm
u00422,s000314,0.517981767654419,3,a00133,edm
u00422,s000058,0.4873557686805725,4,a00010,edm
u00422,s000363,0.45677676796913147,5,a00039,edm
u00422,s000123,0.4390273988246918,6,a00089,indie
u00422,s000425,0.4239009618759155,7,a00175,edm
u00422,s000467,0.37122076749801636,8,a00017,edm
u00422,s000442,0.3693878948688507,9,a00130,hip-hop
u00422,s000465,0.369160920381546,10,a00012,edm
u00414,s000179,0.7504793405532837,1,a00018,jazz
u00414,s000366,0.6999463438987732,2,a00060,jazz
u00414,s000169,0.6422572731971741,3,a00183,jazz
u00414,s000443,0.5614688992500305,4,a00036,jazz
u00414,s000382,0.4723857343196869,5,a00043,jazz
u00414,s000400,0.44043710827827454,6,a00199,jazz
u00414,s000229,0.38090968132019043,7,a00143,jazz
u00414,s000442,0.3749956488609314,8,a00130,hip-hop
u00414,s000202,0.36087334156036377,9,a00123,hip-hop
u00414,s000315,0.3460213541984558,10,a00167,hip-hop
u00179,s000382,0.6941784024238586,1,a00043,jazz
u00179,s000039,0.4687330722808838,2,a00156,jazz
u00179,s000427,0.4563559293746948,3,a00058,jazz
u00179,s000029,0.4033505618572235,4,a00096,classical
u00179,s000259,0.38399171829223633,5,a00139,jazz
u00179,s000278,0.3565647602081299,6,a00013,classical
u00179,s000464,0.33755946159362793,7,a00157,jazz
u00179,s000459,0.33736950159072876,8,a00125,jazz
u00179,s000296,0.33488893508911133,9,a00084,jazz
u00179,s000017,0.3223060965538025,10,a00184,jazz
u00285,s000027,0.6194809675216675,1,a00122,jazz
u00285,s000017,0.4997241497039795,2,a00184,jazz
u00285,s000443,0.3110363185405731,3,a00036,jazz
u00285,s000021,0.2806178331375122,4,a00032,rock
u00285,s000366,0.2667284905910492,5,a00060,jazz
u00285,s000382,0.2561850845813751,6,a00043,jazz
u00285,s000179,0.24715539813041687,7,a00018,jazz
u00285,s000172,0.21159887313842773,8,a00157,jazz
u00285,s000121,0.20925402641296387,9,a00062,jazz
u00285,s000439,0.20920783281326294,10,a00187,jazz
u00544,s000003,0.5443167686462402,1,a00066,rock
u00544,s000153,0.38666218519210815,2,a00080,pop
u00544,s000110,0.33586740493774414,3,a00142,rock
u00544,s000384,0.30354928970336914,4,a00048,rock
u00544,s000198,0.27801865339279175,5,a00031,jazz
u00544,s000038,0.2779054641723633,6,a00014,rock
u00544,s000072,0.2574557662010193,7,a00189,pop
u00544,s000368,0.2535434365272522,8,a00103,rock
u00544,s000141,0.24856215715408325,9,a00197,rock
u00544,s000282,0.2393350899219513,10,a00024,rock
u00089,s000026,0.46817317605018616,1,a00004,pop
u00089,s000406,0.46031153202056885,2,a00153,pop
u00089,s000245,0.4039185643196106,3,a00146,latin
u00089,s000035,0.38694798946380615,4,a00108,pop
u00089,s000318,0.3788524866104126,5,a00052,pop
u00089,s000441,0.37743061780929565,6,a00097,pop
u00089,s000405,0.3516082167625427,7,a00058,latin
u00089,s000253,0.3391626477241516,8,a00196,pop
u00089,s000390,0.32556772232055664,9,a00046,pop
u00089,s000136,0.30792027711868286,10,a00181,indie
u00061,s000484,0.6092624068260193,1,a00083,indie
u00061,s000042,0.5928622484207153,2,a00156,indie
u00061,s000226,0.5834159255027771,3,a00031,indie
u00061,s000114,0.5284311771392822,4,a00136,indie
u00061,s000020,0.497963011264801,5,a00182,indie
u00061,s000454,0.4018269181251526,6,a00140,rock
u00061,s000082,0.38555699586868286,7,a00071,classical
u00061,s000284,0.3739577829837799,8,a00021,indie
u00061,s000477,0.34807056188583374,9,a00015,latin
u00061,s000331,0.33767303824424744,10,a00192,edm
u00068,s000288,0.5205232501029968,1,a00028,hip-hop
u00068,s000248,0.4709615707397461,2,a00187,pop
u00068,s000294,0.4640974700450897,3,a00145,hip-hop
u00068,s000331,0.3613468408584595,4,a00192,edm
u00068,s000055,0.35095715522766113,5,a00026,classical
u00068,s000224,0.336950421333313,6,a00087,rock
u00068,s000492,0.33107128739356995,7,a00157,indie
u00068,s000192,0.3200521767139435,8,a00128,classical
u00068,s000385,0.2993614077568054,9,a00188,hip-hop
u00068,s000398,0.2953342795372009,10,a00117,hip-hop
u00904,s000013,0.790507435798645,1,a00154,jazz
u00904,s000366,0.3034815788269043,2,a00060,jazz
u00904,s000346,0.2953622043132782,3,a00053,jazz
u00904,s000080,0.2950434386730194,4,a00119,jazz
u00904,s000169,0.2767002582550049,5,a00183,jazz
u00904,s000427,0.26062342524528503,6,a00058,jazz
u00904,s000374,0.2477978616952896,7,a00107,jazz
u00904,s000099,0.2450951188802719,8,a00089,jazz
u00904,s000480,0.21657684445381165,9,a00009,jazz
u00904,s000444,0.21526697278022766,10,a00170,jazz
u00900,s000063,0.6833366751670837,1,a00199,classical
u00900,s000252,0.5269414186477661,2,a00046,latin
u00900,s000034,0.4796138107776642,3,a00046,rock
u00900,s000007,0.45481908321380615,4,a00041,classical
u00900,s000473,0.43400323390960693,5,a00028,pop
u00900,s000009,0.4326176643371582,6,a00014,latin
u00900,s000014,0.408305823802948,7,a00163,classical
u00900,s000226,0.36991849541664124,8,a00031,indie
u00900,s000124,0.3464515209197998,9,a00074,edm
u00900,s000348,0.33628422021865845,10,a00054,latin
u00613,s000214,0.409714013338089,1,a00071,pop
u00613,s000310,0.3732454776763916,2,a00085,jazz
u00613,s000194,0.34686338901519775,3,a00156,pop
u00613,s000471,0.3212364912033081,4,a00038,pop
u00613,s000026,0.31388476490974426,5,a00004,pop
u00613,s000414,0.30497318506240845,6,a00144,pop
u00613,s000023,0.3028874099254608,7,a00085,pop
u00613,s000032,0.30217593908309937,8,a00140,rock
u00613,s000386,0.2950914800167084,9,a00016,rock
u00613,s000315,0.28769344091415405,10,a00167,hip-hop
u00244,s000492,0.7599202990531921,1,a00157,indie
u00244,s000037,0.7544569373130798,2,a00183,indie
u00244,s000146,0.5507194995880127,3,a00062,indie
u00244,s000114,0.5321381092071533,4,a00136,indie
u00244,s000363,0.5033738613128662,5,a00039,edm
u00244,s000091,0.4930855929851532,6,a00039,indie
u00244,s000038,0.4817289710044861,7,a00014,rock
u00244,s000332,0.4603927433490753,8,a00050,indie
u00244,s000136,0.43996381759643555,9,a00181,indie
u00244,s000192,0.4280155599117279,10,a00128,classical
u00903,s000020,0.7767518162727356,1,a00182,indie
u00903,s000262,0.6156145930290222,2,a00036,indie
u00903,s000344,0.610896110534668,3,a00186,indie
u00903,s000151,0.47066065669059753,4,a00048,classical
u00903,s000060,0.446323961019516,5,a00103,rock
u00903,s000067,0.42574307322502136,6,a00045,indie
u00903,s000408,0.4168085753917694,7,a00025,indie
u00903,s000113,0.4066980183124542,8,a00052,indie
u00903,s000265,0.38762107491493225,9,a00052,jazz
u00903,s000420,0.32997387647628784,10,a00078,rock
u00229,s000011,0.7184017896652222,1,a00156,classical
u00229,s000418,0.2687247395515442,2,a00134,classical
u00229,s000069,0.2670931816101074,3,a00139,classical
u00229,s000327,0.2555224597454071,4,a00063,classical
u00229,s000451,0.24847379326820374,5,a00003,classical
u00229,s000161,0.23657286167144775,6,a00188,classical
u00229,s000377,0.2258119434118271,7,a00101,classical
u00229,s000455,0.19584958255290985,8,a00160,classical
u00229,s000437,0.1946798861026764,9,a00151,classical
u00229,s000082,0.18952414393424988,10,a00071,classical
u00447,s000015,0.6018813848495483,1,a00156,edm
u00447,s000033,0.5525131821632385,2,a00158,edm
u00447,s000438,0.4697452485561371,3,a00107,latin
u00447,s000132,0.46148577332496643,4,a00170,edm
u00447,s000442,0.4506379961967468,5,a00130,hip-hop
u00447,s000070,0.41858628392219543,6,a00140,classical
u00447,s000262,0.41472771763801575,7,a00036,indie
u00447,s000397,0.4098659157752991,8,a00080,indie
u00447,s000185,0.39998775720596313,9,a00193,hip-hop
u00447,s000084,0.38383322954177856,10,a00105,edm
u00996,s000082,0.5935704112052917,1,a00071,classical
u00996,s000187,0.5359853506088257,2,a00113,rock
u00996,s000454,0.5327196717262268,3,a00140,rock
u00996,s000290,0.4572121500968933,4,a00097,rock
u00996,s000086,0.43090707063674927,5,a00030,rock
u00996,s000384,0.39140021800994873,6,a00048,rock
u00996,s000157,0.3688402771949768,7,a00147,rock
u00996,s000469,0.34058889746665955,8,a00095,rock
u00996,s000297,0.3264129161834717,9,a00041,rock
u00996,s000004,0.3098379075527191,10,a00134,rock
u00966,s000007,0.707138180732727,1,a00041,classical
u00966,s000011,0.6550078392028809,2,a00156,classical
u00966,s000063,0.5406925678253174,3,a00199,classical
u00966,s000420,0.4241235852241516,4,a00078,rock
u00966,s000195,0.345917284488678,5,a00054,classical
u00966,s000407,0.33229589462280273,6,a00108,classical
u00966,s000478,0.26937976479530334,7,a00183,edm
u00966,s000217,0.2652727961540222,8,a00050,pop
u00966,s000470,0.2642664313316345,9,a00122,classical
u00966,s000086,0.2623875141143799,10,a00030,rock
u00022,s000026,0.6144907474517822,1,a00004,pop
u00022,s000234,0.2752886414527893,2,a00054,pop
u00022,s000280,0.27331429719924927,3,a00039,pop
u00022,s000212,0.25973913073539734,4,a00066,pop
u00022,s000127,0.2501562535762787,5,a00134,pop
u00022,s000295,0.22906339168548584,6,a00127,pop
u00022,s000471,0.2127884328365326,7,a00038,pop
u00022,s000196,0.21024708449840546,8,a00102,pop
u00022,s000409,0.20956459641456604,9,a00046,pop
u00022,s000316,0.20798656344413757,10,a00097,pop
u00260,s000043,0.4688912034034729,1,a00046,rock
u00260,s000054,0.40612828731536865,2,a00042,rock
u00260,s000236,0.38773980736732483,3,a00006,rock
u00260,s000358,0.37651121616363525,4,a00189,hip-hop
u00260,s000299,0.3675006031990051,5,a00040,pop
u00260,s000003,0.35761216282844543,6,a00066,rock
u00260,s000119,0.35376933217048645,7,a00168,edm
u00260,s000279,0.3479156196117401,8,a00008,hip-hop
u00260,s000261,0.34702932834625244,9,a00004,jazz
u00260,s000386,0.34038251638412476,10,a00016,rock
u00733,s000333,0.6013689637184143,1,a00180,latin
u00733,s000031,0.44671034812927246,2,a00037,latin
u00733,s000320,0.4460650384426117,3,a00137,latin
u00733,s000237,0.4312651753425598,4,a00073,latin
u00733,s000424,0.39163899421691895,5,a00114,latin
u00733,s000154,0.3843885362148285,6,a00083,latin
u00733,s000477,0.3798879384994507,7,a00015,latin
u00733,s000245,0.37546461820602417,8,a00146,latin
u00733,s000413,0.3575487434864044,9,a00198,latin
u00733,s000252,0.35426968336105347,10,a00046,latin
u00615,s000400,0.6675987243652344,1,a00199,jazz
u00615,s000027,0.5510616302490234,2,a00122,jazz
u00615,s000272,0.40062281489372253,3,a00157,jazz
u00615,s000260,0.390142023563385,4,a00019,indie
u00615,s000045,0.375422865152359,5,a00075,jazz
u00615,s000261,0.3518238067626953,6,a00004,jazz
u00615,s000447,0.3360043168067932,7,a00107,latin
u00615,s000397,0.33247584104537964,8,a00080,indie
u00615,s000179,0.3293791115283966,9,a00018,jazz
u00615,s000346,0.32224443554878235,10,a00053,jazz
u00380,s000036,0.5632782578468323,1,a00179,latin
u00380,s000348,0.5328733325004578,2,a00054,latin
u00380,s000496,0.41201502084732056,3,a00036,latin
u00380,s000358,0.3695988655090332,4,a00189,hip-hop
u00380,s000106,0.35854896903038025,5,a00181,classical
u00380,s000091,0.3525197207927704,6,a00039,indie
u00380,s000167,0.35171952843666077,7,a00178,edm
u00380,s000103,0.34536075592041016,8,a00056,rock
u00380,s000181,0.3428194522857666,9,a00000,latin
u00380,s000489,0.3224613666534424,10,a00172,rock
u00762,s000011,0.6140766143798828,1,a00156,classical
u00762,s000007,0.5935171842575073,2,a00041,classical
u00762,s000449,0.5372222661972046,3,a00014,hip-hop
u00762,s000014,0.5051307082176208,4,a00163,classical
u00762,s000442,0.47248560190200806,5,a00130,hip-hop
u00762,s000114,0.4383639097213745,6,a00136,indie
u00762,s000377,0.43000322580337524,7,a00101,classical
u00762,s000369,0.41969406604766846,8,a00041,pop
u00762,s000418,0.3461949825286865,9,a00134,classical
u00762,s000126,0.33422350883483887,10,a00129,hip-hop
u00659,s000026,0.5506743788719177,1,a00004,pop
u00659,s000022,0.5489601492881775,2,a00195,pop
u00659,s000373,0.5174180269241333,3,a00130,pop
u00659,s000158,0.47155019640922546,4,a00117,hip-hop
u00659,s000153,0.4213733971118927,5,a00080,pop
u00659,s000459,0.4011431336402893,6,a00125,jazz
u00659,s000234,0.3832674026489258,7,a00054,pop
u00659,s000280,0.35728922486305237,8,a00039,pop
u00659,s000338,0.35626471042633057,9,a00148,edm
u00659,s000359,0.35291245579719543,10,a00108,indie
u00243,s000021,0.3776055574417114,1,a00032,rock
u00243,s000282,0.27792030572891235,2,a00024,rock
u00243,s000086,0.27317672967910767,3,a00030,rock
u00243,s000384,0.25917351245880127,4,a00048,rock
u00243,s000110,0.24210743606090546,5,a00142,rock
u00243,s000047,0.23063158988952637,6,a00129,rock
u00243,s000089,0.22660034894943237,7,a00050,pop
u00243,s000038,0.22112131118774414,8,a00014,rock
u00243,s000490,0.21813033521175385,9,a00141,rock
u00243,s000103,0.21734173595905304,10,a00056,rock
u00314,s000013,0.49727433919906616,1,a00154,jazz
u00314,s000121,0.47768017649650574,2,a00062,jazz
u00314,s000148,0.45502781867980957,3,a00153,jazz
u00314,s000459,0.43577492237091064,4,a00125,jazz
u00314,s000468,0.4243994355201721,5,a00159,hip-hop
u00314,s000229,0.3916887640953064,6,a00143,jazz
u00314,s000310,0.3652450442314148,7,a00085,jazz
u00314,s000324,0.36185914278030396,8,a00189,classical
u00314,s000172,0.3589029312133789,9,a00157,jazz
u00314,s000139,0.34399399161338806,10,a00198,rock
u00056,s000154,0.6302653551101685,1,a00083,latin
u00056,s000112,0.518317699432373,2,a00174,latin
u00056,s000036,0.448485404253006,3,a00179,latin
u00056,s000177,0.4312083423137665,4,a00143,latin
u00056,s000452,0.41577908396720886,5,a00092,latin
u00056,s000018,0.3892103433609009,6,a00096,latin
u00056,s000216,0.37441015243530273,7,a00066,edm
u00056,s000156,0.36270636320114136,8,a00176,pop
u00056,s000450,0.3624283969402313,9,a00119,latin
u00056,s000031,0.3545674681663513,10,a00037,latin
u00037,s000129,0.5508819818496704,1,a00090,pop
u00037,s000185,0.49430689215660095,2,a00193,hip-hop
u00037,s000282,0.4708937704563141,3,a00024,rock
u00037,s000085,0.4648113250732422,4,a00091,rock
u00037,s000393,0.4609431326389313,5,a00079,edm
u00037,s000158,0.4594578742980957,6,a00117,hip-hop
u00037,s000430,0.4422977566719055,7,a00166,rock
u00037,s000086,0.43791159987449646,8,a00030,rock
u00037,s000312,0.4350801706314087,9,a00056,rock
u00037,s000160,0.43088945746421814,10,a00062,latin
u00914,s000008,0.804680347442627,1,a00191,hip-hop
u00914,s000309,0.6700040102005005,2,a00105,hip-hop
u00914,s000267,0.6473775506019592,3,a00098,hip-hop
u00914,s000358,0.6010687351226807,4,a00189,hip-hop
u00914,s000083,0.5556444525718689,5,a00126,hip-hop
u00914,s000224,0.5292196869850159,6,a00087,rock
u00914,s000468,0.5025004148483276,7,a00159,hip-hop
u00914,s000105,0.4794120192527771,8,a00062,hip-hop
u00914,s000385,0.46123021841049194,9,a00188,hip-hop
u00914,s000350,0.41729629039764404,10,a00151,hip-hop
u00826,s000039,0.748283863067627,1,a00156,jazz
u00826,s000346,0.5372776389122009,2,a00053,jazz
u00826,s000127,0.41761016845703125,3,a00134,pop
u00826,s000181,0.35491615533828735,4,a00000,latin
u00826,s000336,0.34378376603126526,5,a00025,jazz
u00826,s000169,0.3274945318698883,6,a00183,jazz
u00826,s000304,0.3135863244533539,7,a00152,pop
u00826,s000345,0.28120604157447815,8,a00038,jazz
u00826,s000388,0.2769249975681305,9,a00056,indie
u00826,s000477,0.2735224664211273,10,a00015,latin
u00180,s000007,0.6469781398773193,1,a00041,classical
u00180,s000005,0.6440555453300476,2,a00178,classical
u00180,s000418,0.3040745258331299,3,a00134,classical
u00180,s000195,0.26374027132987976,4,a00054,classical
u00180,s000451,0.26368448138237,5,a00003,classical
u00180,s000461,0.2505015730857849,6,a00054,classical
u00180,s000232,0.23962855339050293,7,a00181,classical
u00180,s000151,0.2259182333946228,8,a00048,classical
u00180,s000070,0.21727243065834045,9,a00140,classical
u00180,s000470,0.2154560089111328,10,a00122,classical
u00913,s000050,0.5005950331687927,1,a00114,pop
u00913,s000016,0.4218805730342865,2,a00037,pop
u00913,s000348,0.357663094997406,3,a00054,latin
u00913,s000473,0.3237536549568176,4,a00028,pop
u00913,s000479,0.32033413648605347,5,a00120,latin
u00913,s000035,0.3089052736759186,6,a00108,pop
u00913,s000419,0.2924375534057617,7,a00013,rock
u00913,s000295,0.2918269634246826,8,a00127,pop
u00913,s000270,0.2802152931690216,9,a00023,pop
u00913,s000333,0.2615453898906708,10,a00180,latin
u00119,s000011,0.6045315265655518,1,a00156,classical
u00119,s000278,0.508411169052124,2,a00013,classical
u00119,s000324,0.4241905212402344,3,a00189,classical
u00119,s000461,0.4214875102043152,4,a00054,classical
u00119,s000412,0.40449589490890503,5,a00015,classical
u00119,s000161,0.39866214990615845,6,a00188,classical
u00119,s000369,0.38829493522644043,7,a00041,pop
u00119,s000399,0.3701293170452118,8,a00197,classical
u00119,s000444,0.3645240068435669,9,a00170,jazz
u00119,s000498,0.3380630612373352,10,a00175,jazz
u00706,s000376,0.4724609851837158,1,a00178,hip-hop
u00706,s000059,0.46852701902389526,2,a00073,hip-hop
u00706,s000006,0.4618668854236603,3,a00199,hip-hop
u00706,s000008,0.4127715229988098,4,a00191,hip-hop
u00706,s000450,0.3860868811607361,5,a00119,latin
u00706,s000152,0.3838733434677124,6,a00198,hip-hop
u00706,s000385,0.38384774327278137,7,a00188,hip-hop
u00706,s000320,0.383135586977005,8,a00137,latin
u00706,s000104,0.3379753828048706,9,a00000,edm
u00706,s000288,0.32901692390441895,10,a00028,hip-hop
u00971,s000329,0.6350003480911255,1,a00053,classical
u00971,s000037,0.5825009346008301,2,a00183,indie
u00971,s000042,0.5751131772994995,3,a00156,indie
u00971,s000226,0.5448364615440369,4,a00031,indie
u00971,s000262,0.5126612782478333,5,a00036,indie
u00971,s000260,0.4768120050430298,6,a00019,indie
u00971,s000242,0.4760267734527588,7,a00146,indie
u00971,s000114,0.4438386857509613,8,a00136,indie
u00971,s000062,0.44041022658348083,9,a00133,indie
u00971,s000359,0.3963793218135834,10,a00108,indie
u00766,s000011,0.5894337892532349,1,a00156,classical
u00766,s000014,0.5106447339057922,2,a00163,classical
u00766,s000019,0.4542098641395569,3,a00154,classical
u00766,s000005,0.43610164523124695,4,a00178,classical
u00766,s000375,0.4228038489818573,5,a00171,classical
u00766,s000327,0.3930215537548065,6,a00063,classical
u00766,s000235,0.3766762614250183,7,a00175,hip-hop
u00766,s000324,0.37257182598114014,8,a00189,classical
u00766,s000258,0.3586727976799011,9,a00118,latin
u00766,s000094,0.33637526631355286,10,a00150,pop
u00871,s000442,0.565709114074707,1,a00130,hip-hop
u00871,s000108,0.431538462638855,2,a00114,edm
u00871,s000161,0.4275842308998108,3,a00188,classical
u00871,s000419,0.41411712765693665,4,a00013,rock
u00871,s000054,0.3928793668746948,5,a00042,rock
u00871,s000031,0.37828510999679565,6,a00037,latin
u00871,s000029,0.37738850712776184,7,a00096,classical
u00871,s000212,0.3640691339969635,8,a00066,pop
u00871,s000331,0.3629798889160156,9,a00192,edm
u00871,s000081,0.3573492169380188,10,a00036,classical
u00362,s000003,0.5728791952133179,1,a00066,rock
u00362,s000004,0.3548208475112915,2,a00134,rock
u00362,s000157,0.2888661026954651,3,a00147,rock
u00362,s000282,0.27455979585647583,4,a00024,rock
u00362,s000089,0.26688897609710693,5,a00050,pop
u00362,s000021,0.2659388482570648,6,a00032,rock
u00362,s000420,0.24903658032417297,7,a00078,rock
u00362,s000086,0.24356931447982788,8,a00030,rock
u00362,s000035,0.23260264098644257,9,a00108,pop
u00362,s000368,0.22857987880706787,10,a00103,rock
u00073,s000158,0.49426814913749695,1,a00117,hip-hop
u00073,s000212,0.4693828821182251,2,a00066,pop
u00073,s000016,0.45885586738586426,3,a00037,pop
u00073,s000280,0.3903454542160034,4,a00039,pop
u00073,s000369,0.3751676678657532,5,a00041,pop
u00073,s000130,0.3506062626838684,6,a00016,pop
u00073,s000307,0.3260735273361206,7,a00086,latin
u00073,s000310,0.3112274408340454,8,a00085,jazz
u00073,s000299,0.30547434091567993,9,a00040,pop
u00073,s000255,0.2925361394882202,10,a00010,pop
