user_id,song_id,event_type,play_count,liked,added_to_playlist,skipped,listen_seconds,timestamp,device,country,artist_id,genre
u00948,s000072,play,1,0,0,0,28,2025-06-13 13:57:14,mobile,US,a00189,pop
u00804,s000015,ADD_TO_PLAYLIST,6,1,0,0,332,2025-05-04 14:24:03,mobile,US,a00156,edm
u00570,s000365,like,17,1,0,0,289,2025-08-20 07:16:49,mobile,US,a00128,edm
u00824,s000024,ADD_TO_PLAYLIST,9,1,0,0,184,2025-09-25 18:22:14,mobile,US,a00065,latin
u00688,s000001,PLAY,14,0,0,0,342,2025-02-05 04:49:01,mobile,US,a00197,indie
u00144,s000364,LIKE,17,1,0,0,268,2025-04-08 11:48:29,mobile,US,a00016,latin
u00356,s000023,play,17,0,0,0,316,2025-02-01 08:50:41,mobile,US,a00085,pop
u00331,s000002,like,15,1,0,0,395,2025-09-10 15:13:41,mobile,US,a00133,rock
u00327,s000020,PLAY,16,0,0,0,355,2025-10-17 05:33:56,mobile,US,a00182,indie
u00972,s000039,SKIP,1,0,0,1,33,2025-02-20 00:43:46,mobile,US,a00156,jazz
u00567,s000036,PLAY,10,0,0,0,395,2025-04-20 10:53:27,mobile,US,a00179,latin
u00091,s000058,PLAY,1,0,0,0,17,2025-04-18 07:44:24,mobile,US,a00010,edm
u00692,s000011,PLAY,15,0,0,0,224,2025-10-16 19:20:18,mobile,US,a00156,classical
u00030,s000393,SKIP,1,0,0,1,57,2025-08-13 04:31:26,mobile,US,a00079,edm
u00081,s000205,skip,1,0,0,1,16,2025-10-15 17:31:11,mobile,US,a00031,edm
u00524,s000129,play,6,0,0,0,367,2025-11-04 04:19:56,mobile,US,a00090,pop
u00674,s000008,play,6,0,0,0,242,2025-04-27 08:27:09,mobile,US,a00191,hip-hop
u00036,s000356,add_to_playlist,8,1,0,0,398,2025-09-24 09:53:15,mobile,US,a00147,hip-hop
u00917,s000008,PLAY,6,0,0,0,229,2025-07-27 15:39:26,mobile,US,a00191,hip-hop
u00284,s000026,add_to_playlist,11,1,0,0,208,2025-06-13 22:19:49,mobile,US,a00004,pop
u00878,s000437,play,6,0,0,0,353,2025-12-05 05:02:59,mobile,US,a00151,classical
u00976,s000170,add_to_playlist,17,1,0,0,254,2025-07-31 13:39:13,mobile,US,a00061,latin
u00686,s000015,add_to_playlist,18,1,0,0,363,2025-11-01 00:34:28,mobile,US,a00156,edm
u00302,s000027,play,7,0,0,0,180,2025-10-09 23:45:41,mobile,US,a00122,jazz
u00526,s000013,LIKE,16,1,0,0,197,2025-08-10 16:52:31,mobile,US,a00154,jazz
u00538,s000429,PLAY,1,0,0,0,33,2025-09-21 07:22:54,mobile,US,a00115,indie
u00026,s000499,play,1,0,0,0,33,2025-03-05 10:32:20,mobile,US,a00192,indie
u00535,s000386,play,1,0,0,0,19,2025-01-06 23:59:09,mobile,US,a00016,rock
u00454,s000011,like,13,1,0,0,367,2025-07-11 04:56:21,mobile,US,a00156,classical
u00500,s000093,add_to_playlist,5,1,0,0,251,2025-02-08 05:36:29,mobile,US,a00010,indie
u00319,s000285,PLAY,17,0,0,0,396,2025-11-15 19:35:01,mobile,US,a00003,edm
u00424,s000009,play,13,0,0,0,225,2025-11-30 02:11:27,mobile,US,a00014,latin
u00309,s000303,PLAY,16,0,0,0,276,2025-04-06 21:22:40,mobile,US,a00164,edm
u00744,s000039,PLAY,11,0,0,0,373,2025-10-03 17:20:25,mobile,US,a00156,jazz
u00685,s000330,PLAY,15,0,0,0,240,2025-01-17 17:01:57,mobile,US,a00106,edm
u00008,s000358,SKIP,1,0,0,1,45,2025-07-07 23:38:47,mobile,US,a00189,hip-hop
u00839,s000461,LIKE,19,1,0,0,186,2025-11-01 13:08:31,mobile,US,a00054,classical
u00899,s000498,LIKE,13,1,0,0,367,2025-06-24 05:36:10,mobile,US,a00175,jazz
u00977,s000036,play,7,0,0,0,301,2025-03-13 05:09:01,mobile,US,a00179,latin
u00355,s000408,LIKE,7,1,0,0,223,2025-01-23 10:59:29,mobile,US,a00025,indie
u00722,s000415,play,16,0,0,0,381,2025-04-01 00:45:48,mobile,US,a00150,hip-hop
u00092,s000026,play,9,0,0,0,338,2025-05-05 01:00:07,mobile,US,a00004,pop
u00403,s000110,LIKE,6,1,0,0,356,2025-04-16 10:18:16,mobile,US,a00142,rock
u00419,s000025,add_to_playlist,6,1,0,0,343,2025-06-18 12:46:33,mobile,US,a00009,edm
u00754,s000095,PLAY,6,0,0,0,219,2025-03-12 10:39:28,mobile,US,a00000,pop
u00866,s000007,play,18,0,0,0,181,2025-05-21 07:29:08,mobile,US,a00041,classical
u00933,s000021,PLAY,18,0,0,0,396,2025-03-17 03:17:58,mobile,US,a00032,rock
u00837,s000011,play,9,0,0,0,184,2025-01-02 18:29:59,mobile,US,a00156,classical
u00459,s000371,play,14,0,0,0,374,2025-05-18 10:00:47,mobile,US,a00038,jazz
u00969,s000013,PLAY,8,0,0,0,187,2025-07-01 13:15:44,mobile,US,a00154,jazz
u00312,s000006,like,19,1,0,0,383,2025-01-21 21:36:48,mobile,US,a00199,hip-hop
u00631,s000155,skip,1,0,0,1,10,2025-05-07 11:51:24,mobile,US,a00104,rock
u00915,s000033,add_to_playlist,17,1,0,0,180,2025-12-09 07:56:53,mobile,US,a00158,edm
u00484,s000324,PLAY,7,0,0,0,385,2025-12-02 17:49:07,mobile,US,a00189,classical
u00692,s000007,PLAY,17,0,0,0,364,2025-07-30 00:07:19,mobile,US,a00041,classical
u00494,s000011,play,18,0,0,0,224,2025-04-26 07:37:21,mobile,US,a00156,classical
u00745,s000035,play,12,0,0,0,336,2025-02-17 11:03:32,mobile,US,a00108,pop
u00494,s000007,play,18,0,0,0,293,2025-05-17 19:29:29,mobile,US,a00041,classical
u00647,s000368,PLAY,12,0,0,0,268,2025-08-19 13:48:16,mobile,US,a00103,rock
u00000,s000042,like,13,1,0,0,269,2025-05-31 23:48:17,mobile,US,a00156,indie
u00703,s000405,add_to_playlist,17,1,0,0,252,2025-07-22 12:43:20,mobile,US,a00058,latin
u00970,s000380,SKIP,1,0,0,1,8,2025-06-07 00:09:41,mobile,US,a00018,edm
u00481,s000000,play,10,0,0,0,378,2025-08-01 10:16:46,mobile,US,a00178,edm
u00064,s000042,PLAY,17,0,0,0,396,2025-11-26 07:12:31,mobile,US,a00156,indie
u00496,s000027,LIKE,18,1,0,0,385,2025-05-08 02:04:29,mobile,US,a00122,jazz
u00776,s000326,ADD_TO_PLAYLIST,16,1,0,0,296,2025-09-16 06:36:59,mobile,US,a00045,rock
u00132,s000021,PLAY,15,0,0,0,355,2025-08-22 01:15:25,mobile,US,a00032,rock
u00497,s000090,PLAY,11,0,0,0,259,2025-03-18 07:21:50,mobile,US,a00028,hip-hop
u00792,s000011,add_to_playlist,10,1,0,0,198,2025-03-16 09:42:20,mobile,US,a00156,classical
u00963,s000030,ADD_TO_PLAYLIST,16,1,0,0,214,2025-07-03 08:57:13,mobile,US,a00117,indie
u00419,s000033,play,13,0,0,0,273,2025-03-13 02:28:46,mobile,US,a00158,edm
u00107,s000006,LIKE,14,1,0,0,363,2025-12-14 03:13:07,mobile,US,a00199,hip-hop
u00885,s000384,PLAY,1,0,0,0,49,2025-10-30 18:39:54,mobile,US,a00048,rock
u00140,s000193,LIKE,14,1,0,0,188,2025-05-25 01:58:47,mobile,US,a00007,latin
u00377,s000149,PLAY,14,0,0,0,270,2025-03-10 00:43:29,mobile,US,a00155,rock
u00663,s000059,skip,1,0,0,1,29,2025-11-28 15:47:47,mobile,US,a00073,hip-hop
u00969,s000013,like,6,1,0,0,340,2025-04-08 15:48:32,mobile,US,a00154,jazz
u00661,s000039,play,15,0,0,0,317,2025-12-15 17:47:56,mobile,US,a00156,jazz
u00508,s000024,like,6,1,0,0,246,2025-01-24 18:46:20,mobile,US,a00065,latin
u00166,s000031,add_to_playlist,8,1,0,0,397,2025-12-19 07:28:31,mobile,US,a00037,latin
u00166,s000036,add_to_playlist,7,1,0,0,252,2025-01-05 16:02:02,mobile,US,a00179,latin
u00069,s000000,add_to_playlist,16,1,0,0,184,2025-02-17 04:41:56,mobile,US,a00178,edm
u00775,s000049,skip,1,0,0,1,48,2025-08-31 10:22:58,mobile,US,a00094,rock
u00341,s000008,play,7,0,0,0,277,2025-09-28 15:36:19,mobile,US,a00191,hip-hop
u00263,s000032,play,19,0,0,0,226,2025-08-16 13:23:27,mobile,US,a00140,rock
u00617,s000031,PLAY,16,0,0,0,315,2025-09-21 14:30:39,mobile,US,a00037,latin
u00541,s000035,like,12,1,0,0,287,2025-09-23 02:29:40,mobile,US,a00108,pop
u00083,s000009,like,16,1,0,0,217,2025-01-31 06:36:44,mobile,US,a00014,latin
u00653,s000014,PLAY,9,0,0,0,181,2025-12-11 08:31:04,mobile,US,a00163,classical
u00448,s000020,LIKE,11,1,0,0,185,2025-08-26 09:58:02,mobile,US,a00182,indie
u00142,s000100,PLAY,1,0,0,0,16,2025-12-14 13:03:37,mobile,US,a00109,jazz
u00677,s000290,SKIP,1,0,0,1,46,2025-03-03 12:52:21,mobile,US,a00097,rock
u00066,s000006,play,7,0,0,0,245,2025-08-30 19:29:38,mobile,US,a00199,hip-hop
u00465,s000465,SKIP,1,0,0,1,29,2025-05-19 18:54:52,mobile,US,a00012,edm
u00821,s000006,like,10,1,0,0,304,2025-01-12 05:03:36,mobile,US,a00199,hip-hop
u00901,s000090,PLAY,13,0,0,0,258,2025-05-12 22:59:07,mobile,US,a00028,hip-hop
u00011,s000095,SKIP,1,0,0,1,35,2025-04-11 00:02:25,mobile,US,a00000,pop
u00988,s000035,play,6,0,0,0,239,2025-07-01 08:38:54,mobile,US,a00108,pop
u00516,s000018,PLAY,6,0,0,0,338,2025-12-20 18:13:28,mobile,US,a00096,latin
u00982,s000006,add_to_playlist,18,1,0,0,294,2025-07-24 17:02:07,mobile,US,a00199,hip-hop
u00763,s000016,play,16,0,0,0,231,2025-12-29 04:44:19,mobile,US,a00037,pop
u00123,s000177,play,1,0,0,0,56,2025-10-08 06:45:19,mobile,US,a00143,latin
u00482,s000014,play,9,0,0,0,362,2025-08-26 16:44:10,mobile,US,a00163,classical
u00404,s000018,LIKE,12,1,0,0,346,2025-06-08 11:18:36,mobile,US,a00096,latin
u00212,s000492,skip,1,0,0,1,22,2025-06-27 12:01:35,mobile,US,a00157,indie
u00163,s000059,play,8,0,0,0,362,2025-04-20 08:25:33,mobile,US,a00073,hip-hop
u00707,s000111,SKIP,1,0,0,1,44,2025-08-22 22:51:08,mobile,US,a00148,rock
u00435,s000041,skip,1,0,0,1,17,2025-01-30 04:21:19,mobile,US,a00004,pop
u00016,s000008,PLAY,17,0,0,0,276,2025-12-23 17:43:21,mobile,US,a00191,hip-hop
u00955,s000439,LIKE,15,1,0,0,393,2025-08-15 14:35:58,mobile,US,a00187,jazz
u00912,s000010,play,16,0,0,0,372,2025-02-17 12:20:23,mobile,US,a00110,classical
u00844,s000005,play,12,0,0,0,331,2025-02-08 02:48:51,mobile,US,a00178,classical
u00276,s000021,PLAY,19,0,0,0,390,2025-10-01 19:23:07,mobile,US,a00032,rock
u00562,s000020,play,16,0,0,0,260,2025-06-28 20:45:51,mobile,US,a00182,indie
u00359,s000017,play,8,0,0,0,305,2025-12-02 18:11:52,mobile,US,a00184,jazz
u00168,s000118,play,1,0,0,0,54,2025-01-12 14:39:31,mobile,US,a00153,classical
u00651,s000036,LIKE,19,1,0,0,323,2025-01-12 08:44:43,mobile,US,a00179,latin
u00225,s000022,PLAY,13,0,0,0,238,2025-10-18 07:44:57,mobile,US,a00195,pop
u00984,s000031,play,7,0,0,0,353,2025-01-12 07:53:56,mobile,US,a00037,latin
u00994,s000006,PLAY,19,0,0,0,197,2025-04-25 23:57:49,mobile,US,a00199,hip-hop
u00660,s000301,skip,1,0,0,1,11,2025-12-14 03:17:51,mobile,US,a00033,hip-hop
u00202,s000223,add_to_playlist,17,1,0,0,192,2025-12-01 11:44:28,mobile,US,a00095,indie
u00212,s000118,ADD_TO_PLAYLIST,17,1,0,0,201,2025-08-08 05:33:48,mobile,US,a00153,classical
u00352,s000004,PLAY,18,0,0,0,218,2025-04-17 07:15:36,mobile,US,a00134,rock
u00127,s000003,PLAY,5,0,0,0,287,2025-08-10 22:28:19,mobile,US,a00066,rock
u00103,s000376,PLAY,14,0,0,0,328,2025-11-25 14:34:14,mobile,US,a00178,hip-hop
u00730,s000045,LIKE,8,1,0,0,265,2025-07-20 03:47:05,mobile,US,a00075,jazz
u00565,s000461,PLAY,1,0,0,0,38,2025-11-20 07:21:55,mobile,US,a00054,classical
u00586,s000467,add_to_playlist,9,1,0,0,365,2025-06-13 22:49:32,mobile,US,a00017,edm
u00131,s000161,PLAY,9,0,0,0,233,2025-06-09 23:32:36,mobile,US,a00188,classical
u00201,s000009,PLAY,5,0,0,0,298,2025-04-25 04:41:00,mobile,US,a00014,latin
u00525,s000020,LIKE,8,1,0,0,299,2025-08-17 07:34:57,mobile,US,a00182,indie
u00669,s000158,play,1,0,0,0,23,2025-12-02 08:01:49,mobile,US,a00117,hip-hop
u00210,s000020,LIKE,19,1,0,0,279,2025-05-15 04:01:51,mobile,US,a00182,indie
u00684,s000002,PLAY,8,0,0,0,292,2025-03-06 00:46:50,mobile,US,a00133,rock
u00302,s000117,SKIP,1,0,0,1,21,2025-07-17 18:59:31,mobile,US,a00116,classical
u00751,s000011,PLAY,13,0,0,0,269,2025-08-27 01:12:24,mobile,US,a00156,classical
u00499,s000090,like,18,1,0,0,297,2025-05-02 23:27:12,mobile,US,a00028,hip-hop
u00876,s000023,PLAY,7,0,0,0,248,2025-11-15 20:05:56,mobile,US,a00085,pop
u00979,s000073,skip,1,0,0,1,40,2025-05-04 02:35:47,mobile,US,a00110,jazz
u00637,s000001,add_to_playlist,8,1,0,0,249,2025-11-18 19:25:33,mobile,US,a00197,indie
u00827,s000026,like,8,1,0,0,392,2025-04-28 16:12:27,mobile,US,a00004,pop
u00617,s000024,PLAY,18,0,0,0,299,2025-07-19 19:33:35,mobile,US,a00065,latin
u00181,s000053,play,17,0,0,0,363,2025-05-05 20:51:29,mobile,US,a00025,indie
u00249,s000017,PLAY,11,0,0,0,249,2025-11-05 02:58:25,mobile,US,a00184,jazz
u00671,s000107,ADD_TO_PLAYLIST,9,1,0,0,349,2025-11-18 06:40:55,mobile,US,a00054,edm
u00895,s000090,play,7,0,0,0,266,2025-05-21 16:37:43,mobile,US,a00028,hip-hop
u00304,s000095,play,13,0,0,0,340,2025-11-23 10:38:59,mobile,US,a00000,pop
u00894,s000358,LIKE,17,1,0,0,240,2025-07-22 00:54:17,mobile,US,a00189,hip-hop
u00042,s000129,LIKE,18,1,0,0,377,2025-12-02 19:40:57,mobile,US,a00090,pop
u00852,s000005,like,6,1,0,0,323,2025-05-07 01:31:40,mobile,US,a00178,classical
u00678,s000026,PLAY,7,0,0,0,371,2025-09-09 22:52:32,mobile,US,a00004,pop
u00959,s000226,PLAY,18,0,0,0,295,2025-03-29 07:19:19,mobile,US,a00031,indie
u00743,s000213,play,1,0,0,0,18,2025-10-22 14:59:52,mobile,US,a00186,edm
u00679,s000025,skip,1,0,0,1,6,2025-05-29 19:50:21,mobile,US,a00009,edm
u00898,s000096,play,1,0,0,0,39,2025-01-27 08:26:27,mobile,US,a00045,pop
u00790,s000177,PLAY,1,0,0,0,9,2025-02-01 21:17:43,mobile,US,a00143,latin
u00267,s000031,add_to_playlist,9,1,0,0,264,2025-04-12 21:20:08,mobile,US,a00037,latin
u00558,s000182,PLAY,8,0,0,0,377,2025-07-31 20:22:30,mobile,US,a00077,latin
u00847,s000258,SKIP,1,0,0,1,47,2025-01-05 07:13:36,mobile,US,a00118,latin
u00219,s000042,like,15,1,0,0,280,2025-10-22 10:26:13,mobile,US,a00156,indie
u00365,s000113,LIKE,11,1,0,0,195,2025-02-18 21:55:56,mobile,US,a00052,indie
u00886,s000224,play,10,0,0,0,238,2025-08-27 08:40:58,mobile,US,a00087,rock
u00836,s000013,add_to_playlist,14,1,0,0,305,2025-08-23 00:08:02,mobile,US,a00154,jazz
u00700,s000022,PLAY,16,0,0,0,351,2025-05-23 02:19:45,mobile,US,a00195,pop
u00942,s000018,ADD_TO_PLAYLIST,16,1,0,0,399,2025-04-17 23:57:35,mobile,US,a00096,latin
u00276,s000002,play,8,0,0,0,213,2025-09-08 11:08:30,mobile,US,a00133,rock
u00337,s000013,ADD_TO_PLAYLIST,15,1,0,0,273,2025-03-08 02:19:14,mobile,US,a00154,jazz
u00288,s000003,PLAY,12,0,0,0,335,2025-06-02 14:03:49,mobile,US,a00066,rock
u00200,s000423,PLAY,19,0,0,0,246,2025-08-29 17:02:16,mobile,US,a00136,indie
u00814,s000059,ADD_TO_PLAYLIST,9,1,0,0,225,2025-09-15 00:27:15,mobile,US,a00073,hip-hop
u00459,s000463,LIKE,6,1,0,0,294,2025-11-28 13:24:10,mobile,US,a00033,jazz
u00218,s000031,play,18,0,0,0,214,2025-09-30 09:06:06,mobile,US,a00037,latin
u00845,s000007,ADD_TO_PLAYLIST,10,1,0,0,355,2025-07-20 03:35:09,mobile,US,a00041,classical
u00946,s000274,SKIP,1,0,0,1,24,2025-07-26 15:29:17,mobile,US,a00058,indie
u00062,s000005,play,19,0,0,0,321,2025-06-02 02:23:48,mobile,US,a00178,classical
u00828,s000001,play,12,0,0,0,231,2025-08-18 00:56:42,mobile,US,a00197,indie
u00820,s000001,PLAY,8,0,0,0,399,2025-07-06 00:35:52,mobile,US,a00197,indie
u00636,s000402,like,18,1,0,0,292,2025-12-30 06:17:47,mobile,US,a00088,rock
u00034,s000140,PLAY,8,0,0,0,280,2025-10-04 06:56:32,mobile,US,a00179,edm
u00200,s000323,SKIP,1,0,0,1,38,2025-03-14 13:40:16,mobile,US,a00153,edm
u00007,s000011,add_to_playlist,18,1,0,0,226,2025-08-31 11:54:58,mobile,US,a00156,classical
u00025,s000033,LIKE,8,1,0,0,336,2025-08-15 05:59:18,mobile,US,a00158,edm
u00454,s000011,play,10,0,0,0,373,2025-07-26 03:43:22,mobile,US,a00156,classical
u00950,s000071,SKIP,1,0,0,1,10,2025-05-26 04:55:45,mobile,US,a00103,pop
u00912,s000010,PLAY,16,0,0,0,285,2025-06-10 04:00:28,mobile,US,a00110,classical
u00620,s000059,PLAY,8,0,0,0,235,2025-10-14 04:57:32,mobile,US,a00073,hip-hop
u00997,s000368,PLAY,1,0,0,0,47,2025-07-01 20:11:12,mobile,US,a00103,rock
u00601,s000018,PLAY,18,0,0,0,188,2025-06-14 15:43:44,mobile,US,a00096,latin
u00552,s000276,PLAY,1,0,0,0,43,2025-11-06 17:32:22,mobile,US,a00113,rock
u00396,s000024,play,18,0,0,0,224,2025-06-13 22:26:26,mobile,US,a00065,latin
u00331,s000444,SKIP,1,0,0,1,16,2025-06-22 21:16:28,mobile,US,a00170,jazz
u00601,s000249,SKIP,1,0,0,1,29,2025-07-31 18:49:58,mobile,US,a00081,hip-hop
u00669,s000037,like,6,1,0,0,247,2025-06-04 16:10:38,mobile,US,a00183,indie
u00419,s000025,like,5,1,0,0,255,2025-06-09 12:14:06,mobile,US,a00009,edm
u00040,s000446,skip,1,0,0,1,14,2025-09-03 16:31:08,mobile,US,a00182,latin
u00265,s000016,LIKE,16,1,0,0,182,2025-06-17 13:39:38,mobile,US,a00037,pop
u00628,s000165,skip,1,0,0,1,34,2025-07-13 13:51:12,mobile,US,a00000,pop
u00936,s000000,PLAY,19,0,0,0,397,2025-06-15 18:58:05,mobile,US,a00178,edm
u00048,s000000,PLAY,9,0,0,0,361,2025-09-29 10:27:47,mobile,US,a00178,edm
u00610,s000007,like,16,1,0,0,277,2025-08-28 03:34:26,mobile,US,a00041,classical
u00155,s000156,play,14,0,0,0,236,2025-04-27 18:44:11,mobile,US,a00176,pop
u00928,s000025,PLAY,8,0,0,0,344,2025-04-16 18:09:04,mobile,US,a00009,edm
u00558,s000031,play,7,0,0,0,350,2025-05-13 02:50:02,mobile,US,a00037,latin
u00125,s000036,LIKE,8,1,0,0,363,2025-02-13 13:50:56,mobile,US,a00179,latin
u00030,s000014,PLAY,12,0,0,0,366,2025-05-28 23:09:32,mobile,US,a00163,classical
u00771,s000010,play,14,0,0,0,230,2025-11-05 21:08:10,mobile,US,a00110,classical
u00124,s000014,add_to_playlist,9,1,0,0,349,2025-09-19 07:09:22,mobile,US,a00163,classical
u00086,s000494,ADD_TO_PLAYLIST,17,1,0,0,238,2025-11-28 12:54:11,mobile,US,a00145,edm
u00912,s000011,ADD_TO_PLAYLIST,13,1,0,0,228,2025-08-01 11:37:16,mobile,US,a00156,classical
u00853,s000027,play,17,0,0,0,230,2025-11-20 15:18:05,mobile,US,a00122,jazz
u00382,s000398,LIKE,5,1,0,0,271,2025-11-22 06:59:46,mobile,US,a00117,hip-hop
u00908,s000030,ADD_TO_PLAYLIST,7,1,0,0,261,2025-12-08 21:00:40,mobile,US,a00117,indie
u00663,s000033,PLAY,9,0,0,0,324,2025-02-04 10:33:25,mobile,US,a00158,edm
u00658,s000008,LIKE,17,1,0,0,226,2025-10-08 23:30:28,mobile,US,a00191,hip-hop
u00757,s000013,like,13,1,0,0,225,2025-02-12 15:18:29,mobile,US,a00154,jazz
u00528,s000153,ADD_TO_PLAYLIST,16,1,0,0,231,2025-05-19 21:24:14,mobile,US,a00080,pop
u00694,s000016,LIKE,11,1,0,0,322,2025-08-21 06:10:07,mobile,US,a00037,pop
u00760,s000183,PLAY,16,0,0,0,358,2025-09-29 21:04:46,mobile,US,a00114,hip-hop
u00771,s000162,play,1,0,0,0,13,2025-06-07 11:23:24,mobile,US,a00103,pop
u00848,s000030,play,7,0,0,0,366,2025-05-19 08:17:50,mobile,US,a00117,indie
u00493,s000145,LIKE,15,1,0,0,246,2025-03-22 15:52:09,mobile,US,a00028,edm
u00319,s000012,PLAY,7,0,0,0,363,2025-08-04 07:42:21,mobile,US,a00032,edm
u00302,s000369,skip,1,0,0,1,53,2025-04-26 04:57:01,mobile,US,a00041,pop
u00646,s000014,LIKE,9,1,0,0,320,2025-06-13 22:24:04,mobile,US,a00163,classical
u00187,s000274,like,19,1,0,0,283,2025-08-07 16:47:29,mobile,US,a00058,indie
u00941,s000010,PLAY,7,0,0,0,321,2025-04-29 02:06:36,mobile,US,a00110,classical
u00991,s000387,PLAY,12,0,0,0,324,2025-09-29 01:44:09,mobile,US,a00073,hip-hop
u00379,s000003,like,12,1,0,0,290,2025-07-20 02:55:29,mobile,US,a00066,rock
u00294,s000023,PLAY,11,0,0,0,232,2025-04-15 15:53:52,mobile,US,a00085,pop
u00232,s000059,play,13,0,0,0,204,2025-10-18 15:14:24,mobile,US,a00073,hip-hop
u00182,s000012,ADD_TO_PLAYLIST,10,1,0,0,231,2025-05-22 05:24:01,mobile,US,a00032,edm
u00013,s000045,ADD_TO_PLAYLIST,10,1,0,0,209,2025-04-22 21:29:48,mobile,US,a00075,jazz
u00058,s000017,play,6,0,0,0,306,2025-11-18 00:22:35,mobile,US,a00184,jazz
u00560,s000008,ADD_TO_PLAYLIST,6,1,0,0,275,2025-09-11 14:36:00,mobile,US,a00191,hip-hop
u00342,s000045,add_to_playlist,17,1,0,0,335,2025-02-12 16:43:44,mobile,US,a00075,jazz
u00618,s000340,LIKE,6,1,0,0,322,2025-01-26 07:52:50,mobile,US,a00039,indie
u00176,s000400,play,14,0,0,0,394,2025-08-29 09:55:44,mobile,US,a00199,jazz
u00827,s000089,PLAY,9,0,0,0,328,2025-06-05 01:59:00,mobile,US,a00050,pop
u00928,s000025,like,18,1,0,0,380,2025-01-29 12:38:42,mobile,US,a00009,edm
u00722,s000090,PLAY,11,0,0,0,207,2025-12-25 19:05:06,mobile,US,a00028,hip-hop
u00302,s000027,PLAY,16,0,0,0,378,2025-05-02 09:20:17,mobile,US,a00122,jazz
u00740,s000030,LIKE,13,1,0,0,252,2025-07-15 13:16:37,mobile,US,a00117,indie
u00951,s000288,like,6,1,0,0,316,2025-06-09 04:26:46,mobile,US,a00028,hip-hop
u00803,s000021,play,16,0,0,0,233,2025-12-25 17:25:40,mobile,US,a00032,rock
u00251,s000002,play,14,0,0,0,232,2025-01-28 01:32:57,mobile,US,a00133,rock
u00557,s000012,play,8,0,0,0,321,2025-02-03 15:47:36,mobile,US,a00032,edm
u00386,s000039,PLAY,15,0,0,0,332,2025-06-19 09:02:51,mobile,US,a00156,jazz
u00857,s000039,play,5,0,0,0,283,2025-10-04 17:45:47,mobile,US,a00156,jazz
u00794,s000002,play,10,0,0,0,314,2025-07-31 01:48:36,mobile,US,a00133,rock
u00664,s000021,LIKE,16,1,0,0,195,2025-12-02 21:49:40,mobile,US,a00032,rock
u00483,s000360,PLAY,15,0,0,0,187,2025-12-11 22:06:16,mobile,US,a00153,edm
u00503,s000031,add_to_playlist,17,1,0,0,336,2025-08-20 04:42:52,mobile,US,a00037,latin
u00078,s000037,ADD_TO_PLAYLIST,13,1,0,0,298,2025-12-12 15:08:15,mobile,US,a00183,indie
u00979,s000213,ADD_TO_PLAYLIST,5,1,0,0,238,2025-05-07 14:46:30,mobile,US,a00186,edm
u00361,s000024,skip,1,0,0,1,49,2025-09-11 01:35:08,mobile,US,a00065,latin
u00692,s000166,LIKE,5,1,0,0,228,2025-03-11 17:24:53,mobile,US,a00140,classical
u00215,s000005,like,14,1,0,0,293,2025-10-22 08:58:27,mobile,US,a00178,classical
u00360,s000008,play,6,0,0,0,194,2025-07-06 20:18:01,mobile,US,a00191,hip-hop
u00276,s000389,play,10,0,0,0,369,2025-01-31 20:12:29,mobile,US,a00054,rock
u00908,s000042,PLAY,17,0,0,0,287,2025-08-19 03:50:07,mobile,US,a00156,indie
u00330,s000187,LIKE,13,1,0,0,195,2025-10-28 16:08:27,mobile,US,a00113,rock
u00559,s000425,like,15,1,0,0,280,2025-07-29 19:13:26,mobile,US,a00175,edm
u00310,s000031,add_to_playlist,17,1,0,0,238,2025-05-30 01:32:00,mobile,US,a00037,latin
u00618,s000263,add_to_playlist,17,1,0,0,285,2025-09-22 01:58:59,mobile,US,a00165,indie
u00494,s000005,PLAY,12,0,0,0,265,2025-03-16 15:43:39,mobile,US,a00178,classical
u00136,s000035,play,1,0,0,0,32,2025-03-19 02:38:34,mobile,US,a00108,pop
u00980,s000008,like,15,1,0,0,201,2025-10-12 22:51:36,mobile,US,a00191,hip-hop
u00348,s000018,ADD_TO_PLAYLIST,10,1,0,0,334,2025-05-04 15:55:44,mobile,US,a00096,latin
u00671,s000015,PLAY,9,0,0,0,273,2025-10-07 04:15:44,mobile,US,a00156,edm
u00358,s000003,ADD_TO_PLAYLIST,17,1,0,0,391,2025-03-18 14:57:21,mobile,US,a00066,rock
u00323,s000256,PLAY,1,0,0,0,49,2025-07-22 21:38:30,mobile,US,a00129,edm
u00265,s000040,play,1,0,0,0,5,2025-03-03 01:57:00,mobile,US,a00135,classical
u00936,s000196,skip,1,0,0,1,55,2025-10-27 13:12:43,mobile,US,a00102,pop
u00281,s000108,PLAY,1,0,0,0,51,2025-04-15 08:51:37,mobile,US,a00114,edm
u00551,s000288,play,19,0,0,0,295,2025-09-21 21:58:31,mobile,US,a00028,hip-hop
u00552,s000011,like,15,1,0,0,247,2025-08-12 12:36:50,mobile,US,a00156,classical
u00420,s000023,ADD_TO_PLAYLIST,17,1,0,0,343,2025-10-01 07:09:11,mobile,US,a00085,pop
u00535,s000000,play,9,0,0,0,295,2025-11-11 05:21:08,mobile,US,a00178,edm
u00862,s000414,like,16,1,0,0,233,2025-08-06 15:28:56,mobile,US,a00144,pop
u00649,s000014,play,7,0,0,0,307,2025-05-19 07:24:30,mobile,US,a00163,classical
u00963,s000037,LIKE,8,1,0,0,348,2025-02-07 11:47:34,mobile,US,a00183,indie
u00825,s000006,play,7,0,0,0,385,2025-02-21 01:31:27,mobile,US,a00199,hip-hop
u00378,s000227,skip,1,0,0,1,26,2025-08-22 15:43:16,mobile,US,a00119,latin
u00967,s000012,LIKE,15,1,0,0,341,2025-10-08 18:03:52,mobile,US,a00032,edm
u00976,s000009,PLAY,5,0,0,0,247,2025-12-22 21:36:46,mobile,US,a00014,latin
u00152,s000002,like,13,1,0,0,230,2025-06-10 22:19:20,mobile,US,a00133,rock
u00894,s000103,play,1,0,0,0,43,2025-12-11 14:13:20,mobile,US,a00056,rock
u00406,s000380,play,15,0,0,0,348,2025-03-21 03:16:28,mobile,US,a00018,edm
u00581,s000004,PLAY,5,0,0,0,255,2025-10-08 04:51:56,mobile,US,a00134,rock
u00182,s000012,play,8,0,0,0,325,2025-02-15 19:06:18,mobile,US,a00032,edm
u00883,s000320,ADD_TO_PLAYLIST,17,1,0,0,311,2025-02-24 01:53:32,mobile,US,a00137,latin
u00850,s000030,play,9,0,0,0,206,2025-03-06 20:45:27,mobile,US,a00117,indie
u00524,s000445,skip,1,0,0,1,16,2025-08-04 19:02:02,mobile,US,a00167,rock
u00457,s000094,play,1,0,0,0,27,2025-07-14 09:44:53,mobile,US,a00150,pop
u00882,s000027,ADD_TO_PLAYLIST,11,1,0,0,262,2025-09-22 14:04:35,mobile,US,a00122,jazz
u00463,s000021,play,15,0,0,0,312,2025-07-24 01:23:28,mobile,US,a00032,rock
u00901,s000183,like,12,1,0,0,238,2025-10-16 01:09:05,mobile,US,a00114,hip-hop
u00879,s000010,PLAY,19,0,0,0,346,2025-02-25 03:33:32,mobile,US,a00110,classical
u00083,s000024,add_to_playlist,17,1,0,0,327,2025-05-24 05:53:21,mobile,US,a00065,latin
u00830,s000461,LIKE,5,1,0,0,245,2025-07-15 06:52:52,mobile,US,a00054,classical
u00411,s000245,LIKE,5,1,0,0,398,2025-07-05 09:43:34,mobile,US,a00146,latin
u00386,s000017,PLAY,14,0,0,0,345,2025-04-14 03:12:42,mobile,US,a00184,jazz
u00438,s000037,PLAY,10,0,0,0,327,2025-11-18 04:36:35,mobile,US,a00183,indie
u00482,s000007,LIKE,10,1,0,0,386,2025-09-25 03:23:52,mobile,US,a00041,classical
u00480,s000059,PLAY,16,0,0,0,181,2025-03-12 15:35:28,mobile,US,a00073,hip-hop
u00594,s000059,LIKE,9,1,0,0,302,2025-01-11 04:17:39,mobile,US,a00073,hip-hop
u00609,s000009,play,8,0,0,0,186,2025-09-03 15:43:31,mobile,US,a00014,latin
u00082,s000419,skip,1,0,0,1,50,2025-01-30 02:31:59,mobile,US,a00013,rock
u00261,s000144,skip,1,0,0,1,31,2025-11-29 11:04:02,mobile,US,a00176,hip-hop
u00755,s000213,ADD_TO_PLAYLIST,8,1,0,0,272,2025-02-13 23:49:46,mobile,US,a00186,edm
u00921,s000347,like,13,1,0,0,220,2025-06-04 20:36:35,mobile,US,a00097,indie
u00492,s000021,play,19,0,0,0,289,2025-09-25 01:21:51,mobile,US,a00032,rock
u00801,s000015,PLAY,5,0,0,0,254,2025-09-07 04:36:45,mobile,US,a00156,edm
u00303,s000128,PLAY,19,0,0,0,256,2025-12-06 04:20:18,mobile,US,a00161,edm
u00969,s000027,LIKE,7,1,0,0,388,2025-11-11 08:42:45,mobile,US,a00122,jazz
u00618,s000037,add_to_playlist,9,1,0,0,316,2025-11-01 09:26:18,mobile,US,a00183,indie
u00852,s000455,ADD_TO_PLAYLIST,12,1,0,0,343,2025-07-07 00:59:22,mobile,US,a00160,classical
u00548,s000023,LIKE,17,1,0,0,183,2025-03-10 17:48:54,mobile,US,a00085,pop
u00572,s000021,play,11,0,0,0,182,2025-12-01 20:37:05,mobile,US,a00032,rock
u00120,s000036,PLAY,14,0,0,0,271,2025-11-29 14:12:22,mobile,US,a00179,latin
u00962,s000083,skip,1,0,0,1,8,2025-09-12 11:38:43,mobile,US,a00126,hip-hop
u00139,s000002,PLAY,19,0,0,0,301,2025-01-12 10:48:56,mobile,US,a00133,rock
u00748,s000032,PLAY,14,0,0,0,356,2025-06-29 23:47:50,mobile,US,a00140,rock
u00847,s000212,ADD_TO_PLAYLIST,10,1,0,0,288,2025-11-13 07:26:13,mobile,US,a00066,pop
u00424,s000425,SKIP,1,0,0,1,16,2025-11-03 15:07:46,mobile,US,a00175,edm
u00413,s000032,PLAY,11,0,0,0,320,2025-04-09 23:29:55,mobile,US,a00140,rock
u00494,s000014,LIKE,10,1,0,0,287,2025-09-12 03:48:37,mobile,US,a00163,classical
u00757,s000027,like,7,1,0,0,385,2025-04-01 19:24:30,mobile,US,a00122,jazz
u00114,s000037,play,11,0,0,0,226,2025-02-09 23:06:54,mobile,US,a00183,indie
u00381,s000071,skip,1,0,0,1,13,2025-12-18 10:02:37,mobile,US,a00103,pop
u00480,s000008,play,6,0,0,0,277,2025-06-16 00:08:21,mobile,US,a00191,hip-hop
u00896,s000033,LIKE,9,1,0,0,243,2025-03-21 07:35:02,mobile,US,a00158,edm
u00639,s000016,PLAY,1,0,0,0,9,2025-12-16 02:26:10,mobile,US,a00037,pop
u00006,s000481,play,5,0,0,0,350,2025-10-01 15:45:00,mobile,US,a00157,classical
u00386,s000017,PLAY,13,0,0,0,233,2025-08-08 01:16:39,mobile,US,a00184,jazz
u00823,s000085,skip,1,0,0,1,55,2025-07-31 16:55:17,mobile,US,a00091,rock
u00744,s000027,add_to_playlist,17,1,0,0,194,2025-09-25 19:12:52,mobile,US,a00122,jazz
u00941,s000377,PLAY,6,0,0,0,315,2025-11-24 17:05:15,mobile,US,a00101,classical
u00750,s000258,like,5,1,0,0,352,2025-10-04 04:13:00,mobile,US,a00118,latin
u00556,s000019,skip,1,0,0,1,46,2025-03-09 16:07:46,mobile,US,a00154,classical
u00002,s000010,LIKE,8,1,0,0,239,2025-01-24 20:03:05,mobile,US,a00110,classical
u00478,s000004,add_to_playlist,5,1,0,0,316,2025-03-22 14:38:25,mobile,US,a00134,rock
u00316,s000039,ADD_TO_PLAYLIST,14,1,0,0,237,2025-03-28 20:14:36,mobile,US,a00156,jazz
u00829,s000313,SKIP,1,0,0,1,39,2025-06-13 08:41:35,mobile,US,a00030,classical
u00043,s000009,play,10,0,0,0,336,2025-01-21 19:18:39,mobile,US,a00014,latin
u00726,s000017,ADD_TO_PLAYLIST,9,1,0,0,393,2025-04-21 04:59:55,mobile,US,a00184,jazz
u00681,s000069,play,15,0,0,0,236,2025-07-17 14:31:22,mobile,US,a00139,classical
u00385,s000438,LIKE,5,1,0,0,397,2025-11-13 02:48:18,mobile,US,a00107,latin
u00857,s000382,PLAY,10,0,0,0,374,2025-06-27 01:22:37,mobile,US,a00043,jazz
u00060,s000039,PLAY,18,0,0,0,192,2025-06-21 17:51:02,mobile,US,a00156,jazz
u00789,s000116,add_to_playlist,11,1,0,0,298,2025-05-02 15:54:59,mobile,US,a00056,indie
u00868,s000001,play,10,0,0,0,249,2025-10-08 22:38:23,mobile,US,a00197,indie
u00674,s000315,play,6,0,0,0,355,2025-12-29 14:18:31,mobile,US,a00167,hip-hop
u00365,s000231,SKIP,1,0,0,1,11,2025-09-11 16:18:45,mobile,US,a00164,latin
u00913,s000330,skip,1,0,0,1,42,2025-11-30 07:30:27,mobile,US,a00106,edm
u00651,s000317,like,7,1,0,0,288,2025-02-12 05:51:26,mobile,US,a00011,latin
u00654,s000015,PLAY,15,0,0,0,328,2025-07-02 23:14:18,mobile,US,a00156,edm
u00925,s000027,PLAY,19,0,0,0,385,2025-05-31 19:06:24,mobile,US,a00122,jazz
u00991,s000059,play,7,0,0,0,387,2025-07-13 17:50:52,mobile,US,a00073,hip-hop
u00137,s000032,ADD_TO_PLAYLIST,15,1,0,0,373,2025-11-16 00:56:10,mobile,US,a00140,rock
u00664,s000004,ADD_TO_PLAYLIST,11,1,0,0,207,2025-02-04 17:13:30,mobile,US,a00134,rock
u00900,s000267,SKIP,1,0,0,1,58,2025-07-26 22:14:43,mobile,US,a00098,hip-hop
u00677,s000024,ADD_TO_PLAYLIST,15,1,0,0,234,2025-02-04 05:09:11,mobile,US,a00065,latin
u00470,s000427,SKIP,1,0,0,1,45,2025-10-01 06:57:28,mobile,US,a00058,jazz
u00181,s000037,play,12,0,0,0,383,2025-03-21 14:15:13,mobile,US,a00183,indie
u00942,s000475,play,5,0,0,0,298,2025-01-23 13:38:22,mobile,US,a00061,latin
u00779,s000027,LIKE,14,1,0,0,273,2025-11-13 21:25:21,mobile,US,a00122,jazz
u00804,s000321,SKIP,1,0,0,1,30,2025-02-27 14:04:27,mobile,US,a00172,jazz
u00935,s000208,PLAY,18,0,0,0,388,2025-10-24 22:04:35,mobile,US,a00092,rock
u00438,s000317,SKIP,1,0,0,1,20,2025-06-13 02:18:22,mobile,US,a00011,latin
u00951,s000292,add_to_playlist,13,1,0,0,342,2025-09-20 22:37:24,mobile,US,a00074,hip-hop
u00233,s000006,play,19,0,0,0,296,2025-12-22 15:06:59,mobile,US,a00199,hip-hop
u00379,s000343,like,14,1,0,0,273,2025-09-06 15:46:53,mobile,US,a00112,rock
u00522,s000012,play,8,0,0,0,229,2025-12-26 07:28:09,mobile,US,a00032,edm
u00927,s000059,add_to_playlist,13,1,0,0,219,2025-02-14 10:09:47,mobile,US,a00073,hip-hop
u00055,s000090,play,16,0,0,0,317,2025-07-06 18:34:24,mobile,US,a00028,hip-hop
u00419,s000033,play,8,0,0,0,261,2025-09-20 15:57:50,mobile,US,a00158,edm
u00855,s000007,ADD_TO_PLAYLIST,15,1,0,0,399,2025-08-04 13:01:56,mobile,US,a00041,classical
u00191,s000027,PLAY,16,0,0,0,369,2025-07-31 02:15:28,mobile,US,a00122,jazz
u00246,s000489,add_to_playlist,14,1,0,0,360,2025-09-21 18:48:40,mobile,US,a00172,rock
u00789,s000030,add_to_playlist,5,1,0,0,322,2025-10-21 05:42:38,mobile,US,a00117,indie
u00830,s000005,ADD_TO_PLAYLIST,14,1,0,0,398,2025-04-16 06:06:04,mobile,US,a00178,classical
u00719,s000059,like,13,1,0,0,227,2025-01-06 08:58:30,mobile,US,a00073,hip-hop
u00806,s000392,PLAY,5,0,0,0,313,2025-03-01 03:05:28,mobile,US,a00061,latin
u00187,s000037,ADD_TO_PLAYLIST,12,1,0,0,204,2025-10-25 04:29:46,mobile,US,a00183,indie
u00485,s000363,play,16,0,0,0,310,2025-09-26 08:35:45,mobile,US,a00039,edm
u00719,s000126,LIKE,18,1,0,0,364,2025-05-20 02:40:31,mobile,US,a00129,hip-hop
u00610,s000255,PLAY,1,0,0,0,53,2025-05-25 16:35:40,mobile,US,a00010,pop
u00254,s000289,play,9,0,0,0,263,2025-09-28 04:01:25,mobile,US,a00108,rock
u00387,s000370,play,8,0,0,0,384,2025-09-16 10:09:36,mobile,US,a00024,indie
u00896,s000012,PLAY,15,0,0,0,288,2025-01-29 03:55:51,mobile,US,a00032,edm
u00775,s000110,skip,1,0,0,1,43,2025-12-09 13:37:31,mobile,US,a00142,rock
u00472,s000017,LIKE,18,1,0,0,282,2025-02-10 00:25:21,mobile,US,a00184,jazz
u00732,s000004,play,9,0,0,0,291,2025-05-18 14:39:35,mobile,US,a00134,rock
u00466,s000112,ADD_TO_PLAYLIST,9,1,0,0,394,2025-09-08 04:52:45,mobile,US,a00174,latin
u00416,s000136,SKIP,1,0,0,1,5,2025-07-05 14:55:06,mobile,US,a00181,indie
u00097,s000083,like,18,1,0,0,364,2025-01-25 11:33:46,mobile,US,a00126,hip-hop
u00189,s000012,play,15,0,0,0,282,2025-12-22 06:00:48,mobile,US,a00032,edm
u00480,s000090,add_to_playlist,12,1,0,0,313,2025-10-03 20:53:57,mobile,US,a00028,hip-hop
u00932,s000002,play,7,0,0,0,318,2025-07-22 20:18:28,mobile,US,a00133,rock
u00114,s000037,like,10,1,0,0,326,2025-11-24 16:36:43,mobile,US,a00183,indie
u00961,s000021,like,14,1,0,0,356,2025-05-01 10:32:25,mobile,US,a00032,rock
u00268,s000302,play,16,0,0,0,262,2025-07-20 13:10:58,mobile,US,a00016,indie
u00749,s000016,PLAY,12,0,0,0,276,2025-10-28 12:38:31,mobile,US,a00037,pop
u00471,s000438,PLAY,19,0,0,0,323,2025-12-31 03:03:58,mobile,US,a00107,latin
u00471,s000018,PLAY,12,0,0,0,297,2025-02-28 12:22:49,mobile,US,a00096,latin
u00915,s000015,PLAY,7,0,0,0,365,2025-05-27 22:51:28,mobile,US,a00156,edm
u00270,s000330,PLAY,6,0,0,0,394,2025-09-03 11:04:51,mobile,US,a00106,edm
u00139,s000086,PLAY,5,0,0,0,268,2025-05-16 06:02:42,mobile,US,a00030,rock
u00377,s000445,PLAY,8,0,0,0,217,2025-08-17 00:42:33,mobile,US,a00167,rock
u00249,s000190,PLAY,13,0,0,0,301,2025-07-17 15:00:00,mobile,US,a00062,jazz
u00874,s000026,LIKE,9,1,0,0,399,2025-02-08 19:10:14,mobile,US,a00004,pop
u00191,s000241,skip,1,0,0,1,56,2025-11-07 02:54:46,mobile,US,a00084,hip-hop
u00202,s000004,play,1,0,0,0,57,2025-03-17 15:20:23,mobile,US,a00134,rock
u00442,s000348,PLAY,1,0,0,0,52,2025-08-07 08:42:15,mobile,US,a00054,latin
u00699,s000346,PLAY,14,0,0,0,384,2025-12-29 15:24:46,mobile,US,a00053,jazz
u00959,s000437,skip,1,0,0,1,34,2025-02-18 09:35:26,mobile,US,a00151,classical
u00697,s000026,play,5,0,0,0,362,2025-09-09 08:57:08,mobile,US,a00004,pop
u00110,s000018,PLAY,9,0,0,0,258,2025-02-09 03:59:33,mobile,US,a00096,latin
u00610,s000005,play,14,0,0,0,320,2025-10-14 02:43:28,mobile,US,a00178,classical
u00495,s000344,PLAY,12,0,0,0,368,2025-07-22 09:01:48,mobile,US,a00186,indie
u00794,s000004,play,9,0,0,0,393,2025-11-29 23:51:50,mobile,US,a00134,rock
u00216,s000301,PLAY,10,0,0,0,238,2025-04-30 08:23:45,mobile,US,a00033,hip-hop
u00387,s000114,PLAY,16,0,0,0,298,2025-01-07 16:35:10,mobile,US,a00136,indie
u00490,s000024,play,8,0,0,0,342,2025-10-02 08:26:23,mobile,US,a00065,latin
u00043,s000316,skip,1,0,0,1,11,2025-08-03 08:11:44,mobile,US,a00097,pop
u00354,s000018,like,9,1,0,0,291,2025-12-02 19:26:53,mobile,US,a00096,latin
u00835,s000083,PLAY,16,0,0,0,275,2025-04-27 23:15:42,mobile,US,a00126,hip-hop
u00770,s000010,PLAY,11,0,0,0,224,2025-06-16 00:05:26,mobile,US,a00110,classical
u00503,s000036,LIKE,7,1,0,0,209,2025-01-03 04:31:13,mobile,US,a00179,latin
u00881,s000025,PLAY,18,0,0,0,352,2025-01-13 06:12:45,mobile,US,a00009,edm
u00901,s000493,PLAY,1,0,0,0,33,2025-02-28 02:59:43,mobile,US,a00067,pop
u00617,s000423,skip,1,0,0,1,13,2025-05-16 16:39:47,mobile,US,a00136,indie
u00005,s000024,ADD_TO_PLAYLIST,15,1,0,0,324,2025-07-20 11:55:42,mobile,US,a00065,latin
u00451,s000015,ADD_TO_PLAYLIST,8,1,0,0,329,2025-01-16 02:01:46,mobile,US,a00156,edm
u00972,s000002,add_to_playlist,16,1,0,0,266,2025-03-06 10:40:17,mobile,US,a00133,rock
u00112,s000018,like,19,1,0,0,248,2025-05-24 03:26:14,mobile,US,a00096,latin
u00029,s000006,add_to_playlist,14,1,0,0,237,2025-01-14 17:33:50,mobile,US,a00199,hip-hop
u00936,s000012,PLAY,15,0,0,0,190,2025-05-27 02:24:21,mobile,US,a00032,edm
u00684,s000003,add_to_playlist,14,1,0,0,389,2025-01-17 08:54:34,mobile,US,a00066,rock
u00783,s000090,LIKE,10,1,0,0,364,2025-03-28 18:15:10,mobile,US,a00028,hip-hop
u00238,s000045,like,10,1,0,0,309,2025-07-24 16:53:46,mobile,US,a00075,jazz
u00282,s000428,play,18,0,0,0,242,2025-07-31 01:57:31,mobile,US,a00081,edm
u00140,s000016,play,1,0,0,0,21,2025-08-27 20:57:56,mobile,US,a00037,pop
u00519,s000207,play,1,0,0,0,58,2025-06-24 00:48:11,mobile,US,a00134,edm
u00612,s000008,LIKE,8,1,0,0,303,2025-02-18 01:21:32,mobile,US,a00191,hip-hop
u00194,s000037,PLAY,14,0,0,0,200,2025-04-27 17:47:06,mobile,US,a00183,indie
u00310,s000031,PLAY,6,0,0,0,376,2025-11-30 17:40:45,mobile,US,a00037,latin
u00044,s000434,LIKE,17,1,0,0,279,2025-09-09 18:42:59,mobile,US,a00016,hip-hop
u00366,s000015,LIKE,8,1,0,0,258,2025-03-02 12:05:28,mobile,US,a00156,edm
u00287,s000337,PLAY,1,0,0,0,27,2025-02-24 15:45:40,mobile,US,a00028,edm
u00277,s000012,PLAY,13,0,0,0,285,2025-01-05 14:31:31,mobile,US,a00032,edm
u00146,s000027,like,17,1,0,0,338,2025-12-02 05:33:40,mobile,US,a00122,jazz
u00287,s000007,LIKE,12,1,0,0,196,2025-07-30 14:00:47,mobile,US,a00041,classical
u00301,s000002,PLAY,9,0,0,0,183,2025-01-09 02:31:10,mobile,US,a00133,rock
u00305,s000010,add_to_playlist,5,1,0,0,226,2025-04-30 08:33:10,mobile,US,a00110,classical
u00385,s000024,PLAY,12,0,0,0,229,2025-06-05 22:51:24,mobile,US,a00065,latin
u00194,s000001,add_to_playlist,5,1,0,0,323,2025-03-08 22:09:57,mobile,US,a00197,indie
u00029,s000090,play,14,0,0,0,219,2025-09-01 02:48:23,mobile,US,a00028,hip-hop
u00360,s000090,like,8,1,0,0,286,2025-08-23 17:13:51,mobile,US,a00028,hip-hop
u00161,s000021,play,16,0,0,0,269,2025-06-22 16:18:39,mobile,US,a00032,rock
u00504,s000037,ADD_TO_PLAYLIST,7,1,0,0,303,2025-01-21 10:56:53,mobile,US,a00183,indie
u00922,s000483,PLAY,16,0,0,0,280,2025-03-12 13:37:00,mobile,US,a00102,rock
u00870,s000014,LIKE,18,1,0,0,341,2025-01-17 22:16:43,mobile,US,a00163,classical
u00149,s000348,LIKE,19,1,0,0,259,2025-07-14 19:15:03,mobile,US,a00054,latin
u00728,s000082,add_to_playlist,7,1,0,0,330,2025-11-11 15:27:54,mobile,US,a00071,classical
u00399,s000004,LIKE,19,1,0,0,385,2025-06-09 23:06:55,mobile,US,a00134,rock
u00336,s000011,ADD_TO_PLAYLIST,10,1,0,0,223,2025-04-04 00:55:08,mobile,US,a00156,classical
u00794,s000293,play,19,0,0,0,278,2025-08-11 18:26:26,mobile,US,a00069,rock
u00109,s000042,ADD_TO_PLAYLIST,7,1,0,0,312,2025-12-11 13:27:33,mobile,US,a00156,indie
u00510,s000032,add_to_playlist,15,1,0,0,268,2025-06-23 05:37:04,mobile,US,a00140,rock
u00723,s000004,LIKE,14,1,0,0,195,2025-08-17 03:25:33,mobile,US,a00134,rock
u00962,s000057,skip,1,0,0,1,5,2025-02-01 10:19:08,mobile,US,a00147,indie
u00851,s000023,PLAY,16,0,0,0,342,2025-04-29 00:52:59,mobile,US,a00085,pop
u00203,s000021,play,7,0,0,0,281,2025-12-10 12:23:06,mobile,US,a00032,rock
u00652,s000242,PLAY,9,0,0,0,288,2025-02-16 09:22:26,mobile,US,a00146,indie
u00967,s000205,PLAY,17,0,0,0,335,2025-06-22 03:57:43,mobile,US,a00031,edm
u00210,s000434,skip,1,0,0,1,35,2025-03-02 12:18:18,mobile,US,a00016,hip-hop
u00665,s000298,PLAY,10,0,0,0,353,2025-08-13 07:12:48,mobile,US,a00099,classical
u00937,s000451,play,19,0,0,0,299,2025-03-15 20:11:18,mobile,US,a00003,classical
u00316,s000395,skip,1,0,0,1,50,2025-07-22 15:52:18,mobile,US,a00007,edm
u00628,s000123,PLAY,13,0,0,0,304,2025-06-10 10:13:12,mobile,US,a00089,indie
u00115,s000006,like,14,1,0,0,190,2025-06-28 19:07:20,mobile,US,a00199,hip-hop
u00214,s000027,add_to_playlist,14,1,0,0,332,2025-06-17 09:54:26,mobile,US,a00122,jazz
u00864,s000083,ADD_TO_PLAYLIST,18,1,0,0,337,2025-09-29 19:04:12,mobile,US,a00126,hip-hop
u00078,s000281,play,19,0,0,0,360,2025-11-11 07:36:25,mobile,US,a00193,indie
u00421,s000016,add_to_playlist,13,1,0,0,253,2025-01-13 03:22:46,mobile,US,a00037,pop
u00495,s000037,PLAY,16,0,0,0,360,2025-12-06 20:01:07,mobile,US,a00183,indie
u00912,s000011,LIKE,18,1,0,0,357,2025-11-28 12:33:38,mobile,US,a00156,classical
u00519,s000373,LIKE,15,1,0,0,206,2025-10-10 17:36:17,mobile,US,a00130,pop
u00155,s000023,play,8,0,0,0,344,2025-04-13 19:55:27,mobile,US,a00085,pop
u00941,s000011,PLAY,10,0,0,0,382,2025-03-27 18:52:59,mobile,US,a00156,classical
u00221,s000045,PLAY,14,0,0,0,269,2025-09-20 09:31:24,mobile,US,a00075,jazz
u00389,s000004,like,19,1,0,0,280,2025-08-09 17:28:09,mobile,US,a00134,rock
u00032,s000350,play,13,0,0,0,328,2025-01-07 08:53:48,mobile,US,a00151,hip-hop
u00160,s000020,like,9,1,0,0,351,2025-10-11 21:39:14,mobile,US,a00182,indie
u00134,s000235,SKIP,1,0,0,1,37,2025-03-20 07:29:34,mobile,US,a00175,hip-hop
u00377,s000021,PLAY,17,0,0,0,395,2025-10-07 08:41:15,mobile,US,a00032,rock
u00382,s000267,play,19,0,0,0,321,2025-02-22 19:32:47,mobile,US,a00098,hip-hop
u00219,s000020,PLAY,9,0,0,0,394,2025-04-16 02:11:00,mobile,US,a00182,indie
u00479,s000250,SKIP,1,0,0,1,19,2025-08-14 02:46:18,mobile,US,a00001,indie
u00878,s000192,play,10,0,0,0,319,2025-07-13 14:50:52,mobile,US,a00128,classical
u00348,s000018,play,8,0,0,0,358,2025-02-11 21:57:00,mobile,US,a00096,latin
u00135,s000005,like,17,1,0,0,250,2025-09-06 17:14:13,mobile,US,a00178,classical
u00225,s000035,PLAY,14,0,0,0,387,2025-11-07 20:13:36,mobile,US,a00108,pop
u00984,s000344,PLAY,1,0,0,0,30,2025-02-13 06:44:29,mobile,US,a00186,indie
u00936,s000033,add_to_playlist,6,1,0,0,369,2025-01-03 04:51:25,mobile,US,a00158,edm
u00795,s000001,PLAY,12,0,0,0,334,2025-03-10 14:59:51,mobile,US,a00197,indie
u00991,s000006,PLAY,7,0,0,0,333,2025-04-15 01:58:39,mobile,US,a00199,hip-hop
u00791,s000036,PLAY,8,0,0,0,297,2025-08-20 13:42:41,mobile,US,a00179,latin
u00065,s000026,play,6,0,0,0,290,2025-02-28 10:47:38,mobile,US,a00004,pop
u00146,s000308,SKIP,1,0,0,1,18,2025-10-21 15:47:55,mobile,US,a00116,rock
u00727,s000027,play,11,0,0,0,399,2025-01-12 16:05:14,mobile,US,a00122,jazz
u00288,s000378,PLAY,1,0,0,0,53,2025-12-31 03:43:30,mobile,US,a00097,edm
u00609,s000036,like,16,1,0,0,233,2025-06-28 00:21:03,mobile,US,a00179,latin
u00418,s000031,like,10,1,0,0,264,2025-05-08 18:20:04,mobile,US,a00037,latin
u00920,s000010,like,15,1,0,0,286,2025-11-07 15:02:53,mobile,US,a00110,classical
u00588,s000006,like,11,1,0,0,330,2025-10-18 22:14:03,mobile,US,a00199,hip-hop
u00465,s000388,PLAY,6,0,0,0,355,2025-06-16 12:37:25,mobile,US,a00056,indie
u00346,s000045,like,17,1,0,0,256,2025-08-27 21:09:39,mobile,US,a00075,jazz
u00100,s000091,like,13,1,0,0,373,2025-11-18 08:16:49,mobile,US,a00039,indie
u00296,s000033,play,6,0,0,0,347,2025-06-25 21:07:00,mobile,US,a00158,edm
u00354,s000009,PLAY,12,0,0,0,214,2025-02-18 19:20:03,mobile,US,a00014,latin
u00152,s000079,like,7,1,0,0,330,2025-11-29 07:35:17,mobile,US,a00132,rock
u00498,s000002,play,16,0,0,0,283,2025-03-27 21:31:13,mobile,US,a00133,rock
u00344,s000017,play,13,0,0,0,227,2025-08-03 19:55:10,mobile,US,a00184,jazz
u00009,s000026,PLAY,17,0,0,0,252,2025-08-19 14:17:39,mobile,US,a00004,pop
u00190,s000108,skip,1,0,0,1,8,2025-08-20 10:40:14,mobile,US,a00114,edm
u00610,s000014,LIKE,6,1,0,0,290,2025-04-13 01:12:44,mobile,US,a00163,classical
u00771,s000329,PLAY,13,0,0,0,187,2025-12-27 01:28:30,mobile,US,a00053,classical
u00365,s000030,PLAY,17,0,0,0,221,2025-01-03 21:30:31,mobile,US,a00117,indie
u00652,s000001,ADD_TO_PLAYLIST,6,1,0,0,235,2025-06-08 06:21:26,mobile,US,a00197,indie
u00807,s000340,skip,1,0,0,1,18,2025-06-22 18:41:08,mobile,US,a00039,indie
u00734,s000304,PLAY,17,0,0,0,309,2025-11-10 14:51:37,mobile,US,a00152,pop
u00870,s000437,play,15,0,0,0,297,2025-06-11 20:27:48,mobile,US,a00151,classical
u00978,s000009,PLAY,13,0,0,0,362,2025-05-07 01:59:41,mobile,US,a00014,latin
u00944,s000010,add_to_playlist,19,1,0,0,358,2025-08-09 20:15:23,mobile,US,a00110,classical
u00591,s000041,SKIP,1,0,0,1,49,2025-10-09 18:42:34,mobile,US,a00004,pop
u00521,s000020,add_to_playlist,17,1,0,0,305,2025-01-29 19:09:04,mobile,US,a00182,indie
u00685,s000015,play,16,0,0,0,310,2025-09-13 11:49:16,mobile,US,a00156,edm
u00077,s000059,add_to_playlist,8,1,0,0,291,2025-12-12 04:27:38,mobile,US,a00073,hip-hop
u00326,s000498,PLAY,10,0,0,0,375,2025-10-03 07:10:58,mobile,US,a00175,jazz
u00757,s000013,play,10,0,0,0,378,2025-07-29 13:59:04,mobile,US,a00154,jazz
u00122,s000372,SKIP,1,0,0,1,40,2025-06-08 09:47:38,mobile,US,a00034,latin
u00382,s000356,add_to_playlist,19,1,0,0,369,2025-01-02 23:34:37,mobile,US,a00147,hip-hop
u00446,s000239,add_to_playlist,12,1,0,0,295,2025-03-17 23:01:05,mobile,US,a00160,jazz
u00501,s000334,PLAY,1,0,0,0,31,2025-11-13 22:50:11,mobile,US,a00035,hip-hop
u00246,s000032,PLAY,12,0,0,0,275,2025-06-13 09:08:15,mobile,US,a00140,rock
u00221,s000268,skip,1,0,0,1,19,2025-01-17 23:34:16,mobile,US,a00085,classical
u00348,s000036,play,17,0,0,0,332,2025-11-04 01:29:43,mobile,US,a00179,latin
u00346,s000013,like,17,1,0,0,263,2025-07-09 14:11:00,mobile,US,a00154,jazz
u00021,s000298,PLAY,14,0,0,0,309,2025-08-15 02:36:22,mobile,US,a00099,classical
u00481,s000000,play,8,0,0,0,371,2025-01-03 05:55:52,mobile,US,a00178,edm
u00164,s000016,PLAY,15,0,0,0,279,2025-01-08 02:35:01,mobile,US,a00037,pop
u00277,s000156,PLAY,1,0,0,0,50,2025-07-20 13:27:34,mobile,US,a00176,pop
u00960,s000021,like,6,1,0,0,206,2025-07-25 22:56:31,mobile,US,a00032,rock
u00160,s000037,add_to_playlist,18,1,0,0,387,2025-01-13 23:08:33,mobile,US,a00183,indie
u00873,s000003,PLAY,5,0,0,0,350,2025-02-23 18:21:29,mobile,US,a00066,rock
u00976,s000406,SKIP,1,0,0,1,34,2025-11-17 12:25:39,mobile,US,a00153,pop
u00834,s000145,skip,1,0,0,1,44,2025-03-04 03:28:57,mobile,US,a00028,edm
u00192,s000304,skip,1,0,0,1,47,2025-06-19 13:23:37,mobile,US,a00152,pop
u00845,s000430,skip,1,0,0,1,55,2025-05-12 17:39:17,mobile,US,a00166,rock
u00127,s000410,PLAY,1,0,0,0,5,2025-07-29 04:49:52,mobile,US,a00031,hip-hop
u00535,s000000,play,7,0,0,0,241,2025-02-14 23:36:53,mobile,US,a00178,edm
u00458,s000412,skip,1,0,0,1,46,2025-01-14 19:31:42,mobile,US,a00015,classical
u00157,s000016,PLAY,11,0,0,0,396,2025-03-28 17:58:15,mobile,US,a00037,pop
u00277,s000000,play,7,0,0,0,293,2025-02-16 14:39:47,mobile,US,a00178,edm
u00852,s000010,play,9,0,0,0,360,2025-05-08 19:24:42,mobile,US,a00110,classical
u00060,s000039,ADD_TO_PLAYLIST,14,1,0,0,371,2025-12-21 04:18:00,mobile,US,a00156,jazz
u00698,s000427,skip,1,0,0,1,48,2025-04-13 02:25:49,mobile,US,a00058,jazz
u00451,s000015,like,6,1,0,0,304,2025-03-26 07:43:07,mobile,US,a00156,edm
u00837,s000005,play,9,0,0,0,237,2025-04-28 11:22:57,mobile,US,a00178,classical
u00901,s000008,PLAY,19,0,0,0,223,2025-01-17 13:57:52,mobile,US,a00191,hip-hop
u00974,s000309,ADD_TO_PLAYLIST,17,1,0,0,309,2025-12-20 22:32:00,mobile,US,a00105,hip-hop
u00847,s000118,skip,1,0,0,1,33,2025-05-13 16:05:34,mobile,US,a00153,classical
u00578,s000016,LIKE,11,1,0,0,182,2025-03-04 01:59:58,mobile,US,a00037,pop
u00593,s000104,PLAY,1,0,0,0,18,2025-08-09 09:06:13,mobile,US,a00000,edm
u00102,s000212,add_to_playlist,18,1,0,0,367,2025-03-10 09:15:53,mobile,US,a00066,pop
u00626,s000011,like,13,1,0,0,211,2025-07-03 04:33:30,mobile,US,a00156,classical
u00283,s000020,PLAY,19,0,0,0,215,2025-12-07 21:11:40,mobile,US,a00182,indie
u00270,s000012,PLAY,14,0,0,0,204,2025-11-16 13:52:42,mobile,US,a00032,edm
u00116,s000002,play,9,0,0,0,236,2025-12-29 18:31:20,mobile,US,a00133,rock
u00317,s000323,SKIP,1,0,0,1,57,2025-06-20 23:08:13,mobile,US,a00153,edm
u00167,s000020,ADD_TO_PLAYLIST,12,1,0,0,253,2025-01-08 05:35:13,mobile,US,a00182,indie
u00553,s000235,play,18,0,0,0,356,2025-07-10 17:53:07,mobile,US,a00175,hip-hop
u00337,s000027,play,17,0,0,0,258,2025-10-08 10:47:55,mobile,US,a00122,jazz
u00996,s000345,SKIP,1,0,0,1,29,2025-07-15 18:55:41,mobile,US,a00038,jazz
u00091,s000059,PLAY,14,0,0,0,198,2025-08-05 20:10:08,mobile,US,a00073,hip-hop
u00587,s000318,SKIP,1,0,0,1,53,2025-07-12 21:25:54,mobile,US,a00052,pop
u00711,s000050,play,8,0,0,0,323,2025-05-12 02:45:09,mobile,US,a00114,pop
u00829,s000018,LIKE,11,1,0,0,271,2025-07-05 12:09:55,mobile,US,a00096,latin
u00335,s000018,PLAY,11,0,0,0,340,2025-10-28 04:29:32,mobile,US,a00096,latin
u00723,s000157,add_to_playlist,18,1,0,0,287,2025-12-31 09:16:59,mobile,US,a00147,rock
u00729,s000292,LIKE,16,1,0,0,205,2025-12-09 11:14:55,mobile,US,a00074,hip-hop
u00995,s000014,LIKE,18,1,0,0,227,2025-08-22 23:40:03,mobile,US,a00163,classical
u00275,s000083,LIKE,8,1,0,0,257,2025-10-11 12:40:01,mobile,US,a00126,hip-hop
u00555,s000031,PLAY,16,0,0,0,359,2025-06-27 02:05:17,mobile,US,a00037,latin
u00372,s000023,play,15,0,0,0,232,2025-06-17 01:45:19,mobile,US,a00085,pop
u00646,s000010,PLAY,7,0,0,0,301,2025-07-23 16:49:40,mobile,US,a00110,classical
u00008,s000001,LIKE,12,1,0,0,328,2025-03-02 03:57:25,mobile,US,a00197,indie
u00839,s000380,skip,1,0,0,1,18,2025-02-13 17:48:57,mobile,US,a00018,edm
u00651,s000018,play,14,0,0,0,324,2025-10-21 07:07:41,mobile,US,a00096,latin
u00734,s000026,PLAY,6,0,0,0,285,2025-02-23 03:12:03,mobile,US,a00004,pop
u00849,s000044,PLAY,7,0,0,0,190,2025-02-15 01:42:22,mobile,US,a00067,edm
u00651,s000024,PLAY,8,0,0,0,189,2025-10-30 16:59:51,mobile,US,a00065,latin
u00803,s000003,play,9,0,0,0,229,2025-05-19 04:20:35,mobile,US,a00066,rock
u00215,s000007,like,10,1,0,0,368,2025-01-20 04:23:07,mobile,US,a00041,classical
u00841,s000377,PLAY,1,0,0,0,55,2025-02-01 23:07:03,mobile,US,a00101,classical
u00562,s000426,play,13,0,0,0,305,2025-11-26 20:52:48,mobile,US,a00071,indie
u00442,s000326,PLAY,14,0,0,0,289,2025-05-29 20:01:45,mobile,US,a00045,rock
u00543,s000024,play,1,0,0,0,38,2025-06-03 00:48:39,mobile,US,a00065,latin
u00893,s000204,add_to_playlist,6,1,0,0,354,2025-02-12 18:03:13,mobile,US,a00054,classical
u00595,s000008,play,12,0,0,0,251,2025-08-27 08:49:56,mobile,US,a00191,hip-hop
u00905,s000022,ADD_TO_PLAYLIST,8,1,0,0,340,2025-10-04 01:13:11,mobile,US,a00195,pop
u00600,s000014,play,14,0,0,0,202,2025-10-11 04:25:51,mobile,US,a00163,classical
u00832,s000013,PLAY,13,0,0,0,291,2025-03-10 14:07:49,mobile,US,a00154,jazz
u00012,s000027,PLAY,19,0,0,0,255,2025-03-04 00:31:39,mobile,US,a00122,jazz
u00667,s000158,PLAY,9,0,0,0,314,2025-09-24 02:05:11,mobile,US,a00117,hip-hop
u00203,s000021,ADD_TO_PLAYLIST,19,1,0,0,320,2025-02-10 08:03:21,mobile,US,a00032,rock
u00819,s000003,ADD_TO_PLAYLIST,12,1,0,0,306,2025-07-15 15:17:47,mobile,US,a00066,rock
u00415,s000021,add_to_playlist,5,1,0,0,311,2025-12-27 05:58:49,mobile,US,a00032,rock
u00956,s000090,play,15,0,0,0,347,2025-12-04 04:37:14,mobile,US,a00028,hip-hop
u00143,s000392,like,9,1,0,0,285,2025-01-26 12:05:31,mobile,US,a00061,latin
u00601,s000495,PLAY,1,0,0,0,13,2025-12-13 23:05:25,mobile,US,a00189,classical
u00755,s000465,add_to_playlist,6,1,0,0,256,2025-07-06 01:01:32,mobile,US,a00012,edm
u00367,s000074,SKIP,1,0,0,1,8,2025-07-29 16:24:38,mobile,US,a00103,rock
u00567,s000477,PLAY,13,0,0,0,322,2025-03-06 08:27:48,mobile,US,a00015,latin
u00220,s000039,add_to_playlist,19,1,0,0,325,2025-05-23 22:37:23,mobile,US,a00156,jazz
u00280,s000090,play,17,0,0,0,232,2025-04-28 23:54:10,mobile,US,a00028,hip-hop
u00509,s000016,like,17,1,0,0,348,2025-01-18 17:38:57,mobile,US,a00037,pop
u00206,s000479,play,14,0,0,0,180,2025-06-10 19:15:37,mobile,US,a00120,latin
u00784,s000023,like,10,1,0,0,346,2025-05-30 11:49:17,mobile,US,a00085,pop
u00293,s000023,play,11,0,0,0,394,2025-07-29 18:47:51,mobile,US,a00085,pop
u00743,s000010,like,11,1,0,0,395,2025-01-18 03:26:17,mobile,US,a00110,classical
u00079,s000309,PLAY,18,0,0,0,337,2025-04-03 03:36:53,mobile,US,a00105,hip-hop
u00368,s000439,play,16,0,0,0,234,2025-01-16 15:05:39,mobile,US,a00187,jazz
u00862,s000185,skip,1,0,0,1,57,2025-04-29 19:52:54,mobile,US,a00193,hip-hop
u00667,s000006,play,17,0,0,0,326,2025-09-15 07:41:05,mobile,US,a00199,hip-hop
u00205,s000011,add_to_playlist,16,1,0,0,186,2025-09-06 00:01:56,mobile,US,a00156,classical
u00579,s000409,add_to_playlist,14,1,0,0,220,2025-01-26 14:31:32,mobile,US,a00046,pop
u00889,s000430,like,9,1,0,0,315,2025-01-24 17:08:00,mobile,US,a00166,rock
u00742,s000369,play,9,0,0,0,237,2025-12-04 04:34:38,mobile,US,a00041,pop
u00819,s000004,ADD_TO_PLAYLIST,5,1,0,0,320,2025-05-14 04:45:20,mobile,US,a00134,rock
u00445,s000017,PLAY,19,0,0,0,185,2025-07-15 20:27:50,mobile,US,a00184,jazz
u00953,s000202,add_to_playlist,11,1,0,0,295,2025-09-19 07:37:25,mobile,US,a00123,hip-hop
u00024,s000119,skip,1,0,0,1,51,2025-10-04 22:12:44,mobile,US,a00168,edm
u00018,s000024,add_to_playlist,7,1,0,0,219,2025-04-13 13:11:26,mobile,US,a00065,latin
u00236,s000025,play,6,0,0,0,392,2025-04-07 16:18:55,mobile,US,a00009,edm
u00982,s000006,ADD_TO_PLAYLIST,5,1,0,0,245,2025-01-01 20:37:11,mobile,US,a00199,hip-hop
u00902,s000015,like,5,1,0,0,206,2025-08-19 05:12:30,mobile,US,a00156,edm
u00573,s000270,ADD_TO_PLAYLIST,10,1,0,0,378,2025-12-25 07:11:31,mobile,US,a00023,pop
u00423,s000045,play,8,0,0,0,395,2025-10-28 05:01:55,mobile,US,a00075,jazz
u00306,s000008,add_to_playlist,16,1,0,0,389,2025-11-21 11:02:47,mobile,US,a00191,hip-hop
u00714,s000031,play,16,0,0,0,331,2025-10-28 22:43:46,mobile,US,a00037,latin
u00725,s000011,PLAY,5,0,0,0,288,2025-05-31 22:58:54,mobile,US,a00156,classical
u00378,s000026,LIKE,18,1,0,0,339,2025-07-21 15:41:05,mobile,US,a00004,pop
u00678,s000081,SKIP,1,0,0,1,58,2025-07-06 02:06:25,mobile,US,a00036,classical
u00838,s000059,play,15,0,0,0,380,2025-10-16 03:46:06,mobile,US,a00073,hip-hop
u00178,s000388,SKIP,1,0,0,1,34,2025-10-10 14:08:19,mobile,US,a00056,indie
u00959,s000030,play,19,0,0,0,202,2025-07-06 17:57:16,mobile,US,a00117,indie
u00677,s000237,play,13,0,0,0,274,2025-01-21 22:21:56,mobile,US,a00073,latin
u00619,s000039,LIKE,6,1,0,0,253,2025-01-20 21:02:35,mobile,US,a00156,jazz
u00121,s000005,like,16,1,0,0,298,2025-04-29 22:32:05,mobile,US,a00178,classical
u00044,s000083,like,10,1,0,0,357,2025-09-05 15:00:47,mobile,US,a00126,hip-hop
u00962,s000341,skip,1,0,0,1,7,2025-12-14 08:14:20,mobile,US,a00010,latin
u00687,s000007,play,11,0,0,0,267,2025-05-10 12:18:13,mobile,US,a00041,classical
u00722,s000309,LIKE,9,1,0,0,203,2025-08-07 15:28:23,mobile,US,a00105,hip-hop
u00954,s000045,play,10,0,0,0,214,2025-10-22 13:45:15,mobile,US,a00075,jazz
u00472,s000121,play,10,0,0,0,196,2025-10-18 09:14:24,mobile,US,a00062,jazz
u00354,s000154,PLAY,8,0,0,0,271,2025-01-31 20:15:21,mobile,US,a00083,latin
u00533,s000430,PLAY,12,0,0,0,248,2025-05-29 19:21:10,mobile,US,a00166,rock
u00012,s000039,like,14,1,0,0,276,2025-03-17 16:59:33,mobile,US,a00156,jazz
u00335,s000036,like,18,1,0,0,250,2025-01-01 07:21:45,mobile,US,a00179,latin
u00873,s000004,PLAY,17,0,0,0,245,2025-07-25 10:40:31,mobile,US,a00134,rock
u00531,s000009,like,11,1,0,0,324,2025-12-30 01:45:41,mobile,US,a00014,latin
u00892,s000003,add_to_playlist,8,1,0,0,268,2025-11-05 04:38:52,mobile,US,a00066,rock
u00583,s000022,LIKE,11,1,0,0,197,2025-06-15 03:33:08,mobile,US,a00195,pop
u00804,s000012,PLAY,15,0,0,0,355,2025-03-20 09:54:30,mobile,US,a00032,edm
u00224,s000022,add_to_playlist,18,1,0,0,320,2025-09-13 23:22:34,mobile,US,a00195,pop
u00836,s000357,like,17,1,0,0,270,2025-08-04 07:21:16,mobile,US,a00080,jazz
u00922,s000032,PLAY,9,0,0,0,394,2025-02-06 19:55:32,mobile,US,a00140,rock
u00910,s000027,LIKE,17,1,0,0,361,2025-09-07 18:25:54,mobile,US,a00122,jazz
u00038,s000002,ADD_TO_PLAYLIST,17,1,0,0,295,2025-10-26 21:04:37,mobile,US,a00133,rock
u00441,s000018,PLAY,15,0,0,0,290,2025-11-30 21:50:56,mobile,US,a00096,latin
u00446,s000013,add_to_playlist,10,1,0,0,263,2025-05-26 01:53:54,mobile,US,a00154,jazz
u00897,s000491,skip,1,0,0,1,14,2025-09-07 12:45:53,mobile,US,a00119,indie
u00929,s000049,play,8,0,0,0,264,2025-07-09 19:19:33,mobile,US,a00094,rock
u00688,s000388,PLAY,17,0,0,0,392,2025-08-06 23:16:53,mobile,US,a00056,indie
u00254,s000004,PLAY,9,0,0,0,182,2025-01-11 07:08:14,mobile,US,a00134,rock
u00524,s000035,ADD_TO_PLAYLIST,15,1,0,0,345,2025-05-02 16:37:17,mobile,US,a00108,pop
u00357,s000394,PLAY,1,0,0,0,37,2025-09-06 05:03:59,mobile,US,a00082,classical
u00485,s000428,PLAY,12,0,0,0,199,2025-07-28 08:19:57,mobile,US,a00081,edm
u00030,s000005,PLAY,14,0,0,0,317,2025-12-10 03:06:55,mobile,US,a00178,classical
u00803,s000002,add_to_playlist,10,1,0,0,335,2025-12-14 18:10:21,mobile,US,a00133,rock
u00372,s000023,PLAY,14,0,0,0,208,2025-02-02 07:22:18,mobile,US,a00085,pop
u00987,s000090,add_to_playlist,14,1,0,0,343,2025-11-13 07:33:13,mobile,US,a00028,hip-hop
u00813,s000309,add_to_playlist,14,1,0,0,349,2025-07-23 04:59:33,mobile,US,a00105,hip-hop
u00124,s000124,PLAY,1,0,0,0,57,2025-01-08 13:36:57,mobile,US,a00074,edm
u00081,s000203,SKIP,1,0,0,1,24,2025-08-31 20:05:03,mobile,US,a00086,pop
u00211,s000001,play,17,0,0,0,284,2025-03-05 18:19:25,mobile,US,a00197,indie
u00822,s000025,play,17,0,0,0,372,2025-12-19 00:24:41,mobile,US,a00009,edm
u00546,s000483,SKIP,1,0,0,1,20,2025-06-17 23:46:58,mobile,US,a00102,rock
u00949,s000270,SKIP,1,0,0,1,15,2025-03-02 14:34:01,mobile,US,a00023,pop
u00114,s000324,skip,1,0,0,1,14,2025-10-14 01:39:50,mobile,US,a00189,classical
u00296,s000015,PLAY,16,0,0,0,186,2025-03-09 08:15:28,mobile,US,a00156,edm
u00868,s000001,ADD_TO_PLAYLIST,11,1,0,0,339,2025-08-02 03:20:20,mobile,US,a00197,indie
u00675,s000011,play,18,0,0,0,233,2025-08-01 05:57:10,mobile,US,a00156,classical
u00728,s000014,PLAY,10,0,0,0,395,2025-04-03 23:34:11,mobile,US,a00163,classical
u00356,s000026,play,6,0,0,0,357,2025-11-21 07:47:29,mobile,US,a00004,pop
u00533,s000021,like,11,1,0,0,208,2025-05-02 09:09:40,mobile,US,a00032,rock
u00784,s000158,PLAY,1,0,0,0,35,2025-07-05 17:23:13,mobile,US,a00117,hip-hop
u00755,s000000,add_to_playlist,11,1,0,0,365,2025-03-25 13:19:15,mobile,US,a00178,edm
u00513,s000108,play,17,0,0,0,314,2025-01-09 18:46:35,mobile,US,a00114,edm
u00866,s000007,add_to_playlist,9,1,0,0,224,2025-12-11 06:56:48,mobile,US,a00041,classical
u00928,s000425,ADD_TO_PLAYLIST,17,1,0,0,293,2025-12-22 13:05:18,mobile,US,a00175,edm
u00389,s000032,play,6,0,0,0,364,2025-02-02 14:59:27,mobile,US,a00140,rock
u00074,s000007,PLAY,17,0,0,0,285,2025-07-19 02:10:06,mobile,US,a00041,classical
u00531,s000472,skip,1,0,0,1,17,2025-11-25 13:46:53,mobile,US,a00045,rock
u00864,s000292,play,6,0,0,0,312,2025-02-13 12:44:14,mobile,US,a00074,hip-hop
u00556,s000031,like,7,1,0,0,209,2025-01-24 19:27:24,mobile,US,a00037,latin
u00642,s000009,PLAY,18,0,0,0,182,2025-04-15 07:32:40,mobile,US,a00014,latin
u00690,s000409,play,6,0,0,0,368,2025-03-26 11:34:03,mobile,US,a00046,pop
u00575,s000465,PLAY,16,0,0,0,253,2025-04-14 19:55:22,mobile,US,a00012,edm
u00382,s000059,ADD_TO_PLAYLIST,14,1,0,0,236,2025-04-29 07:11:48,mobile,US,a00073,hip-hop
u00197,s000008,add_to_playlist,8,1,0,0,373,2025-07-17 04:24:01,mobile,US,a00191,hip-hop
u00985,s000026,play,10,0,0,0,360,2025-01-29 07:08:33,mobile,US,a00004,pop
u00490,s000018,PLAY,13,0,0,0,294,2025-08-08 10:51:04,mobile,US,a00096,latin
u00274,s000174,play,14,0,0,0,206,2025-04-29 19:48:15,mobile,US,a00048,rock
u00945,s000001,play,9,0,0,0,390,2025-10-11 00:40:47,mobile,US,a00197,indie
u00790,s000033,PLAY,9,0,0,0,376,2025-07-12 23:55:48,mobile,US,a00158,edm
u00533,s000004,play,15,0,0,0,197,2025-03-31 14:37:17,mobile,US,a00134,rock
u00793,s000301,play,5,0,0,0,345,2025-03-30 01:36:05,mobile,US,a00033,hip-hop
u00557,s000105,SKIP,1,0,0,1,31,2025-03-19 12:32:27,mobile,US,a00062,hip-hop
u00841,s000018,add_to_playlist,10,1,0,0,185,2025-09-16 18:27:23,mobile,US,a00096,latin
u00098,s000338,PLAY,6,0,0,0,268,2025-03-19 15:10:32,mobile,US,a00148,edm
u00393,s000031,PLAY,17,0,0,0,230,2025-01-12 10:25:38,mobile,US,a00037,latin
u00741,s000015,like,5,1,0,0,326,2025-09-01 12:56:06,mobile,US,a00156,edm
u00328,s000024,PLAY,8,0,0,0,376,2025-08-31 00:14:19,mobile,US,a00065,latin
u00574,s000001,PLAY,17,0,0,0,387,2025-11-23 22:59:46,mobile,US,a00197,indie
u00405,s000090,play,10,0,0,0,322,2025-06-08 13:17:28,mobile,US,a00028,hip-hop
u00298,s000010,PLAY,11,0,0,0,245,2025-09-12 21:13:22,mobile,US,a00110,classical
u00231,s000006,PLAY,9,0,0,0,246,2025-01-30 03:42:09,mobile,US,a00199,hip-hop
u00392,s000009,play,14,0,0,0,302,2025-11-05 18:03:43,mobile,US,a00014,latin
u00555,s000392,PLAY,7,0,0,0,255,2025-11-03 12:00:01,mobile,US,a00061,latin
u00247,s000489,play,15,0,0,0,248,2025-03-15 03:52:16,mobile,US,a00172,rock
u00961,s000032,ADD_TO_PLAYLIST,16,1,0,0,210,2025-11-05 07:17:21,mobile,US,a00140,rock
u00999,s000310,LIKE,14,1,0,0,312,2025-08-25 06:46:44,mobile,US,a00085,jazz
u00860,s000249,LIKE,6,1,0,0,300,2025-02-15 12:23:33,mobile,US,a00081,hip-hop
u00680,s000024,ADD_TO_PLAYLIST,7,1,0,0,319,2025-10-09 15:46:00,mobile,US,a00065,latin
u00370,s000376,LIKE,17,1,0,0,364,2025-09-22 13:28:34,mobile,US,a00178,hip-hop
u00891,s000414,PLAY,1,0,0,0,44,2025-09-19 08:03:35,mobile,US,a00144,pop
u00945,s000397,PLAY,17,0,0,0,218,2025-06-23 02:39:59,mobile,US,a00080,indie
u00991,s000083,play,6,0,0,0,394,2025-10-23 19:02:36,mobile,US,a00126,hip-hop
u00699,s000272,play,9,0,0,0,393,2025-09-23 07:56:57,mobile,US,a00157,jazz
u00279,s000145,skip,1,0,0,1,30,2025-01-04 16:32:54,mobile,US,a00028,edm
u00527,s000035,ADD_TO_PLAYLIST,18,1,0,0,258,2025-04-16 15:17:44,mobile,US,a00108,pop
u00788,s000056,PLAY,14,0,0,0,321,2025-11-08 17:30:05,mobile,US,a00068,latin
u00786,s000020,PLAY,18,0,0,0,212,2025-09-10 15:38:57,mobile,US,a00182,indie
u00072,s000002,add_to_playlist,10,1,0,0,299,2025-10-22 07:29:23,mobile,US,a00133,rock
u00920,s000014,play,14,0,0,0,368,2025-04-30 07:36:30,mobile,US,a00163,classical
u00880,s000007,play,18,0,0,0,191,2025-01-25 04:50:28,mobile,US,a00041,classical
u00689,s000016,PLAY,15,0,0,0,327,2025-11-10 16:00:08,mobile,US,a00037,pop
u00603,s000025,ADD_TO_PLAYLIST,5,1,0,0,234,2025-04-03 04:10:45,mobile,US,a00009,edm
u00812,s000003,add_to_playlist,14,1,0,0,361,2025-01-31 03:50:22,mobile,US,a00066,rock
u00633,s000032,play,5,0,0,0,321,2025-07-09 13:37:03,mobile,US,a00140,rock
u00441,s000497,like,15,1,0,0,211,2025-04-21 14:23:41,mobile,US,a00152,latin
u00913,s000136,skip,1,0,0,1,12,2025-01-10 04:07:05,mobile,US,a00181,indie
u00085,s000027,PLAY,15,0,0,0,210,2025-03-05 19:43:34,mobile,US,a00122,jazz
u00099,s000010,PLAY,19,0,0,0,208,2025-12-23 11:29:29,mobile,US,a00110,classical
u00363,s000026,LIKE,10,1,0,0,202,2025-03-21 09:27:14,mobile,US,a00004,pop
u00842,s000043,add_to_playlist,9,1,0,0,197,2025-08-10 02:45:05,mobile,US,a00046,rock
u00909,s000015,play,16,0,0,0,383,2025-10-28 02:23:34,mobile,US,a00156,edm
u00077,s000006,like,15,1,0,0,194,2025-01-08 00:41:57,mobile,US,a00199,hip-hop
u00148,s000003,like,9,1,0,0,183,2025-08-25 04:57:43,mobile,US,a00066,rock
u00520,s000036,PLAY,5,0,0,0,379,2025-04-20 13:04:16,mobile,US,a00179,latin
u00554,s000487,add_to_playlist,16,1,0,0,245,2025-12-14 14:42:24,mobile,US,a00176,rock
u00479,s000442,play,18,0,0,0,249,2025-05-20 21:22:13,mobile,US,a00130,hip-hop
u00282,s000012,ADD_TO_PLAYLIST,19,1,0,0,382,2025-01-31 18:08:23,mobile,US,a00032,edm
u00320,s000331,PLAY,1,0,0,0,32,2025-03-05 00:52:22,mobile,US,a00192,edm
u00918,s000394,SKIP,1,0,0,1,39,2025-08-27 03:21:13,mobile,US,a00082,classical
u00795,s000037,play,14,0,0,0,297,2025-05-06 21:46:47,mobile,US,a00183,indie
u00899,s000382,PLAY,12,0,0,0,282,2025-05-28 18:51:36,mobile,US,a00043,jazz
u00292,s000282,play,16,0,0,0,385,2025-05-19 02:28:53,mobile,US,a00024,rock
u00643,s000002,LIKE,16,1,0,0,376,2025-05-11 09:56:46,mobile,US,a00133,rock
u00366,s000084,PLAY,11,0,0,0,186,2025-08-16 10:36:54,mobile,US,a00105,edm
u00365,s000067,add_to_playlist,6,1,0,0,220,2025-01-28 02:52:25,mobile,US,a00045,indie
u00792,s000010,add_to_playlist,19,1,0,0,259,2025-11-06 17:24:25,mobile,US,a00110,classical
u00190,s000037,like,19,1,0,0,385,2025-06-13 18:16:41,mobile,US,a00183,indie
u00338,s000258,PLAY,1,0,0,0,22,2025-02-13 13:49:53,mobile,US,a00118,latin
u00715,s000106,PLAY,1,0,0,0,48,2025-11-08 00:44:13,mobile,US,a00181,classical
u00257,s000257,SKIP,1,0,0,1,14,2025-08-02 06:54:46,mobile,US,a00194,jazz
u00711,s000026,LIKE,17,1,0,0,326,2025-05-13 17:16:26,mobile,US,a00004,pop
u00499,s000090,play,12,0,0,0,236,2025-10-29 17:59:36,mobile,US,a00028,hip-hop
u00375,s000185,play,8,0,0,0,204,2025-01-09 19:49:17,mobile,US,a00193,hip-hop
u00950,s000027,LIKE,11,1,0,0,342,2025-06-04 06:39:03,mobile,US,a00122,jazz
u00821,s000008,like,16,1,0,0,306,2025-02-10 14:58:54,mobile,US,a00191,hip-hop
u00877,s000016,PLAY,5,0,0,0,384,2025-12-19 16:44:04,mobile,US,a00037,pop
u00196,s000016,play,8,0,0,0,236,2025-08-29 08:55:35,mobile,US,a00037,pop
u00521,s000030,play,13,0,0,0,356,2025-11-07 09:19:06,mobile,US,a00117,indie
u00445,s000017,play,12,0,0,0,283,2025-08-19 06:13:09,mobile,US,a00184,jazz
u00899,s000267,PLAY,1,0,0,0,17,2025-05-11 00:18:45,mobile,US,a00098,hip-hop
u00234,s000307,play,1,0,0,0,26,2025-05-07 20:31:51,mobile,US,a00086,latin
u00736,s000398,LIKE,15,1,0,0,234,2025-03-15 03:10:53,mobile,US,a00117,hip-hop
u00239,s000333,add_to_playlist,11,1,0,0,298,2025-08-27 00:23:51,mobile,US,a00180,latin
u00427,s000090,PLAY,16,0,0,0,334,2025-06-24 15:46:47,mobile,US,a00028,hip-hop
u00462,s000494,PLAY,18,0,0,0,270,2025-12-23 03:16:06,mobile,US,a00145,edm
u00084,s000476,ADD_TO_PLAYLIST,9,1,0,0,320,2025-08-07 21:38:32,mobile,US,a00184,indie
u00370,s000059,ADD_TO_PLAYLIST,11,1,0,0,216,2025-09-02 08:16:21,mobile,US,a00073,hip-hop
u00381,s000247,like,14,1,0,0,383,2025-10-26 08:25:33,mobile,US,a00028,edm
u00666,s000012,PLAY,15,0,0,0,293,2025-09-10 06:26:24,mobile,US,a00032,edm
u00207,s000391,play,1,0,0,0,57,2025-10-22 04:38:59,mobile,US,a00011,edm
u00601,s000009,PLAY,11,0,0,0,349,2025-03-16 02:47:59,mobile,US,a00014,latin
u00856,s000046,add_to_playlist,15,1,0,0,295,2025-08-10 19:09:25,mobile,US,a00172,jazz
u00181,s000123,add_to_playlist,18,1,0,0,269,2025-01-20 05:29:02,mobile,US,a00089,indie
u00393,s000331,PLAY,1,0,0,0,10,2025-10-17 18:08:04,mobile,US,a00192,edm
u00790,s000015,like,18,1,0,0,218,2025-12-28 21:50:25,mobile,US,a00156,edm
u00330,s000004,like,6,1,0,0,378,2025-03-21 20:52:05,mobile,US,a00134,rock
u00317,s000002,LIKE,15,1,0,0,345,2025-09-23 04:28:32,mobile,US,a00133,rock
u00043,s000112,PLAY,6,0,0,0,224,2025-01-12 19:25:46,mobile,US,a00174,latin
u00829,s000227,LIKE,14,1,0,0,190,2025-01-10 15:55:38,mobile,US,a00119,latin
u00488,s000085,play,10,0,0,0,383,2025-11-22 21:35:14,mobile,US,a00091,rock
u00322,s000059,add_to_playlist,12,1,0,0,325,2025-02-09 09:06:50,mobile,US,a00073,hip-hop
u00294,s000035,play,18,0,0,0,234,2025-09-10 17:23:47,mobile,US,a00108,pop
u00788,s000009,PLAY,14,0,0,0,388,2025-11-01 09:11:34,mobile,US,a00014,latin
u00224,s000279,PLAY,1,0,0,0,16,2025-10-02 05:53:07,mobile,US,a00008,hip-hop
u00739,s000059,LIKE,11,1,0,0,267,2025-03-29 12:43:55,mobile,US,a00073,hip-hop
u00289,s000036,LIKE,11,1,0,0,194,2025-05-22 09:17:21,mobile,US,a00179,latin
u00870,s000014,PLAY,17,0,0,0,216,2025-03-10 14:03:23,mobile,US,a00163,classical
u00635,s000101,play,9,0,0,0,373,2025-11-01 18:24:10,mobile,US,a00163,pop
u00983,s000005,PLAY,10,0,0,0,286,2025-12-05 20:56:06,mobile,US,a00178,classical
u00705,s000005,LIKE,17,1,0,0,271,2025-05-15 06:10:16,mobile,US,a00178,classical
u00152,s000003,LIKE,15,1,0,0,372,2025-10-03 10:28:16,mobile,US,a00066,rock
u00051,s000015,like,18,1,0,0,272,2025-11-15 15:49:45,mobile,US,a00156,edm
u00820,s000020,like,9,1,0,0,183,2025-03-26 12:47:47,mobile,US,a00182,indie
u00660,s000009,like,11,1,0,0,391,2025-09-24 10:36:39,mobile,US,a00014,latin
u00227,s000108,PLAY,17,0,0,0,399,2025-06-01 07:19:30,mobile,US,a00114,edm
u00472,s000172,play,6,0,0,0,329,2025-04-07 23:38:02,mobile,US,a00157,jazz
u00140,s000024,PLAY,18,0,0,0,331,2025-12-08 07:02:10,mobile,US,a00065,latin
u00318,s000037,PLAY,17,0,0,0,350,2025-04-21 20:44:32,mobile,US,a00183,indie
u00340,s000027,like,6,1,0,0,381,2025-10-30 21:30:35,mobile,US,a00122,jazz
u00453,s000459,play,1,0,0,0,27,2025-07-12 23:23:36,mobile,US,a00125,jazz
u00748,s000003,like,12,1,0,0,332,2025-03-26 11:11:21,mobile,US,a00066,rock
u00967,s000033,LIKE,7,1,0,0,285,2025-07-15 19:06:21,mobile,US,a00158,edm
u00547,s000083,like,11,1,0,0,378,2025-10-05 15:16:03,mobile,US,a00126,hip-hop
u00798,s000003,PLAY,13,0,0,0,307,2025-10-19 22:13:16,mobile,US,a00066,rock
u00777,s000024,like,10,1,0,0,246,2025-09-23 13:02:02,mobile,US,a00065,latin
u00782,s000364,like,6,1,0,0,250,2025-01-26 22:31:45,mobile,US,a00016,latin
u00371,s000031,play,14,0,0,0,250,2025-04-18 16:07:05,mobile,US,a00037,latin
u00132,s000002,ADD_TO_PLAYLIST,9,1,0,0,327,2025-02-23 02:55:16,mobile,US,a00133,rock
u00087,s000110,play,18,0,0,0,305,2025-05-30 20:52:29,mobile,US,a00142,rock
u00291,s000045,LIKE,17,1,0,0,331,2025-08-06 06:37:53,mobile,US,a00075,jazz
u00335,s000125,ADD_TO_PLAYLIST,15,1,0,0,208,2025-01-25 20:06:17,mobile,US,a00037,latin
u00565,s000023,PLAY,14,0,0,0,366,2025-03-01 14:23:07,mobile,US,a00085,pop
u00430,s000003,like,7,1,0,0,308,2025-07-27 08:14:49,mobile,US,a00066,rock
u00105,s000026,PLAY,10,0,0,0,213,2025-03-21 23:53:36,mobile,US,a00004,pop
u00584,s000025,add_to_playlist,8,1,0,0,316,2025-10-15 01:51:17,mobile,US,a00009,edm
u00145,s000298,play,1,0,0,0,10,2025-01-14 23:49:17,mobile,US,a00099,classical
u00238,s000013,ADD_TO_PLAYLIST,11,1,0,0,390,2025-07-14 05:13:32,mobile,US,a00154,jazz
u00336,s000460,like,6,1,0,0,209,2025-07-24 02:53:47,mobile,US,a00193,classical
u00081,s000083,like,17,1,0,0,268,2025-10-12 09:10:20,mobile,US,a00126,hip-hop
u00855,s000032,SKIP,1,0,0,1,13,2025-05-03 17:25:12,mobile,US,a00140,rock
u00998,s000189,PLAY,19,0,0,0,194,2025-11-04 06:27:16,mobile,US,a00178,latin
u00616,s000021,PLAY,13,0,0,0,313,2025-12-15 22:57:02,mobile,US,a00032,rock
u00008,s000030,LIKE,9,1,0,0,210,2025-09-04 22:25:01,mobile,US,a00117,indie
u00348,s000036,add_to_playlist,14,1,0,0,215,2025-05-22 01:10:51,mobile,US,a00179,latin
u00707,s000024,play,14,0,0,0,280,2025-09-01 19:49:37,mobile,US,a00065,latin
u00521,s000042,LIKE,8,1,0,0,367,2025-09-01 15:59:18,mobile,US,a00156,indie
u00104,s000109,skip,1,0,0,1,38,2025-08-29 04:20:25,mobile,US,a00167,jazz
u00693,s000090,PLAY,5,0,0,0,207,2025-01-18 03:09:35,mobile,US,a00028,hip-hop
u00620,s000090,like,16,1,0,0,221,2025-07-26 23:03:24,mobile,US,a00028,hip-hop
u00122,s000072,play,9,0,0,0,384,2025-01-28 17:13:40,mobile,US,a00189,pop
u00709,s000031,add_to_playlist,6,1,0,0,216,2025-07-29 19:20:03,mobile,US,a00037,latin
u00053,s000386,SKIP,1,0,0,1,27,2025-05-02 08:56:01,mobile,US,a00016,rock
u00042,s000373,add_to_playlist,6,1,0,0,211,2025-07-29 16:18:19,mobile,US,a00130,pop
u00000,s000114,PLAY,16,0,0,0,187,2025-07-16 05:38:12,mobile,US,a00136,indie
u00113,s000015,PLAY,8,0,0,0,327,2025-05-24 13:08:08,mobile,US,a00156,edm
u00177,s000013,play,19,0,0,0,221,2025-09-19 12:40:28,mobile,US,a00154,jazz
u00325,s000000,like,7,1,0,0,249,2025-05-28 01:54:18,mobile,US,a00178,edm
u00975,s000050,PLAY,10,0,0,0,268,2025-02-25 04:33:44,mobile,US,a00114,pop
u00995,s000007,play,13,0,0,0,335,2025-10-07 23:54:16,mobile,US,a00041,classical
u00972,s000003,add_to_playlist,13,1,0,0,291,2025-06-29 05:40:47,mobile,US,a00066,rock
u00949,s000005,PLAY,14,0,0,0,362,2025-05-24 18:59:09,mobile,US,a00178,classical
u00137,s000054,PLAY,7,0,0,0,373,2025-05-23 16:36:56,mobile,US,a00042,rock
u00962,s000104,PLAY,10,0,0,0,210,2025-07-01 18:08:41,mobile,US,a00000,edm
u00185,s000014,PLAY,16,0,0,0,315,2025-08-22 12:40:34,mobile,US,a00163,classical
u00235,s000006,ADD_TO_PLAYLIST,13,1,0,0,369,2025-12-24 10:49:47,mobile,US,a00199,hip-hop
u00676,s000468,PLAY,8,0,0,0,315,2025-10-24 21:52:39,mobile,US,a00159,hip-hop
u00869,s000361,like,8,1,0,0,318,2025-08-17 17:30:48,mobile,US,a00193,edm
u00515,s000017,play,17,0,0,0,218,2025-07-06 15:13:22,mobile,US,a00184,jazz
u00087,s000076,PLAY,1,0,0,0,32,2025-10-14 09:14:49,mobile,US,a00170,edm
u00381,s000104,LIKE,8,1,0,0,322,2025-09-30 12:46:08,mobile,US,a00000,edm
u00151,s000027,add_to_playlist,6,1,0,0,388,2025-03-14 13:26:31,mobile,US,a00122,jazz
u00755,s000108,LIKE,15,1,0,0,356,2025-05-22 22:12:58,mobile,US,a00114,edm
u00560,s000059,add_to_playlist,6,1,0,0,271,2025-11-25 22:23:09,mobile,US,a00073,hip-hop
u00605,s000039,play,10,0,0,0,353,2025-06-21 15:00:59,mobile,US,a00156,jazz
u00586,s000025,add_to_playlist,13,1,0,0,262,2025-09-24 07:45:23,mobile,US,a00009,edm
u00032,s000045,PLAY,1,0,0,0,27,2025-03-02 14:05:48,mobile,US,a00075,jazz
u00856,s000245,PLAY,1,0,0,0,56,2025-09-07 02:38:56,mobile,US,a00146,latin
u00661,s000039,LIKE,13,1,0,0,261,2025-04-03 23:11:44,mobile,US,a00156,jazz
u00486,s000027,PLAY,9,0,0,0,250,2025-08-06 06:32:23,mobile,US,a00122,jazz
u00348,s000142,like,9,1,0,0,310,2025-05-15 07:20:08,mobile,US,a00087,latin
u00166,s000189,play,17,0,0,0,335,2025-06-26 19:51:27,mobile,US,a00178,latin
u00051,s000124,ADD_TO_PLAYLIST,13,1,0,0,320,2025-02-27 08:53:00,mobile,US,a00074,edm
u00718,s000320,PLAY,7,0,0,0,307,2025-03-20 21:38:43,mobile,US,a00137,latin
u00147,s000027,add_to_playlist,6,1,0,0,273,2025-11-17 05:45:08,mobile,US,a00122,jazz
u00574,s000223,LIKE,13,1,0,0,305,2025-01-11 01:03:58,mobile,US,a00095,indie
u00088,s000183,PLAY,13,0,0,0,366,2025-07-09 18:37:56,mobile,US,a00114,hip-hop
u00616,s000278,play,1,0,0,0,34,2025-10-15 09:17:20,mobile,US,a00013,classical
u00385,s000237,ADD_TO_PLAYLIST,14,1,0,0,354,2025-09-10 10:44:29,mobile,US,a00073,latin
u00220,s000027,PLAY,6,0,0,0,206,2025-11-01 03:19:50,mobile,US,a00122,jazz
u00496,s000045,LIKE,5,1,0,0,247,2025-08-17 06:36:15,mobile,US,a00075,jazz
u00736,s000288,play,8,0,0,0,386,2025-02-09 22:54:57,mobile,US,a00028,hip-hop
u00379,s000004,like,19,1,0,0,189,2025-09-06 10:47:23,mobile,US,a00134,rock
u00584,s000027,skip,1,0,0,1,35,2025-11-22 09:05:02,mobile,US,a00122,jazz
u00228,s000209,SKIP,1,0,0,1,43,2025-03-09 06:15:03,mobile,US,a00007,classical
u00203,s000389,play,19,0,0,0,314,2025-05-08 03:18:33,mobile,US,a00054,rock
u00521,s000294,SKIP,1,0,0,1,41,2025-03-31 00:06:09,mobile,US,a00145,hip-hop
u00298,s000011,ADD_TO_PLAYLIST,13,1,0,0,285,2025-07-13 14:37:10,mobile,US,a00156,classical
u00446,s000027,play,18,0,0,0,340,2025-08-22 22:38:40,mobile,US,a00122,jazz
u00568,s000057,ADD_TO_PLAYLIST,12,1,0,0,249,2025-11-02 18:04:06,mobile,US,a00147,indie
u00287,s000040,ADD_TO_PLAYLIST,13,1,0,0,192,2025-05-25 19:33:40,mobile,US,a00135,classical
u00831,s000005,like,12,1,0,0,275,2025-10-03 09:27:08,mobile,US,a00178,classical
u00980,s000358,PLAY,9,0,0,0,297,2025-11-04 22:35:58,mobile,US,a00189,hip-hop
u00589,s000011,play,8,0,0,0,277,2025-09-14 19:41:05,mobile,US,a00156,classical
u00603,s000015,LIKE,15,1,0,0,377,2025-05-04 19:38:33,mobile,US,a00156,edm
u00855,s000298,ADD_TO_PLAYLIST,7,1,0,0,328,2025-06-02 13:08:34,mobile,US,a00099,classical
u00279,s000411,play,8,0,0,0,336,2025-06-14 14:05:31,mobile,US,a00009,pop
u00572,s000002,add_to_playlist,19,1,0,0,181,2025-04-07 05:14:24,mobile,US,a00133,rock
u00709,s000009,ADD_TO_PLAYLIST,5,1,0,0,368,2025-07-09 01:08:18,mobile,US,a00014,latin
u00502,s000007,LIKE,19,1,0,0,397,2025-08-18 07:53:09,mobile,US,a00041,classical
u00333,s000338,play,1,0,0,0,59,2025-05-05 05:36:18,mobile,US,a00148,edm
u00286,s000141,play,12,0,0,0,185,2025-04-24 08:57:07,mobile,US,a00197,rock
u00794,s000325,add_to_playlist,18,1,0,0,192,2025-09-26 12:28:28,mobile,US,a00121,rock
u00601,s000279,skip,1,0,0,1,46,2025-04-16 03:53:17,mobile,US,a00008,hip-hop
u00503,s000036,ADD_TO_PLAYLIST,14,1,0,0,252,2025-02-02 23:13:31,mobile,US,a00179,latin
u00059,s000007,ADD_TO_PLAYLIST,6,1,0,0,203,2025-12-06 05:38:55,mobile,US,a00041,classical
u00710,s000042,PLAY,15,0,0,0,346,2025-11-27 16:55:53,mobile,US,a00156,indie
u00064,s000156,skip,1,0,0,1,47,2025-10-02 04:19:33,mobile,US,a00176,pop
u00394,s000039,add_to_playlist,14,1,0,0,200,2025-11-09 19:05:46,mobile,US,a00156,jazz
u00458,s000045,play,19,0,0,0,393,2025-03-25 21:32:10,mobile,US,a00075,jazz
u00881,s000012,PLAY,8,0,0,0,211,2025-11-10 02:42:49,mobile,US,a00032,edm
u00559,s000033,PLAY,5,0,0,0,244,2025-01-01 00:00:37,mobile,US,a00158,edm
u00024,s000006,LIKE,13,1,0,0,337,2025-10-16 07:07:27,mobile,US,a00199,hip-hop
u00327,s000055,SKIP,1,0,0,1,9,2025-01-27 09:59:33,mobile,US,a00026,classical
u00600,s000007,add_to_playlist,5,1,0,0,326,2025-08-24 22:15:56,mobile,US,a00041,classical
u00433,s000031,PLAY,17,0,0,0,196,2025-03-24 22:22:51,mobile,US,a00037,latin
u00915,s000353,ADD_TO_PLAYLIST,6,1,0,0,216,2025-06-06 22:58:22,mobile,US,a00055,edm
u00416,s000014,add_to_playlist,18,1,0,0,244,2025-01-23 13:46:48,mobile,US,a00163,classical
u00725,s000011,like,18,1,0,0,230,2025-06-30 07:33:29,mobile,US,a00156,classical
u00060,s000013,play,7,0,0,0,360,2025-01-30 00:07:48,mobile,US,a00154,jazz
u00457,s000479,LIKE,19,1,0,0,382,2025-10-08 23:24:19,mobile,US,a00120,latin
u00949,s000014,PLAY,7,0,0,0,284,2025-07-01 19:24:36,mobile,US,a00163,classical
u00554,s000002,play,9,0,0,0,333,2025-12-10 15:47:30,mobile,US,a00133,rock
u00121,s000437,PLAY,16,0,0,0,372,2025-12-28 13:39:54,mobile,US,a00151,classical
u00420,s000147,play,17,0,0,0,382,2025-05-03 19:05:51,mobile,US,a00149,pop
u00378,s000023,play,17,0,0,0,236,2025-07-12 13:08:18,mobile,US,a00085,pop
u00669,s000001,LIKE,10,1,0,0,283,2025-09-26 13:06:04,mobile,US,a00197,indie
u00598,s000006,add_to_playlist,15,1,0,0,340,2025-06-01 15:17:26,mobile,US,a00199,hip-hop
u00895,s000083,LIKE,7,1,0,0,260,2025-11-12 00:00:05,mobile,US,a00126,hip-hop
u00618,s000037,LIKE,10,1,0,0,376,2025-09-24 07:46:02,mobile,US,a00183,indie
u00163,s000006,like,14,1,0,0,375,2025-07-26 03:53:47,mobile,US,a00199,hip-hop
u00256,s000020,like,15,1,0,0,359,2025-09-30 14:40:48,mobile,US,a00182,indie
u00299,s000036,play,16,0,0,0,360,2025-01-26 21:34:59,mobile,US,a00179,latin
u00590,s000003,like,6,1,0,0,308,2025-10-23 15:19:16,mobile,US,a00066,rock
u00185,s000010,like,7,1,0,0,208,2025-07-15 02:16:03,mobile,US,a00110,classical
u00188,s000345,PLAY,1,0,0,0,18,2025-05-05 23:52:00,mobile,US,a00038,jazz
u00917,s000415,play,9,0,0,0,350,2025-04-09 17:47:05,mobile,US,a00150,hip-hop
u00040,s000027,ADD_TO_PLAYLIST,19,1,0,0,239,2025-11-17 23:37:32,mobile,US,a00122,jazz
u00501,s000005,add_to_playlist,18,1,0,0,223,2025-02-05 21:23:24,mobile,US,a00178,classical
u00997,s000054,skip,1,0,0,1,43,2025-09-26 15:26:20,mobile,US,a00042,rock
u00324,s000335,like,8,1,0,0,317,2025-09-12 13:10:00,mobile,US,a00114,edm
u00478,s000021,play,16,0,0,0,390,2025-09-16 22:49:03,mobile,US,a00032,rock
u00908,s000042,ADD_TO_PLAYLIST,17,1,0,0,367,2025-12-23 21:57:18,mobile,US,a00156,indie
u00469,s000083,add_to_playlist,12,1,0,0,232,2025-11-23 11:34:28,mobile,US,a00126,hip-hop
u00112,s000031,like,9,1,0,0,340,2025-06-15 10:47:01,mobile,US,a00037,latin
u00481,s000012,like,12,1,0,0,199,2025-03-24 14:29:00,mobile,US,a00032,edm
u00502,s000217,skip,1,0,0,1,35,2025-08-29 09:40:27,mobile,US,a00050,pop
u00832,s000027,LIKE,14,1,0,0,358,2025-03-11 17:35:45,mobile,US,a00122,jazz
u00845,s000150,add_to_playlist,6,1,0,0,378,2025-03-09 00:32:20,mobile,US,a00113,classical
u00658,s000405,skip,1,0,0,1,36,2025-09-25 10:13:40,mobile,US,a00058,latin
u00166,s000351,PLAY,13,0,0,0,181,2025-07-11 03:14:27,mobile,US,a00149,latin
u00489,s000070,ADD_TO_PLAYLIST,10,1,0,0,375,2025-02-10 08:21:22,mobile,US,a00140,classical
u00086,s000153,SKIP,1,0,0,1,12,2025-09-18 02:32:04,mobile,US,a00080,pop
u00492,s000021,like,14,1,0,0,395,2025-10-18 20:33:40,mobile,US,a00032,rock
u00991,s000090,add_to_playlist,12,1,0,0,251,2025-01-17 08:34:45,mobile,US,a00028,hip-hop
u00699,s000039,like,5,1,0,0,189,2025-10-18 15:14:07,mobile,US,a00156,jazz
u00701,s000424,ADD_TO_PLAYLIST,8,1,0,0,276,2025-07-04 17:32:04,mobile,US,a00114,latin
u00277,s000000,play,17,0,0,0,187,2025-08-03 10:37:48,mobile,US,a00178,edm
u00122,s000016,ADD_TO_PLAYLIST,15,1,0,0,259,2025-01-19 09:07:29,mobile,US,a00037,pop
u00832,s000444,PLAY,14,0,0,0,204,2025-07-16 16:49:43,mobile,US,a00170,jazz
u00978,s000009,ADD_TO_PLAYLIST,17,1,0,0,364,2025-10-23 12:20:14,mobile,US,a00014,latin
u00847,s000424,play,1,0,0,0,47,2025-09-26 06:30:07,mobile,US,a00114,latin
u00344,s000149,PLAY,1,0,0,0,56,2025-07-05 00:20:27,mobile,US,a00155,rock
u00656,s000346,SKIP,1,0,0,1,12,2025-11-11 17:46:51,mobile,US,a00053,jazz
u00168,s000020,PLAY,13,0,0,0,389,2025-02-03 06:09:42,mobile,US,a00182,indie
u00858,s000022,ADD_TO_PLAYLIST,9,1,0,0,321,2025-01-09 15:21:10,mobile,US,a00195,pop
u00605,s000027,play,13,0,0,0,256,2025-02-09 16:46:25,mobile,US,a00122,jazz
u00694,s000016,like,8,1,0,0,228,2025-10-19 19:39:45,mobile,US,a00037,pop
u00479,s000059,ADD_TO_PLAYLIST,15,1,0,0,372,2025-09-25 19:56:51,mobile,US,a00073,hip-hop
u00372,s000023,ADD_TO_PLAYLIST,11,1,0,0,395,2025-04-17 06:20:52,mobile,US,a00085,pop
u00080,s000030,LIKE,6,1,0,0,189,2025-11-14 23:25:02,mobile,US,a00117,indie
u00332,s000059,ADD_TO_PLAYLIST,8,1,0,0,333,2025-12-20 05:23:44,mobile,US,a00073,hip-hop
u00156,s000030,PLAY,8,0,0,0,342,2025-09-18 19:32:18,mobile,US,a00117,indie
u00860,s000059,PLAY,10,0,0,0,219,2025-04-12 15:29:13,mobile,US,a00073,hip-hop
u00731,s000146,SKIP,1,0,0,1,47,2025-11-07 13:33:28,mobile,US,a00062,indie
u00746,s000039,play,17,0,0,0,340,2025-04-25 03:04:45,mobile,US,a00156,jazz
u00602,s000083,play,10,0,0,0,311,2025-01-12 08:39:58,mobile,US,a00126,hip-hop
u00222,s000025,play,14,0,0,0,291,2025-07-16 14:09:26,mobile,US,a00009,edm
u00026,s000033,ADD_TO_PLAYLIST,6,1,0,0,303,2025-09-23 21:35:35,mobile,US,a00158,edm
u00927,s000410,PLAY,11,0,0,0,254,2025-03-29 00:13:38,mobile,US,a00031,hip-hop
u00106,s000085,play,1,0,0,0,12,2025-10-07 23:23:45,mobile,US,a00091,rock
u00335,s000244,SKIP,1,0,0,1,23,2025-01-29 12:18:21,mobile,US,a00124,indie
u00023,s000018,add_to_playlist,7,1,0,0,211,2025-12-27 16:37:21,mobile,US,a00096,latin
u00792,s000007,LIKE,13,1,0,0,255,2025-06-08 11:30:48,mobile,US,a00041,classical
u00254,s000032,LIKE,13,1,0,0,368,2025-08-27 00:01:21,mobile,US,a00140,rock
u00627,s000033,PLAY,16,0,0,0,236,2025-08-07 13:16:33,mobile,US,a00158,edm
u00287,s000063,LIKE,18,1,0,0,361,2025-12-02 20:14:56,mobile,US,a00199,classical
u00796,s000007,PLAY,11,0,0,0,353,2025-05-09 21:56:28,mobile,US,a00041,classical
u00137,s000002,like,19,1,0,0,219,2025-02-27 17:08:38,mobile,US,a00133,rock
u00210,s000396,play,1,0,0,0,5,2025-10-15 23:15:08,mobile,US,a00148,jazz
u00443,s000233,skip,1,0,0,1,56,2025-11-08 15:24:11,mobile,US,a00141,rock
u00069,s000312,play,1,0,0,0,37,2025-10-19 12:46:15,mobile,US,a00056,rock
u00964,s000332,PLAY,9,0,0,0,280,2025-09-27 21:44:59,mobile,US,a00050,indie
u00797,s000226,play,5,0,0,0,294,2025-04-01 12:04:48,mobile,US,a00031,indie
u00216,s000083,like,11,1,0,0,368,2025-10-27 23:03:26,mobile,US,a00126,hip-hop
u00991,s000225,SKIP,1,0,0,1,46,2025-06-07 23:38:10,mobile,US,a00077,edm
u00861,s000266,play,1,0,0,0,8,2025-09-14 08:00:31,mobile,US,a00171,indie
u00595,s000090,PLAY,5,0,0,0,310,2025-08-05 22:20:45,mobile,US,a00028,hip-hop
u00319,s000425,play,17,0,0,0,342,2025-01-28 08:28:39,mobile,US,a00175,edm
u00622,s000255,skip,1,0,0,1,20,2025-11-21 23:24:28,mobile,US,a00010,pop
u00675,s000011,play,15,0,0,0,344,2025-08-01 09:37:51,mobile,US,a00156,classical
u00694,s000023,play,19,0,0,0,259,2025-08-14 00:22:15,mobile,US,a00085,pop
u00427,s000083,play,6,0,0,0,247,2025-02-01 18:20:54,mobile,US,a00126,hip-hop
u00625,s000490,SKIP,1,0,0,1,44,2025-08-01 08:35:13,mobile,US,a00141,rock
u00974,s000083,play,13,0,0,0,313,2025-07-24 01:57:30,mobile,US,a00126,hip-hop
u00473,s000355,play,7,0,0,0,323,2025-07-23 22:23:42,mobile,US,a00035,hip-hop
u00100,s000001,PLAY,7,0,0,0,295,2025-11-17 14:22:26,mobile,US,a00197,indie
u00283,s000357,skip,1,0,0,1,19,2025-03-27 03:12:34,mobile,US,a00080,jazz
u00608,s000090,play,5,0,0,0,272,2025-12-15 06:30:48,mobile,US,a00028,hip-hop
u00502,s000010,like,15,1,0,0,374,2025-01-02 21:41:26,mobile,US,a00110,classical
u00000,s000226,play,15,0,0,0,272,2025-12-25 12:17:36,mobile,US,a00031,indie
u00838,s000083,PLAY,5,0,0,0,215,2025-07-30 15:57:37,mobile,US,a00126,hip-hop
u00666,s000025,ADD_TO_PLAYLIST,9,1,0,0,394,2025-03-04 20:39:19,mobile,US,a00009,edm
u00590,s000032,like,10,1,0,0,386,2025-07-25 18:33:58,mobile,US,a00140,rock
u00239,s000474,PLAY,12,0,0,0,352,2025-04-25 17:33:33,mobile,US,a00189,latin
u00969,s000156,play,1,0,0,0,23,2025-03-14 03:32:30,mobile,US,a00176,pop
u00366,s000448,add_to_playlist,11,1,0,0,350,2025-07-12 22:23:02,mobile,US,a00038,edm
u00483,s000025,add_to_playlist,16,1,0,0,312,2025-02-11 07:08:45,mobile,US,a00009,edm
u00669,s000277,add_to_playlist,7,1,0,0,360,2025-08-19 19:01:13,mobile,US,a00114,indie
u00298,s000048,ADD_TO_PLAYLIST,9,1,0,0,220,2025-10-29 00:43:58,mobile,US,a00154,classical
u00437,s000024,PLAY,8,0,0,0,243,2025-05-15 08:13:50,mobile,US,a00065,latin
u00860,s000334,PLAY,18,0,0,0,393,2025-12-15 23:58:02,mobile,US,a00035,hip-hop
u00513,s000015,PLAY,8,0,0,0,266,2025-05-26 01:05:23,mobile,US,a00156,edm
u00664,s000032,add_to_playlist,12,1,0,0,202,2025-11-22 00:49:51,mobile,US,a00140,rock
u00275,s000059,PLAY,18,0,0,0,183,2025-01-20 02:09:39,mobile,US,a00073,hip-hop
u00674,s000008,ADD_TO_PLAYLIST,10,1,0,0,317,2025-06-02 17:07:53,mobile,US,a00191,hip-hop
u00713,s000008,play,8,0,0,0,294,2025-10-21 12:47:32,mobile,US,a00191,hip-hop
u00851,s000023,PLAY,6,0,0,0,396,2025-09-17 10:03:25,mobile,US,a00085,pop
u00898,s000091,like,11,1,0,0,324,2025-08-20 13:07:05,mobile,US,a00039,indie
u00113,s000498,SKIP,1,0,0,1,41,2025-05-23 02:24:00,mobile,US,a00175,jazz
u00455,s000027,PLAY,19,0,0,0,191,2025-01-19 01:22:35,mobile,US,a00122,jazz
u00000,s000042,PLAY,16,0,0,0,218,2025-12-20 20:42:27,mobile,US,a00156,indie
u00515,s000250,skip,1,0,0,1,45,2025-07-04 10:27:18,mobile,US,a00001,indie
u00048,s000339,like,6,1,0,0,254,2025-11-03 06:15:53,mobile,US,a00010,edm
u00577,s000391,like,19,1,0,0,189,2025-03-25 15:21:00,mobile,US,a00011,edm
u00696,s000001,like,13,1,0,0,387,2025-12-16 17:53:54,mobile,US,a00197,indie
u00096,s000127,add_to_playlist,10,1,0,0,256,2025-11-11 03:15:40,mobile,US,a00134,pop
u00261,s000015,play,17,0,0,0,367,2025-11-26 16:03:12,mobile,US,a00156,edm
u00819,s000249,skip,1,0,0,1,29,2025-08-02 13:55:15,mobile,US,a00081,hip-hop
u00667,s000008,play,14,0,0,0,229,2025-01-27 04:46:07,mobile,US,a00191,hip-hop
u00949,s000464,skip,1,0,0,1,8,2025-08-14 17:00:22,mobile,US,a00157,jazz
u00584,s000000,ADD_TO_PLAYLIST,11,1,0,0,296,2025-01-29 14:22:30,mobile,US,a00178,edm
u00104,s000035,play,13,0,0,0,240,2025-08-15 13:49:21,mobile,US,a00108,pop
u00392,s000036,add_to_playlist,10,1,0,0,312,2025-11-12 17:06:04,mobile,US,a00179,latin
u00264,s000017,play,17,0,0,0,230,2025-08-01 01:56:13,mobile,US,a00184,jazz
u00112,s000024,add_to_playlist,19,1,0,0,290,2025-05-28 15:50:10,mobile,US,a00065,latin
u00945,s000359,add_to_playlist,12,1,0,0,358,2025-02-23 05:06:17,mobile,US,a00108,indie
u00033,s000023,add_to_playlist,6,1,0,0,396,2025-08-06 16:28:24,mobile,US,a00085,pop
u00592,s000010,PLAY,17,0,0,0,366,2025-05-01 17:47:07,mobile,US,a00110,classical
u00785,s000021,add_to_playlist,5,1,0,0,187,2025-03-06 23:27:38,mobile,US,a00032,rock
u00340,s000444,play,17,0,0,0,296,2025-11-25 15:26:03,mobile,US,a00170,jazz
u00416,s000014,LIKE,14,1,0,0,210,2025-08-05 23:58:08,mobile,US,a00163,classical
u00305,s000005,PLAY,12,0,0,0,395,2025-03-16 13:33:19,mobile,US,a00178,classical
u00215,s000010,play,6,0,0,0,344,2025-01-01 13:51:32,mobile,US,a00110,classical
u00345,s000001,play,14,0,0,0,307,2025-05-27 11:40:39,mobile,US,a00197,indie
u00079,s000006,PLAY,14,0,0,0,291,2025-04-14 23:21:18,mobile,US,a00199,hip-hop
u00267,s000497,play,17,0,0,0,214,2025-07-28 16:20:41,mobile,US,a00152,latin
u00738,s000019,PLAY,12,0,0,0,328,2025-07-15 18:39:56,mobile,US,a00154,classical
u00604,s000042,LIKE,9,1,0,0,369,2025-07-29 19:27:13,mobile,US,a00156,indie
u00226,s000007,PLAY,10,0,0,0,322,2025-09-16 09:49:24,mobile,US,a00041,classical
u00292,s000384,add_to_playlist,16,1,0,0,197,2025-09-07 10:14:59,mobile,US,a00048,rock
u00928,s000303,PLAY,12,0,0,0,314,2025-08-11 10:46:23,mobile,US,a00164,edm
u00372,s000022,add_to_playlist,19,1,0,0,287,2025-05-25 13:14:49,mobile,US,a00195,pop
u00166,s000009,like,10,1,0,0,301,2025-12-22 05:21:10,mobile,US,a00014,latin
u00028,s000018,like,19,1,0,0,196,2025-05-30 14:21:20,mobile,US,a00096,latin
u00929,s000079,LIKE,10,1,0,0,293,2025-05-08 15:55:40,mobile,US,a00132,rock
u00715,s000297,PLAY,1,0,0,0,25,2025-10-11 19:44:49,mobile,US,a00041,rock
u00675,s000014,ADD_TO_PLAYLIST,14,1,0,0,278,2025-05-28 03:32:05,mobile,US,a00163,classical
u00897,s000008,play,10,0,0,0,226,2025-01-14 10:54:56,mobile,US,a00191,hip-hop
u00811,s000134,play,7,0,0,0,266,2025-09-09 00:24:49,mobile,US,a00107,jazz
u00665,s000007,add_to_playlist,7,1,0,0,234,2025-11-05 08:31:39,mobile,US,a00041,classical
u00574,s000001,PLAY,18,0,0,0,296,2025-02-16 18:13:35,mobile,US,a00197,indie
u00663,s000355,SKIP,1,0,0,1,51,2025-04-23 05:23:17,mobile,US,a00035,hip-hop
u00580,s000364,SKIP,1,0,0,1,8,2025-04-10 06:38:02,mobile,US,a00016,latin
u00528,s000299,play,17,0,0,0,398,2025-08-18 07:38:01,mobile,US,a00040,pop
u00372,s000367,SKIP,1,0,0,1,48,2025-08-03 03:27:29,mobile,US,a00170,edm
u00619,s000401,ADD_TO_PLAYLIST,5,1,0,0,191,2025-08-01 14:37:06,mobile,US,a00024,jazz
u00234,s000156,PLAY,1,0,0,0,29,2025-04-30 01:21:19,mobile,US,a00176,pop
u00947,s000031,ADD_TO_PLAYLIST,10,1,0,0,348,2025-02-27 14:30:37,mobile,US,a00037,latin
u00582,s000083,LIKE,13,1,0,0,386,2025-01-04 10:16:17,mobile,US,a00126,hip-hop
u00157,s000023,play,7,0,0,0,197,2025-03-01 10:03:03,mobile,US,a00085,pop
u00370,s000355,play,16,0,0,0,271,2025-03-06 10:36:08,mobile,US,a00035,hip-hop
u00363,s000023,like,7,1,0,0,188,2025-07-08 11:28:37,mobile,US,a00085,pop
u00679,s000493,PLAY,10,0,0,0,349,2025-05-07 03:09:48,mobile,US,a00067,pop
u00985,s000041,PLAY,9,0,0,0,197,2025-09-04 13:27:01,mobile,US,a00004,pop
u00698,s000318,ADD_TO_PLAYLIST,15,1,0,0,239,2025-09-02 04:07:26,mobile,US,a00052,pop
u00251,s000002,play,9,0,0,0,391,2025-03-16 12:45:19,mobile,US,a00133,rock
u00025,s000025,play,15,0,0,0,184,2025-08-03 17:37:19,mobile,US,a00009,edm
u00256,s000408,PLAY,12,0,0,0,211,2025-08-15 16:11:57,mobile,US,a00025,indie
u00386,s000169,play,18,0,0,0,206,2025-10-05 15:51:04,mobile,US,a00183,jazz
u00347,s000006,like,12,1,0,0,355,2025-08-08 13:12:47,mobile,US,a00199,hip-hop
u00081,s000059,play,13,0,0,0,363,2025-04-20 18:43:04,mobile,US,a00073,hip-hop
u00825,s000126,like,17,1,0,0,219,2025-11-28 09:46:30,mobile,US,a00129,hip-hop
u00781,s000477,PLAY,1,0,0,0,31,2025-06-04 22:17:22,mobile,US,a00015,latin
u00389,s000021,PLAY,12,0,0,0,366,2025-12-18 17:22:33,mobile,US,a00032,rock
u00277,s000033,play,17,0,0,0,188,2025-07-18 22:18:11,mobile,US,a00158,edm
u00524,s000035,play,14,0,0,0,255,2025-04-28 11:17:16,mobile,US,a00108,pop
u00999,s000244,skip,1,0,0,1,31,2025-09-04 16:02:41,mobile,US,a00124,indie
u00067,s000002,play,16,0,0,0,230,2025-12-24 19:38:29,mobile,US,a00133,rock
u00463,s000220,like,10,1,0,0,336,2025-02-09 03:06:35,mobile,US,a00007,rock
u00405,s000336,play,1,0,0,0,54,2025-10-07 21:23:18,mobile,US,a00025,jazz
u00169,s000033,add_to_playlist,6,1,0,0,278,2025-05-02 11:38:44,mobile,US,a00158,edm
u00460,s000035,like,11,1,0,0,205,2025-04-27 00:25:43,mobile,US,a00108,pop
u00968,s000033,like,11,1,0,0,322,2025-04-28 07:41:36,mobile,US,a00158,edm
u00554,s000021,play,8,0,0,0,232,2025-06-04 20:34:19,mobile,US,a00032,rock
u00864,s000059,LIKE,8,1,0,0,217,2025-10-10 19:52:46,mobile,US,a00073,hip-hop
u00941,s000220,PLAY,1,0,0,0,19,2025-10-21 15:29:46,mobile,US,a00007,rock
u00381,s000012,like,19,1,0,0,242,2025-12-14 13:27:50,mobile,US,a00032,edm
u00092,s000016,like,12,1,0,0,231,2025-05-28 16:21:26,mobile,US,a00037,pop
u00884,s000196,PLAY,1,0,0,0,45,2025-11-19 12:44:24,mobile,US,a00102,pop
u00501,s000010,add_to_playlist,10,1,0,0,222,2025-06-03 00:20:59,mobile,US,a00110,classical
u00452,s000012,add_to_playlist,13,1,0,0,279,2025-05-10 18:15:12,mobile,US,a00032,edm
u00912,s000068,like,7,1,0,0,335,2025-08-10 08:04:19,mobile,US,a00106,classical
u00855,s000442,PLAY,1,0,0,0,15,2025-07-19 20:09:44,mobile,US,a00130,hip-hop
u00400,s000018,PLAY,14,0,0,0,202,2025-08-07 13:48:55,mobile,US,a00096,latin
u00491,s000010,PLAY,13,0,0,0,253,2025-07-22 06:37:34,mobile,US,a00110,classical
u00598,s000128,skip,1,0,0,1,23,2025-09-09 21:27:35,mobile,US,a00161,edm
u00485,s000026,skip,1,0,0,1,50,2025-07-10 03:44:00,mobile,US,a00004,pop
u00059,s000010,LIKE,16,1,0,0,213,2025-03-27 01:28:56,mobile,US,a00110,classical
u00827,s000022,play,5,0,0,0,345,2025-01-07 11:52:13,mobile,US,a00195,pop
u00802,s000194,SKIP,1,0,0,1,31,2025-05-15 01:39:58,mobile,US,a00156,pop
u00089,s000332,skip,1,0,0,1,8,2025-09-03 16:22:16,mobile,US,a00050,indie
u00097,s000006,like,16,1,0,0,328,2025-11-20 12:43:30,mobile,US,a00199,hip-hop
u00697,s000022,PLAY,8,0,0,0,371,2025-07-27 13:53:29,mobile,US,a00195,pop
u00655,s000193,skip,1,0,0,1,10,2025-01-19 18:49:24,mobile,US,a00007,latin
u00242,s000090,PLAY,11,0,0,0,389,2025-04-03 08:49:31,mobile,US,a00028,hip-hop
u00025,s000012,play,11,0,0,0,387,2025-01-10 11:25:06,mobile,US,a00032,edm
u00155,s000026,ADD_TO_PLAYLIST,15,1,0,0,318,2025-07-20 14:02:56,mobile,US,a00004,pop
u00949,s000014,like,5,1,0,0,223,2025-03-23 13:04:32,mobile,US,a00163,classical
u00907,s000013,play,11,0,0,0,379,2025-06-03 13:28:02,mobile,US,a00154,jazz
u00976,s000265,skip,1,0,0,1,42,2025-08-28 15:48:37,mobile,US,a00052,jazz
u00107,s000185,LIKE,15,1,0,0,347,2025-10-30 09:24:59,mobile,US,a00193,hip-hop
u00059,s000081,ADD_TO_PLAYLIST,5,1,0,0,223,2025-01-27 16:53:56,mobile,US,a00036,classical
u00367,s000035,LIKE,16,1,0,0,209,2025-10-09 23:21:47,mobile,US,a00108,pop
u00818,s000008,PLAY,17,0,0,0,270,2025-04-13 21:28:31,mobile,US,a00191,hip-hop
u00455,s000039,play,15,0,0,0,187,2025-11-10 08:18:54,mobile,US,a00156,jazz
u00987,s000008,LIKE,16,1,0,0,243,2025-05-22 14:48:03,mobile,US,a00191,hip-hop
u00962,s000012,like,10,1,0,0,388,2025-08-23 03:36:58,mobile,US,a00032,edm
u00053,s000419,play,1,0,0,0,29,2025-04-24 04:25:10,mobile,US,a00013,rock
u00558,s000307,add_to_playlist,14,1,0,0,329,2025-05-23 04:23:00,mobile,US,a00086,latin
u00588,s000090,add_to_playlist,15,1,0,0,233,2025-07-18 23:26:55,mobile,US,a00028,hip-hop
u00502,s000014,play,12,0,0,0,193,2025-05-03 02:35:21,mobile,US,a00163,classical
u00221,s000025,PLAY,1,0,0,0,33,2025-05-30 10:40:07,mobile,US,a00009,edm
u00790,s000363,PLAY,14,0,0,0,184,2025-03-12 02:14:55,mobile,US,a00039,edm
u00869,s000025,PLAY,6,0,0,0,391,2025-03-18 19:37:36,mobile,US,a00009,edm
u00057,s000034,PLAY,6,0,0,0,297,2025-09-27 09:26:47,mobile,US,a00046,rock
u00019,s000319,play,17,0,0,0,378,2025-04-10 03:59:22,mobile,US,a00198,jazz
u00589,s000011,play,19,0,0,0,343,2025-11-18 20:26:23,mobile,US,a00156,classical
u00962,s000012,play,17,0,0,0,240,2025-08-02 18:39:28,mobile,US,a00032,edm
u00308,s000024,PLAY,6,0,0,0,306,2025-07-23 17:17:51,mobile,US,a00065,latin
u00502,s000349,PLAY,17,0,0,0,341,2025-01-28 11:56:44,mobile,US,a00110,classical
u00536,s000036,ADD_TO_PLAYLIST,6,1,0,0,300,2025-11-25 15:34:33,mobile,US,a00179,latin
u00036,s000006,like,16,1,0,0,385,2025-06-15 17:59:18,mobile,US,a00199,hip-hop
u00932,s000002,PLAY,15,0,0,0,205,2025-11-07 15:49:09,mobile,US,a00133,rock
u00507,s000027,PLAY,17,0,0,0,266,2025-09-27 06:43:10,mobile,US,a00122,jazz
u00332,s000059,LIKE,15,1,0,0,238,2025-02-13 02:53:34,mobile,US,a00073,hip-hop
u00606,s000342,play,5,0,0,0,276,2025-10-13 14:32:47,mobile,US,a00163,indie
u00555,s000438,play,8,0,0,0,235,2025-08-30 08:16:29,mobile,US,a00107,latin
u00417,s000304,play,13,0,0,0,370,2025-01-23 21:12:45,mobile,US,a00152,pop
u00672,s000380,PLAY,18,0,0,0,311,2025-09-14 08:38:10,mobile,US,a00018,edm
u00559,s000025,LIKE,14,1,0,0,229,2025-06-24 10:16:07,mobile,US,a00009,edm
u00439,s000233,play,1,0,0,0,35,2025-10-22 16:52:12,mobile,US,a00141,rock
u00479,s000442,LIKE,19,1,0,0,238,2025-04-24 02:01:28,mobile,US,a00130,hip-hop
u00165,s000002,play,16,0,0,0,319,2025-01-27 22:34:14,mobile,US,a00133,rock
u00225,s000022,LIKE,12,1,0,0,187,2025-11-17 19:47:51,mobile,US,a00195,pop
u00736,s000083,PLAY,18,0,0,0,201,2025-01-27 12:21:00,mobile,US,a00126,hip-hop
u00438,s000114,play,8,0,0,0,387,2025-10-29 15:12:22,mobile,US,a00136,indie
u00279,s000471,PLAY,14,0,0,0,265,2025-09-03 20:13:29,mobile,US,a00038,pop
u00854,s000030,PLAY,14,0,0,0,360,2025-09-20 04:30:52,mobile,US,a00117,indie
u00112,s000364,PLAY,11,0,0,0,356,2025-11-02 13:11:42,mobile,US,a00016,latin
u00320,s000009,LIKE,8,1,0,0,393,2025-09-23 10:48:39,mobile,US,a00014,latin
u00411,s000177,PLAY,19,0,0,0,191,2025-02-21 18:54:05,mobile,US,a00143,latin
u00434,s000305,skip,1,0,0,1,39,2025-01-30 10:45:06,mobile,US,a00121,indie
u00575,s000025,add_to_playlist,17,1,0,0,196,2025-01-16 12:57:23,mobile,US,a00009,edm
u00057,s000021,LIKE,13,1,0,0,386,2025-08-19 13:52:16,mobile,US,a00032,rock
u00495,s000030,PLAY,5,0,0,0,281,2025-09-14 09:59:44,mobile,US,a00117,indie
u00568,s000344,PLAY,15,0,0,0,185,2025-06-22 21:19:30,mobile,US,a00186,indie
u00406,s000458,play,14,0,0,0,398,2025-03-31 12:44:51,mobile,US,a00107,edm
u00759,s000486,play,8,0,0,0,205,2025-10-09 13:58:42,mobile,US,a00064,indie
u00776,s000003,PLAY,5,0,0,0,329,2025-02-08 17:42:33,mobile,US,a00066,rock
u00832,s000017,play,16,0,0,0,188,2025-11-25 05:07:37,mobile,US,a00184,jazz
u00468,s000206,add_to_playlist,11,1,0,0,286,2025-05-05 16:29:01,mobile,US,a00177,classical
u00167,s000136,add_to_playlist,11,1,0,0,241,2025-05-26 05:28:02,mobile,US,a00181,indie
u00806,s000471,SKIP,1,0,0,1,32,2025-11-02 11:39:19,mobile,US,a00038,pop
u00486,s000140,SKIP,1,0,0,1,13,2025-01-31 05:57:36,mobile,US,a00179,edm
u00474,s000027,PLAY,11,0,0,0,213,2025-09-30 01:10:46,mobile,US,a00122,jazz
u00718,s000036,play,5,0,0,0,226,2025-09-27 09:48:52,mobile,US,a00179,latin
u00376,s000356,play,12,0,0,0,307,2025-01-26 11:20:52,mobile,US,a00147,hip-hop
u00821,s000267,add_to_playlist,16,1,0,0,236,2025-12-08 21:54:30,mobile,US,a00098,hip-hop
u00149,s000031,play,11,0,0,0,221,2025-12-23 12:38:39,mobile,US,a00037,latin
u00513,s000364,skip,1,0,0,1,9,2025-10-16 05:45:26,mobile,US,a00016,latin
u00433,s000024,PLAY,15,0,0,0,227,2025-07-03 14:41:47,mobile,US,a00065,latin
u00402,s000017,PLAY,18,0,0,0,292,2025-04-26 14:44:16,mobile,US,a00184,jazz
u00165,s000137,SKIP,1,0,0,1,30,2025-09-20 10:42:27,mobile,US,a00151,pop
u00720,s000156,LIKE,14,1,0,0,353,2025-12-07 13:07:54,mobile,US,a00176,pop
u00153,s000197,like,16,1,0,0,381,2025-02-04 22:42:12,mobile,US,a00130,jazz
u00969,s000027,play,18,0,0,0,284,2025-10-26 18:29:21,mobile,US,a00122,jazz
u00833,s000008,play,5,0,0,0,247,2025-02-26 11:02:34,mobile,US,a00191,hip-hop
u00636,s000260,PLAY,1,0,0,0,41,2025-11-28 06:37:57,mobile,US,a00019,indie
u00401,s000205,PLAY,1,0,0,0,39,2025-04-29 14:33:52,mobile,US,a00031,edm
u00378,s000035,play,18,0,0,0,312,2025-09-07 10:09:01,mobile,US,a00108,pop
u00490,s000036,PLAY,7,0,0,0,355,2025-10-14 20:40:15,mobile,US,a00179,latin
u00514,s000022,LIKE,6,1,0,0,316,2025-04-05 20:52:02,mobile,US,a00195,pop
u00524,s000165,ADD_TO_PLAYLIST,8,1,0,0,370,2025-09-11 13:46:03,mobile,US,a00000,pop
u00376,s000154,skip,1,0,0,1,56,2025-10-05 16:09:17,mobile,US,a00083,latin
u00992,s000253,like,18,1,0,0,310,2025-10-12 04:51:57,mobile,US,a00196,pop
u00369,s000266,LIKE,9,1,0,0,189,2025-04-01 10:25:16,mobile,US,a00171,indie
u00895,s000059,add_to_playlist,12,1,0,0,361,2025-12-19 14:07:57,mobile,US,a00073,hip-hop
u00489,s000011,add_to_playlist,7,1,0,0,350,2025-06-01 20:05:19,mobile,US,a00156,classical
u00395,s000059,play,16,0,0,0,330,2025-01-06 13:39:53,mobile,US,a00073,hip-hop
u00471,s000024,play,15,0,0,0,200,2025-12-14 18:58:57,mobile,US,a00065,latin
u00012,s000046,like,9,1,0,0,325,2025-03-10 01:44:28,mobile,US,a00172,jazz
u00109,s000030,play,16,0,0,0,202,2025-12-28 21:41:15,mobile,US,a00117,indie
u00924,s000021,play,15,0,0,0,396,2025-08-27 18:31:15,mobile,US,a00032,rock
u00214,s000017,LIKE,5,1,0,0,307,2025-07-22 00:32:47,mobile,US,a00184,jazz
u00644,s000013,PLAY,1,0,0,0,12,2025-11-03 00:21:35,mobile,US,a00154,jazz
u00438,s000037,play,12,0,0,0,196,2025-03-24 17:22:13,mobile,US,a00183,indie
u00847,s000354,ADD_TO_PLAYLIST,14,1,0,0,215,2025-11-16 03:06:31,mobile,US,a00032,pop
u00553,s000159,LIKE,6,1,0,0,340,2025-06-18 15:18:38,mobile,US,a00085,hip-hop
u00501,s000325,skip,1,0,0,1,52,2025-05-27 10:51:12,mobile,US,a00121,rock
u00547,s000059,like,9,1,0,0,369,2025-04-30 23:47:37,mobile,US,a00073,hip-hop
u00321,s000010,PLAY,9,0,0,0,217,2025-01-16 19:35:28,mobile,US,a00110,classical
u00920,s000407,play,12,0,0,0,242,2025-01-05 19:19:22,mobile,US,a00108,classical
u00940,s000008,add_to_playlist,7,1,0,0,398,2025-02-10 02:15:43,mobile,US,a00191,hip-hop
u00581,s000305,play,1,0,0,0,44,2025-04-15 23:41:34,mobile,US,a00121,indie
u00111,s000346,skip,1,0,0,1,41,2025-04-25 18:58:03,mobile,US,a00053,jazz
u00116,s000004,LIKE,17,1,0,0,366,2025-07-15 08:55:19,mobile,US,a00134,rock
u00130,s000383,add_to_playlist,13,1,0,0,360,2025-01-19 16:00:50,mobile,US,a00186,hip-hop
u00367,s000016,PLAY,9,0,0,0,365,2025-11-15 06:08:43,mobile,US,a00037,pop
u00661,s000432,PLAY,1,0,0,0,43,2025-09-15 20:01:41,mobile,US,a00186,edm
u00852,s000010,add_to_playlist,6,1,0,0,321,2025-10-18 23:08:25,mobile,US,a00110,classical
u00095,s000012,play,17,0,0,0,383,2025-08-12 17:49:13,mobile,US,a00032,edm
u00907,s000017,play,19,0,0,0,228,2025-04-14 00:51:20,mobile,US,a00184,jazz
u00502,s000011,add_to_playlist,7,1,0,0,317,2025-01-10 13:36:20,mobile,US,a00156,classical
u00180,s000431,like,10,1,0,0,282,2025-03-13 14:00:58,mobile,US,a00145,classical
u00949,s000010,LIKE,15,1,0,0,182,2025-07-21 00:46:08,mobile,US,a00110,classical
u00926,s000005,LIKE,9,1,0,0,266,2025-02-26 02:22:16,mobile,US,a00178,classical
u00309,s000058,PLAY,17,0,0,0,192,2025-11-24 16:19:27,mobile,US,a00010,edm
u00605,s000045,play,6,0,0,0,306,2025-07-07 06:20:13,mobile,US,a00075,jazz
u00024,s000083,like,8,1,0,0,341,2025-05-19 13:50:51,mobile,US,a00126,hip-hop
u00998,s000009,PLAY,10,0,0,0,216,2025-01-29 01:46:35,mobile,US,a00014,latin
u00373,s000018,like,11,1,0,0,305,2025-10-01 18:45:02,mobile,US,a00096,latin
u00555,s000153,play,1,0,0,0,18,2025-06-10 13:35:31,mobile,US,a00080,pop
u00775,s000010,PLAY,17,0,0,0,239,2025-08-31 14:35:10,mobile,US,a00110,classical
u00020,s000140,play,8,0,0,0,247,2025-02-13 05:04:48,mobile,US,a00179,edm
u00520,s000036,like,11,1,0,0,195,2025-04-30 02:32:39,mobile,US,a00179,latin
u00815,s000443,SKIP,1,0,0,1,20,2025-10-12 21:32:54,mobile,US,a00036,jazz
u00562,s000020,PLAY,12,0,0,0,399,2025-05-29 05:12:15,mobile,US,a00182,indie
u00162,s000031,PLAY,12,0,0,0,279,2025-08-04 11:28:23,mobile,US,a00037,latin
u00238,s000027,like,5,1,0,0,218,2025-07-08 17:05:46,mobile,US,a00122,jazz
u00294,s000023,LIKE,18,1,0,0,191,2025-08-25 10:54:37,mobile,US,a00085,pop
u00293,s000016,PLAY,9,0,0,0,223,2025-02-22 16:56:44,mobile,US,a00037,pop
u00047,s000001,PLAY,8,0,0,0,189,2025-05-12 15:53:05,mobile,US,a00197,indie
u00464,s000090,LIKE,11,1,0,0,371,2025-08-09 09:15:32,mobile,US,a00028,hip-hop
u00729,s000315,PLAY,13,0,0,0,236,2025-05-30 10:34:33,mobile,US,a00167,hip-hop
u00253,s000010,PLAY,7,0,0,0,254,2025-02-21 16:40:30,mobile,US,a00110,classical
u00776,s000004,PLAY,11,0,0,0,298,2025-06-06 02:29:17,mobile,US,a00134,rock
u00721,s000017,play,12,0,0,0,198,2025-02-17 07:46:10,mobile,US,a00184,jazz
u00474,s000017,play,5,0,0,0,349,2025-12-22 02:58:49,mobile,US,a00184,jazz
u00132,s000043,LIKE,16,1,0,0,328,2025-12-04 00:54:50,mobile,US,a00046,rock
u00747,s000037,play,15,0,0,0,194,2025-02-11 08:34:18,mobile,US,a00183,indie
u00054,s000020,like,5,1,0,0,209,2025-04-28 23:24:41,mobile,US,a00182,indie
u00573,s000016,play,17,0,0,0,197,2025-10-26 09:36:59,mobile,US,a00037,pop
u00599,s000033,LIKE,12,1,0,0,185,2025-11-08 08:01:20,mobile,US,a00158,edm
u00869,s000012,play,14,0,0,0,299,2025-06-09 14:38:03,mobile,US,a00032,edm
u00008,s000417,PLAY,17,0,0,0,348,2025-03-08 01:43:13,mobile,US,a00085,indie
u00899,s000017,add_to_playlist,17,1,0,0,267,2025-07-27 07:19:18,mobile,US,a00184,jazz
u00618,s000417,ADD_TO_PLAYLIST,18,1,0,0,241,2025-06-27 00:38:16,mobile,US,a00085,indie
u00791,s000024,PLAY,17,0,0,0,310,2025-10-30 19:12:18,mobile,US,a00065,latin
u00909,s000025,PLAY,7,0,0,0,243,2025-07-26 21:31:58,mobile,US,a00009,edm
u00065,s000023,ADD_TO_PLAYLIST,10,1,0,0,384,2025-11-04 06:28:55,mobile,US,a00085,pop
u00177,s000017,play,11,0,0,0,185,2025-04-24 16:29:42,mobile,US,a00184,jazz
u00887,s000028,SKIP,1,0,0,1,57,2025-06-23 06:23:28,mobile,US,a00073,classical
u00391,s000175,PLAY,1,0,0,0,57,2025-11-04 18:13:02,mobile,US,a00172,indie
u00745,s000294,skip,1,0,0,1,6,2025-04-06 08:22:32,mobile,US,a00145,hip-hop
u00841,s000386,play,1,0,0,0,26,2025-03-20 21:56:57,mobile,US,a00016,rock
u00940,s000090,like,10,1,0,0,262,2025-07-02 02:25:29,mobile,US,a00028,hip-hop
u00469,s000083,play,11,0,0,0,327,2025-01-25 19:33:42,mobile,US,a00126,hip-hop
u00396,s000031,play,7,0,0,0,397,2025-11-16 03:17:51,mobile,US,a00037,latin
u00973,s000013,play,7,0,0,0,320,2025-03-19 06:23:09,mobile,US,a00154,jazz
u00724,s000488,LIKE,15,1,0,0,180,2025-12-29 15:32:48,mobile,US,a00002,rock
u00390,s000099,ADD_TO_PLAYLIST,18,1,0,0,265,2025-07-25 13:04:11,mobile,US,a00089,jazz
u00237,s000012,play,5,0,0,0,307,2025-07-26 08:59:56,mobile,US,a00032,edm
u00177,s000039,PLAY,13,0,0,0,318,2025-03-11 03:31:40,mobile,US,a00156,jazz
u00329,s000447,PLAY,16,0,0,0,267,2025-09-04 21:58:49,mobile,US,a00107,latin
u00773,s000059,LIKE,16,1,0,0,371,2025-07-22 04:35:17,mobile,US,a00073,hip-hop
u00274,s000032,LIKE,7,1,0,0,305,2025-06-14 18:12:53,mobile,US,a00140,rock
u00323,s000035,PLAY,14,0,0,0,243,2025-04-15 17:29:34,mobile,US,a00108,pop
u00382,s000385,LIKE,6,1,0,0,301,2025-05-25 00:37:23,mobile,US,a00188,hip-hop
u00869,s000000,PLAY,13,0,0,0,360,2025-11-08 18:16:22,mobile,US,a00178,edm
u00392,s000040,skip,1,0,0,1,15,2025-03-03 18:25:58,mobile,US,a00135,classical
u00479,s000381,play,5,0,0,0,286,2025-10-02 09:37:56,mobile,US,a00100,hip-hop
u00631,s000083,play,15,0,0,0,279,2025-04-18 09:45:15,mobile,US,a00126,hip-hop
u00392,s000258,PLAY,13,0,0,0,343,2025-03-31 14:05:59,mobile,US,a00118,latin
u00799,s000039,like,6,1,0,0,211,2025-11-06 02:44:45,mobile,US,a00156,jazz
u00595,s000090,PLAY,8,0,0,0,244,2025-08-22 11:02:53,mobile,US,a00028,hip-hop
u00151,s000039,PLAY,7,0,0,0,314,2025-04-10 18:38:59,mobile,US,a00156,jazz
u00497,s000008,PLAY,15,0,0,0,307,2025-03-15 17:18:14,mobile,US,a00191,hip-hop
u00070,s000026,PLAY,19,0,0,0,275,2025-06-23 08:50:28,mobile,US,a00004,pop
u00893,s000192,ADD_TO_PLAYLIST,6,1,0,0,365,2025-10-01 22:56:15,mobile,US,a00128,classical
u00960,s000021,play,14,0,0,0,201,2025-12-21 19:20:13,mobile,US,a00032,rock
u00268,s000488,SKIP,1,0,0,1,36,2025-10-26 06:38:06,mobile,US,a00002,rock
u00697,s000493,PLAY,5,0,0,0,296,2025-01-24 09:23:11,mobile,US,a00067,pop
u00694,s000016,ADD_TO_PLAYLIST,9,1,0,0,319,2025-07-01 15:07:26,mobile,US,a00037,pop
u00590,s000032,play,9,0,0,0,280,2025-08-31 22:49:35,mobile,US,a00140,rock
u00773,s000381,like,9,1,0,0,321,2025-06-11 18:01:10,mobile,US,a00100,hip-hop
u00332,s000235,like,10,1,0,0,211,2025-07-09 12:15:55,mobile,US,a00175,hip-hop
u00460,s000023,like,6,1,0,0,337,2025-06-11 15:15:45,mobile,US,a00085,pop
u00101,s000280,like,17,1,0,0,397,2025-02-04 19:06:14,mobile,US,a00039,pop
u00062,s000011,PLAY,6,0,0,0,334,2025-06-01 07:48:31,mobile,US,a00156,classical
u00691,s000076,PLAY,13,0,0,0,256,2025-01-13 05:15:52,mobile,US,a00170,edm
u00174,s000018,ADD_TO_PLAYLIST,10,1,0,0,374,2025-01-12 23:22:29,mobile,US,a00096,latin
u00371,s000009,play,12,0,0,0,390,2025-03-11 15:01:13,mobile,US,a00014,latin
u00993,s000185,play,17,0,0,0,392,2025-11-07 16:40:00,mobile,US,a00193,hip-hop
u00252,s000083,LIKE,5,1,0,0,220,2025-11-27 15:49:55,mobile,US,a00126,hip-hop
u00619,s000148,play,19,0,0,0,394,2025-07-20 23:54:05,mobile,US,a00153,jazz
u00472,s000357,like,16,1,0,0,272,2025-02-23 22:00:55,mobile,US,a00080,jazz
u00115,s000090,play,6,0,0,0,207,2025-11-27 14:55:52,mobile,US,a00028,hip-hop
u00110,s000178,PLAY,1,0,0,0,24,2025-09-23 23:02:15,mobile,US,a00167,indie
u00723,s000141,LIKE,8,1,0,0,390,2025-01-19 17:58:08,mobile,US,a00197,rock
u00922,s000021,like,17,1,0,0,293,2025-12-07 22:01:17,mobile,US,a00032,rock
u00836,s000027,add_to_playlist,11,1,0,0,284,2025-11-22 23:19:47,mobile,US,a00122,jazz
u00353,s000307,LIKE,7,1,0,0,375,2025-02-23 04:59:18,mobile,US,a00086,latin
u00347,s000381,play,18,0,0,0,226,2025-06-15 01:55:57,mobile,US,a00100,hip-hop
u00102,s000022,PLAY,10,0,0,0,303,2025-12-04 10:08:13,mobile,US,a00195,pop
u00919,s000036,play,11,0,0,0,275,2025-08-01 16:56:04,mobile,US,a00179,latin
u00013,s000366,PLAY,5,0,0,0,262,2025-03-25 05:14:23,mobile,US,a00060,jazz
u00568,s000131,skip,1,0,0,1,50,2025-06-09 12:58:50,mobile,US,a00127,pop
u00798,s000032,play,18,0,0,0,317,2025-09-10 15:40:55,mobile,US,a00140,rock
u00742,s000327,PLAY,1,0,0,0,20,2025-04-18 22:01:58,mobile,US,a00063,classical
u00715,s000009,LIKE,15,1,0,0,243,2025-11-18 03:48:15,mobile,US,a00014,latin
u00992,s000082,SKIP,1,0,0,1,37,2025-10-25 07:34:31,mobile,US,a00071,classical
u00805,s000107,PLAY,1,0,0,0,50,2025-11-09 04:55:35,mobile,US,a00054,edm
u00554,s000004,PLAY,7,0,0,0,183,2025-04-13 11:36:44,mobile,US,a00134,rock
u00467,s000021,like,6,1,0,0,301,2025-03-29 03:43:43,mobile,US,a00032,rock
u00309,s000000,LIKE,11,1,0,0,232,2025-09-26 01:27:40,mobile,US,a00178,edm
u00271,s000018,ADD_TO_PLAYLIST,11,1,0,0,326,2025-08-21 06:47:21,mobile,US,a00096,latin
u00309,s000015,play,8,0,0,0,341,2025-04-18 00:42:42,mobile,US,a00156,edm
u00942,s000233,PLAY,1,0,0,0,19,2025-03-06 19:39:10,mobile,US,a00141,rock
u00141,s000002,play,7,0,0,0,369,2025-05-06 14:20:23,mobile,US,a00133,rock
u00038,s000002,add_to_playlist,8,1,0,0,276,2025-04-13 17:12:48,mobile,US,a00133,rock
u00496,s000039,like,12,1,0,0,320,2025-01-18 06:37:49,mobile,US,a00156,jazz
u00693,s000006,like,6,1,0,0,212,2025-03-09 20:25:16,mobile,US,a00199,hip-hop
u00658,s000006,PLAY,11,0,0,0,197,2025-04-03 17:19:54,mobile,US,a00199,hip-hop
u00927,s000475,PLAY,1,0,0,0,37,2025-05-25 02:49:57,mobile,US,a00061,latin
u00823,s000491,PLAY,18,0,0,0,235,2025-04-17 15:43:23,mobile,US,a00119,indie
u00831,s000447,play,1,0,0,0,59,2025-01-20 08:37:55,mobile,US,a00107,latin
u00259,s000366,like,12,1,0,0,186,2025-01-28 11:44:53,mobile,US,a00060,jazz
u00135,s000171,PLAY,1,0,0,0,24,2025-05-13 23:43:55,mobile,US,a00031,jazz
u00689,s000026,play,11,0,0,0,194,2025-04-30 19:34:07,mobile,US,a00004,pop
u00051,s000025,play,7,0,0,0,324,2025-04-22 07:23:14,mobile,US,a00009,edm
u00819,s000465,SKIP,1,0,0,1,52,2025-04-30 07:42:47,mobile,US,a00012,edm
u00894,s000008,PLAY,10,0,0,0,204,2025-12-20 06:21:38,mobile,US,a00191,hip-hop
u00968,s000015,play,6,0,0,0,378,2025-03-23 16:59:19,mobile,US,a00156,edm
u00805,s000008,PLAY,11,0,0,0,297,2025-05-10 14:05:55,mobile,US,a00191,hip-hop
u00802,s000035,play,1,0,0,0,29,2025-09-26 11:33:37,mobile,US,a00108,pop
u00916,s000026,PLAY,15,0,0,0,360,2025-06-05 11:40:10,mobile,US,a00004,pop
u00786,s000332,play,8,0,0,0,230,2025-06-18 00:24:36,mobile,US,a00050,indie
u00755,s000361,add_to_playlist,10,1,0,0,226,2025-01-04 17:15:45,mobile,US,a00193,edm
u00221,s000470,skip,1,0,0,1,41,2025-04-23 02:59:40,mobile,US,a00122,classical
u00625,s000035,add_to_playlist,17,1,0,0,187,2025-11-22 09:38:36,mobile,US,a00108,pop
u00001,s000449,play,8,0,0,0,359,2025-06-08 20:51:19,mobile,US,a00014,hip-hop
u00794,s000021,like,7,1,0,0,325,2025-03-06 10:36:08,mobile,US,a00032,rock
u00794,s000021,PLAY,7,0,0,0,185,2025-08-25 17:34:00,mobile,US,a00032,rock
u00467,s000002,play,6,0,0,0,264,2025-03-12 20:28:36,mobile,US,a00133,rock
u00299,s000018,play,18,0,0,0,201,2025-04-16 12:54:14,mobile,US,a00096,latin
u00746,s000013,like,15,1,0,0,249,2025-03-03 20:34:51,mobile,US,a00154,jazz
u00702,s000473,play,1,0,0,0,34,2025-05-12 13:16:25,mobile,US,a00028,pop
u00850,s000132,skip,1,0,0,1,32,2025-11-22 20:07:15,mobile,US,a00170,edm
u00304,s000000,skip,1,0,0,1,52,2025-05-17 06:44:06,mobile,US,a00178,edm
u00336,s000005,play,9,0,0,0,185,2025-04-05 17:27:57,mobile,US,a00178,classical
u00717,s000059,PLAY,16,0,0,0,373,2025-03-04 17:37:58,mobile,US,a00073,hip-hop
u00035,s000010,ADD_TO_PLAYLIST,7,1,0,0,209,2025-02-08 08:41:37,mobile,US,a00110,classical
u00316,s000346,play,17,0,0,0,269,2025-02-03 09:26:41,mobile,US,a00053,jazz
u00008,s000047,PLAY,1,0,0,0,44,2025-03-07 08:20:49,mobile,US,a00129,rock
u00967,s000163,play,9,0,0,0,228,2025-01-31 00:18:23,mobile,US,a00048,edm
u00944,s000481,play,19,0,0,0,328,2025-07-22 08:15:55,mobile,US,a00157,classical
u00889,s000004,play,19,0,0,0,204,2025-05-29 10:42:13,mobile,US,a00134,rock
u00587,s000296,like,13,1,0,0,273,2025-03-11 11:10:27,mobile,US,a00084,jazz
u00831,s000015,skip,1,0,0,1,30,2025-06-10 05:42:25,mobile,US,a00156,edm
u00879,s000010,add_to_playlist,13,1,0,0,204,2025-09-03 04:53:57,mobile,US,a00110,classical
u00885,s000011,like,18,1,0,0,299,2025-07-19 05:52:34,mobile,US,a00156,classical
u00487,s000008,ADD_TO_PLAYLIST,18,1,0,0,279,2025-08-25 08:16:59,mobile,US,a00191,hip-hop
u00916,s000286,PLAY,16,0,0,0,310,2025-01-10 07:01:54,mobile,US,a00153,pop
u00525,s000030,ADD_TO_PLAYLIST,5,1,0,0,214,2025-07-29 16:03:59,mobile,US,a00117,indie
u00213,s000020,PLAY,18,0,0,0,264,2025-02-26 11:51:23,mobile,US,a00182,indie
u00683,s000004,SKIP,1,0,0,1,57,2025-11-10 04:36:23,mobile,US,a00134,rock
u00491,s000278,PLAY,12,0,0,0,331,2025-10-03 16:19:03,mobile,US,a00013,classical
u00736,s000184,PLAY,1,0,0,0,53,2025-08-21 10:37:18,mobile,US,a00174,latin
u00721,s000017,PLAY,13,0,0,0,354,2025-09-08 02:11:24,mobile,US,a00184,jazz
u00620,s000083,add_to_playlist,6,1,0,0,207,2025-07-28 20:40:46,mobile,US,a00126,hip-hop
u00931,s000059,LIKE,18,1,0,0,232,2025-08-13 07:07:17,mobile,US,a00073,hip-hop
u00732,s000021,add_to_playlist,8,1,0,0,302,2025-02-27 04:29:12,mobile,US,a00032,rock
u00973,s000121,like,15,1,0,0,346,2025-06-24 12:22:59,mobile,US,a00062,jazz
u00934,s000121,skip,1,0,0,1,36,2025-10-05 07:48:07,mobile,US,a00062,jazz
u00135,s000005,LIKE,13,1,0,0,386,2025-04-27 07:17:37,mobile,US,a00178,classical
u00523,s000108,SKIP,1,0,0,1,14,2025-10-27 22:59:45,mobile,US,a00114,edm
u00493,s000000,play,19,0,0,0,384,2025-08-30 22:36:20,mobile,US,a00178,edm
u00072,s000004,play,19,0,0,0,340,2025-09-17 03:14:26,mobile,US,a00134,rock
u00289,s000009,play,7,0,0,0,233,2025-10-05 16:50:24,mobile,US,a00014,latin
u00373,s000031,like,5,1,0,0,358,2025-02-01 14:19:34,mobile,US,a00037,latin
u00682,s000020,ADD_TO_PLAYLIST,16,1,0,0,221,2025-01-27 21:28:49,mobile,US,a00182,indie
u00297,s000123,play,18,0,0,0,398,2025-09-16 02:42:07,mobile,US,a00089,indie
u00609,s000024,ADD_TO_PLAYLIST,8,1,0,0,233,2025-10-01 21:20:22,mobile,US,a00065,latin
u00366,s000000,add_to_playlist,9,1,0,0,387,2025-06-06 16:38:22,mobile,US,a00178,edm
u00310,s000176,PLAY,1,0,0,0,13,2025-04-09 18:20:16,mobile,US,a00029,indie
u00576,s000011,PLAY,16,0,0,0,219,2025-11-13 18:12:53,mobile,US,a00156,classical
u00195,s000022,ADD_TO_PLAYLIST,18,1,0,0,191,2025-01-19 09:10:53,mobile,US,a00195,pop
u00724,s000003,play,10,0,0,0,367,2025-06-07 19:05:12,mobile,US,a00066,rock
u00498,s000374,SKIP,1,0,0,1,42,2025-07-14 09:18:39,mobile,US,a00107,jazz
u00755,s000012,PLAY,19,0,0,0,328,2025-01-17 05:12:50,mobile,US,a00032,edm
u00492,s000004,LIKE,15,1,0,0,398,2025-04-14 06:29:31,mobile,US,a00134,rock
u00502,s000375,play,7,0,0,0,274,2025-08-11 09:15:17,mobile,US,a00171,classical
u00981,s000092,like,17,1,0,0,307,2025-03-18 19:55:11,mobile,US,a00040,latin
u00449,s000012,PLAY,9,0,0,0,235,2025-08-06 12:36:43,mobile,US,a00032,edm
u00045,s000197,skip,1,0,0,1,37,2025-07-06 19:33:27,mobile,US,a00130,jazz
u00968,s000033,PLAY,5,0,0,0,296,2025-10-16 08:38:19,mobile,US,a00158,edm
u00742,s000035,PLAY,13,0,0,0,380,2025-08-31 09:00:42,mobile,US,a00108,pop
u00725,s000007,play,12,0,0,0,352,2025-06-25 15:26:00,mobile,US,a00041,classical
u00893,s000007,play,19,0,0,0,257,2025-03-24 08:57:49,mobile,US,a00041,classical
u00943,s000081,play,9,0,0,0,216,2025-06-23 03:40:35,mobile,US,a00036,classical
u00184,s000035,skip,1,0,0,1,22,2025-10-30 03:23:47,mobile,US,a00108,pop
u00077,s000083,ADD_TO_PLAYLIST,14,1,0,0,196,2025-03-29 17:22:29,mobile,US,a00126,hip-hop
u00885,s000014,PLAY,6,0,0,0,307,2025-11-01 02:37:44,mobile,US,a00163,classical
u00104,s000286,ADD_TO_PLAYLIST,19,1,0,0,222,2025-07-02 19:54:04,mobile,US,a00153,pop
u00512,s000242,play,10,0,0,0,220,2025-10-10 10:50:00,mobile,US,a00146,indie
u00689,s000417,PLAY,1,0,0,0,14,2025-11-27 03:41:58,mobile,US,a00085,indie
u00763,s000390,LIKE,12,1,0,0,205,2025-08-07 21:23:57,mobile,US,a00046,pop
u00345,s000115,play,17,0,0,0,206,2025-06-18 09:51:43,mobile,US,a00179,indie
u00201,s000227,PLAY,13,0,0,0,206,2025-06-10 23:03:44,mobile,US,a00119,latin
u00595,s000315,add_to_playlist,8,1,0,0,223,2025-07-20 05:35:02,mobile,US,a00167,hip-hop
u00453,s000425,play,17,0,0,0,325,2025-11-28 04:13:41,mobile,US,a00175,edm
u00827,s000101,ADD_TO_PLAYLIST,9,1,0,0,235,2025-03-08 00:33:31,mobile,US,a00163,pop
u00822,s000012,play,7,0,0,0,180,2025-05-05 13:10:21,mobile,US,a00032,edm
u00047,s000344,like,5,1,0,0,387,2025-01-17 10:55:42,mobile,US,a00186,indie
u00998,s000475,add_to_playlist,12,1,0,0,257,2025-08-31 00:00:24,mobile,US,a00061,latin
u00739,s000008,LIKE,5,1,0,0,285,2025-09-06 19:55:53,mobile,US,a00191,hip-hop
u00009,s000026,LIKE,5,1,0,0,306,2025-10-24 01:00:54,mobile,US,a00004,pop
u00648,s000024,add_to_playlist,13,1,0,0,358,2025-04-09 00:02:31,mobile,US,a00065,latin
u00650,s000042,play,8,0,0,0,276,2025-06-09 07:25:59,mobile,US,a00156,indie
u00311,s000037,add_to_playlist,13,1,0,0,328,2025-08-16 02:47:49,mobile,US,a00183,indie
u00041,s000042,play,5,0,0,0,209,2025-04-13 11:16:12,mobile,US,a00156,indie
u00749,s000035,play,12,0,0,0,371,2025-11-06 10:10:26,mobile,US,a00108,pop
u00379,s000002,ADD_TO_PLAYLIST,6,1,0,0,238,2025-06-26 06:53:35,mobile,US,a00133,rock
u00373,s000024,play,10,0,0,0,194,2025-12-01 13:22:23,mobile,US,a00065,latin
u00531,s000018,LIKE,7,1,0,0,188,2025-07-03 02:29:44,mobile,US,a00096,latin
u00469,s000083,ADD_TO_PLAYLIST,14,1,0,0,329,2025-06-27 03:06:48,mobile,US,a00126,hip-hop
u00572,s000002,play,5,0,0,0,301,2025-09-04 04:56:06,mobile,US,a00133,rock
u00315,s000018,PLAY,15,0,0,0,317,2025-03-23 05:21:58,mobile,US,a00096,latin
u00865,s000004,LIKE,9,1,0,0,318,2025-02-09 08:17:38,mobile,US,a00134,rock
u00674,s000469,SKIP,1,0,0,1,36,2025-09-06 05:53:48,mobile,US,a00095,rock
u00116,s000003,play,7,0,0,0,375,2025-07-24 19:56:56,mobile,US,a00066,rock
u00591,s000009,ADD_TO_PLAYLIST,13,1,0,0,217,2025-04-29 07:15:25,mobile,US,a00014,latin
u00126,s000035,LIKE,18,1,0,0,188,2025-12-20 20:46:05,mobile,US,a00108,pop
u00645,s000007,PLAY,14,0,0,0,294,2025-06-19 17:52:21,mobile,US,a00041,classical
u00915,s000012,ADD_TO_PLAYLIST,18,1,0,0,210,2025-10-14 14:17:49,mobile,US,a00032,edm
u00388,s000032,like,5,1,0,0,297,2025-03-19 21:23:26,mobile,US,a00140,rock
u00274,s000085,play,12,0,0,0,196,2025-08-01 03:24:46,mobile,US,a00091,rock
u00209,s000418,PLAY,14,0,0,0,197,2025-12-19 17:03:12,mobile,US,a00134,classical
u00134,s000173,play,17,0,0,0,223,2025-02-22 12:20:29,mobile,US,a00028,indie
u00643,s000004,PLAY,8,0,0,0,395,2025-10-22 04:21:06,mobile,US,a00134,rock
u00530,s000032,PLAY,17,0,0,0,337,2025-12-07 12:04:02,mobile,US,a00140,rock
u00245,s000000,PLAY,6,0,0,0,198,2025-06-23 06:32:50,mobile,US,a00178,edm
u00727,s000039,like,10,1,0,0,183,2025-09-09 10:56:43,mobile,US,a00156,jazz
u00854,s000093,PLAY,17,0,0,0,321,2025-08-30 14:28:40,mobile,US,a00010,indie
u00510,s000021,PLAY,11,0,0,0,229,2025-07-28 02:12:30,mobile,US,a00032,rock
u00527,s000029,play,1,0,0,0,48,2025-01-20 03:50:43,mobile,US,a00096,classical
u00176,s000259,LIKE,7,1,0,0,279,2025-08-04 08:22:14,mobile,US,a00139,jazz
u00194,s000260,ADD_TO_PLAYLIST,6,1,0,0,264,2025-12-02 09:25:03,mobile,US,a00019,indie
u00105,s000035,like,15,1,0,0,266,2025-06-26 18:57:52,mobile,US,a00108,pop
u00641,s000015,add_to_playlist,15,1,0,0,254,2025-05-17 09:05:01,mobile,US,a00156,edm
u00411,s000009,add_to_playlist,16,1,0,0,308,2025-12-19 03:06:49,mobile,US,a00014,latin
u00553,s000235,PLAY,9,0,0,0,199,2025-08-01 22:12:26,mobile,US,a00175,hip-hop
u00573,s000022,like,11,1,0,0,207,2025-01-05 14:17:26,mobile,US,a00195,pop
u00848,s000466,PLAY,1,0,0,0,40,2025-05-20 23:51:19,mobile,US,a00140,pop
u00761,s000307,PLAY,1,0,0,0,18,2025-09-12 04:34:13,mobile,US,a00086,latin
u00648,s000018,play,12,0,0,0,363,2025-07-16 10:16:58,mobile,US,a00096,latin
u00185,s000068,ADD_TO_PLAYLIST,7,1,0,0,270,2025-06-02 15:51:42,mobile,US,a00106,classical
u00483,s000482,add_to_playlist,19,1,0,0,344,2025-03-20 18:52:53,mobile,US,a00152,edm
u00210,s000336,SKIP,1,0,0,1,35,2025-02-13 00:25:14,mobile,US,a00025,jazz
u00086,s000386,SKIP,1,0,0,1,47,2025-07-12 11:11:24,mobile,US,a00016,rock
u00853,s000334,SKIP,1,0,0,1,25,2025-11-12 19:26:43,mobile,US,a00035,hip-hop
u00540,s000265,PLAY,1,0,0,0,27,2025-05-27 07:27:26,mobile,US,a00052,jazz
u00643,s000251,SKIP,1,0,0,1,57,2025-02-17 01:52:00,mobile,US,a00128,edm
u00590,s000103,play,5,0,0,0,218,2025-07-15 15:32:41,mobile,US,a00056,rock
u00683,s000083,ADD_TO_PLAYLIST,15,1,0,0,345,2025-01-17 06:58:59,mobile,US,a00126,hip-hop
u00511,s000119,SKIP,1,0,0,1,43,2025-03-02 10:20:27,mobile,US,a00168,edm
u00676,s000006,PLAY,17,0,0,0,275,2025-09-27 02:56:17,mobile,US,a00199,hip-hop
u00495,s000329,SKIP,1,0,0,1,37,2025-05-29 02:25:08,mobile,US,a00053,classical
u00033,s000129,play,17,0,0,0,201,2025-05-17 22:37:02,mobile,US,a00090,pop
u00753,s000022,LIKE,9,1,0,0,375,2025-05-10 20:21:21,mobile,US,a00195,pop
u00217,s000206,play,13,0,0,0,378,2025-11-28 07:03:54,mobile,US,a00177,classical
u00958,s000396,skip,1,0,0,1,13,2025-05-03 23:19:17,mobile,US,a00148,jazz
u00035,s000081,PLAY,12,0,0,0,314,2025-02-17 06:09:00,mobile,US,a00036,classical
u00141,s000004,add_to_playlist,18,1,0,0,187,2025-09-07 17:09:06,mobile,US,a00134,rock
u00574,s000399,skip,1,0,0,1,10,2025-01-29 04:42:06,mobile,US,a00197,classical
u00517,s000015,LIKE,14,1,0,0,293,2025-02-19 11:04:47,mobile,US,a00156,edm
u00890,s000042,PLAY,16,0,0,0,192,2025-08-28 17:58:16,mobile,US,a00156,indie
u00863,s000108,SKIP,1,0,0,1,40,2025-02-23 19:51:39,mobile,US,a00114,edm
u00306,s000059,like,10,1,0,0,252,2025-05-11 17:36:57,mobile,US,a00073,hip-hop
u00589,s000341,skip,1,0,0,1,15,2025-12-15 03:10:53,mobile,US,a00010,latin
u00005,s000018,play,14,0,0,0,235,2025-08-30 03:02:46,mobile,US,a00096,latin
u00761,s000035,like,5,1,0,0,213,2025-11-15 22:15:14,mobile,US,a00108,pop
u00021,s000069,like,16,1,0,0,226,2025-07-14 15:39:27,mobile,US,a00139,classical
u00991,s000334,play,8,0,0,0,343,2025-08-09 14:51:58,mobile,US,a00035,hip-hop
u00109,s000351,SKIP,1,0,0,1,42,2025-12-14 14:44:14,mobile,US,a00149,latin
u00848,s000020,ADD_TO_PLAYLIST,12,1,0,0,362,2025-10-24 14:47:37,mobile,US,a00182,indie
u00493,s000243,PLAY,1,0,0,0,15,2025-03-16 18:31:24,mobile,US,a00111,indie
u00200,s000067,LIKE,11,1,0,0,269,2025-10-17 03:41:59,mobile,US,a00045,indie
u00210,s000001,like,18,1,0,0,287,2025-01-19 16:19:15,mobile,US,a00197,indie
u00420,s000026,like,9,1,0,0,357,2025-08-18 16:45:05,mobile,US,a00004,pop
u00339,s000006,ADD_TO_PLAYLIST,18,1,0,0,248,2025-06-09 04:49:30,mobile,US,a00199,hip-hop
u00439,s000045,play,6,0,0,0,341,2025-12-01 21:27:27,mobile,US,a00075,jazz
u00662,s000014,play,18,0,0,0,182,2025-05-30 10:21:37,mobile,US,a00163,classical
u00377,s000402,PLAY,17,0,0,0,379,2025-03-13 09:08:44,mobile,US,a00088,rock
u00662,s000349,LIKE,17,1,0,0,366,2025-04-30 11:24:30,mobile,US,a00110,classical
u00868,s000136,LIKE,10,1,0,0,246,2025-04-28 19:50:32,mobile,US,a00181,indie
u00539,s000035,add_to_playlist,15,1,0,0,296,2025-03-27 17:34:53,mobile,US,a00108,pop
u00045,s000304,SKIP,1,0,0,1,45,2025-06-14 06:02:31,mobile,US,a00152,pop
u00294,s000016,play,15,0,0,0,315,2025-02-07 18:23:03,mobile,US,a00037,pop
u00880,s000011,add_to_playlist,15,1,0,0,256,2025-05-29 20:27:33,mobile,US,a00156,classical
u00431,s000012,add_to_playlist,11,1,0,0,291,2025-06-06 20:38:04,mobile,US,a00032,edm
u00764,s000010,add_to_playlist,6,1,0,0,289,2025-12-01 09:23:57,mobile,US,a00110,classical
u00275,s000188,skip,1,0,0,1,30,2025-10-13 21:54:27,mobile,US,a00165,jazz
u00849,s000015,LIKE,9,1,0,0,245,2025-07-26 00:26:18,mobile,US,a00156,edm
u00849,s000000,add_to_playlist,11,1,0,0,348,2025-07-14 15:34:25,mobile,US,a00178,edm
u00131,s000007,like,18,1,0,0,327,2025-03-24 13:54:15,mobile,US,a00041,classical
u00987,s000090,PLAY,14,0,0,0,206,2025-11-03 18:27:29,mobile,US,a00028,hip-hop
u00034,s000033,LIKE,12,1,0,0,245,2025-09-27 08:51:42,mobile,US,a00158,edm
u00828,s000020,play,11,0,0,0,238,2025-02-19 01:20:13,mobile,US,a00182,indie
u00717,s000334,ADD_TO_PLAYLIST,5,1,0,0,324,2025-04-19 09:28:57,mobile,US,a00035,hip-hop
u00647,s000004,play,14,0,0,0,189,2025-01-13 14:03:01,mobile,US,a00134,rock
u00527,s000211,SKIP,1,0,0,1,31,2025-08-01 10:40:29,mobile,US,a00056,hip-hop
u00008,s000001,play,8,0,0,0,371,2025-09-16 09:28:58,mobile,US,a00197,indie
u00455,s000027,ADD_TO_PLAYLIST,19,1,0,0,379,2025-06-27 01:23:02,mobile,US,a00122,jazz
u00233,s000279,add_to_playlist,7,1,0,0,354,2025-06-09 17:35:09,mobile,US,a00008,hip-hop
u00943,s000007,like,14,1,0,0,221,2025-05-01 01:37:31,mobile,US,a00041,classical
u00651,s000024,play,8,0,0,0,261,2025-06-26 18:42:09,mobile,US,a00065,latin
u00954,s000027,like,5,1,0,0,395,2025-08-07 06:44:40,mobile,US,a00122,jazz
u00483,s000448,PLAY,16,0,0,0,381,2025-05-15 10:22:52,mobile,US,a00038,edm
u00149,s000018,LIKE,8,1,0,0,304,2025-11-27 12:20:08,mobile,US,a00096,latin
u00294,s000041,PLAY,19,0,0,0,216,2025-08-04 07:16:54,mobile,US,a00004,pop
u00253,s000296,play,1,0,0,0,30,2025-05-02 18:48:55,mobile,US,a00084,jazz
u00077,s000059,ADD_TO_PLAYLIST,15,1,0,0,278,2025-12-05 12:40:52,mobile,US,a00073,hip-hop
u00258,s000024,like,6,1,0,0,208,2025-11-18 04:41:04,mobile,US,a00065,latin
u00700,s000035,PLAY,16,0,0,0,263,2025-10-06 21:53:48,mobile,US,a00108,pop
u00977,s000320,LIKE,19,1,0,0,242,2025-12-22 14:17:55,mobile,US,a00137,latin
u00885,s000010,PLAY,11,0,0,0,246,2025-12-30 19:32:39,mobile,US,a00110,classical
u00151,s000027,play,6,0,0,0,208,2025-07-24 06:25:26,mobile,US,a00122,jazz
u00550,s000021,play,16,0,0,0,193,2025-11-08 15:12:12,mobile,US,a00032,rock
u00734,s000016,play,16,0,0,0,274,2025-01-30 04:00:22,mobile,US,a00037,pop
u00332,s000059,PLAY,7,0,0,0,399,2025-06-18 10:45:34,mobile,US,a00073,hip-hop
u00315,s000036,ADD_TO_PLAYLIST,16,1,0,0,281,2025-10-15 18:26:24,mobile,US,a00179,latin
u00782,s000036,like,19,1,0,0,311,2025-05-03 13:07:21,mobile,US,a00179,latin
u00221,s000045,LIKE,13,1,0,0,357,2025-07-09 10:44:58,mobile,US,a00075,jazz
u00137,s000368,PLAY,18,0,0,0,201,2025-07-02 07:34:24,mobile,US,a00103,rock
u00496,s000379,SKIP,1,0,0,1,51,2025-08-17 14:05:19,mobile,US,a00011,pop
u00185,s000160,SKIP,1,0,0,1,43,2025-06-25 19:21:26,mobile,US,a00062,latin
u00001,s000246,play,1,0,0,0,56,2025-06-06 16:01:06,mobile,US,a00035,edm
u00998,s000284,skip,1,0,0,1,53,2025-10-06 04:53:42,mobile,US,a00021,indie
u00812,s000362,like,14,1,0,0,369,2025-04-30 07:41:43,mobile,US,a00072,rock
u00503,s000031,PLAY,10,0,0,0,187,2025-11-12 21:34:52,mobile,US,a00037,latin
u00735,s000039,LIKE,8,1,0,0,203,2025-08-19 08:11:05,mobile,US,a00156,jazz
u00280,s000468,PLAY,8,0,0,0,357,2025-07-15 20:11:48,mobile,US,a00159,hip-hop
u00338,s000398,PLAY,11,0,0,0,188,2025-12-27 14:09:17,mobile,US,a00117,hip-hop
u00623,s000022,play,8,0,0,0,251,2025-01-01 07:18:16,mobile,US,a00195,pop
u00104,s000406,play,15,0,0,0,272,2025-01-07 01:18:56,mobile,US,a00153,pop
u00491,s000324,play,11,0,0,0,388,2025-09-26 21:29:10,mobile,US,a00189,classical
u00251,s000002,add_to_playlist,18,1,0,0,231,2025-06-15 21:20:34,mobile,US,a00133,rock
u00155,s000035,like,19,1,0,0,306,2025-10-01 02:45:18,mobile,US,a00108,pop
u00508,s000036,add_to_playlist,10,1,0,0,251,2025-12-16 06:27:16,mobile,US,a00179,latin
u00115,s000008,PLAY,19,0,0,0,249,2025-04-21 18:59:27,mobile,US,a00191,hip-hop
u00110,s000106,play,1,0,0,0,31,2025-06-02 05:08:24,mobile,US,a00181,classical
u00196,s000286,PLAY,9,0,0,0,278,2025-08-18 05:50:23,mobile,US,a00153,pop
u00425,s000254,PLAY,18,0,0,0,370,2025-12-06 12:18:38,mobile,US,a00147,classical
u00598,s000083,ADD_TO_PLAYLIST,14,1,0,0,346,2025-09-19 01:55:21,mobile,US,a00126,hip-hop
u00982,s000083,PLAY,6,0,0,0,315,2025-08-24 13:49:42,mobile,US,a00126,hip-hop
u00247,s000000,PLAY,1,0,0,0,16,2025-05-03 08:44:11,mobile,US,a00178,edm
u00556,s000384,SKIP,1,0,0,1,58,2025-05-15 18:45:18,mobile,US,a00048,rock
u00746,s000073,play,11,0,0,0,253,2025-02-15 08:12:43,mobile,US,a00110,jazz
u00113,s000329,play,1,0,0,0,49,2025-06-05 04:28:49,mobile,US,a00053,classical
u00604,s000049,PLAY,1,0,0,0,21,2025-08-21 06:38:44,mobile,US,a00094,rock
u00232,s000267,add_to_playlist,14,1,0,0,348,2025-08-14 07:23:39,mobile,US,a00098,hip-hop
u00793,s000006,like,17,1,0,0,193,2025-07-11 10:03:20,mobile,US,a00199,hip-hop
u00730,s000396,PLAY,10,0,0,0,366,2025-05-22 18:11:45,mobile,US,a00148,jazz
u00039,s000017,play,18,0,0,0,263,2025-01-21 02:59:06,mobile,US,a00184,jazz
u00792,s000040,play,16,0,0,0,333,2025-01-22 10:29:35,mobile,US,a00135,classical
u00804,s000076,play,17,0,0,0,210,2025-01-01 06:40:22,mobile,US,a00170,edm
u00490,s000340,PLAY,1,0,0,0,53,2025-04-23 18:34:49,mobile,US,a00039,indie
u00254,s000032,add_to_playlist,6,1,0,0,235,2025-09-19 14:34:09,mobile,US,a00140,rock
u00289,s000144,skip,1,0,0,1,38,2025-05-31 04:23:20,mobile,US,a00176,hip-hop
u00716,s000017,like,9,1,0,0,375,2025-06-12 00:46:49,mobile,US,a00184,jazz
u00188,s000037,like,19,1,0,0,360,2025-05-27 09:49:18,mobile,US,a00183,indie
u00474,s000017,PLAY,19,0,0,0,360,2025-10-12 21:24:33,mobile,US,a00184,jazz
u00020,s000332,SKIP,1,0,0,1,33,2025-12-27 22:59:24,mobile,US,a00050,indie
u00765,s000382,PLAY,7,0,0,0,359,2025-01-30 10:30:40,mobile,US,a00043,jazz
u00532,s000002,LIKE,17,1,0,0,211,2025-08-21 05:23:12,mobile,US,a00133,rock
u00864,s000008,PLAY,19,0,0,0,313,2025-03-24 14:33:39,mobile,US,a00191,hip-hop
u00364,s000332,PLAY,11,0,0,0,332,2025-12-14 06:32:48,mobile,US,a00050,indie
u00273,s000009,like,19,1,0,0,221,2025-05-03 20:38:07,mobile,US,a00014,latin
u00466,s000137,PLAY,1,0,0,0,56,2025-11-14 21:28:57,mobile,US,a00151,pop
u00725,s000005,ADD_TO_PLAYLIST,16,1,0,0,287,2025-06-30 02:19:03,mobile,US,a00178,classical
u00107,s000443,SKIP,1,0,0,1,34,2025-10-11 22:40:44,mobile,US,a00036,jazz
u00752,s000050,LIKE,5,1,0,0,223,2025-09-27 17:14:50,mobile,US,a00114,pop
u00105,s000129,play,18,0,0,0,347,2025-02-18 21:06:31,mobile,US,a00090,pop
u00092,s000062,skip,1,0,0,1,31,2025-12-02 18:26:43,mobile,US,a00133,indie
u00930,s000284,ADD_TO_PLAYLIST,16,1,0,0,355,2025-07-16 13:08:06,mobile,US,a00021,indie
u00833,s000083,like,17,1,0,0,291,2025-02-04 14:08:26,mobile,US,a00126,hip-hop
u00547,s000182,skip,1,0,0,1,41,2025-01-03 09:27:03,mobile,US,a00077,latin
u00454,s000437,ADD_TO_PLAYLIST,18,1,0,0,285,2025-06-06 18:51:53,mobile,US,a00151,classical
u00678,s000035,add_to_playlist,6,1,0,0,320,2025-08-11 14:39:03,mobile,US,a00108,pop
u00073,s000120,LIKE,19,1,0,0,219,2025-12-21 11:27:10,mobile,US,a00034,pop
u00866,s000120,skip,1,0,0,1,35,2025-02-01 20:41:18,mobile,US,a00034,pop
u00287,s000179,skip,1,0,0,1,17,2025-04-02 10:16:45,mobile,US,a00018,jazz
u00987,s000006,ADD_TO_PLAYLIST,13,1,0,0,373,2025-02-17 19:46:20,mobile,US,a00199,hip-hop
u00160,s000037,ADD_TO_PLAYLIST,17,1,0,0,277,2025-09-28 00:05:45,mobile,US,a00183,indie
u00147,s000017,LIKE,13,1,0,0,202,2025-11-07 15:32:16,mobile,US,a00184,jazz
u00864,s000006,play,13,0,0,0,351,2025-05-07 23:31:15,mobile,US,a00199,hip-hop
u00646,s000204,PLAY,8,0,0,0,244,2025-12-31 11:44:33,mobile,US,a00054,classical
u00474,s000013,play,5,0,0,0,328,2025-08-14 02:12:18,mobile,US,a00154,jazz
u00451,s000475,skip,1,0,0,1,15,2025-11-01 08:27:53,mobile,US,a00061,latin
u00740,s000030,add_to_playlist,16,1,0,0,231,2025-01-10 16:57:08,mobile,US,a00117,indie
u00375,s000267,LIKE,9,1,0,0,227,2025-09-22 20:58:57,mobile,US,a00098,hip-hop
u00107,s000083,PLAY,18,0,0,0,368,2025-10-06 21:52:52,mobile,US,a00126,hip-hop
u00024,s000090,add_to_playlist,5,1,0,0,257,2025-09-03 06:15:35,mobile,US,a00028,hip-hop
u00310,s000009,add_to_playlist,12,1,0,0,186,2025-08-02 16:39:54,mobile,US,a00014,latin
u00879,s000014,play,18,0,0,0,205,2025-07-15 17:23:43,mobile,US,a00163,classical
u00602,s000249,add_to_playlist,12,1,0,0,366,2025-04-24 08:58:19,mobile,US,a00081,hip-hop
u00615,s000219,PLAY,18,0,0,0,342,2025-02-27 20:48:02,mobile,US,a00091,jazz
u00067,s000032,LIKE,6,1,0,0,383,2025-06-19 09:15:16,mobile,US,a00140,rock
u00666,s000033,play,19,0,0,0,287,2025-11-10 19:23:32,mobile,US,a00158,edm
u00329,s000009,LIKE,15,1,0,0,324,2025-04-21 20:10:45,mobile,US,a00014,latin
u00968,s000156,skip,1,0,0,1,32,2025-07-06 04:04:23,mobile,US,a00176,pop
u00222,s000033,PLAY,11,0,0,0,377,2025-10-03 06:46:32,mobile,US,a00158,edm
u00006,s000010,play,6,0,0,0,192,2025-08-19 21:04:39,mobile,US,a00110,classical
u00517,s000230,skip,1,0,0,1,26,2025-10-19 17:46:29,mobile,US,a00195,indie
u00851,s000022,LIKE,13,1,0,0,285,2025-07-01 02:11:16,mobile,US,a00195,pop
u00606,s000170,skip,1,0,0,1,19,2025-12-14 17:02:39,mobile,US,a00061,latin
u00648,s000024,add_to_playlist,6,1,0,0,321,2025-04-25 18:58:06,mobile,US,a00065,latin
u00849,s000044,PLAY,16,0,0,0,245,2025-05-09 04:40:42,mobile,US,a00067,edm
u00341,s000006,add_to_playlist,9,1,0,0,334,2025-06-19 14:07:22,mobile,US,a00199,hip-hop
u00011,s000095,PLAY,1,0,0,0,11,2025-11-02 22:19:32,mobile,US,a00000,pop
u00038,s000426,play,1,0,0,0,50,2025-09-26 09:39:47,mobile,US,a00071,indie
u00336,s000248,PLAY,1,0,0,0,51,2025-04-06 20:15:34,mobile,US,a00187,pop
u00701,s000447,add_to_playlist,5,1,0,0,205,2025-08-17 13:43:49,mobile,US,a00107,latin
u00537,s000030,like,7,1,0,0,292,2025-06-12 12:14:03,mobile,US,a00117,indie
u00514,s000485,skip,1,0,0,1,10,2025-02-20 11:41:50,mobile,US,a00132,indie
u00853,s000265,ADD_TO_PLAYLIST,8,1,0,0,267,2025-07-06 05:00:23,mobile,US,a00052,jazz
u00328,s000009,like,11,1,0,0,305,2025-07-19 18:05:53,mobile,US,a00014,latin
u00482,s000014,PLAY,9,0,0,0,225,2025-03-10 11:30:45,mobile,US,a00163,classical
u00773,s000059,like,7,1,0,0,376,2025-10-18 17:03:05,mobile,US,a00073,hip-hop
u00784,s000035,play,6,0,0,0,180,2025-03-19 11:06:41,mobile,US,a00108,pop
u00818,s000006,PLAY,14,0,0,0,180,2025-07-19 10:32:14,mobile,US,a00199,hip-hop
u00099,s000375,PLAY,12,0,0,0,251,2025-03-11 02:15:09,mobile,US,a00171,classical
u00122,s000074,SKIP,1,0,0,1,37,2025-12-26 15:25:11,mobile,US,a00103,rock
u00465,s000317,SKIP,1,0,0,1,23,2025-05-08 22:52:39,mobile,US,a00011,latin
u00701,s000018,PLAY,5,0,0,0,302,2025-06-08 23:34:18,mobile,US,a00096,latin
u00829,s000333,ADD_TO_PLAYLIST,9,1,0,0,285,2025-11-01 08:58:57,mobile,US,a00180,latin
u00569,s000042,play,5,0,0,0,251,2025-03-24 17:45:03,mobile,US,a00156,indie
u00581,s000004,PLAY,16,0,0,0,386,2025-03-11 20:14:38,mobile,US,a00134,rock
u00977,s000009,PLAY,5,0,0,0,314,2025-08-18 07:58:35,mobile,US,a00014,latin
u00813,s000090,play,10,0,0,0,357,2025-08-08 14:03:35,mobile,US,a00028,hip-hop
u00318,s000226,PLAY,16,0,0,0,397,2025-01-21 00:52:06,mobile,US,a00031,indie
u00128,s000059,LIKE,9,1,0,0,228,2025-04-08 01:04:00,mobile,US,a00073,hip-hop
u00028,s000405,play,11,0,0,0,364,2025-07-06 20:44:32,mobile,US,a00058,latin
u00533,s000032,PLAY,17,0,0,0,397,2025-05-08 14:31:03,mobile,US,a00140,rock
u00992,s000035,PLAY,11,0,0,0,266,2025-06-09 18:42:09,mobile,US,a00108,pop
u00574,s000020,ADD_TO_PLAYLIST,7,1,0,0,235,2025-09-24 23:16:12,mobile,US,a00182,indie
u00561,s000013,play,19,0,0,0,268,2025-11-21 22:18:40,mobile,US,a00154,jazz
u00701,s000031,play,5,0,0,0,268,2025-10-04 08:21:31,mobile,US,a00037,latin
u00988,s000099,play,1,0,0,0,29,2025-06-27 22:44:19,mobile,US,a00089,jazz
u00845,s000007,add_to_playlist,14,1,0,0,186,2025-07-20 20:03:25,mobile,US,a00041,classical
u00335,s000003,skip,1,0,0,1,10,2025-11-09 22:00:32,mobile,US,a00066,rock
u00882,s000312,SKIP,1,0,0,1,5,2025-07-10 01:54:52,mobile,US,a00056,rock
u00669,s000037,LIKE,16,1,0,0,396,2025-08-27 05:45:24,mobile,US,a00183,indie
u00462,s000025,play,5,0,0,0,244,2025-04-22 02:45:02,mobile,US,a00009,edm
u00321,s000007,PLAY,9,0,0,0,274,2025-03-20 21:34:34,mobile,US,a00041,classical
u00389,s000149,LIKE,12,1,0,0,394,2025-09-08 22:13:21,mobile,US,a00155,rock
u00142,s000083,PLAY,8,0,0,0,371,2025-06-18 04:02:00,mobile,US,a00126,hip-hop
u00157,s000023,PLAY,17,0,0,0,296,2025-11-30 03:18:01,mobile,US,a00085,pop
u00578,s000014,skip,1,0,0,1,22,2025-03-03 14:55:07,mobile,US,a00163,classical
u00855,s000010,PLAY,16,0,0,0,277,2025-10-04 16:04:56,mobile,US,a00110,classical
u00863,s000071,ADD_TO_PLAYLIST,11,1,0,0,329,2025-01-03 16:53:17,mobile,US,a00103,pop
u00356,s000035,PLAY,11,0,0,0,386,2025-09-14 11:35:35,mobile,US,a00108,pop
u00990,s000277,skip,1,0,0,1,36,2025-12-13 10:41:03,mobile,US,a00114,indie
u00605,s000480,PLAY,11,0,0,0,276,2025-09-30 06:09:57,mobile,US,a00009,jazz
u00939,s000016,play,11,0,0,0,346,2025-08-14 04:40:44,mobile,US,a00037,pop
u00632,s000481,LIKE,15,1,0,0,293,2025-05-25 07:39:38,mobile,US,a00157,classical
u00219,s000020,like,5,1,0,0,326,2025-12-08 23:05:13,mobile,US,a00182,indie
u00865,s000004,play,14,0,0,0,284,2025-04-11 19:07:05,mobile,US,a00134,rock
u00221,s000039,play,12,0,0,0,194,2025-12-07 23:42:24,mobile,US,a00156,jazz
u00104,s000196,play,17,0,0,0,342,2025-06-26 11:45:52,mobile,US,a00102,pop
u00943,s000478,SKIP,1,0,0,1,56,2025-07-11 23:06:08,mobile,US,a00183,edm
u00788,s000038,skip,1,0,0,1,19,2025-05-29 03:45:27,mobile,US,a00014,rock
u00823,s000242,ADD_TO_PLAYLIST,12,1,0,0,244,2025-06-09 22:07:38,mobile,US,a00146,indie
u00816,s000469,play,19,0,0,0,283,2025-08-01 13:19:58,mobile,US,a00095,rock
u00781,s000265,like,15,1,0,0,215,2025-12-24 03:42:10,mobile,US,a00052,jazz
u00754,s000035,play,7,0,0,0,354,2025-03-30 04:35:09,mobile,US,a00108,pop
u00062,s000010,ADD_TO_PLAYLIST,5,1,0,0,228,2025-03-08 06:54:48,mobile,US,a00110,classical
u00860,s000090,play,10,0,0,0,340,2025-03-28 01:55:07,mobile,US,a00028,hip-hop
u00480,s000292,ADD_TO_PLAYLIST,6,1,0,0,200,2025-04-15 07:47:58,mobile,US,a00074,hip-hop
u00995,s000398,play,1,0,0,0,44,2025-04-23 13:54:13,mobile,US,a00117,hip-hop
u00740,s000377,skip,1,0,0,1,17,2025-07-16 09:49:03,mobile,US,a00101,classical
u00296,s000025,play,12,0,0,0,357,2025-04-10 21:35:31,mobile,US,a00009,edm
u00846,s000022,play,8,0,0,0,343,2025-06-16 16:26:37,mobile,US,a00195,pop
u00241,s000092,PLAY,1,0,0,0,9,2025-05-22 12:31:26,mobile,US,a00040,latin
u00341,s000008,PLAY,7,0,0,0,186,2025-07-10 18:45:39,mobile,US,a00191,hip-hop
u00086,s000033,ADD_TO_PLAYLIST,13,1,0,0,326,2025-05-05 08:05:20,mobile,US,a00158,edm
u00296,s000012,play,6,0,0,0,259,2025-08-23 03:33:39,mobile,US,a00032,edm
u00911,s000007,play,13,0,0,0,376,2025-01-31 03:00:07,mobile,US,a00041,classical
u00723,s000021,ADD_TO_PLAYLIST,8,1,0,0,332,2025-07-18 12:54:06,mobile,US,a00032,rock
u00426,s000486,PLAY,1,0,0,0,9,2025-02-07 17:56:05,mobile,US,a00064,indie
u00527,s000494,skip,1,0,0,1,42,2025-08-16 18:34:26,mobile,US,a00145,edm
u00425,s000399,PLAY,15,0,0,0,257,2025-02-24 02:51:59,mobile,US,a00197,classical
u00049,s000182,skip,1,0,0,1,58,2025-06-28 00:43:57,mobile,US,a00077,latin
u00850,s000099,PLAY,1,0,0,0,22,2025-07-18 14:45:10,mobile,US,a00089,jazz
u00349,s000001,play,13,0,0,0,352,2025-02-15 00:22:39,mobile,US,a00197,indie
u00669,s000042,like,17,1,0,0,258,2025-11-15 20:18:52,mobile,US,a00156,indie
u00182,s000025,play,18,0,0,0,205,2025-07-19 05:27:56,mobile,US,a00009,edm
u00196,s000026,LIKE,16,1,0,0,380,2025-09-22 04:13:50,mobile,US,a00004,pop
u00700,s000025,SKIP,1,0,0,1,15,2025-07-10 23:55:40,mobile,US,a00009,edm
u00522,s000285,PLAY,9,0,0,0,244,2025-05-26 03:29:31,mobile,US,a00003,edm
u00397,s000465,ADD_TO_PLAYLIST,10,1,0,0,385,2025-02-07 13:31:38,mobile,US,a00012,edm
u00752,s000035,PLAY,17,0,0,0,192,2025-09-08 04:07:46,mobile,US,a00108,pop
u00665,s000040,play,8,0,0,0,361,2025-10-14 08:29:19,mobile,US,a00135,classical
u00196,s000162,like,17,1,0,0,251,2025-01-13 11:16:46,mobile,US,a00103,pop
u00508,s000018,PLAY,10,0,0,0,227,2025-08-26 18:03:35,mobile,US,a00096,latin
u00827,s000023,PLAY,8,0,0,0,183,2025-10-18 21:06:47,mobile,US,a00085,pop
u00818,s000183,add_to_playlist,15,1,0,0,222,2025-12-02 06:49:01,mobile,US,a00114,hip-hop
u00519,s000369,like,10,1,0,0,372,2025-12-26 20:00:38,mobile,US,a00041,pop
u00407,s000245,like,12,1,0,0,215,2025-10-23 16:06:13,mobile,US,a00146,latin
u00072,s000032,LIKE,12,1,0,0,286,2025-09-08 18:52:03,mobile,US,a00140,rock
u00739,s000008,like,17,1,0,0,395,2025-07-30 08:39:04,mobile,US,a00191,hip-hop
u00328,s000036,play,17,0,0,0,200,2025-02-17 03:04:49,mobile,US,a00179,latin
u00940,s000356,play,11,0,0,0,360,2025-03-20 22:21:18,mobile,US,a00147,hip-hop
u00145,s000342,like,19,1,0,0,231,2025-01-06 16:05:22,mobile,US,a00163,indie
u00166,s000036,ADD_TO_PLAYLIST,10,1,0,0,368,2025-06-01 23:43:24,mobile,US,a00179,latin
u00873,s000003,play,10,0,0,0,364,2025-02-19 04:22:21,mobile,US,a00066,rock
u00641,s000033,play,18,0,0,0,240,2025-05-23 03:10:06,mobile,US,a00158,edm
u00582,s000133,SKIP,1,0,0,1,8,2025-02-01 04:58:34,mobile,US,a00186,indie
u00533,s000021,LIKE,16,1,0,0,188,2025-10-11 06:23:04,mobile,US,a00032,rock
u00398,s000258,play,13,0,0,0,195,2025-08-13 20:31:03,mobile,US,a00118,latin
u00928,s000015,play,12,0,0,0,398,2025-01-08 07:43:41,mobile,US,a00156,edm
u00575,s000012,PLAY,17,0,0,0,285,2025-09-09 07:34:18,mobile,US,a00032,edm
u00562,s000020,add_to_playlist,17,1,0,0,220,2025-09-12 08:01:47,mobile,US,a00182,indie
u00239,s000036,ADD_TO_PLAYLIST,6,1,0,0,324,2025-03-10 04:29:53,mobile,US,a00179,latin
u00343,s000022,ADD_TO_PLAYLIST,6,1,0,0,239,2025-05-15 12:35:03,mobile,US,a00195,pop
u00084,s000234,PLAY,1,0,0,0,11,2025-06-27 14:38:52,mobile,US,a00054,pop
u00288,s000290,like,12,1,0,0,353,2025-07-09 09:41:23,mobile,US,a00097,rock
u00896,s000361,ADD_TO_PLAYLIST,9,1,0,0,312,2025-12-10 23:41:40,mobile,US,a00193,edm
u00307,s000022,PLAY,17,0,0,0,343,2025-10-16 16:07:56,mobile,US,a00195,pop
u00580,s000097,play,11,0,0,0,324,2025-05-13 15:11:38,mobile,US,a00100,edm
u00070,s000023,PLAY,6,0,0,0,248,2025-06-09 18:18:30,mobile,US,a00085,pop
u00724,s000032,PLAY,8,0,0,0,328,2025-04-17 03:35:42,mobile,US,a00140,rock
u00528,s000131,LIKE,6,1,0,0,185,2025-11-05 17:04:05,mobile,US,a00127,pop
u00628,s000042,add_to_playlist,5,1,0,0,320,2025-04-17 22:27:18,mobile,US,a00156,indie
u00371,s000009,LIKE,9,1,0,0,365,2025-08-19 09:05:26,mobile,US,a00014,latin
u00250,s000015,LIKE,12,1,0,0,224,2025-02-15 08:09:02,mobile,US,a00156,edm
u00675,s000011,play,18,0,0,0,386,2025-09-06 22:45:25,mobile,US,a00156,classical
u00378,s000016,PLAY,16,0,0,0,220,2025-10-09 23:46:53,mobile,US,a00037,pop
u00697,s000026,play,11,0,0,0,351,2025-11-01 02:27:01,mobile,US,a00004,pop
u00876,s000023,PLAY,18,0,0,0,197,2025-09-21 12:11:40,mobile,US,a00085,pop
u00571,s000027,play,19,0,0,0,358,2025-09-09 06:15:12,mobile,US,a00122,jazz
u00756,s000308,SKIP,1,0,0,1,16,2025-11-10 14:08:32,mobile,US,a00116,rock
u00250,s000015,PLAY,10,0,0,0,281,2025-12-31 09:38:50,mobile,US,a00156,edm
u00477,s000036,add_to_playlist,9,1,0,0,205,2025-10-16 04:08:07,mobile,US,a00179,latin
u00343,s000023,LIKE,19,1,0,0,334,2025-12-14 08:31:04,mobile,US,a00085,pop
u00952,s000011,LIKE,9,1,0,0,372,2025-10-19 00:32:33,mobile,US,a00156,classical
u00497,s000006,add_to_playlist,13,1,0,0,309,2025-05-15 06:30:22,mobile,US,a00199,hip-hop
u00201,s000184,play,5,0,0,0,381,2025-07-26 23:39:07,mobile,US,a00174,latin
u00741,s000025,PLAY,16,0,0,0,182,2025-06-06 18:10:17,mobile,US,a00009,edm
u00020,s000342,SKIP,1,0,0,1,14,2025-08-12 06:52:27,mobile,US,a00163,indie
u00806,s000009,like,12,1,0,0,393,2025-07-14 16:06:07,mobile,US,a00014,latin
u00075,s000016,add_to_playlist,7,1,0,0,398,2025-07-03 19:03:46,mobile,US,a00037,pop
u00618,s000042,PLAY,18,0,0,0,232,2025-11-29 12:05:42,mobile,US,a00156,indie
u00043,s000031,PLAY,8,0,0,0,203,2025-11-18 20:42:21,mobile,US,a00037,latin
u00575,s000015,LIKE,10,1,0,0,235,2025-04-06 19:34:13,mobile,US,a00156,edm
u00427,s000083,LIKE,16,1,0,0,300,2025-06-22 04:50:51,mobile,US,a00126,hip-hop
u00014,s000333,play,17,0,0,0,315,2025-12-09 02:58:43,mobile,US,a00180,latin
u00069,s000020,play,1,0,0,0,53,2025-06-27 10:26:33,mobile,US,a00182,indie
u00590,s000297,like,10,1,0,0,284,2025-07-28 09:33:27,mobile,US,a00041,rock
u00527,s000145,skip,1,0,0,1,6,2025-07-30 00:48:29,mobile,US,a00028,edm
u00190,s000001,like,10,1,0,0,321,2025-01-06 22:46:44,mobile,US,a00197,indie
u00172,s000045,PLAY,7,0,0,0,292,2025-07-21 09:32:17,mobile,US,a00075,jazz
u00722,s000006,PLAY,11,0,0,0,359,2025-02-18 02:55:52,mobile,US,a00199,hip-hop
u00078,s000115,like,18,1,0,0,193,2025-02-04 14:58:59,mobile,US,a00179,indie
u00256,s000151,play,1,0,0,0,40,2025-07-26 08:34:39,mobile,US,a00048,classical
u00136,s000241,skip,1,0,0,1,24,2025-04-24 05:39:05,mobile,US,a00084,hip-hop
u00445,s000099,LIKE,12,1,0,0,380,2025-08-12 07:33:08,mobile,US,a00089,jazz
u00578,s000035,PLAY,18,0,0,0,198,2025-05-15 03:56:05,mobile,US,a00108,pop
u00062,s000007,LIKE,11,1,0,0,289,2025-06-24 12:36:37,mobile,US,a00041,classical
u00555,s000227,play,14,0,0,0,296,2025-11-18 21:12:05,mobile,US,a00119,latin
u00230,s000000,ADD_TO_PLAYLIST,9,1,0,0,231,2025-05-27 09:26:22,mobile,US,a00178,edm
u00032,s000006,ADD_TO_PLAYLIST,12,1,0,0,312,2025-05-28 08:32:00,mobile,US,a00199,hip-hop
u00270,s000421,skip,1,0,0,1,50,2025-03-02 04:34:04,mobile,US,a00116,rock
u00510,s000003,play,16,0,0,0,290,2025-07-14 04:47:54,mobile,US,a00066,rock
u00291,s000017,PLAY,8,0,0,0,331,2025-04-23 20:36:41,mobile,US,a00184,jazz
u00404,s000024,play,12,0,0,0,336,2025-11-02 06:23:51,mobile,US,a00065,latin
u00504,s000441,skip,1,0,0,1,40,2025-05-08 19:49:02,mobile,US,a00097,pop
u00033,s000026,PLAY,14,0,0,0,326,2025-11-22 14:22:06,mobile,US,a00004,pop
u00333,s000027,PLAY,16,0,0,0,233,2025-02-16 23:21:58,mobile,US,a00122,jazz
u00731,s000430,ADD_TO_PLAYLIST,17,1,0,0,235,2025-06-29 02:13:00,mobile,US,a00166,rock
u00167,s000412,skip,1,0,0,1,8,2025-07-13 09:26:43,mobile,US,a00015,classical
u00949,s000014,LIKE,19,1,0,0,281,2025-02-08 21:36:06,mobile,US,a00163,classical
u00812,s000032,play,18,0,0,0,203,2025-04-17 18:52:57,mobile,US,a00140,rock
u00268,s000020,ADD_TO_PLAYLIST,7,1,0,0,234,2025-08-04 10:53:29,mobile,US,a00182,indie
u00354,s000009,PLAY,8,0,0,0,325,2025-06-30 00:28:07,mobile,US,a00014,latin
u00790,s000020,SKIP,1,0,0,1,30,2025-07-05 17:51:29,mobile,US,a00182,indie
u00129,s000083,ADD_TO_PLAYLIST,17,1,0,0,326,2025-07-18 09:12:12,mobile,US,a00126,hip-hop
u00839,s000064,play,1,0,0,0,52,2025-05-25 01:09:34,mobile,US,a00022,edm
u00947,s000227,LIKE,12,1,0,0,386,2025-06-24 17:19:39,mobile,US,a00119,latin
u00868,s000020,PLAY,10,0,0,0,313,2025-01-13 17:02:48,mobile,US,a00182,indie
u00111,s000388,play,9,0,0,0,371,2025-09-08 18:48:57,mobile,US,a00056,indie
u00697,s000035,LIKE,11,1,0,0,382,2025-12-20 02:18:36,mobile,US,a00108,pop
u00151,s000045,LIKE,11,1,0,0,256,2025-12-22 06:42:21,mobile,US,a00075,jazz
u00549,s000020,add_to_playlist,9,1,0,0,233,2025-09-30 03:20:34,mobile,US,a00182,indie
u00219,s000430,skip,1,0,0,1,15,2025-04-28 21:12:31,mobile,US,a00166,rock
u00494,s000005,play,19,0,0,0,388,2025-11-05 21:50:28,mobile,US,a00178,classical
u00720,s000016,LIKE,19,1,0,0,282,2025-02-20 04:09:25,mobile,US,a00037,pop
u00669,s000146,like,13,1,0,0,316,2025-08-18 22:34:51,mobile,US,a00062,indie
u00137,s000021,PLAY,10,0,0,0,309,2025-02-15 15:19:43,mobile,US,a00032,rock
u00155,s000022,add_to_playlist,16,1,0,0,331,2025-10-07 01:07:15,mobile,US,a00195,pop
u00183,s000039,PLAY,6,0,0,0,221,2025-03-02 22:54:00,mobile,US,a00156,jazz
u00986,s000211,LIKE,6,1,0,0,255,2025-01-28 13:10:32,mobile,US,a00056,hip-hop
u00700,s000016,play,9,0,0,0,302,2025-10-12 01:35:43,mobile,US,a00037,pop
u00783,s000083,play,11,0,0,0,275,2025-05-10 19:49:37,mobile,US,a00126,hip-hop
u00805,s000014,PLAY,1,0,0,0,42,2025-07-06 01:03:26,mobile,US,a00163,classical
u00371,s000024,LIKE,13,1,0,0,375,2025-10-05 00:32:02,mobile,US,a00065,latin
u00098,s000097,add_to_playlist,18,1,0,0,389,2025-01-29 16:11:52,mobile,US,a00100,edm
u00814,s000288,add_to_playlist,6,1,0,0,343,2025-05-31 19:48:13,mobile,US,a00028,hip-hop
u00796,s000005,LIKE,9,1,0,0,327,2025-07-07 01:57:33,mobile,US,a00178,classical
u00135,s000279,skip,1,0,0,1,5,2025-03-04 21:02:41,mobile,US,a00008,hip-hop
u00050,s000020,PLAY,13,0,0,0,304,2025-08-09 23:33:10,mobile,US,a00182,indie
u00374,s000041,play,1,0,0,0,29,2025-09-15 11:26:13,mobile,US,a00004,pop
u00112,s000174,PLAY,1,0,0,0,8,2025-09-25 23:16:17,mobile,US,a00048,rock
u00220,s000483,play,1,0,0,0,25,2025-06-25 13:37:07,mobile,US,a00102,rock
u00064,s000020,PLAY,13,0,0,0,224,2025-07-03 23:37:19,mobile,US,a00182,indie
u00553,s000090,PLAY,14,0,0,0,214,2025-06-14 18:07:54,mobile,US,a00028,hip-hop
u00040,s000065,PLAY,11,0,0,0,326,2025-07-01 12:56:48,mobile,US,a00046,jazz
u00704,s000418,add_to_playlist,13,1,0,0,349,2025-10-02 13:45:05,mobile,US,a00134,classical
u00458,s000013,like,14,1,0,0,283,2025-02-14 00:42:58,mobile,US,a00154,jazz
u00353,s000018,LIKE,6,1,0,0,384,2025-05-13 02:55:48,mobile,US,a00096,latin
u00307,s000026,PLAY,6,0,0,0,235,2025-06-12 10:54:41,mobile,US,a00004,pop
u00986,s000008,PLAY,8,0,0,0,307,2025-01-10 23:59:56,mobile,US,a00191,hip-hop
u00367,s000487,SKIP,1,0,0,1,59,2025-09-04 10:36:19,mobile,US,a00176,rock
u00513,s000012,LIKE,5,1,0,0,202,2025-03-23 13:21:32,mobile,US,a00032,edm
u00922,s000003,like,14,1,0,0,281,2025-03-02 03:33:36,mobile,US,a00066,rock
u00442,s000443,PLAY,1,0,0,0,31,2025-12-21 05:36:01,mobile,US,a00036,jazz
u00801,s000000,ADD_TO_PLAYLIST,16,1,0,0,198,2025-08-27 00:19:28,mobile,US,a00178,edm
u00049,s000097,add_to_playlist,19,1,0,0,207,2025-03-25 15:00:06,mobile,US,a00100,edm
u00832,s000013,ADD_TO_PLAYLIST,16,1,0,0,358,2025-08-06 04:34:28,mobile,US,a00154,jazz
u00281,s000006,PLAY,9,0,0,0,181,2025-06-11 01:40:10,mobile,US,a00199,hip-hop
u00122,s000035,ADD_TO_PLAYLIST,16,1,0,0,248,2025-05-04 20:06:27,mobile,US,a00108,pop
u00058,s000372,SKIP,1,0,0,1,48,2025-08-19 20:16:14,mobile,US,a00034,latin
u00813,s000006,add_to_playlist,12,1,0,0,328,2025-12-13 18:01:17,mobile,US,a00199,hip-hop
u00352,s000002,play,6,0,0,0,221,2025-04-12 04:26:32,mobile,US,a00133,rock
u00197,s000398,PLAY,18,0,0,0,322,2025-02-14 11:29:56,mobile,US,a00117,hip-hop
u00043,s000024,PLAY,19,0,0,0,197,2025-06-29 06:57:58,mobile,US,a00065,latin
u00650,s000300,like,7,1,0,0,248,2025-12-30 06:17:18,mobile,US,a00165,indie
u00333,s000017,like,8,1,0,0,396,2025-07-03 06:04:47,mobile,US,a00184,jazz
u00173,s000294,play,12,0,0,0,244,2025-10-26 06:47:52,mobile,US,a00145,hip-hop
u00155,s000023,ADD_TO_PLAYLIST,19,1,0,0,227,2025-10-15 01:03:01,mobile,US,a00085,pop
u00589,s000010,PLAY,7,0,0,0,252,2025-06-17 01:09:56,mobile,US,a00110,classical
u00945,s000001,PLAY,5,0,0,0,383,2025-04-28 15:57:27,mobile,US,a00197,indie
u00532,s000194,PLAY,1,0,0,0,59,2025-02-24 10:44:10,mobile,US,a00156,pop
u00323,s000022,like,15,1,0,0,239,2025-12-01 02:38:35,mobile,US,a00195,pop
u00997,s000449,PLAY,11,0,0,0,396,2025-10-28 22:38:25,mobile,US,a00014,hip-hop
u00455,s000025,skip,1,0,0,1,8,2025-02-28 18:25:54,mobile,US,a00009,edm
u00457,s000092,LIKE,7,1,0,0,301,2025-09-04 04:04:15,mobile,US,a00040,latin
u00379,s000155,PLAY,16,0,0,0,221,2025-03-29 11:01:24,mobile,US,a00104,rock
u00080,s000175,play,14,0,0,0,300,2025-12-10 02:17:51,mobile,US,a00172,indie
u00961,s000184,PLAY,1,0,0,0,47,2025-11-09 12:31:43,mobile,US,a00174,latin
u00598,s000045,PLAY,1,0,0,0,41,2025-11-25 03:43:13,mobile,US,a00075,jazz
u00736,s000385,play,17,0,0,0,390,2025-12-12 17:29:27,mobile,US,a00188,hip-hop
u00713,s000090,like,15,1,0,0,298,2025-01-11 07:01:37,mobile,US,a00028,hip-hop
u00774,s000094,play,7,0,0,0,206,2025-09-12 18:01:51,mobile,US,a00150,pop
u00342,s000027,ADD_TO_PLAYLIST,10,1,0,0,355,2025-05-27 14:31:56,mobile,US,a00122,jazz
u00494,s000007,play,6,0,0,0,220,2025-03-28 18:41:14,mobile,US,a00041,classical
u00474,s000039,add_to_playlist,11,1,0,0,372,2025-08-20 03:33:09,mobile,US,a00156,jazz
u00005,s000024,PLAY,17,0,0,0,217,2025-06-25 09:19:03,mobile,US,a00065,latin
u00248,s000082,PLAY,1,0,0,0,19,2025-03-09 02:36:04,mobile,US,a00071,classical
u00386,s000027,LIKE,17,1,0,0,238,2025-09-01 10:37:15,mobile,US,a00122,jazz
u00252,s000006,play,8,0,0,0,361,2025-01-14 15:39:28,mobile,US,a00199,hip-hop
u00122,s000099,SKIP,1,0,0,1,11,2025-04-03 22:33:33,mobile,US,a00089,jazz
u00729,s000083,add_to_playlist,10,1,0,0,188,2025-05-27 18:25:24,mobile,US,a00126,hip-hop
u00862,s000026,LIKE,14,1,0,0,286,2025-02-09 00:08:36,mobile,US,a00004,pop
u00138,s000030,PLAY,16,0,0,0,369,2025-04-19 07:03:43,mobile,US,a00117,indie
u00018,s000031,play,9,0,0,0,381,2025-09-28 04:31:43,mobile,US,a00037,latin
u00584,s000025,PLAY,11,0,0,0,206,2025-03-08 20:41:42,mobile,US,a00009,edm
u00304,s000022,play,15,0,0,0,351,2025-07-01 20:54:46,mobile,US,a00195,pop
u00840,s000007,skip,1,0,0,1,11,2025-07-21 05:30:42,mobile,US,a00041,classical
u00845,s000324,play,16,0,0,0,321,2025-05-17 03:18:49,mobile,US,a00189,classical
u00129,s000383,play,11,0,0,0,389,2025-07-04 20:04:01,mobile,US,a00186,hip-hop
u00534,s000017,add_to_playlist,5,1,0,0,335,2025-05-08 05:39:58,mobile,US,a00184,jazz
u00237,s000000,PLAY,9,0,0,0,258,2025-05-13 18:54:34,mobile,US,a00178,edm
u00708,s000394,SKIP,1,0,0,1,27,2025-01-22 05:20:01,mobile,US,a00082,classical
u00766,s000213,SKIP,1,0,0,1,44,2025-02-26 02:30:18,mobile,US,a00186,edm
u00237,s000157,play,1,0,0,0,5,2025-08-13 09:17:51,mobile,US,a00147,rock
u00647,s000420,play,9,0,0,0,227,2025-09-16 22:46:59,mobile,US,a00078,rock
u00099,s000014,add_to_playlist,18,1,0,0,225,2025-08-02 03:28:23,mobile,US,a00163,classical
u00216,s000381,play,14,0,0,0,224,2025-05-16 15:14:18,mobile,US,a00100,hip-hop
u00046,s000024,PLAY,17,0,0,0,344,2025-02-13 16:22:30,mobile,US,a00065,latin
u00735,s000039,like,12,1,0,0,207,2025-02-02 15:54:57,mobile,US,a00156,jazz
u00097,s000006,PLAY,14,0,0,0,274,2025-10-30 05:23:07,mobile,US,a00199,hip-hop
u00384,s000014,add_to_playlist,9,1,0,0,324,2025-02-14 08:20:57,mobile,US,a00163,classical
u00517,s000231,SKIP,1,0,0,1,9,2025-10-20 13:47:24,mobile,US,a00164,latin
u00524,s000023,ADD_TO_PLAYLIST,15,1,0,0,286,2025-12-19 03:08:00,mobile,US,a00085,pop
u00199,s000261,add_to_playlist,10,1,0,0,331,2025-05-25 19:27:41,mobile,US,a00004,jazz
u00431,s000207,LIKE,15,1,0,0,189,2025-01-29 11:08:08,mobile,US,a00134,edm
u00467,s000374,skip,1,0,0,1,32,2025-08-22 11:54:35,mobile,US,a00107,jazz
u00373,s000449,skip,1,0,0,1,41,2025-09-04 20:04:05,mobile,US,a00014,hip-hop
u00254,s000215,play,9,0,0,0,291,2025-10-29 15:32:57,mobile,US,a00053,rock
u00891,s000066,skip,1,0,0,1,23,2025-06-04 04:09:51,mobile,US,a00089,classical
u00286,s000003,PLAY,6,0,0,0,226,2025-09-10 20:18:43,mobile,US,a00066,rock
u00008,s000173,like,12,1,0,0,373,2025-07-09 05:32:29,mobile,US,a00028,indie
u00226,s000005,LIKE,13,1,0,0,260,2025-03-29 08:45:52,mobile,US,a00178,classical
u00809,s000010,PLAY,7,0,0,0,239,2025-07-10 08:11:58,mobile,US,a00110,classical
u00656,s000042,LIKE,9,1,0,0,291,2025-10-13 21:08:08,mobile,US,a00156,indie
u00878,s000007,PLAY,11,0,0,0,220,2025-04-08 09:47:12,mobile,US,a00041,classical
u00167,s000317,skip,1,0,0,1,23,2025-01-13 00:54:22,mobile,US,a00011,latin
u00220,s000439,play,17,0,0,0,184,2025-09-29 15:24:42,mobile,US,a00187,jazz
u00459,s000045,like,10,1,0,0,286,2025-10-14 14:44:03,mobile,US,a00075,jazz
u00000,s000234,skip,1,0,0,1,26,2025-11-26 08:55:14,mobile,US,a00054,pop
u00555,s000036,like,16,1,0,0,196,2025-03-16 14:08:09,mobile,US,a00179,latin
u00211,s000359,LIKE,13,1,0,0,387,2025-05-23 16:03:27,mobile,US,a00108,indie
u00416,s000007,add_to_playlist,19,1,0,0,351,2025-09-24 10:10:57,mobile,US,a00041,classical
u00708,s000245,play,6,0,0,0,332,2025-08-16 01:30:15,mobile,US,a00146,latin
u00769,s000389,play,8,0,0,0,228,2025-08-06 16:33:08,mobile,US,a00054,rock
u00933,s000125,play,1,0,0,0,57,2025-03-04 03:50:07,mobile,US,a00037,latin
u00661,s000017,like,10,1,0,0,360,2025-08-24 14:50:12,mobile,US,a00184,jazz
u00619,s000325,PLAY,1,0,0,0,27,2025-02-26 03:47:13,mobile,US,a00121,rock
u00805,s000410,like,13,1,0,0,279,2025-04-23 05:25:37,mobile,US,a00031,hip-hop
u00588,s000059,PLAY,18,0,0,0,376,2025-12-28 17:59:40,mobile,US,a00073,hip-hop
u00799,s000049,SKIP,1,0,0,1,53,2025-06-18 10:10:58,mobile,US,a00094,rock
u00666,s000436,LIKE,12,1,0,0,340,2025-12-23 04:20:34,mobile,US,a00158,edm
u00468,s000010,like,13,1,0,0,269,2025-06-29 06:22:03,mobile,US,a00110,classical
u00159,s000102,add_to_playlist,9,1,0,0,389,2025-11-03 20:56:26,mobile,US,a00181,hip-hop
u00725,s000161,play,19,0,0,0,240,2025-09-01 23:59:58,mobile,US,a00188,classical
u00094,s000338,ADD_TO_PLAYLIST,19,1,0,0,213,2025-05-24 21:28:38,mobile,US,a00148,edm
u00082,s000391,play,1,0,0,0,17,2025-12-30 23:27:23,mobile,US,a00011,edm
u00933,s000004,play,9,0,0,0,269,2025-10-13 23:43:03,mobile,US,a00134,rock
u00267,s000249,PLAY,1,0,0,0,31,2025-11-13 02:29:59,mobile,US,a00081,hip-hop
u00889,s000032,LIKE,7,1,0,0,325,2025-09-30 19:05:18,mobile,US,a00140,rock
u00640,s000000,LIKE,15,1,0,0,250,2025-09-10 01:42:49,mobile,US,a00178,edm
u00797,s000042,PLAY,7,0,0,0,345,2025-08-05 00:26:36,mobile,US,a00156,indie
u00873,s000004,like,14,1,0,0,310,2025-12-25 04:08:50,mobile,US,a00134,rock
u00169,s000000,add_to_playlist,16,1,0,0,248,2025-01-27 16:18:49,mobile,US,a00178,edm
u00801,s000033,LIKE,10,1,0,0,302,2025-11-09 20:10:42,mobile,US,a00158,edm
u00910,s000037,PLAY,1,0,0,0,27,2025-01-10 10:39:42,mobile,US,a00183,indie
u00135,s000005,LIKE,19,1,0,0,201,2025-08-04 19:05:56,mobile,US,a00178,classical
u00125,s000018,add_to_playlist,17,1,0,0,390,2025-09-29 02:38:31,mobile,US,a00096,latin
u00684,s000087,PLAY,1,0,0,0,59,2025-08-08 01:03:27,mobile,US,a00121,latin
u00679,s000120,ADD_TO_PLAYLIST,6,1,0,0,388,2025-12-15 19:20:19,mobile,US,a00034,pop
u00648,s000031,play,5,0,0,0,203,2025-03-12 07:31:30,mobile,US,a00037,latin
u00221,s000045,like,17,1,0,0,324,2025-04-22 15:08:52,mobile,US,a00075,jazz
u00603,s000464,skip,1,0,0,1,52,2025-01-21 23:22:26,mobile,US,a00157,jazz
u00778,s000009,play,6,0,0,0,257,2025-11-25 15:42:57,mobile,US,a00014,latin
u00707,s000031,PLAY,9,0,0,0,310,2025-11-08 09:57:38,mobile,US,a00037,latin
u00269,s000045,play,10,0,0,0,345,2025-06-06 19:51:46,mobile,US,a00075,jazz
u00044,s000090,play,5,0,0,0,222,2025-09-25 16:53:56,mobile,US,a00028,hip-hop
u00430,s000003,play,19,0,0,0,344,2025-10-27 02:04:05,mobile,US,a00066,rock
u00720,s000016,play,14,0,0,0,288,2025-05-19 05:17:03,mobile,US,a00037,pop
u00605,s000039,ADD_TO_PLAYLIST,8,1,0,0,389,2025-10-10 02:48:04,mobile,US,a00156,jazz
u00986,s000059,play,19,0,0,0,397,2025-08-20 11:44:55,mobile,US,a00073,hip-hop
u00798,s000003,PLAY,8,0,0,0,189,2025-10-05 12:06:42,mobile,US,a00066,rock
u00270,s000128,like,8,1,0,0,363,2025-06-06 02:20:34,mobile,US,a00161,edm
u00144,s000321,skip,1,0,0,1,47,2025-09-23 01:57:56,mobile,US,a00172,jazz
u00687,s000011,PLAY,11,0,0,0,217,2025-05-09 06:27:55,mobile,US,a00156,classical
u00473,s000076,skip,1,0,0,1,57,2025-01-03 20:36:08,mobile,US,a00170,edm
u00054,s000001,play,18,0,0,0,282,2025-10-15 21:33:22,mobile,US,a00197,indie
u00471,s000364,add_to_playlist,15,1,0,0,356,2025-01-01 21:29:07,mobile,US,a00016,latin
u00170,s000031,PLAY,18,0,0,0,276,2025-05-06 03:49:00,mobile,US,a00037,latin
u00599,s000145,ADD_TO_PLAYLIST,14,1,0,0,257,2025-09-01 01:32:51,mobile,US,a00028,edm
u00506,s000124,SKIP,1,0,0,1,59,2025-12-25 18:40:27,mobile,US,a00074,edm
u00869,s000146,play,1,0,0,0,47,2025-05-12 12:45:54,mobile,US,a00062,indie
u00722,s000211,PLAY,15,0,0,0,234,2025-11-04 17:47:38,mobile,US,a00056,hip-hop
u00038,s000003,LIKE,10,1,0,0,206,2025-01-20 04:01:34,mobile,US,a00066,rock
u00154,s000005,ADD_TO_PLAYLIST,8,1,0,0,189,2025-01-16 00:03:01,mobile,US,a00178,classical
u00492,s000021,ADD_TO_PLAYLIST,16,1,0,0,252,2025-07-10 08:22:30,mobile,US,a00032,rock
u00195,s000050,like,16,1,0,0,306,2025-05-06 14:06:20,mobile,US,a00114,pop
u00375,s000366,SKIP,1,0,0,1,56,2025-07-23 21:15:53,mobile,US,a00060,jazz
u00321,s000408,SKIP,1,0,0,1,27,2025-03-28 23:34:17,mobile,US,a00025,indie
u00419,s000015,ADD_TO_PLAYLIST,15,1,0,0,256,2025-08-14 09:44:57,mobile,US,a00156,edm
u00120,s000142,PLAY,5,0,0,0,298,2025-12-18 21:58:06,mobile,US,a00087,latin
u00575,s000000,ADD_TO_PLAYLIST,7,1,0,0,218,2025-06-26 05:01:32,mobile,US,a00178,edm
u00599,s000000,ADD_TO_PLAYLIST,13,1,0,0,370,2025-08-29 02:32:21,mobile,US,a00178,edm
u00686,s000015,PLAY,5,0,0,0,248,2025-01-30 00:02:57,mobile,US,a00156,edm
u00313,s000001,PLAY,6,0,0,0,192,2025-09-18 16:28:55,mobile,US,a00197,indie
u00298,s000005,LIKE,13,1,0,0,252,2025-01-27 10:26:37,mobile,US,a00178,classical
u00991,s000249,add_to_playlist,8,1,0,0,269,2025-05-24 10:42:20,mobile,US,a00081,hip-hop
u00636,s000180,SKIP,1,0,0,1,40,2025-08-09 11:00:45,mobile,US,a00017,edm
u00125,s000231,PLAY,19,0,0,0,270,2025-10-30 17:14:19,mobile,US,a00164,latin
u00382,s000006,PLAY,12,0,0,0,397,2025-05-27 15:40:31,mobile,US,a00199,hip-hop
u00403,s000466,skip,1,0,0,1,40,2025-04-05 20:46:43,mobile,US,a00140,pop
u00433,s000031,LIKE,6,1,0,0,250,2025-11-01 20:25:03,mobile,US,a00037,latin
u00810,s000265,ADD_TO_PLAYLIST,16,1,0,0,383,2025-12-27 23:28:57,mobile,US,a00052,jazz
u00850,s000490,SKIP,1,0,0,1,40,2025-03-03 15:24:30,mobile,US,a00141,rock
u00504,s000250,ADD_TO_PLAYLIST,11,1,0,0,339,2025-06-19 05:53:35,mobile,US,a00001,indie
u00106,s000012,ADD_TO_PLAYLIST,6,1,0,0,358,2025-01-12 02:23:32,mobile,US,a00032,edm
u00200,s000042,PLAY,12,0,0,0,355,2025-04-10 19:35:38,mobile,US,a00156,indie
u00200,s000030,ADD_TO_PLAYLIST,11,1,0,0,378,2025-09-08 06:55:40,mobile,US,a00117,indie
u00290,s000021,add_to_playlist,8,1,0,0,368,2025-01-07 11:19:28,mobile,US,a00032,rock
u00573,s000435,play,15,0,0,0,389,2025-01-31 05:48:22,mobile,US,a00013,pop
u00027,s000026,play,17,0,0,0,202,2025-06-14 14:21:40,mobile,US,a00004,pop
u00050,s000042,ADD_TO_PLAYLIST,14,1,0,0,314,2025-12-19 10:05:33,mobile,US,a00156,indie
u00526,s000045,play,16,0,0,0,399,2025-11-10 14:52:21,mobile,US,a00075,jazz
u00523,s000020,ADD_TO_PLAYLIST,16,1,0,0,346,2025-09-24 19:12:29,mobile,US,a00182,indie
u00104,s000214,PLAY,15,0,0,0,332,2025-06-24 22:31:14,mobile,US,a00071,pop
u00780,s000290,PLAY,9,0,0,0,246,2025-08-09 12:43:19,mobile,US,a00097,rock
u00695,s000356,like,5,1,0,0,377,2025-02-22 11:27:42,mobile,US,a00147,hip-hop
u00478,s000032,PLAY,18,0,0,0,261,2025-01-14 01:43:49,mobile,US,a00140,rock
u00327,s000042,add_to_playlist,9,1,0,0,312,2025-01-23 09:33:24,mobile,US,a00156,indie
u00874,s000131,ADD_TO_PLAYLIST,14,1,0,0,239,2025-07-20 13:00:50,mobile,US,a00127,pop
u00161,s000238,PLAY,9,0,0,0,371,2025-08-17 05:10:55,mobile,US,a00006,rock
u00878,s000010,add_to_playlist,13,1,0,0,276,2025-09-09 18:53:24,mobile,US,a00110,classical
u00551,s000008,play,13,0,0,0,248,2025-01-23 14:50:01,mobile,US,a00191,hip-hop
u00402,s000017,ADD_TO_PLAYLIST,19,1,0,0,308,2025-03-20 19:29:28,mobile,US,a00184,jazz
u00756,s000050,play,5,0,0,0,318,2025-12-15 21:40:00,mobile,US,a00114,pop
u00010,s000039,play,6,0,0,0,271,2025-05-11 03:34:26,mobile,US,a00156,jazz
u00935,s000115,PLAY,1,0,0,0,58,2025-04-09 20:46:02,mobile,US,a00179,indie
u00043,s000031,PLAY,17,0,0,0,271,2025-12-06 08:23:38,mobile,US,a00037,latin
u00852,s000329,like,5,1,0,0,254,2025-04-18 04:54:57,mobile,US,a00053,classical
u00648,s000405,add_to_playlist,19,1,0,0,314,2025-06-30 21:03:43,mobile,US,a00058,latin
u00254,s000032,like,15,1,0,0,249,2025-05-12 20:19:14,mobile,US,a00140,rock
u00003,s000289,skip,1,0,0,1,16,2025-02-11 20:29:37,mobile,US,a00108,rock
u00043,s000009,play,12,0,0,0,274,2025-06-25 08:09:35,mobile,US,a00014,latin
u00221,s000027,add_to_playlist,12,1,0,0,268,2025-07-26 16:57:17,mobile,US,a00122,jazz
u00463,s000451,skip,1,0,0,1,51,2025-12-23 02:10:29,mobile,US,a00003,classical
u00126,s000479,play,1,0,0,0,31,2025-09-25 12:42:52,mobile,US,a00120,latin
u00981,s000018,add_to_playlist,8,1,0,0,196,2025-02-28 20:20:29,mobile,US,a00096,latin
u00824,s000031,LIKE,12,1,0,0,381,2025-09-14 11:18:34,mobile,US,a00037,latin
u00610,s000010,ADD_TO_PLAYLIST,17,1,0,0,331,2025-09-29 00:10:08,mobile,US,a00110,classical
u00851,s000072,PLAY,15,0,0,0,210,2025-09-29 04:14:39,mobile,US,a00189,pop
u00278,s000003,ADD_TO_PLAYLIST,6,1,0,0,191,2025-08-21 22:36:35,mobile,US,a00066,rock
u00307,s000410,SKIP,1,0,0,1,17,2025-01-28 21:46:37,mobile,US,a00031,hip-hop
u00636,s000059,SKIP,1,0,0,1,17,2025-06-20 15:31:08,mobile,US,a00073,hip-hop
u00769,s000002,play,9,0,0,0,356,2025-08-19 02:59:49,mobile,US,a00133,rock
u00859,s000042,LIKE,17,1,0,0,218,2025-03-07 13:21:49,mobile,US,a00156,indie
u00618,s000408,ADD_TO_PLAYLIST,6,1,0,0,358,2025-10-13 08:10:49,mobile,US,a00025,indie
u00885,s000063,add_to_playlist,19,1,0,0,312,2025-06-16 09:52:46,mobile,US,a00199,classical
u00712,s000032,ADD_TO_PLAYLIST,15,1,0,0,391,2025-09-30 23:39:23,mobile,US,a00140,rock
u00729,s000249,like,10,1,0,0,381,2025-12-30 04:46:24,mobile,US,a00081,hip-hop
u00847,s000082,PLAY,1,0,0,0,22,2025-10-29 07:12:59,mobile,US,a00071,classical
u00835,s000008,PLAY,14,0,0,0,354,2025-11-29 11:46:43,mobile,US,a00191,hip-hop
u00384,s000473,PLAY,1,0,0,0,46,2025-02-12 15:31:35,mobile,US,a00028,pop
u00713,s000059,PLAY,8,0,0,0,334,2025-08-24 19:16:54,mobile,US,a00073,hip-hop
u00690,s000026,like,19,1,0,0,312,2025-12-03 13:59:24,mobile,US,a00004,pop
u00355,s000020,like,19,1,0,0,321,2025-02-17 12:30:21,mobile,US,a00182,indie
u00580,s000025,play,14,0,0,0,223,2025-04-30 16:28:45,mobile,US,a00009,edm
u00618,s000042,like,12,1,0,0,225,2025-07-06 15:31:28,mobile,US,a00156,indie
u00031,s000471,play,1,0,0,0,33,2025-05-30 09:29:29,mobile,US,a00038,pop
u00225,s000203,LIKE,13,1,0,0,202,2025-05-17 05:17:17,mobile,US,a00086,pop
u00369,s000159,SKIP,1,0,0,1,13,2025-04-28 21:52:38,mobile,US,a00085,hip-hop
u00646,s000007,play,6,0,0,0,356,2025-03-02 13:18:12,mobile,US,a00041,classical
u00137,s000032,ADD_TO_PLAYLIST,7,1,0,0,243,2025-04-07 21:37:54,mobile,US,a00140,rock
u00136,s000021,play,8,0,0,0,249,2025-11-29 04:04:12,mobile,US,a00032,rock
u00079,s000090,like,13,1,0,0,305,2025-12-02 06:37:39,mobile,US,a00028,hip-hop
u00277,s000422,SKIP,1,0,0,1,18,2025-07-19 09:44:12,mobile,US,a00006,jazz
u00705,s000066,ADD_TO_PLAYLIST,19,1,0,0,378,2025-03-15 03:47:36,mobile,US,a00089,classical
u00045,s000001,PLAY,1,0,0,0,56,2025-09-16 23:22:57,mobile,US,a00197,indie
u00898,s000096,play,1,0,0,0,12,2025-03-12 04:59:12,mobile,US,a00045,pop
u00843,s000030,add_to_playlist,15,1,0,0,188,2025-08-16 01:07:10,mobile,US,a00117,indie
u00819,s000021,play,13,0,0,0,314,2025-06-19 18:13:13,mobile,US,a00032,rock
u00086,s000015,add_to_playlist,16,1,0,0,325,2025-11-27 07:01:52,mobile,US,a00156,edm
u00905,s000026,play,15,0,0,0,390,2025-07-13 10:53:47,mobile,US,a00004,pop
u00103,s000410,play,7,0,0,0,335,2025-08-02 21:58:16,mobile,US,a00031,hip-hop
u00955,s000308,play,1,0,0,0,40,2025-10-09 01:12:57,mobile,US,a00116,rock
u00311,s000067,ADD_TO_PLAYLIST,5,1,0,0,277,2025-10-12 01:35:50,mobile,US,a00045,indie
u00518,s000306,like,19,1,0,0,374,2025-05-12 15:44:47,mobile,US,a00075,latin
u00514,s000026,PLAY,9,0,0,0,233,2025-06-01 11:46:23,mobile,US,a00004,pop
u00740,s000030,like,6,1,0,0,392,2025-04-19 10:12:02,mobile,US,a00117,indie
u00181,s000001,add_to_playlist,5,1,0,0,342,2025-10-05 05:04:44,mobile,US,a00197,indie
u00687,s000010,play,6,0,0,0,228,2025-12-10 11:12:18,mobile,US,a00110,classical
u00054,s000042,PLAY,16,0,0,0,346,2025-09-29 17:22:26,mobile,US,a00156,indie
u00284,s000473,like,5,1,0,0,299,2025-01-15 17:03:48,mobile,US,a00028,pop
u00771,s000161,add_to_playlist,16,1,0,0,250,2025-03-07 22:14:58,mobile,US,a00188,classical
u00691,s000264,like,12,1,0,0,303,2025-09-12 10:33:03,mobile,US,a00136,edm
u00338,s000008,play,17,0,0,0,203,2025-08-07 23:03:23,mobile,US,a00191,hip-hop
u00059,s000010,like,6,1,0,0,213,2025-11-22 19:00:19,mobile,US,a00110,classical
u00997,s000083,ADD_TO_PLAYLIST,11,1,0,0,250,2025-10-02 13:07:34,mobile,US,a00126,hip-hop
u00417,s000016,PLAY,17,0,0,0,364,2025-08-02 02:39:19,mobile,US,a00037,pop
u00245,s000292,PLAY,1,0,0,0,27,2025-01-03 15:47:32,mobile,US,a00074,hip-hop
u00956,s000213,PLAY,1,0,0,0,20,2025-07-10 15:45:32,mobile,US,a00186,edm
u00664,s000077,PLAY,17,0,0,0,374,2025-09-23 19:20:03,mobile,US,a00099,rock
u00276,s000021,play,19,0,0,0,243,2025-03-06 15:59:42,mobile,US,a00032,rock
u00143,s000181,like,9,1,0,0,365,2025-08-09 03:07:23,mobile,US,a00000,latin
u00163,s000090,PLAY,9,0,0,0,313,2025-11-06 16:13:40,mobile,US,a00028,hip-hop
u00862,s000459,PLAY,1,0,0,0,16,2025-05-07 12:56:46,mobile,US,a00125,jazz
u00338,s000090,like,7,1,0,0,340,2025-03-05 17:47:00,mobile,US,a00028,hip-hop
u00851,s000110,skip,1,0,0,1,12,2025-06-13 09:50:17,mobile,US,a00142,rock
u00795,s000042,play,13,0,0,0,369,2025-01-18 09:17:08,mobile,US,a00156,indie
u00693,s000458,skip,1,0,0,1,51,2025-08-01 21:01:19,mobile,US,a00107,edm
u00202,s000001,LIKE,7,1,0,0,283,2025-05-18 13:25:52,mobile,US,a00197,indie
u00045,s000387,PLAY,16,0,0,0,381,2025-02-23 15:19:51,mobile,US,a00073,hip-hop
u00510,s000060,ADD_TO_PLAYLIST,18,1,0,0,350,2025-01-07 00:11:11,mobile,US,a00103,rock
u00066,s000006,play,5,0,0,0,294,2025-01-01 07:32:02,mobile,US,a00199,hip-hop
u00709,s000320,LIKE,5,1,0,0,254,2025-11-24 13:05:36,mobile,US,a00137,latin
u00040,s000013,ADD_TO_PLAYLIST,6,1,0,0,185,2025-03-16 23:01:20,mobile,US,a00154,jazz
u00238,s000017,PLAY,13,0,0,0,248,2025-04-20 17:20:34,mobile,US,a00184,jazz
u00730,s000102,skip,1,0,0,1,42,2025-06-03 18:04:07,mobile,US,a00181,hip-hop
u00998,s000490,skip,1,0,0,1,59,2025-04-27 17:17:04,mobile,US,a00141,rock
u00937,s000495,play,8,0,0,0,350,2025-06-06 03:59:50,mobile,US,a00189,classical
u00867,s000015,play,6,0,0,0,247,2025-11-27 22:08:02,mobile,US,a00156,edm
u00198,s000005,PLAY,11,0,0,0,267,2025-10-02 00:14:19,mobile,US,a00178,classical
u00273,s000159,play,1,0,0,0,14,2025-10-18 09:42:56,mobile,US,a00085,hip-hop
u00480,s000090,like,18,1,0,0,362,2025-09-01 01:29:10,mobile,US,a00028,hip-hop
u00035,s000232,ADD_TO_PLAYLIST,13,1,0,0,305,2025-09-22 04:06:43,mobile,US,a00181,classical
u00879,s000401,skip,1,0,0,1,40,2025-03-22 16:45:05,mobile,US,a00024,jazz
u00366,s000015,PLAY,14,0,0,0,392,2025-12-09 15:13:18,mobile,US,a00156,edm
u00346,s000027,ADD_TO_PLAYLIST,17,1,0,0,214,2025-12-05 17:19:08,mobile,US,a00122,jazz
u00473,s000449,PLAY,11,0,0,0,343,2025-01-31 09:29:46,mobile,US,a00014,hip-hop
u00421,s000026,PLAY,10,0,0,0,208,2025-11-20 23:44:28,mobile,US,a00004,pop
u00324,s000372,PLAY,1,0,0,0,25,2025-08-08 22:32:05,mobile,US,a00034,latin
u00202,s000001,like,14,1,0,0,214,2025-02-12 10:04:16,mobile,US,a00197,indie
u00199,s000017,play,14,0,0,0,250,2025-07-21 05:05:24,mobile,US,a00184,jazz
u00110,s000024,add_to_playlist,17,1,0,0,287,2025-02-03 04:40:45,mobile,US,a00065,latin
u00984,s000009,like,10,1,0,0,325,2025-12-28 16:32:36,mobile,US,a00014,latin
u00581,s000032,PLAY,16,0,0,0,220,2025-09-20 11:33:20,mobile,US,a00140,rock
u00784,s000035,play,12,0,0,0,337,2025-02-20 02:36:49,mobile,US,a00108,pop
u00556,s000036,play,7,0,0,0,229,2025-10-30 16:29:38,mobile,US,a00179,latin
u00888,s000323,SKIP,1,0,0,1,11,2025-12-03 12:59:37,mobile,US,a00153,edm
u00207,s000288,play,12,0,0,0,204,2025-03-05 22:22:10,mobile,US,a00028,hip-hop
u00646,s000007,PLAY,19,0,0,0,304,2025-01-02 10:48:32,mobile,US,a00041,classical
u00446,s000039,play,10,0,0,0,290,2025-07-04 05:51:20,mobile,US,a00156,jazz
u00898,s000383,PLAY,1,0,0,0,27,2025-07-23 03:21:35,mobile,US,a00186,hip-hop
u00693,s000090,PLAY,17,0,0,0,284,2025-10-15 21:57:40,mobile,US,a00028,hip-hop
u00194,s000030,LIKE,15,1,0,0,333,2025-01-19 02:17:35,mobile,US,a00117,indie
u00975,s000030,play,1,0,0,0,14,2025-11-18 10:48:28,mobile,US,a00117,indie
u00555,s000334,skip,1,0,0,1,30,2025-02-11 10:13:15,mobile,US,a00035,hip-hop
u00339,s000090,LIKE,11,1,0,0,214,2025-11-23 14:06:46,mobile,US,a00028,hip-hop
u00052,s000065,PLAY,14,0,0,0,256,2025-02-27 14:21:34,mobile,US,a00046,jazz
u00015,s000019,play,19,0,0,0,194,2025-03-28 09:02:54,mobile,US,a00154,classical
u00260,s000345,skip,1,0,0,1,47,2025-04-07 07:41:03,mobile,US,a00038,jazz
u00354,s000009,LIKE,18,1,0,0,277,2025-06-13 06:24:14,mobile,US,a00014,latin
u00314,s000281,skip,1,0,0,1,51,2025-09-16 10:34:59,mobile,US,a00193,indie
u00595,s000335,skip,1,0,0,1,48,2025-06-24 18:55:09,mobile,US,a00114,edm
u00853,s000296,play,7,0,0,0,393,2025-04-25 21:05:57,mobile,US,a00084,jazz
u00097,s000083,play,8,0,0,0,362,2025-10-30 21:52:20,mobile,US,a00126,hip-hop
u00057,s000004,PLAY,14,0,0,0,225,2025-02-11 10:18:40,mobile,US,a00134,rock
u00916,s000086,SKIP,1,0,0,1,5,2025-04-04 10:06:45,mobile,US,a00030,rock
u00515,s000201,PLAY,1,0,0,0,56,2025-05-13 19:49:07,mobile,US,a00161,pop
u00685,s000110,play,1,0,0,0,29,2025-03-29 08:59:04,mobile,US,a00142,rock
u00808,s000033,LIKE,6,1,0,0,365,2025-09-15 04:16:01,mobile,US,a00158,edm
u00207,s000143,play,1,0,0,0,47,2025-04-22 06:32:16,mobile,US,a00160,indie
u00835,s000059,LIKE,11,1,0,0,292,2025-07-05 05:45:20,mobile,US,a00073,hip-hop
u00803,s000017,SKIP,1,0,0,1,32,2025-08-15 23:06:32,mobile,US,a00184,jazz
u00651,s000190,play,1,0,0,0,21,2025-11-25 14:53:10,mobile,US,a00062,jazz
u00840,s000001,play,13,0,0,0,395,2025-11-09 17:35:39,mobile,US,a00197,indie
u00182,s000025,play,18,0,0,0,354,2025-03-27 09:37:11,mobile,US,a00009,edm
u00041,s000001,play,10,0,0,0,320,2025-12-21 02:48:55,mobile,US,a00197,indie
u00351,s000037,SKIP,1,0,0,1,59,2025-09-12 09:02:48,mobile,US,a00183,indie
u00877,s000026,PLAY,18,0,0,0,308,2025-05-19 22:28:29,mobile,US,a00004,pop
u00464,s000325,play,1,0,0,0,55,2025-12-20 14:33:00,mobile,US,a00121,rock
u00738,s000014,play,13,0,0,0,317,2025-07-24 15:12:49,mobile,US,a00163,classical
u00834,s000002,PLAY,13,0,0,0,387,2025-07-23 01:38:13,mobile,US,a00133,rock
u00378,s000380,play,1,0,0,0,44,2025-12-09 11:42:12,mobile,US,a00018,edm
u00032,s000008,like,8,1,0,0,192,2025-01-26 21:14:49,mobile,US,a00191,hip-hop
u00095,s000015,LIKE,5,1,0,0,181,2025-01-23 23:54:49,mobile,US,a00156,edm
u00230,s000160,skip,1,0,0,1,19,2025-09-20 17:44:31,mobile,US,a00062,latin
u00677,s000009,play,19,0,0,0,337,2025-04-04 15:14:31,mobile,US,a00014,latin
u00338,s000006,PLAY,6,0,0,0,390,2025-01-05 09:40:45,mobile,US,a00199,hip-hop
u00460,s000023,LIKE,12,1,0,0,311,2025-07-28 16:09:19,mobile,US,a00085,pop
u00909,s000076,add_to_playlist,12,1,0,0,388,2025-07-05 15:53:30,mobile,US,a00170,edm
u00795,s000079,PLAY,1,0,0,0,56,2025-04-25 13:04:45,mobile,US,a00132,rock
u00677,s000009,PLAY,15,0,0,0,272,2025-06-19 10:22:11,mobile,US,a00014,latin
u00193,s000300,add_to_playlist,10,1,0,0,276,2025-01-26 01:35:42,mobile,US,a00165,indie
u00785,s000344,PLAY,1,0,0,0,8,2025-05-28 17:00:23,mobile,US,a00186,indie
u00704,s000431,add_to_playlist,14,1,0,0,362,2025-03-21 11:15:12,mobile,US,a00145,classical
u00464,s000164,play,1,0,0,0,14,2025-08-02 01:19:39,mobile,US,a00070,classical
u00862,s000023,LIKE,16,1,0,0,399,2025-06-21 09:28:08,mobile,US,a00085,pop
u00523,s000001,play,10,0,0,0,373,2025-03-22 19:23:42,mobile,US,a00197,indie
u00136,s000004,like,17,1,0,0,316,2025-03-23 01:36:51,mobile,US,a00134,rock
u00573,s000214,play,17,0,0,0,232,2025-11-23 19:09:18,mobile,US,a00071,pop
u00848,s000030,ADD_TO_PLAYLIST,14,1,0,0,292,2025-01-12 07:11:13,mobile,US,a00117,indie
u00907,s000013,add_to_playlist,12,1,0,0,268,2025-12-06 14:49:18,mobile,US,a00154,jazz
u00264,s000039,play,13,0,0,0,354,2025-12-16 23:06:18,mobile,US,a00156,jazz
u00008,s000455,PLAY,1,0,0,0,22,2025-02-19 08:28:00,mobile,US,a00160,classical
u00739,s000059,ADD_TO_PLAYLIST,10,1,0,0,226,2025-09-06 07:27:04,mobile,US,a00073,hip-hop
u00275,s000083,LIKE,11,1,0,0,377,2025-10-28 17:41:29,mobile,US,a00126,hip-hop
u00045,s000083,LIKE,7,1,0,0,308,2025-05-30 13:37:12,mobile,US,a00126,hip-hop
u00021,s000007,PLAY,17,0,0,0,326,2025-09-29 03:51:37,mobile,US,a00041,classical
u00064,s000001,ADD_TO_PLAYLIST,11,1,0,0,314,2025-07-08 06:21:56,mobile,US,a00197,indie
u00699,s000366,add_to_playlist,16,1,0,0,225,2025-08-04 20:38:26,mobile,US,a00060,jazz
u00408,s000461,skip,1,0,0,1,36,2025-08-21 08:05:59,mobile,US,a00054,classical
u00548,s000016,play,7,0,0,0,188,2025-03-06 23:40:10,mobile,US,a00037,pop
u00657,s000453,PLAY,14,0,0,0,268,2025-12-21 09:39:34,mobile,US,a00152,jazz
u00419,s000025,PLAY,11,0,0,0,223,2025-02-13 10:41:38,mobile,US,a00009,edm
u00909,s000012,PLAY,15,0,0,0,268,2025-08-23 10:35:27,mobile,US,a00032,edm
u00538,s000007,play,17,0,0,0,355,2025-12-11 09:19:51,mobile,US,a00041,classical
u00455,s000013,PLAY,16,0,0,0,328,2025-03-02 19:30:00,mobile,US,a00154,jazz
u00497,s000235,PLAY,7,0,0,0,270,2025-11-18 11:53:45,mobile,US,a00175,hip-hop
u00178,s000003,add_to_playlist,9,1,0,0,344,2025-12-23 07:44:10,mobile,US,a00066,rock
u00377,s000347,skip,1,0,0,1,49,2025-07-08 03:02:16,mobile,US,a00097,indie
u00053,s000292,play,19,0,0,0,399,2025-01-31 17:06:51,mobile,US,a00074,hip-hop
u00869,s000025,play,13,0,0,0,367,2025-12-06 15:26:52,mobile,US,a00009,edm
u00560,s000038,skip,1,0,0,1,10,2025-05-13 18:36:59,mobile,US,a00014,rock
u00280,s000059,like,15,1,0,0,380,2025-11-25 01:50:59,mobile,US,a00073,hip-hop
u00875,s000045,PLAY,10,0,0,0,379,2025-04-13 04:52:40,mobile,US,a00075,jazz
u00687,s000158,SKIP,1,0,0,1,6,2025-03-06 07:09:58,mobile,US,a00117,hip-hop
u00570,s000243,SKIP,1,0,0,1,58,2025-06-26 09:46:48,mobile,US,a00111,indie
u00008,s000062,like,6,1,0,0,189,2025-10-23 07:29:19,mobile,US,a00133,indie
u00594,s000090,ADD_TO_PLAYLIST,12,1,0,0,220,2025-05-14 03:25:25,mobile,US,a00028,hip-hop
u00504,s000020,PLAY,15,0,0,0,227,2025-08-08 09:30:02,mobile,US,a00182,indie
u00053,s000059,like,12,1,0,0,237,2025-01-06 21:14:29,mobile,US,a00073,hip-hop
u00145,s000030,PLAY,15,0,0,0,302,2025-11-02 12:06:11,mobile,US,a00117,indie
u00584,s000025,play,12,0,0,0,295,2025-04-26 02:51:59,mobile,US,a00009,edm
u00969,s000027,ADD_TO_PLAYLIST,13,1,0,0,289,2025-07-23 18:20:24,mobile,US,a00122,jazz
u00070,s000318,play,8,0,0,0,205,2025-02-10 18:16:39,mobile,US,a00052,pop
u00310,s000036,play,6,0,0,0,243,2025-11-08 21:42:04,mobile,US,a00179,latin
u00350,s000383,LIKE,19,1,0,0,193,2025-10-06 17:42:50,mobile,US,a00186,hip-hop
u00596,s000226,play,1,0,0,0,28,2025-05-13 01:27:43,mobile,US,a00031,indie
u00355,s000030,ADD_TO_PLAYLIST,7,1,0,0,343,2025-02-28 14:20:19,mobile,US,a00117,indie
u00778,s000009,play,12,0,0,0,324,2025-06-19 18:35:01,mobile,US,a00014,latin
u00709,s000036,like,8,1,0,0,233,2025-05-27 03:13:18,mobile,US,a00179,latin
u00345,s000178,play,7,0,0,0,301,2025-04-07 18:14:45,mobile,US,a00167,indie
u00525,s000049,play,1,0,0,0,38,2025-03-09 09:54:32,mobile,US,a00094,rock
u00282,s000015,PLAY,14,0,0,0,260,2025-03-21 10:59:13,mobile,US,a00156,edm
u00990,s000414,play,7,0,0,0,315,2025-09-23 20:38:54,mobile,US,a00144,pop
u00957,s000032,like,13,1,0,0,329,2025-08-03 20:32:42,mobile,US,a00140,rock
u00737,s000011,add_to_playlist,13,1,0,0,329,2025-07-23 02:11:23,mobile,US,a00156,classical
u00500,s000037,ADD_TO_PLAYLIST,5,1,0,0,393,2025-12-13 12:19:01,mobile,US,a00183,indie
u00879,s000233,play,1,0,0,0,18,2025-03-27 10:30:47,mobile,US,a00141,rock
u00485,s000086,play,1,0,0,0,40,2025-10-29 00:43:15,mobile,US,a00030,rock
u00708,s000036,add_to_playlist,8,1,0,0,244,2025-03-03 03:52:06,mobile,US,a00179,latin
u00548,s000414,ADD_TO_PLAYLIST,17,1,0,0,266,2025-03-03 19:12:26,mobile,US,a00144,pop
u00690,s000493,like,17,1,0,0,298,2025-04-26 09:53:06,mobile,US,a00067,pop
u00637,s000037,play,18,0,0,0,309,2025-04-24 21:58:00,mobile,US,a00183,indie
u00375,s000008,add_to_playlist,12,1,0,0,384,2025-04-30 05:49:06,mobile,US,a00191,hip-hop
u00808,s000303,play,8,0,0,0,183,2025-05-30 22:35:39,mobile,US,a00164,edm
u00113,s000105,PLAY,1,0,0,0,18,2025-09-20 04:15:09,mobile,US,a00062,hip-hop
u00139,s000054,add_to_playlist,8,1,0,0,205,2025-07-02 10:23:40,mobile,US,a00042,rock
u00732,s000402,like,16,1,0,0,372,2025-01-05 04:18:36,mobile,US,a00088,rock
u00269,s000027,play,5,0,0,0,208,2025-01-14 03:34:05,mobile,US,a00122,jazz
u00791,s000228,skip,1,0,0,1,57,2025-01-29 17:44:17,mobile,US,a00045,edm
u00606,s000375,play,1,0,0,0,31,2025-11-06 01:23:37,mobile,US,a00171,classical
u00529,s000022,PLAY,17,0,0,0,228,2025-08-29 07:37:42,mobile,US,a00195,pop
u00576,s000218,play,10,0,0,0,335,2025-09-07 01:47:24,mobile,US,a00096,classical
u00534,s000013,like,9,1,0,0,224,2025-04-09 13:40:53,mobile,US,a00154,jazz
u00940,s000356,ADD_TO_PLAYLIST,7,1,0,0,234,2025-02-13 14:14:04,mobile,US,a00147,hip-hop
u00607,s000018,PLAY,13,0,0,0,244,2025-09-12 08:39:16,mobile,US,a00096,latin
u00339,s000315,play,9,0,0,0,256,2025-01-24 04:31:49,mobile,US,a00167,hip-hop
u00287,s000011,add_to_playlist,9,1,0,0,282,2025-11-29 11:03:39,mobile,US,a00156,classical
u00820,s000030,add_to_playlist,10,1,0,0,219,2025-11-21 03:35:13,mobile,US,a00117,indie
u00219,s000020,like,18,1,0,0,328,2025-05-10 03:08:27,mobile,US,a00182,indie
u00214,s000027,PLAY,8,0,0,0,333,2025-07-04 01:25:00,mobile,US,a00122,jazz
u00619,s000046,PLAY,10,0,0,0,185,2025-10-01 00:38:40,mobile,US,a00172,jazz
u00805,s000090,like,17,1,0,0,339,2025-06-20 21:35:58,mobile,US,a00028,hip-hop
u00006,s000066,LIKE,13,1,0,0,226,2025-05-01 20:55:57,mobile,US,a00089,classical
u00477,s000425,PLAY,1,0,0,0,7,2025-05-24 19:05:08,mobile,US,a00175,edm
u00838,s000176,skip,1,0,0,1,8,2025-10-19 02:43:25,mobile,US,a00029,indie
u00100,s000372,play,1,0,0,0,35,2025-11-16 07:26:13,mobile,US,a00034,latin
u00713,s000006,play,17,0,0,0,225,2025-03-07 07:15:36,mobile,US,a00199,hip-hop
u00572,s000013,skip,1,0,0,1,42,2025-02-22 20:37:51,mobile,US,a00154,jazz
u00607,s000009,LIKE,6,1,0,0,297,2025-12-25 19:20:10,mobile,US,a00014,latin
u00642,s000018,play,11,0,0,0,291,2025-01-16 12:45:15,mobile,US,a00096,latin
u00303,s000012,like,16,1,0,0,213,2025-12-31 05:38:36,mobile,US,a00032,edm
u00254,s000043,play,7,0,0,0,366,2025-04-20 06:16:22,mobile,US,a00046,rock
u00803,s000441,SKIP,1,0,0,1,20,2025-08-02 23:44:39,mobile,US,a00097,pop
u00576,s000011,add_to_playlist,14,1,0,0,229,2025-06-11 03:48:00,mobile,US,a00156,classical
u00031,s000003,PLAY,13,0,0,0,364,2025-09-13 20:58:09,mobile,US,a00066,rock
u00197,s000059,PLAY,7,0,0,0,383,2025-01-28 16:06:25,mobile,US,a00073,hip-hop
u00650,s000186,skip,1,0,0,1,42,2025-09-02 02:16:52,mobile,US,a00112,latin
u00809,s000010,PLAY,5,0,0,0,248,2025-02-19 19:15:48,mobile,US,a00110,classical
u00484,s000399,LIKE,16,1,0,0,221,2025-03-30 17:11:25,mobile,US,a00197,classical
u00695,s000059,add_to_playlist,17,1,0,0,206,2025-06-08 11:20:51,mobile,US,a00073,hip-hop
u00898,s000299,SKIP,1,0,0,1,34,2025-03-25 06:30:08,mobile,US,a00040,pop
u00960,s000003,play,12,0,0,0,358,2025-06-17 03:49:10,mobile,US,a00066,rock
u00930,s000223,play,18,0,0,0,288,2025-01-11 00:56:54,mobile,US,a00095,indie
u00408,s000355,PLAY,8,0,0,0,363,2025-11-05 02:37:27,mobile,US,a00035,hip-hop
u00275,s000301,PLAY,14,0,0,0,330,2025-03-07 21:37:27,mobile,US,a00033,hip-hop
u00268,s000030,PLAY,11,0,0,0,253,2025-05-31 14:34:53,mobile,US,a00117,indie
u00354,s000024,add_to_playlist,12,1,0,0,275,2025-07-21 01:28:31,mobile,US,a00065,latin
u00669,s000020,ADD_TO_PLAYLIST,7,1,0,0,361,2025-02-01 17:45:53,mobile,US,a00182,indie
u00523,s000030,PLAY,17,0,0,0,266,2025-12-19 19:07:04,mobile,US,a00117,indie
u00877,s000026,PLAY,14,0,0,0,318,2025-05-18 03:18:04,mobile,US,a00004,pop
u00666,s000140,LIKE,5,1,0,0,281,2025-09-13 04:02:16,mobile,US,a00179,edm
u00219,s000037,add_to_playlist,5,1,0,0,252,2025-02-22 17:37:54,mobile,US,a00183,indie
u00691,s000494,like,9,1,0,0,182,2025-12-22 03:20:41,mobile,US,a00145,edm
u00302,s000041,skip,1,0,0,1,13,2025-10-04 21:59:54,mobile,US,a00004,pop
u00744,s000259,LIKE,16,1,0,0,254,2025-12-06 20:59:38,mobile,US,a00139,jazz
u00970,s000170,play,8,0,0,0,300,2025-02-19 01:15:19,mobile,US,a00061,latin
u00041,s000001,like,16,1,0,0,236,2025-01-25 10:35:22,mobile,US,a00197,indie
u00607,s000031,PLAY,10,0,0,0,266,2025-01-14 09:01:43,mobile,US,a00037,latin
u00837,s000014,ADD_TO_PLAYLIST,6,1,0,0,397,2025-09-29 06:43:07,mobile,US,a00163,classical
u00002,s000001,SKIP,1,0,0,1,8,2025-12-06 09:52:38,mobile,US,a00197,indie
u00467,s000003,LIKE,16,1,0,0,312,2025-10-08 02:55:13,mobile,US,a00066,rock
u00782,s000036,like,10,1,0,0,329,2025-02-04 09:49:04,mobile,US,a00179,latin
u00562,s000037,PLAY,9,0,0,0,349,2025-04-15 09:33:05,mobile,US,a00183,indie
u00400,s000036,PLAY,15,0,0,0,252,2025-03-26 02:49:44,mobile,US,a00179,latin
u00534,s000135,like,14,1,0,0,265,2025-04-14 14:22:55,mobile,US,a00178,jazz
u00436,s000056,PLAY,13,0,0,0,294,2025-02-09 01:01:25,mobile,US,a00068,latin
u00101,s000023,ADD_TO_PLAYLIST,18,1,0,0,288,2025-03-11 01:29:18,mobile,US,a00085,pop
u00427,s000008,LIKE,10,1,0,0,228,2025-11-08 07:52:42,mobile,US,a00191,hip-hop
u00931,s000008,PLAY,9,0,0,0,275,2025-02-10 01:54:52,mobile,US,a00191,hip-hop
u00543,s000023,LIKE,13,1,0,0,358,2025-09-12 10:03:40,mobile,US,a00085,pop
u00787,s000036,like,10,1,0,0,237,2025-03-11 01:22:30,mobile,US,a00179,latin
u00825,s000083,ADD_TO_PLAYLIST,7,1,0,0,292,2025-03-26 17:14:05,mobile,US,a00126,hip-hop
u00468,s000005,PLAY,7,0,0,0,215,2025-08-13 04:22:18,mobile,US,a00178,classical
u00099,s000118,ADD_TO_PLAYLIST,15,1,0,0,289,2025-12-29 03:24:56,mobile,US,a00153,classical
u00673,s000025,ADD_TO_PLAYLIST,13,1,0,0,370,2025-02-15 21:20:47,mobile,US,a00009,edm
u00065,s000023,like,12,1,0,0,247,2025-02-26 00:54:41,mobile,US,a00085,pop
u00848,s000397,like,19,1,0,0,244,2025-10-01 08:38:45,mobile,US,a00080,indie
u00991,s000292,play,18,0,0,0,391,2025-07-19 23:27:37,mobile,US,a00074,hip-hop
u00817,s000463,play,16,0,0,0,356,2025-03-02 01:34:37,mobile,US,a00033,jazz
u00170,s000018,play,7,0,0,0,231,2025-04-13 04:55:47,mobile,US,a00096,latin
u00839,s000460,play,18,0,0,0,274,2025-09-12 18:40:52,mobile,US,a00193,classical
u00552,s000151,PLAY,9,0,0,0,238,2025-01-13 06:44:03,mobile,US,a00048,classical
u00833,s000059,play,15,0,0,0,185,2025-08-19 14:52:14,mobile,US,a00073,hip-hop
u00981,s000036,PLAY,12,0,0,0,273,2025-11-17 05:17:23,mobile,US,a00179,latin
u00566,s000085,skip,1,0,0,1,26,2025-02-05 10:30:19,mobile,US,a00091,rock
u00103,s000158,like,17,1,0,0,197,2025-08-16 06:58:24,mobile,US,a00117,hip-hop
u00549,s000020,LIKE,15,1,0,0,192,2025-07-19 17:16:20,mobile,US,a00182,indie
u00805,s000026,skip,1,0,0,1,36,2025-10-20 15:05:02,mobile,US,a00004,pop
u00126,s000022,play,8,0,0,0,252,2025-03-14 11:20:00,mobile,US,a00195,pop
u00730,s000444,PLAY,19,0,0,0,293,2025-04-15 14:08:27,mobile,US,a00170,jazz
u00204,s000008,like,16,1,0,0,265,2025-10-03 20:37:56,mobile,US,a00191,hip-hop
u00371,s000018,LIKE,12,1,0,0,335,2025-11-13 20:14:51,mobile,US,a00096,latin
u00187,s000139,PLAY,1,0,0,0,15,2025-04-01 00:57:37,mobile,US,a00198,rock
u00054,s000116,PLAY,5,0,0,0,277,2025-09-22 21:25:29,mobile,US,a00056,indie
u00115,s000090,ADD_TO_PLAYLIST,9,1,0,0,207,2025-10-12 20:45:01,mobile,US,a00028,hip-hop
u00230,s000025,like,19,1,0,0,225,2025-09-03 12:45:27,mobile,US,a00009,edm
u00198,s000007,PLAY,11,0,0,0,374,2025-02-21 18:00:18,mobile,US,a00041,classical
u00186,s000304,add_to_playlist,15,1,0,0,359,2025-12-27 16:38:33,mobile,US,a00152,pop
u00025,s000393,add_to_playlist,15,1,0,0,202,2025-03-21 13:39:50,mobile,US,a00079,edm
u00633,s000002,ADD_TO_PLAYLIST,16,1,0,0,246,2025-12-17 15:09:59,mobile,US,a00133,rock
u00269,s000027,add_to_playlist,9,1,0,0,353,2025-12-20 03:35:31,mobile,US,a00122,jazz
u00851,s000016,PLAY,11,0,0,0,223,2025-05-20 20:01:03,mobile,US,a00037,pop
u00611,s000023,LIKE,19,1,0,0,354,2025-11-23 22:42:47,mobile,US,a00085,pop
u00981,s000036,play,8,0,0,0,250,2025-02-21 22:52:42,mobile,US,a00179,latin
u00972,s000004,add_to_playlist,14,1,0,0,338,2025-03-15 19:34:00,mobile,US,a00134,rock
u00887,s000265,skip,1,0,0,1,46,2025-09-04 16:58:30,mobile,US,a00052,jazz
u00326,s000039,PLAY,11,0,0,0,221,2025-12-19 01:07:01,mobile,US,a00156,jazz
u00379,s000032,add_to_playlist,11,1,0,0,184,2025-01-16 13:59:57,mobile,US,a00140,rock
u00239,s000018,add_to_playlist,9,1,0,0,386,2025-12-11 18:01:43,mobile,US,a00096,latin
u00695,s000279,play,17,0,0,0,318,2025-03-13 06:06:33,mobile,US,a00008,hip-hop
u00654,s000045,SKIP,1,0,0,1,47,2025-08-04 11:20:34,mobile,US,a00075,jazz
u00653,s000005,add_to_playlist,10,1,0,0,220,2025-09-16 17:37:37,mobile,US,a00178,classical
u00650,s000429,LIKE,10,1,0,0,355,2025-05-09 11:59:05,mobile,US,a00115,indie
u00980,s000448,play,1,0,0,0,18,2025-09-19 12:40:40,mobile,US,a00038,edm
u00694,s000023,ADD_TO_PLAYLIST,8,1,0,0,264,2025-11-13 23:24:11,mobile,US,a00085,pop
u00271,s000036,LIKE,13,1,0,0,392,2025-08-15 18:59:34,mobile,US,a00179,latin
u00374,s000004,PLAY,14,0,0,0,238,2025-01-16 18:27:50,mobile,US,a00134,rock
u00844,s000005,play,16,0,0,0,215,2025-04-04 03:50:17,mobile,US,a00178,classical
u00123,s000020,LIKE,13,1,0,0,210,2025-10-23 23:00:06,mobile,US,a00182,indie
u00370,s000006,PLAY,5,0,0,0,217,2025-10-24 23:10:10,mobile,US,a00199,hip-hop
u00427,s000008,PLAY,19,0,0,0,215,2025-04-11 08:05:20,mobile,US,a00191,hip-hop
u00977,s000309,SKIP,1,0,0,1,29,2025-06-05 19:45:31,mobile,US,a00105,hip-hop
u00500,s000030,add_to_playlist,16,1,0,0,359,2025-06-17 22:49:32,mobile,US,a00117,indie
u00271,s000188,PLAY,1,0,0,0,17,2025-07-10 01:08:36,mobile,US,a00165,jazz
u00577,s000000,PLAY,13,0,0,0,242,2025-09-07 14:02:33,mobile,US,a00178,edm
u00849,s000237,skip,1,0,0,1,28,2025-05-11 11:23:38,mobile,US,a00073,latin
u00641,s000150,SKIP,1,0,0,1,16,2025-10-29 22:47:44,mobile,US,a00113,classical
u00593,s000206,skip,1,0,0,1,20,2025-02-17 23:01:57,mobile,US,a00177,classical
u00161,s000002,LIKE,8,1,0,0,250,2025-06-11 13:13:20,mobile,US,a00133,rock
u00124,s000011,LIKE,18,1,0,0,371,2025-11-25 00:12:33,mobile,US,a00156,classical
u00495,s000030,add_to_playlist,10,1,0,0,300,2025-10-22 00:57:02,mobile,US,a00117,indie
u00213,s000001,PLAY,13,0,0,0,310,2025-09-08 08:43:33,mobile,US,a00197,indie
u00018,s000142,LIKE,12,1,0,0,353,2025-01-12 13:12:15,mobile,US,a00087,latin
u00650,s000266,add_to_playlist,7,1,0,0,375,2025-02-09 05:54:40,mobile,US,a00171,indie
u00351,s000003,PLAY,14,0,0,0,367,2025-04-06 14:53:56,mobile,US,a00066,rock
u00437,s000018,like,13,1,0,0,263,2025-09-22 03:37:00,mobile,US,a00096,latin
u00108,s000033,play,17,0,0,0,192,2025-07-31 13:12:46,mobile,US,a00158,edm
u00017,s000154,ADD_TO_PLAYLIST,19,1,0,0,268,2025-11-21 20:07:11,mobile,US,a00083,latin
u00489,s000322,add_to_playlist,15,1,0,0,222,2025-04-21 05:46:54,mobile,US,a00144,classical
u00428,s000032,LIKE,19,1,0,0,339,2025-08-30 18:04:39,mobile,US,a00140,rock
u00749,s000016,play,16,0,0,0,256,2025-04-04 13:54:08,mobile,US,a00037,pop
u00116,s000488,LIKE,13,1,0,0,317,2025-04-19 15:17:58,mobile,US,a00002,rock
u00250,s000361,add_to_playlist,13,1,0,0,286,2025-01-23 20:52:32,mobile,US,a00193,edm
u00326,s000045,LIKE,7,1,0,0,260,2025-09-30 18:30:22,mobile,US,a00075,jazz
u00611,s000089,play,18,0,0,0,336,2025-10-27 01:10:23,mobile,US,a00050,pop
u00038,s000003,LIKE,5,1,0,0,260,2025-08-12 17:36:45,mobile,US,a00066,rock
u00315,s000452,add_to_playlist,7,1,0,0,315,2025-04-15 04:10:34,mobile,US,a00092,latin
u00627,s000097,like,5,1,0,0,262,2025-12-29 04:14:35,mobile,US,a00100,edm
u00927,s000090,ADD_TO_PLAYLIST,12,1,0,0,305,2025-12-07 01:50:35,mobile,US,a00028,hip-hop
u00404,s000018,PLAY,8,0,0,0,269,2025-10-03 20:43:15,mobile,US,a00096,latin
u00991,s000083,play,7,0,0,0,234,2025-12-13 09:28:14,mobile,US,a00126,hip-hop
u00136,s000116,skip,1,0,0,1,9,2025-03-16 01:52:14,mobile,US,a00056,indie
u00525,s000244,like,18,1,0,0,388,2025-11-16 18:13:54,mobile,US,a00124,indie
u00960,s000002,ADD_TO_PLAYLIST,13,1,0,0,193,2025-02-09 18:05:38,mobile,US,a00133,rock
u00992,s000016,play,18,0,0,0,341,2025-06-29 03:36:30,mobile,US,a00037,pop
u00560,s000398,like,11,1,0,0,330,2025-08-03 11:11:39,mobile,US,a00117,hip-hop
u00046,s000449,SKIP,1,0,0,1,24,2025-05-26 12:34:01,mobile,US,a00014,hip-hop
u00142,s000083,ADD_TO_PLAYLIST,15,1,0,0,263,2025-11-25 13:40:00,mobile,US,a00126,hip-hop
u00898,s000020,PLAY,16,0,0,0,253,2025-12-25 00:56:43,mobile,US,a00182,indie
u00095,s000132,like,19,1,0,0,277,2025-10-11 02:06:29,mobile,US,a00170,edm
u00564,s000412,play,1,0,0,0,15,2025-08-01 03:46:25,mobile,US,a00015,classical
u00561,s000464,ADD_TO_PLAYLIST,17,1,0,0,200,2025-02-04 14:12:12,mobile,US,a00157,jazz
u00843,s000260,play,14,0,0,0,254,2025-08-07 07:38:39,mobile,US,a00019,indie
u00358,s000004,LIKE,14,1,0,0,266,2025-01-23 08:48:47,mobile,US,a00134,rock
u00336,s000161,PLAY,8,0,0,0,395,2025-08-16 06:28:17,mobile,US,a00188,classical
u00482,s000007,play,13,0,0,0,289,2025-04-15 08:08:33,mobile,US,a00041,classical
u00468,s000011,play,11,0,0,0,351,2025-03-21 02:04:48,mobile,US,a00156,classical
u00882,s000121,PLAY,9,0,0,0,362,2025-09-08 09:03:02,mobile,US,a00062,jazz
u00739,s000185,play,6,0,0,0,214,2025-12-04 11:28:13,mobile,US,a00193,hip-hop
u00182,s000029,SKIP,1,0,0,1,19,2025-10-04 23:10:36,mobile,US,a00096,classical
u00073,s000235,skip,1,0,0,1,32,2025-03-26 12:57:03,mobile,US,a00175,hip-hop
u00862,s000022,ADD_TO_PLAYLIST,15,1,0,0,398,2025-05-07 01:33:50,mobile,US,a00195,pop
u00758,s000003,play,16,0,0,0,365,2025-01-02 02:54:07,mobile,US,a00066,rock
u00717,s000273,play,1,0,0,0,11,2025-04-10 05:38:54,mobile,US,a00119,jazz
u00240,s000390,LIKE,9,1,0,0,335,2025-05-19 19:00:31,mobile,US,a00046,pop
u00311,s000431,SKIP,1,0,0,1,19,2025-11-24 00:11:22,mobile,US,a00145,classical
u00561,s000039,add_to_playlist,19,1,0,0,253,2025-06-05 07:41:28,mobile,US,a00156,jazz
u00265,s000023,PLAY,11,0,0,0,183,2025-08-11 15:04:29,mobile,US,a00085,pop
u00585,s000037,like,8,1,0,0,334,2025-02-09 14:49:52,mobile,US,a00183,indie
u00492,s000002,PLAY,17,0,0,0,360,2025-09-14 02:36:52,mobile,US,a00133,rock
u00046,s000031,PLAY,16,0,0,0,350,2025-11-01 00:26:24,mobile,US,a00037,latin
u00853,s000027,ADD_TO_PLAYLIST,13,1,0,0,248,2025-08-04 07:24:42,mobile,US,a00122,jazz
u00430,s000004,play,5,0,0,0,361,2025-07-02 22:11:03,mobile,US,a00134,rock
u00619,s000039,play,13,0,0,0,240,2025-06-11 22:23:20,mobile,US,a00156,jazz
u00233,s000083,like,13,1,0,0,351,2025-05-17 22:05:44,mobile,US,a00126,hip-hop
u00222,s000335,play,17,0,0,0,213,2025-10-17 14:34:46,mobile,US,a00114,edm
u00480,s000226,skip,1,0,0,1,56,2025-02-16 19:47:23,mobile,US,a00031,indie
u00988,s000016,play,13,0,0,0,221,2025-10-27 13:36:12,mobile,US,a00037,pop
u00303,s000380,PLAY,5,0,0,0,207,2025-09-29 05:41:12,mobile,US,a00018,edm
u00514,s000146,SKIP,1,0,0,1,21,2025-08-04 16:51:04,mobile,US,a00062,indie
u00598,s000059,PLAY,6,0,0,0,303,2025-10-19 08:40:23,mobile,US,a00073,hip-hop
u00108,s000025,like,18,1,0,0,358,2025-08-20 04:15:29,mobile,US,a00009,edm
u00525,s000030,PLAY,15,0,0,0,252,2025-02-18 08:37:16,mobile,US,a00117,indie
u00617,s000024,play,12,0,0,0,336,2025-06-25 17:29:36,mobile,US,a00065,latin
u00435,s000031,PLAY,15,0,0,0,215,2025-02-10 08:16:15,mobile,US,a00037,latin
u00190,s000001,PLAY,9,0,0,0,263,2025-06-28 11:07:20,mobile,US,a00197,indie
u00700,s000269,ADD_TO_PLAYLIST,12,1,0,0,239,2025-10-02 08:07:43,mobile,US,a00107,pop
u00987,s000267,PLAY,10,0,0,0,209,2025-05-10 08:47:26,mobile,US,a00098,hip-hop
u00275,s000385,like,15,1,0,0,251,2025-01-14 15:54:02,mobile,US,a00188,hip-hop
u00334,s000000,LIKE,8,1,0,0,317,2025-02-26 05:35:25,mobile,US,a00178,edm
u00413,s000329,PLAY,1,0,0,0,42,2025-08-05 09:19:46,mobile,US,a00053,classical
u00100,s000001,add_to_playlist,11,1,0,0,313,2025-03-27 00:00:47,mobile,US,a00197,indie
u00332,s000050,play,1,0,0,0,54,2025-05-26 20:47:33,mobile,US,a00114,pop
u00769,s000021,PLAY,12,0,0,0,236,2025-02-12 10:30:08,mobile,US,a00032,rock
u00114,s000042,play,8,0,0,0,250,2025-01-23 19:17:18,mobile,US,a00156,indie
u00732,s000021,PLAY,19,0,0,0,293,2025-09-17 09:10:19,mobile,US,a00032,rock
u00657,s000027,add_to_playlist,5,1,0,0,344,2025-11-02 09:18:59,mobile,US,a00122,jazz
u00991,s000140,PLAY,1,0,0,0,21,2025-04-20 06:26:14,mobile,US,a00179,edm
u00050,s000037,play,7,0,0,0,287,2025-11-03 08:36:59,mobile,US,a00183,indie
u00592,s000029,ADD_TO_PLAYLIST,7,1,0,0,285,2025-03-04 03:21:46,mobile,US,a00096,classical
u00958,s000035,LIKE,19,1,0,0,340,2025-12-24 15:14:58,mobile,US,a00108,pop
u00524,s000023,like,14,1,0,0,260,2025-11-03 17:08:45,mobile,US,a00085,pop
u00440,s000004,LIKE,7,1,0,0,218,2025-05-11 15:44:24,mobile,US,a00134,rock
u00929,s000003,like,9,1,0,0,310,2025-11-23 23:40:09,mobile,US,a00066,rock
u00607,s000031,PLAY,14,0,0,0,254,2025-12-01 21:29:32,mobile,US,a00037,latin
u00558,s000031,ADD_TO_PLAYLIST,12,1,0,0,182,2025-01-31 20:57:04,mobile,US,a00037,latin
u00809,s000010,PLAY,11,0,0,0,288,2025-12-24 16:44:56,mobile,US,a00110,classical
u00360,s000083,PLAY,10,0,0,0,289,2025-10-07 04:12:42,mobile,US,a00126,hip-hop
u00262,s000007,like,6,1,0,0,325,2025-08-24 11:08:35,mobile,US,a00041,classical
u00964,s000020,like,17,1,0,0,292,2025-01-25 23:48:32,mobile,US,a00182,indie
u00635,s000022,PLAY,15,0,0,0,342,2025-02-17 22:50:49,mobile,US,a00195,pop
u00458,s000197,LIKE,11,1,0,0,223,2025-12-26 20:21:21,mobile,US,a00130,jazz
u00315,s000018,like,7,1,0,0,233,2025-04-25 23:00:25,mobile,US,a00096,latin
u00700,s000022,LIKE,12,1,0,0,234,2025-07-19 09:30:31,mobile,US,a00195,pop
u00992,s000022,PLAY,11,0,0,0,323,2025-11-19 09:28:23,mobile,US,a00195,pop
u00619,s000273,play,14,0,0,0,268,2025-10-16 14:06:48,mobile,US,a00119,jazz
u00404,s000474,like,9,1,0,0,252,2025-04-11 01:55:20,mobile,US,a00189,latin
u00226,s000011,like,8,1,0,0,278,2025-05-07 20:41:35,mobile,US,a00156,classical
u00389,s000004,like,10,1,0,0,381,2025-07-19 12:58:05,mobile,US,a00134,rock
u00916,s000466,play,17,0,0,0,228,2025-10-30 05:24:52,mobile,US,a00140,pop
u00809,s000010,play,11,0,0,0,321,2025-05-14 09:13:05,mobile,US,a00110,classical
u00768,s000008,PLAY,16,0,0,0,298,2025-04-22 18:09:09,mobile,US,a00191,hip-hop
u00216,s000006,play,16,0,0,0,309,2025-05-11 01:41:04,mobile,US,a00199,hip-hop
u00978,s000018,add_to_playlist,16,1,0,0,392,2025-02-06 11:51:12,mobile,US,a00096,latin
u00129,s000083,ADD_TO_PLAYLIST,13,1,0,0,305,2025-06-12 21:15:38,mobile,US,a00126,hip-hop
u00353,s000237,play,7,0,0,0,268,2025-05-22 00:45:13,mobile,US,a00073,latin
u00175,s000012,play,11,0,0,0,348,2025-08-10 00:55:46,mobile,US,a00032,edm
u00687,s000200,like,8,1,0,0,325,2025-11-19 14:52:01,mobile,US,a00109,classical
u00139,s000224,play,10,0,0,0,385,2025-07-20 14:17:32,mobile,US,a00087,rock
u00619,s000310,add_to_playlist,19,1,0,0,269,2025-06-22 07:51:06,mobile,US,a00085,jazz
u00475,s000024,like,7,1,0,0,203,2025-04-24 23:42:08,mobile,US,a00065,latin
u00119,s000296,skip,1,0,0,1,52,2025-12-06 07:36:47,mobile,US,a00084,jazz
u00719,s000006,PLAY,11,0,0,0,368,2025-06-20 12:34:38,mobile,US,a00199,hip-hop
u00679,s000016,add_to_playlist,9,1,0,0,368,2025-03-31 10:15:37,mobile,US,a00037,pop
u00827,s000016,play,8,0,0,0,347,2025-01-18 22:04:04,mobile,US,a00037,pop
u00741,s000467,ADD_TO_PLAYLIST,14,1,0,0,353,2025-11-06 13:02:02,mobile,US,a00017,edm
u00696,s000020,add_to_playlist,8,1,0,0,272,2025-09-17 08:43:26,mobile,US,a00182,indie
u00514,s000083,SKIP,1,0,0,1,54,2025-08-21 02:20:50,mobile,US,a00126,hip-hop
u00257,s000000,play,10,0,0,0,231,2025-11-19 18:52:55,mobile,US,a00178,edm
u00598,s000006,LIKE,15,1,0,0,310,2025-11-03 21:41:19,mobile,US,a00199,hip-hop
u00016,s000457,PLAY,11,0,0,0,257,2025-08-13 00:27:58,mobile,US,a00169,hip-hop
u00555,s000018,play,12,0,0,0,208,2025-11-02 15:32:20,mobile,US,a00096,latin
u00755,s000033,play,7,0,0,0,228,2025-05-16 11:33:33,mobile,US,a00158,edm
u00107,s000083,ADD_TO_PLAYLIST,19,1,0,0,239,2025-06-23 03:41:04,mobile,US,a00126,hip-hop
u00394,s000468,SKIP,1,0,0,1,8,2025-02-07 22:39:55,mobile,US,a00159,hip-hop
u00880,s000011,ADD_TO_PLAYLIST,11,1,0,0,386,2025-06-01 16:15:52,mobile,US,a00156,classical
u00014,s000036,play,10,0,0,0,350,2025-11-05 15:28:37,mobile,US,a00179,latin
u00793,s000006,ADD_TO_PLAYLIST,9,1,0,0,250,2025-10-05 13:47:10,mobile,US,a00199,hip-hop
u00133,s000014,play,14,0,0,0,328,2025-06-10 05:03:51,mobile,US,a00163,classical
u00885,s000464,SKIP,1,0,0,1,46,2025-05-06 04:22:47,mobile,US,a00157,jazz
u00498,s000021,ADD_TO_PLAYLIST,11,1,0,0,316,2025-09-21 21:36:18,mobile,US,a00032,rock
u00279,s000480,skip,1,0,0,1,55,2025-11-12 17:12:43,mobile,US,a00009,jazz
u00657,s000013,LIKE,12,1,0,0,278,2025-03-18 14:19:59,mobile,US,a00154,jazz
u00212,s000011,PLAY,11,0,0,0,334,2025-08-27 20:26:23,mobile,US,a00156,classical
u00524,s000194,PLAY,11,0,0,0,212,2025-05-27 17:15:05,mobile,US,a00156,pop
u00579,s000269,ADD_TO_PLAYLIST,7,1,0,0,204,2025-10-20 05:08:12,mobile,US,a00107,pop
u00017,s000009,play,11,0,0,0,242,2025-12-09 06:09:16,mobile,US,a00014,latin
u00162,s000009,PLAY,14,0,0,0,260,2025-04-27 01:16:28,mobile,US,a00014,latin
u00917,s000083,PLAY,17,0,0,0,377,2025-09-23 20:34:36,mobile,US,a00126,hip-hop
u00773,s000083,add_to_playlist,11,1,0,0,263,2025-09-03 12:16:15,mobile,US,a00126,hip-hop
u00990,s000016,like,11,1,0,0,323,2025-02-03 20:20:59,mobile,US,a00037,pop
u00385,s000018,play,9,0,0,0,398,2025-08-23 09:18:05,mobile,US,a00096,latin
u00812,s000002,play,16,0,0,0,206,2025-05-13 08:15:02,mobile,US,a00133,rock
u00410,s000017,play,14,0,0,0,204,2025-08-31 04:48:37,mobile,US,a00184,jazz
u00771,s000209,ADD_TO_PLAYLIST,10,1,0,0,202,2025-10-22 16:39:45,mobile,US,a00007,classical
u00718,s000180,SKIP,1,0,0,1,15,2025-12-14 13:35:15,mobile,US,a00017,edm
u00895,s000355,like,8,1,0,0,259,2025-07-18 03:05:56,mobile,US,a00035,hip-hop
u00541,s000481,SKIP,1,0,0,1,33,2025-08-30 04:25:04,mobile,US,a00157,classical
u00074,s000007,ADD_TO_PLAYLIST,8,1,0,0,371,2025-03-30 22:49:20,mobile,US,a00041,classical
u00252,s000006,PLAY,18,0,0,0,370,2025-09-22 12:39:17,mobile,US,a00199,hip-hop
u00153,s000101,skip,1,0,0,1,57,2025-07-05 13:53:43,mobile,US,a00163,pop
u00011,s000042,PLAY,12,0,0,0,182,2025-02-09 20:25:56,mobile,US,a00156,indie
u00512,s000001,add_to_playlist,14,1,0,0,385,2025-10-21 06:52:19,mobile,US,a00197,indie
u00066,s000126,like,16,1,0,0,239,2025-05-12 05:50:30,mobile,US,a00129,hip-hop
u00164,s000201,ADD_TO_PLAYLIST,5,1,0,0,254,2025-06-29 12:01:04,mobile,US,a00161,pop
u00052,s000013,LIKE,11,1,0,0,303,2025-10-20 05:39:19,mobile,US,a00154,jazz
u00181,s000001,PLAY,10,0,0,0,337,2025-06-02 08:12:00,mobile,US,a00197,indie
u00840,s000242,LIKE,16,1,0,0,355,2025-01-03 14:14:19,mobile,US,a00146,indie
u00571,s000461,skip,1,0,0,1,59,2025-11-03 06:33:30,mobile,US,a00054,classical
u00264,s000027,PLAY,6,0,0,0,192,2025-10-02 01:28:03,mobile,US,a00122,jazz
u00265,s000280,play,18,0,0,0,282,2025-06-30 05:28:58,mobile,US,a00039,pop
u00940,s000381,LIKE,8,1,0,0,328,2025-06-09 08:44:07,mobile,US,a00100,hip-hop
u00862,s000035,like,15,1,0,0,308,2025-04-25 02:29:54,mobile,US,a00108,pop
u00594,s000059,PLAY,17,0,0,0,323,2025-11-04 11:41:58,mobile,US,a00073,hip-hop
u00069,s000365,PLAY,7,0,0,0,288,2025-10-29 09:33:21,mobile,US,a00128,edm
u00714,s000413,like,19,1,0,0,225,2025-12-02 06:16:48,mobile,US,a00198,latin
u00295,s000090,PLAY,18,0,0,0,191,2025-02-25 06:05:36,mobile,US,a00028,hip-hop
u00599,s000178,skip,1,0,0,1,36,2025-08-16 20:09:04,mobile,US,a00167,indie
u00571,s000321,ADD_TO_PLAYLIST,17,1,0,0,287,2025-02-19 00:25:53,mobile,US,a00172,jazz
u00214,s000427,add_to_playlist,11,1,0,0,213,2025-02-28 17:55:59,mobile,US,a00058,jazz
u00359,s000045,play,15,0,0,0,345,2025-02-18 13:06:00,mobile,US,a00075,jazz
u00661,s000039,ADD_TO_PLAYLIST,6,1,0,0,309,2025-10-27 09:29:00,mobile,US,a00156,jazz
u00695,s000083,LIKE,5,1,0,0,363,2025-02-27 06:25:50,mobile,US,a00126,hip-hop
u00755,s000264,PLAY,12,0,0,0,385,2025-01-25 11:26:37,mobile,US,a00136,edm
u00021,s000081,PLAY,17,0,0,0,240,2025-03-12 15:25:29,mobile,US,a00036,classical
u00004,s000017,ADD_TO_PLAYLIST,10,1,0,0,223,2025-01-23 09:21:38,mobile,US,a00184,jazz
u00317,s000032,PLAY,12,0,0,0,251,2025-02-03 04:42:29,mobile,US,a00140,rock
u00862,s000106,play,1,0,0,0,32,2025-05-28 22:38:19,mobile,US,a00181,classical
u00394,s000198,LIKE,16,1,0,0,395,2025-08-02 22:06:41,mobile,US,a00031,jazz
u00160,s000243,add_to_playlist,8,1,0,0,226,2025-04-26 06:47:17,mobile,US,a00111,indie
u00763,s000406,play,15,0,0,0,320,2025-11-10 05:00:37,mobile,US,a00153,pop
u00889,s000032,ADD_TO_PLAYLIST,17,1,0,0,359,2025-08-27 16:34:13,mobile,US,a00140,rock
u00147,s000039,like,15,1,0,0,267,2025-06-21 19:54:16,mobile,US,a00156,jazz
u00546,s000010,play,5,0,0,0,229,2025-09-01 04:18:54,mobile,US,a00110,classical
u00000,s000137,SKIP,1,0,0,1,30,2025-10-20 07:14:21,mobile,US,a00151,pop
u00839,s000011,ADD_TO_PLAYLIST,9,1,0,0,374,2025-08-18 08:07:24,mobile,US,a00156,classical
u00617,s000024,PLAY,5,0,0,0,394,2025-11-08 04:17:30,mobile,US,a00065,latin
u00256,s000262,ADD_TO_PLAYLIST,8,1,0,0,323,2025-01-25 13:21:12,mobile,US,a00036,indie
u00624,s000007,play,14,0,0,0,304,2025-12-28 16:05:55,mobile,US,a00041,classical
u00811,s000039,ADD_TO_PLAYLIST,13,1,0,0,269,2025-03-09 16:29:15,mobile,US,a00156,jazz
u00468,s000005,like,9,1,0,0,259,2025-01-23 21:19:43,mobile,US,a00178,classical
u00264,s000017,PLAY,6,0,0,0,331,2025-05-15 02:58:04,mobile,US,a00184,jazz
u00536,s000009,PLAY,15,0,0,0,376,2025-03-24 13:24:34,mobile,US,a00014,latin
u00362,s000051,LIKE,6,1,0,0,295,2025-12-16 06:24:54,mobile,US,a00163,rock
u00280,s000008,like,12,1,0,0,200,2025-01-28 09:02:42,mobile,US,a00191,hip-hop
u00632,s000032,play,1,0,0,0,17,2025-12-17 01:26:00,mobile,US,a00140,rock
u00329,s000024,ADD_TO_PLAYLIST,7,1,0,0,272,2025-09-02 15:45:55,mobile,US,a00065,latin
u00093,s000249,skip,1,0,0,1,24,2025-01-03 10:06:16,mobile,US,a00081,hip-hop
u00954,s000017,ADD_TO_PLAYLIST,15,1,0,0,234,2025-12-08 12:15:16,mobile,US,a00184,jazz
u00857,s000039,like,12,1,0,0,220,2025-11-28 23:31:54,mobile,US,a00156,jazz
u00571,s000039,play,18,0,0,0,237,2025-09-20 12:17:27,mobile,US,a00156,jazz
u00569,s000277,ADD_TO_PLAYLIST,12,1,0,0,286,2025-10-13 02:02:54,mobile,US,a00114,indie
u00595,s000267,ADD_TO_PLAYLIST,12,1,0,0,355,2025-11-08 07:06:38,mobile,US,a00098,hip-hop
u00179,s000219,like,11,1,0,0,317,2025-05-12 02:26:11,mobile,US,a00091,jazz
u00432,s000011,ADD_TO_PLAYLIST,18,1,0,0,392,2025-03-06 09:24:42,mobile,US,a00156,classical
u00483,s000252,SKIP,1,0,0,1,56,2025-03-16 21:11:41,mobile,US,a00046,latin
u00840,s000262,add_to_playlist,6,1,0,0,206,2025-01-04 19:34:09,mobile,US,a00036,indie
u00884,s000031,add_to_playlist,7,1,0,0,374,2025-05-03 02:36:42,mobile,US,a00037,latin
u00012,s000171,like,12,1,0,0,351,2025-01-09 03:49:50,mobile,US,a00031,jazz
u00712,s000032,play,7,0,0,0,348,2025-09-16 19:06:15,mobile,US,a00140,rock
u00818,s000090,play,8,0,0,0,312,2025-02-11 03:38:15,mobile,US,a00028,hip-hop
u00768,s000090,ADD_TO_PLAYLIST,6,1,0,0,390,2025-10-11 19:40:01,mobile,US,a00028,hip-hop
u00705,s000010,LIKE,13,1,0,0,273,2025-12-24 05:42:44,mobile,US,a00110,classical
u00168,s000176,PLAY,13,0,0,0,186,2025-11-16 04:46:11,mobile,US,a00029,indie
u00132,s000004,play,5,0,0,0,242,2025-11-24 09:11:34,mobile,US,a00134,rock
u00808,s000363,add_to_playlist,18,1,0,0,217,2025-12-18 08:58:21,mobile,US,a00039,edm
u00391,s000109,PLAY,17,0,0,0,220,2025-11-27 08:53:35,mobile,US,a00167,jazz
u00651,s000036,ADD_TO_PLAYLIST,18,1,0,0,338,2025-07-13 04:20:32,mobile,US,a00179,latin
u00895,s000159,ADD_TO_PLAYLIST,10,1,0,0,264,2025-12-21 02:23:41,mobile,US,a00085,hip-hop
u00166,s000009,ADD_TO_PLAYLIST,17,1,0,0,375,2025-02-06 09:45:23,mobile,US,a00014,latin
u00807,s000021,add_to_playlist,8,1,0,0,252,2025-07-15 18:13:01,mobile,US,a00032,rock
u00698,s000406,PLAY,19,0,0,0,180,2025-09-30 20:28:10,mobile,US,a00153,pop
u00463,s000021,play,11,0,0,0,344,2025-11-22 06:28:46,mobile,US,a00032,rock
u00697,s000023,LIKE,13,1,0,0,298,2025-11-26 08:14:35,mobile,US,a00085,pop
u00949,s000010,add_to_playlist,9,1,0,0,286,2025-01-14 23:43:30,mobile,US,a00110,classical
u00348,s000186,PLAY,16,0,0,0,229,2025-05-14 08:12:01,mobile,US,a00112,latin
u00157,s000016,PLAY,11,0,0,0,264,2025-02-13 20:30:40,mobile,US,a00037,pop
u00434,s000267,PLAY,15,0,0,0,206,2025-09-09 14:18:04,mobile,US,a00098,hip-hop
u00934,s000036,play,10,0,0,0,337,2025-05-06 06:38:24,mobile,US,a00179,latin
u00259,s000039,play,17,0,0,0,341,2025-12-02 01:48:47,mobile,US,a00156,jazz
u00348,s000018,play,11,0,0,0,325,2025-10-24 17:43:18,mobile,US,a00096,latin
u00203,s000002,ADD_TO_PLAYLIST,11,1,0,0,260,2025-07-11 16:51:13,mobile,US,a00133,rock
u00790,s000205,PLAY,13,0,0,0,376,2025-02-18 21:27:56,mobile,US,a00031,edm
u00032,s000090,LIKE,15,1,0,0,339,2025-11-17 05:20:19,mobile,US,a00028,hip-hop
u00289,s000036,PLAY,10,0,0,0,184,2025-01-17 08:54:26,mobile,US,a00179,latin
u00746,s000027,PLAY,18,0,0,0,218,2025-07-31 20:41:55,mobile,US,a00122,jazz
u00256,s000020,add_to_playlist,7,1,0,0,279,2025-10-02 12:17:18,mobile,US,a00182,indie
u00556,s000067,play,1,0,0,0,9,2025-08-23 03:50:23,mobile,US,a00045,indie
u00727,s000229,play,5,0,0,0,303,2025-09-02 00:07:51,mobile,US,a00143,jazz
u00658,s000309,ADD_TO_PLAYLIST,17,1,0,0,274,2025-07-22 08:53:29,mobile,US,a00105,hip-hop
u00201,s000018,play,5,0,0,0,190,2025-05-05 20:43:51,mobile,US,a00096,latin
u00987,s000224,PLAY,1,0,0,0,29,2025-05-01 11:37:30,mobile,US,a00087,rock
u00857,s000039,play,17,0,0,0,395,2025-08-01 04:21:25,mobile,US,a00156,jazz
u00863,s000016,like,16,1,0,0,278,2025-04-28 01:52:55,mobile,US,a00037,pop
u00144,s000372,PLAY,6,0,0,0,361,2025-12-14 19:56:07,mobile,US,a00034,latin
u00599,s000176,skip,1,0,0,1,31,2025-12-06 23:57:48,mobile,US,a00029,indie
u00845,s000117,PLAY,15,0,0,0,219,2025-11-25 03:44:44,mobile,US,a00116,classical
u00998,s000069,skip,1,0,0,1,32,2025-07-13 17:32:46,mobile,US,a00139,classical
u00012,s000045,like,19,1,0,0,196,2025-05-06 12:46:55,mobile,US,a00075,jazz
u00824,s000237,like,18,1,0,0,236,2025-01-30 11:18:08,mobile,US,a00073,latin
u00611,s000026,play,19,0,0,0,269,2025-11-29 23:17:20,mobile,US,a00004,pop
u00974,s000083,PLAY,10,0,0,0,374,2025-06-16 17:00:36,mobile,US,a00126,hip-hop
u00985,s000035,play,11,0,0,0,238,2025-06-25 17:31:32,mobile,US,a00108,pop
u00148,s000021,PLAY,5,0,0,0,295,2025-11-26 14:29:53,mobile,US,a00032,rock
u00749,s000016,like,7,1,0,0,203,2025-01-17 22:12:50,mobile,US,a00037,pop
u00396,s000147,PLAY,1,0,0,0,56,2025-10-01 12:55:54,mobile,US,a00149,pop
u00827,s000379,add_to_playlist,5,1,0,0,212,2025-05-24 06:06:45,mobile,US,a00011,pop
u00651,s000181,LIKE,17,1,0,0,219,2025-09-04 15:02:35,mobile,US,a00000,latin
u00366,s000146,skip,1,0,0,1,30,2025-01-14 15:03:36,mobile,US,a00062,indie
u00276,s000097,PLAY,1,0,0,0,24,2025-09-27 10:18:25,mobile,US,a00100,edm
u00494,s000014,play,6,0,0,0,238,2025-12-17 10:21:59,mobile,US,a00163,classical
u00070,s000016,PLAY,19,0,0,0,342,2025-08-03 00:13:32,mobile,US,a00037,pop
u00468,s000033,PLAY,1,0,0,0,48,2025-03-18 20:48:39,mobile,US,a00158,edm
u00965,s000103,ADD_TO_PLAYLIST,6,1,0,0,381,2025-01-29 00:34:27,mobile,US,a00056,rock
u00627,s000033,PLAY,9,0,0,0,261,2025-07-16 03:27:36,mobile,US,a00158,edm
u00280,s000152,LIKE,13,1,0,0,387,2025-08-20 00:27:50,mobile,US,a00198,hip-hop
u00782,s000202,play,1,0,0,0,34,2025-12-27 01:48:19,mobile,US,a00123,hip-hop
u00722,s000267,ADD_TO_PLAYLIST,18,1,0,0,181,2025-06-04 03:29:40,mobile,US,a00098,hip-hop
u00940,s000083,add_to_playlist,6,1,0,0,192,2025-01-09 23:54:37,mobile,US,a00126,hip-hop
u00565,s000026,PLAY,12,0,0,0,387,2025-09-30 20:08:34,mobile,US,a00004,pop
u00412,s000000,PLAY,5,0,0,0,370,2025-03-31 02:19:25,mobile,US,a00178,edm
u00604,s000042,PLAY,18,0,0,0,357,2025-03-21 18:42:03,mobile,US,a00156,indie
u00211,s000417,PLAY,17,0,0,0,348,2025-07-28 04:11:12,mobile,US,a00085,indie
u00750,s000009,play,15,0,0,0,198,2025-06-22 10:33:13,mobile,US,a00014,latin
u00800,s000002,add_to_playlist,5,1,0,0,274,2025-07-24 23:51:16,mobile,US,a00133,rock
u00467,s000368,add_to_playlist,12,1,0,0,321,2025-08-09 17:43:18,mobile,US,a00103,rock
u00221,s000013,play,5,0,0,0,360,2025-01-08 13:46:45,mobile,US,a00154,jazz
u00597,s000398,PLAY,1,0,0,0,7,2025-11-13 11:14:10,mobile,US,a00117,hip-hop
u00477,s000009,LIKE,18,1,0,0,277,2025-04-16 19:15:54,mobile,US,a00014,latin
u00087,s000143,SKIP,1,0,0,1,59,2025-11-23 13:29:55,mobile,US,a00160,indie
u00040,s000038,skip,1,0,0,1,36,2025-10-23 11:43:29,mobile,US,a00014,rock
u00742,s000316,play,17,0,0,0,226,2025-12-05 01:58:12,mobile,US,a00097,pop
u00408,s000090,PLAY,9,0,0,0,350,2025-08-06 03:15:02,mobile,US,a00028,hip-hop
u00563,s000437,skip,1,0,0,1,56,2025-06-04 02:44:27,mobile,US,a00151,classical
u00091,s000059,PLAY,17,0,0,0,378,2025-09-02 05:11:58,mobile,US,a00073,hip-hop
u00331,s000003,like,17,1,0,0,392,2025-10-22 04:23:29,mobile,US,a00066,rock
u00781,s000045,play,11,0,0,0,378,2025-03-10 17:09:36,mobile,US,a00075,jazz
u00395,s000468,PLAY,17,0,0,0,241,2025-04-26 17:21:51,mobile,US,a00159,hip-hop
u00227,s000105,SKIP,1,0,0,1,6,2025-12-07 01:33:48,mobile,US,a00062,hip-hop
u00687,s000005,PLAY,5,0,0,0,284,2025-08-02 12:00:22,mobile,US,a00178,classical
u00997,s000059,PLAY,19,0,0,0,337,2025-10-07 17:51:21,mobile,US,a00073,hip-hop
u00370,s000008,LIKE,19,1,0,0,385,2025-09-14 02:13:29,mobile,US,a00191,hip-hop
u00712,s000003,add_to_playlist,16,1,0,0,357,2025-09-08 03:56:01,mobile,US,a00066,rock
u00262,s000094,PLAY,1,0,0,0,58,2025-09-16 04:07:30,mobile,US,a00150,pop
u00092,s000023,ADD_TO_PLAYLIST,17,1,0,0,320,2025-01-10 06:58:55,mobile,US,a00085,pop
u00678,s000137,PLAY,13,0,0,0,190,2025-04-02 01:21:51,mobile,US,a00151,pop
u00393,s000418,skip,1,0,0,1,50,2025-12-09 13:52:33,mobile,US,a00134,classical
u00287,s000019,play,11,0,0,0,265,2025-07-18 04:39:34,mobile,US,a00154,classical
u00812,s000004,like,19,1,0,0,225,2025-12-09 01:29:30,mobile,US,a00134,rock
u00500,s000001,LIKE,12,1,0,0,230,2025-09-08 07:02:11,mobile,US,a00197,indie
u00494,s000005,PLAY,8,0,0,0,223,2025-06-27 23:40:10,mobile,US,a00178,classical
u00129,s000083,like,14,1,0,0,342,2025-12-29 12:29:58,mobile,US,a00126,hip-hop
u00923,s000360,PLAY,1,0,0,0,7,2025-08-06 20:10:33,mobile,US,a00153,edm
u00545,s000183,SKIP,1,0,0,1,53,2025-07-31 06:06:28,mobile,US,a00114,hip-hop
u00118,s000036,ADD_TO_PLAYLIST,18,1,0,0,251,2025-04-03 08:21:01,mobile,US,a00179,latin
u00786,s000042,play,9,0,0,0,348,2025-05-19 21:49:44,mobile,US,a00156,indie
u00870,s000410,SKIP,1,0,0,1,56,2025-09-16 19:52:03,mobile,US,a00031,hip-hop
u00443,s000373,PLAY,1,0,0,0,59,2025-01-19 16:28:17,mobile,US,a00130,pop
u00865,s000454,play,9,0,0,0,377,2025-07-26 15:05:13,mobile,US,a00140,rock
u00279,s000406,PLAY,19,0,0,0,217,2025-11-10 12:40:54,mobile,US,a00153,pop
u00686,s000432,play,17,0,0,0,293,2025-03-09 12:20:32,mobile,US,a00186,edm
u00085,s000045,play,5,0,0,0,238,2025-09-28 14:09:57,mobile,US,a00075,jazz
u00893,s000164,play,12,0,0,0,370,2025-05-03 02:50:25,mobile,US,a00070,classical
u00358,s000004,LIKE,14,1,0,0,289,2025-06-25 17:29:35,mobile,US,a00134,rock
u00199,s000034,PLAY,1,0,0,0,40,2025-07-08 10:52:10,mobile,US,a00046,rock
u00567,s000413,PLAY,6,0,0,0,197,2025-12-11 02:25:05,mobile,US,a00198,latin
u00331,s000199,skip,1,0,0,1,15,2025-01-22 19:36:14,mobile,US,a00009,classical
u00029,s000398,like,10,1,0,0,393,2025-11-30 14:58:01,mobile,US,a00117,hip-hop
u00385,s000031,add_to_playlist,10,1,0,0,279,2025-02-18 14:38:13,mobile,US,a00037,latin
u00348,s000009,play,8,0,0,0,294,2025-09-21 00:42:30,mobile,US,a00014,latin
u00092,s000016,add_to_playlist,5,1,0,0,247,2025-08-24 15:17:01,mobile,US,a00037,pop
u00130,s000006,play,17,0,0,0,353,2025-06-07 15:28:09,mobile,US,a00199,hip-hop
u00398,s000447,ADD_TO_PLAYLIST,17,1,0,0,206,2025-05-01 18:30:09,mobile,US,a00107,latin
u00060,s000045,PLAY,19,0,0,0,187,2025-06-12 18:32:06,mobile,US,a00075,jazz
u00032,s000059,play,7,0,0,0,358,2025-05-07 04:53:26,mobile,US,a00073,hip-hop
u00443,s000018,PLAY,12,0,0,0,331,2025-09-24 00:24:35,mobile,US,a00096,latin
u00599,s000012,play,10,0,0,0,239,2025-09-20 18:00:44,mobile,US,a00032,edm
u00494,s000007,play,6,0,0,0,350,2025-04-23 23:40:06,mobile,US,a00041,classical
u00982,s000008,add_to_playlist,18,1,0,0,357,2025-12-09 17:19:49,mobile,US,a00191,hip-hop
u00504,s000020,PLAY,13,0,0,0,298,2025-07-23 17:24:29,mobile,US,a00182,indie
u00803,s000021,play,11,0,0,0,353,2025-11-28 05:49:48,mobile,US,a00032,rock
u00465,s000060,play,1,0,0,0,30,2025-01-17 16:29:02,mobile,US,a00103,rock
u00190,s000042,PLAY,18,0,0,0,372,2025-06-26 14:59:57,mobile,US,a00156,indie
u00741,s000015,play,11,0,0,0,315,2025-06-07 20:52:02,mobile,US,a00156,edm
u00662,s000246,SKIP,1,0,0,1,50,2025-12-01 21:15:56,mobile,US,a00035,edm
u00774,s000373,play,13,0,0,0,336,2025-07-26 11:18:04,mobile,US,a00130,pop
u00207,s000006,ADD_TO_PLAYLIST,10,1,0,0,313,2025-05-08 20:05:07,mobile,US,a00199,hip-hop
u00562,s000001,PLAY,5,0,0,0,207,2025-04-28 18:14:55,mobile,US,a00197,indie
u00242,s000059,LIKE,11,1,0,0,245,2025-08-20 04:08:39,mobile,US,a00073,hip-hop
u00334,s000446,SKIP,1,0,0,1,38,2025-03-22 20:52:22,mobile,US,a00182,latin
u00983,s000232,LIKE,15,1,0,0,283,2025-07-11 02:58:47,mobile,US,a00181,classical
u00253,s000014,play,8,0,0,0,264,2025-07-27 20:50:40,mobile,US,a00163,classical
u00258,s000024,PLAY,19,0,0,0,265,2025-04-15 11:30:58,mobile,US,a00065,latin
u00883,s000031,like,11,1,0,0,181,2025-09-10 23:47:07,mobile,US,a00037,latin
u00259,s000261,add_to_playlist,11,1,0,0,211,2025-12-10 03:51:35,mobile,US,a00004,jazz
u00241,s000352,add_to_playlist,11,1,0,0,217,2025-03-19 22:05:31,mobile,US,a00068,indie
u00772,s000003,PLAY,5,0,0,0,302,2025-12-30 00:48:27,mobile,US,a00066,rock
u00839,s000010,ADD_TO_PLAYLIST,5,1,0,0,381,2025-08-02 00:49:08,mobile,US,a00110,classical
u00705,s000014,play,6,0,0,0,302,2025-10-16 22:30:12,mobile,US,a00163,classical
u00131,s000291,ADD_TO_PLAYLIST,7,1,0,0,304,2025-01-25 06:01:56,mobile,US,a00036,classical
u00962,s000015,PLAY,8,0,0,0,313,2025-07-28 09:05:16,mobile,US,a00156,edm
u00918,s000385,ADD_TO_PLAYLIST,17,1,0,0,221,2025-03-08 04:09:54,mobile,US,a00188,hip-hop
u00754,s000127,play,18,0,0,0,383,2025-05-08 07:52:45,mobile,US,a00134,pop
u00740,s000042,ADD_TO_PLAYLIST,6,1,0,0,231,2025-01-29 17:46:36,mobile,US,a00156,indie
u00464,s000083,LIKE,19,1,0,0,194,2025-05-11 17:07:59,mobile,US,a00126,hip-hop
u00071,s000023,LIKE,16,1,0,0,313,2025-08-27 06:06:30,mobile,US,a00085,pop
u00934,s000024,add_to_playlist,15,1,0,0,189,2025-04-27 04:19:21,mobile,US,a00065,latin
u00843,s000344,like,7,1,0,0,397,2025-07-26 16:10:37,mobile,US,a00186,indie
u00601,s000499,PLAY,1,0,0,0,54,2025-02-25 15:29:31,mobile,US,a00192,indie
u00694,s000016,PLAY,14,0,0,0,195,2025-12-23 08:05:07,mobile,US,a00037,pop
u00619,s000039,like,8,1,0,0,325,2025-06-14 15:23:27,mobile,US,a00156,jazz
u00920,s000011,ADD_TO_PLAYLIST,17,1,0,0,345,2025-05-29 19:46:35,mobile,US,a00156,classical
u00474,s000027,play,6,0,0,0,296,2025-05-07 12:56:20,mobile,US,a00122,jazz
u00297,s000037,play,18,0,0,0,193,2025-06-06 23:48:32,mobile,US,a00183,indie
u00689,s000356,skip,1,0,0,1,8,2025-11-30 23:00:26,mobile,US,a00147,hip-hop
u00781,s000045,PLAY,8,0,0,0,350,2025-12-09 12:50:19,mobile,US,a00075,jazz
u00666,s000033,ADD_TO_PLAYLIST,6,1,0,0,260,2025-05-31 19:18:56,mobile,US,a00158,edm
u00102,s000016,PLAY,19,0,0,0,322,2025-07-13 23:41:23,mobile,US,a00037,pop
u00654,s000012,PLAY,5,0,0,0,266,2025-01-27 02:17:31,mobile,US,a00032,edm
u00239,s000036,play,19,0,0,0,252,2025-12-09 01:09:36,mobile,US,a00179,latin
u00736,s000083,ADD_TO_PLAYLIST,12,1,0,0,220,2025-04-03 22:49:04,mobile,US,a00126,hip-hop
u00173,s000083,like,15,1,0,0,355,2025-02-26 15:37:07,mobile,US,a00126,hip-hop
u00571,s000027,add_to_playlist,5,1,0,0,265,2025-12-07 01:18:11,mobile,US,a00122,jazz
u00116,s000111,LIKE,10,1,0,0,324,2025-04-01 05:58:28,mobile,US,a00148,rock
u00790,s000265,SKIP,1,0,0,1,26,2025-11-24 04:20:25,mobile,US,a00052,jazz
u00030,s000218,like,8,1,0,0,362,2025-06-21 10:14:21,mobile,US,a00096,classical
u00686,s000207,add_to_playlist,11,1,0,0,214,2025-09-10 02:53:02,mobile,US,a00134,edm
u00722,s000334,PLAY,14,0,0,0,206,2025-01-10 03:33:24,mobile,US,a00035,hip-hop
u00424,s000405,PLAY,15,0,0,0,268,2025-06-03 10:12:25,mobile,US,a00058,latin
u00133,s000235,PLAY,1,0,0,0,38,2025-05-04 07:40:51,mobile,US,a00175,hip-hop
u00427,s000008,LIKE,16,1,0,0,181,2025-03-01 11:05:32,mobile,US,a00191,hip-hop
u00955,s000246,SKIP,1,0,0,1,48,2025-04-19 12:23:43,mobile,US,a00035,edm
u00618,s000020,PLAY,18,0,0,0,348,2025-10-19 23:17:07,mobile,US,a00182,indie
u00235,s000334,like,13,1,0,0,267,2025-12-23 09:30:40,mobile,US,a00035,hip-hop
u00827,s000016,PLAY,5,0,0,0,316,2025-08-15 06:25:12,mobile,US,a00037,pop
u00371,s000031,play,5,0,0,0,361,2025-10-05 04:35:30,mobile,US,a00037,latin
u00443,s000009,add_to_playlist,19,1,0,0,326,2025-10-22 08:00:45,mobile,US,a00014,latin
u00847,s000404,play,6,0,0,0,210,2025-12-12 23:12:35,mobile,US,a00142,pop
u00517,s000025,play,19,0,0,0,351,2025-12-07 22:24:26,mobile,US,a00009,edm
u00477,s000452,play,19,0,0,0,226,2025-11-21 21:28:58,mobile,US,a00092,latin
u00980,s000059,PLAY,5,0,0,0,385,2025-04-17 00:51:19,mobile,US,a00073,hip-hop
u00672,s000326,SKIP,1,0,0,1,58,2025-01-25 07:36:38,mobile,US,a00045,rock
u00083,s000160,PLAY,18,0,0,0,328,2025-02-14 09:07:04,mobile,US,a00062,latin
u00346,s000045,PLAY,16,0,0,0,285,2025-07-17 00:23:21,mobile,US,a00075,jazz
u00543,s000390,PLAY,17,0,0,0,213,2025-02-28 12:32:12,mobile,US,a00046,pop
u00313,s000328,play,1,0,0,0,17,2025-04-18 03:08:56,mobile,US,a00129,edm
u00328,s000087,like,10,1,0,0,312,2025-02-17 15:51:21,mobile,US,a00121,latin
u00384,s000010,LIKE,12,1,0,0,337,2025-04-25 06:29:40,mobile,US,a00110,classical
u00526,s000027,LIKE,9,1,0,0,270,2025-12-19 21:41:02,mobile,US,a00122,jazz
u00396,s000475,ADD_TO_PLAYLIST,18,1,0,0,380,2025-05-07 15:13:33,mobile,US,a00061,latin
u00732,s000032,add_to_playlist,8,1,0,0,245,2025-11-01 11:09:14,mobile,US,a00140,rock
u00416,s000232,play,7,0,0,0,239,2025-05-30 14:41:52,mobile,US,a00181,classical
u00255,s000017,add_to_playlist,9,1,0,0,292,2025-04-11 18:40:37,mobile,US,a00184,jazz
u00503,s000447,LIKE,5,1,0,0,243,2025-03-26 02:30:09,mobile,US,a00107,latin
u00208,s000494,ADD_TO_PLAYLIST,11,1,0,0,285,2025-05-03 01:24:32,mobile,US,a00145,edm
u00715,s000009,PLAY,15,0,0,0,225,2025-02-18 16:47:53,mobile,US,a00014,latin
u00012,s000027,play,5,0,0,0,251,2025-11-05 09:26:45,mobile,US,a00122,jazz
u00515,s000027,play,15,0,0,0,368,2025-11-07 21:39:45,mobile,US,a00122,jazz
u00618,s000008,PLAY,1,0,0,0,21,2025-10-17 19:57:54,mobile,US,a00191,hip-hop
u00644,s000452,play,13,0,0,0,324,2025-04-02 13:53:45,mobile,US,a00092,latin
u00579,s000096,add_to_playlist,19,1,0,0,194,2025-02-08 22:47:55,mobile,US,a00045,pop
u00521,s000042,LIKE,17,1,0,0,298,2025-05-29 07:28:56,mobile,US,a00156,indie
u00071,s000026,PLAY,11,0,0,0,295,2025-08-17 13:12:10,mobile,US,a00004,pop
u00219,s000020,PLAY,18,0,0,0,381,2025-06-17 09:22:30,mobile,US,a00182,indie
u00288,s000204,PLAY,1,0,0,0,11,2025-01-20 08:13:27,mobile,US,a00054,classical
u00249,s000039,add_to_playlist,5,1,0,0,264,2025-05-03 01:54:33,mobile,US,a00156,jazz
u00684,s000003,play,16,0,0,0,279,2025-08-30 22:37:56,mobile,US,a00066,rock
u00228,s000417,PLAY,1,0,0,0,36,2025-03-29 03:55:54,mobile,US,a00085,indie
u00814,s000083,add_to_playlist,7,1,0,0,275,2025-06-03 22:55:47,mobile,US,a00126,hip-hop
u00196,s000023,ADD_TO_PLAYLIST,6,1,0,0,204,2025-11-18 17:29:36,mobile,US,a00085,pop
u00007,s000014,ADD_TO_PLAYLIST,18,1,0,0,336,2025-12-17 21:13:42,mobile,US,a00163,classical
u00355,s000037,play,14,0,0,0,331,2025-04-03 01:35:56,mobile,US,a00183,indie
u00311,s000020,LIKE,19,1,0,0,276,2025-07-09 15:54:06,mobile,US,a00182,indie
u00673,s000025,LIKE,5,1,0,0,304,2025-06-15 01:59:21,mobile,US,a00009,edm
u00354,s000024,PLAY,17,0,0,0,351,2025-04-30 12:42:22,mobile,US,a00065,latin
u00330,s000247,skip,1,0,0,1,48,2025-01-15 10:55:25,mobile,US,a00028,edm
u00529,s000127,LIKE,18,1,0,0,316,2025-02-02 00:02:58,mobile,US,a00134,pop
u00228,s000445,PLAY,15,0,0,0,318,2025-01-15 17:44:12,mobile,US,a00167,rock
u00377,s000021,play,15,0,0,0,317,2025-06-28 03:21:42,mobile,US,a00032,rock
u00572,s000487,ADD_TO_PLAYLIST,17,1,0,0,191,2025-12-04 15:56:37,mobile,US,a00176,rock
u00562,s000001,play,14,0,0,0,291,2025-01-05 00:50:32,mobile,US,a00197,indie
u00562,s000387,skip,1,0,0,1,59,2025-09-14 13:40:07,mobile,US,a00073,hip-hop
u00732,s000002,PLAY,10,0,0,0,327,2025-12-05 07:24:10,mobile,US,a00133,rock
u00537,s000001,play,12,0,0,0,203,2025-02-23 05:07:49,mobile,US,a00197,indie
u00045,s000059,PLAY,8,0,0,0,217,2025-06-28 05:29:49,mobile,US,a00073,hip-hop
u00500,s000042,play,19,0,0,0,284,2025-10-11 20:43:10,mobile,US,a00156,indie
u00744,s000374,PLAY,11,0,0,0,210,2025-12-27 07:56:55,mobile,US,a00107,jazz
u00567,s000009,ADD_TO_PLAYLIST,17,1,0,0,247,2025-08-12 20:12:42,mobile,US,a00014,latin
u00834,s000003,add_to_playlist,10,1,0,0,267,2025-08-18 12:28:52,mobile,US,a00066,rock
u00513,s000260,skip,1,0,0,1,45,2025-07-13 09:23:12,mobile,US,a00019,indie
u00311,s000053,add_to_playlist,19,1,0,0,207,2025-07-31 18:37:43,mobile,US,a00025,indie
u00132,s000021,PLAY,13,0,0,0,218,2025-06-03 23:18:35,mobile,US,a00032,rock
u00116,s000003,play,5,0,0,0,270,2025-04-15 12:43:45,mobile,US,a00066,rock
u00397,s000324,SKIP,1,0,0,1,27,2025-11-06 23:22:24,mobile,US,a00189,classical
u00938,s000339,LIKE,19,1,0,0,386,2025-01-21 20:29:58,mobile,US,a00010,edm
u00412,s000015,add_to_playlist,17,1,0,0,315,2025-07-27 13:48:59,mobile,US,a00156,edm
u00988,s000035,play,10,0,0,0,185,2025-10-14 22:05:49,mobile,US,a00108,pop
u00469,s000008,like,9,1,0,0,217,2025-06-08 06:07:35,mobile,US,a00191,hip-hop
u00648,s000018,PLAY,5,0,0,0,337,2025-05-16 20:00:32,mobile,US,a00096,latin
u00000,s000352,add_to_playlist,10,1,0,0,393,2025-06-02 16:05:54,mobile,US,a00068,indie
u00670,s000021,PLAY,9,0,0,0,204,2025-11-16 07:28:29,mobile,US,a00032,rock
u00942,s000282,SKIP,1,0,0,1,59,2025-09-15 12:58:53,mobile,US,a00024,rock
u00055,s000083,like,8,1,0,0,325,2025-06-15 12:07:50,mobile,US,a00126,hip-hop
u00374,s000021,play,6,0,0,0,279,2025-06-16 10:00:51,mobile,US,a00032,rock
u00635,s000022,play,6,0,0,0,275,2025-03-11 02:15:33,mobile,US,a00195,pop
u00463,s000021,add_to_playlist,15,1,0,0,339,2025-05-17 07:37:59,mobile,US,a00032,rock
u00614,s000000,play,17,0,0,0,355,2025-09-10 09:53:58,mobile,US,a00178,edm
u00912,s000412,play,17,0,0,0,226,2025-06-15 10:04:11,mobile,US,a00015,classical
u00564,s000071,skip,1,0,0,1,27,2025-07-24 08:57:19,mobile,US,a00103,pop
u00280,s000105,PLAY,18,0,0,0,275,2025-06-26 02:39:41,mobile,US,a00062,hip-hop
u00784,s000023,PLAY,9,0,0,0,373,2025-11-12 01:40:36,mobile,US,a00085,pop
u00398,s000018,ADD_TO_PLAYLIST,11,1,0,0,186,2025-09-09 19:31:43,mobile,US,a00096,latin
u00153,s000443,ADD_TO_PLAYLIST,6,1,0,0,394,2025-10-25 19:23:54,mobile,US,a00036,jazz
u00796,s000482,PLAY,1,0,0,0,36,2025-12-03 12:53:17,mobile,US,a00152,edm
u00845,s000005,like,12,1,0,0,371,2025-04-05 05:41:50,mobile,US,a00178,classical
u00779,s000017,LIKE,7,1,0,0,304,2025-09-27 10:34:26,mobile,US,a00184,jazz
u00026,s000025,PLAY,18,0,0,0,324,2025-09-29 13:07:52,mobile,US,a00009,edm
u00116,s000002,play,11,0,0,0,248,2025-02-02 02:20:12,mobile,US,a00133,rock
u00940,s000059,play,19,0,0,0,297,2025-04-14 07:55:49,mobile,US,a00073,hip-hop
u00247,s000021,ADD_TO_PLAYLIST,9,1,0,0,217,2025-06-20 02:14:34,mobile,US,a00032,rock
u00897,s000159,PLAY,7,0,0,0,316,2025-07-28 19:53:34,mobile,US,a00085,hip-hop
u00255,s000141,play,1,0,0,0,11,2025-06-15 09:32:46,mobile,US,a00197,rock
u00262,s000258,PLAY,1,0,0,0,49,2025-11-24 00:43:15,mobile,US,a00118,latin
u00655,s000005,play,7,0,0,0,336,2025-03-28 01:06:57,mobile,US,a00178,classical
u00249,s000027,play,5,0,0,0,348,2025-11-24 13:38:09,mobile,US,a00122,jazz
u00622,s000169,PLAY,1,0,0,0,15,2025-10-23 14:11:18,mobile,US,a00183,jazz
u00397,s000316,skip,1,0,0,1,12,2025-11-30 19:17:24,mobile,US,a00097,pop
u00266,s000090,play,10,0,0,0,190,2025-02-07 09:29:51,mobile,US,a00028,hip-hop
u00823,s000020,ADD_TO_PLAYLIST,13,1,0,0,306,2025-08-02 05:18:09,mobile,US,a00182,indie
u00718,s000009,PLAY,6,0,0,0,286,2025-01-19 05:21:38,mobile,US,a00014,latin
u00524,s000022,PLAY,13,0,0,0,223,2025-09-02 01:40:27,mobile,US,a00195,pop
u00103,s000315,like,5,1,0,0,310,2025-09-01 08:33:10,mobile,US,a00167,hip-hop
u00904,s000215,skip,1,0,0,1,59,2025-08-25 18:03:55,mobile,US,a00053,rock
u00082,s000010,play,13,0,0,0,230,2025-11-21 13:17:36,mobile,US,a00110,classical
u00716,s000027,play,8,0,0,0,243,2025-03-16 17:47:05,mobile,US,a00122,jazz
u00650,s000037,ADD_TO_PLAYLIST,19,1,0,0,344,2025-06-25 09:50:18,mobile,US,a00183,indie
u00516,s000018,PLAY,10,0,0,0,302,2025-08-10 06:35:37,mobile,US,a00096,latin
u00336,s000007,play,10,0,0,0,294,2025-12-21 10:08:47,mobile,US,a00041,classical
u00962,s000033,play,11,0,0,0,328,2025-11-10 10:06:07,mobile,US,a00158,edm
u00390,s000480,PLAY,14,0,0,0,196,2025-03-31 10:09:52,mobile,US,a00009,jazz
u00651,s000125,like,17,1,0,0,205,2025-07-07 19:57:09,mobile,US,a00037,latin
u00901,s000381,LIKE,9,1,0,0,315,2025-01-23 03:54:11,mobile,US,a00100,hip-hop
u00637,s000284,like,9,1,0,0,398,2025-11-12 23:05:07,mobile,US,a00021,indie
u00975,s000316,PLAY,16,0,0,0,388,2025-11-25 05:23:55,mobile,US,a00097,pop
u00025,s000499,SKIP,1,0,0,1,33,2025-07-15 23:09:23,mobile,US,a00192,indie
u00387,s000037,like,17,1,0,0,327,2025-06-01 14:19:06,mobile,US,a00183,indie
u00566,s000016,play,15,0,0,0,289,2025-01-20 09:03:33,mobile,US,a00037,pop
u00979,s000033,PLAY,15,0,0,0,201,2025-11-22 15:16:06,mobile,US,a00158,edm
u00144,s000036,play,6,0,0,0,198,2025-12-27 13:44:34,mobile,US,a00179,latin
u00182,s000084,add_to_playlist,6,1,0,0,372,2025-12-31 23:58:55,mobile,US,a00105,edm
u00476,s000003,play,18,0,0,0,361,2025-11-20 19:41:59,mobile,US,a00066,rock
u00937,s000007,LIKE,13,1,0,0,198,2025-02-24 13:32:11,mobile,US,a00041,classical
u00863,s000026,PLAY,17,0,0,0,233,2025-01-11 09:34:37,mobile,US,a00004,pop
u00160,s000360,PLAY,1,0,0,0,43,2025-01-08 01:56:26,mobile,US,a00153,edm
u00579,s000095,LIKE,15,1,0,0,388,2025-08-31 22:19:40,mobile,US,a00000,pop
u00409,s000025,ADD_TO_PLAYLIST,19,1,0,0,200,2025-08-28 09:38:23,mobile,US,a00009,edm
u00401,s000090,like,9,1,0,0,372,2025-11-27 22:02:50,mobile,US,a00028,hip-hop
u00125,s000497,like,9,1,0,0,310,2025-02-28 10:17:58,mobile,US,a00152,latin
u00093,s000393,PLAY,18,0,0,0,276,2025-07-27 19:30:14,mobile,US,a00079,edm
u00278,s000003,play,17,0,0,0,266,2025-04-03 19:37:26,mobile,US,a00066,rock
u00259,s000225,SKIP,1,0,0,1,32,2025-06-13 13:18:05,mobile,US,a00077,edm
u00758,s000004,ADD_TO_PLAYLIST,17,1,0,0,315,2025-11-24 02:51:14,mobile,US,a00134,rock
u00854,s000037,PLAY,18,0,0,0,236,2025-06-30 08:45:12,mobile,US,a00183,indie
u00797,s000277,PLAY,18,0,0,0,395,2025-12-31 10:07:47,mobile,US,a00114,indie
u00508,s000024,PLAY,13,0,0,0,226,2025-01-29 15:03:51,mobile,US,a00065,latin
u00661,s000163,PLAY,1,0,0,0,33,2025-11-25 07:05:20,mobile,US,a00048,edm
u00310,s000440,play,1,0,0,0,35,2025-09-26 00:05:56,mobile,US,a00044,rock
u00393,s000497,PLAY,9,0,0,0,376,2025-03-10 04:19:02,mobile,US,a00152,latin
u00196,s000464,SKIP,1,0,0,1,54,2025-06-26 15:19:15,mobile,US,a00157,jazz
u00461,s000204,add_to_playlist,17,1,0,0,332,2025-07-17 08:09:06,mobile,US,a00054,classical
u00724,s000138,PLAY,1,0,0,0,15,2025-03-08 17:02:13,mobile,US,a00024,hip-hop
u00852,s000329,LIKE,18,1,0,0,242,2025-03-24 05:28:14,mobile,US,a00053,classical
u00236,s000012,play,13,0,0,0,350,2025-10-30 10:20:57,mobile,US,a00032,edm
u00278,s000003,PLAY,11,0,0,0,226,2025-10-17 07:44:07,mobile,US,a00066,rock
u00670,s000431,SKIP,1,0,0,1,9,2025-06-27 21:34:19,mobile,US,a00145,classical
u00332,s000006,like,17,1,0,0,392,2025-08-12 00:05:42,mobile,US,a00199,hip-hop
u00454,s000014,PLAY,15,0,0,0,213,2025-07-14 00:37:05,mobile,US,a00163,classical
u00041,s000484,like,7,1,0,0,383,2025-01-26 22:06:55,mobile,US,a00083,indie
u00375,s000241,ADD_TO_PLAYLIST,7,1,0,0,202,2025-07-19 03:47:32,mobile,US,a00084,hip-hop
u00627,s000012,ADD_TO_PLAYLIST,11,1,0,0,398,2025-04-07 13:13:58,mobile,US,a00032,edm
u00869,s000395,play,7,0,0,0,181,2025-12-26 23:57:26,mobile,US,a00007,edm
u00359,s000013,PLAY,7,0,0,0,252,2025-07-02 06:40:31,mobile,US,a00154,jazz
u00500,s000492,PLAY,14,0,0,0,397,2025-06-24 13:56:35,mobile,US,a00157,indie
u00885,s000437,play,11,0,0,0,203,2025-01-04 05:04:20,mobile,US,a00151,classical
u00444,s000090,play,13,0,0,0,207,2025-07-10 17:36:30,mobile,US,a00028,hip-hop
u00883,s000009,PLAY,10,0,0,0,358,2025-11-04 17:54:44,mobile,US,a00014,latin
u00542,s000046,like,19,1,0,0,298,2025-07-11 10:10:09,mobile,US,a00172,jazz
u00122,s000022,PLAY,11,0,0,0,186,2025-05-03 02:22:04,mobile,US,a00195,pop
u00233,s000090,PLAY,9,0,0,0,299,2025-07-20 03:58:39,mobile,US,a00028,hip-hop
u00269,s000017,PLAY,17,0,0,0,206,2025-06-05 17:14:02,mobile,US,a00184,jazz
u00216,s000090,ADD_TO_PLAYLIST,9,1,0,0,266,2025-09-21 10:00:51,mobile,US,a00028,hip-hop
u00535,s000015,like,16,1,0,0,274,2025-08-22 05:26:54,mobile,US,a00156,edm
u00948,s000339,PLAY,18,0,0,0,214,2025-03-19 16:23:03,mobile,US,a00010,edm
u00830,s000011,ADD_TO_PLAYLIST,6,1,0,0,271,2025-09-16 16:42:54,mobile,US,a00156,classical
u00271,s000368,skip,1,0,0,1,35,2025-12-17 21:37:09,mobile,US,a00103,rock
u00086,s000012,add_to_playlist,7,1,0,0,288,2025-09-17 15:39:11,mobile,US,a00032,edm
u00099,s000014,PLAY,15,0,0,0,362,2025-07-09 20:45:53,mobile,US,a00163,classical
u00300,s000032,ADD_TO_PLAYLIST,15,1,0,0,223,2025-02-08 14:28:24,mobile,US,a00140,rock
u00029,s000473,skip,1,0,0,1,45,2025-11-02 21:46:47,mobile,US,a00028,pop
u00190,s000001,PLAY,7,0,0,0,294,2025-02-26 01:09:19,mobile,US,a00197,indie
u00755,s000033,add_to_playlist,14,1,0,0,252,2025-11-04 13:12:58,mobile,US,a00158,edm
u00483,s000015,add_to_playlist,13,1,0,0,190,2025-10-10 08:11:22,mobile,US,a00156,edm
u00742,s000409,like,8,1,0,0,362,2025-04-16 15:24:48,mobile,US,a00046,pop
u00891,s000020,PLAY,17,0,0,0,330,2025-12-19 18:51:49,mobile,US,a00182,indie
u00464,s000083,play,8,0,0,0,231,2025-07-31 05:31:53,mobile,US,a00126,hip-hop
u00806,s000139,skip,1,0,0,1,47,2025-11-28 18:14:23,mobile,US,a00198,rock
u00370,s000083,PLAY,16,0,0,0,195,2025-01-30 13:53:50,mobile,US,a00126,hip-hop
u00459,s000100,LIKE,14,1,0,0,196,2025-04-28 04:32:39,mobile,US,a00109,jazz
u00487,s000006,like,7,1,0,0,330,2025-08-28 01:42:51,mobile,US,a00199,hip-hop
u00493,s000015,PLAY,18,0,0,0,219,2025-01-24 18:27:02,mobile,US,a00156,edm
u00998,s000018,LIKE,14,1,0,0,191,2025-08-26 08:44:53,mobile,US,a00096,latin
u00343,s000022,PLAY,13,0,0,0,232,2025-09-09 06:55:03,mobile,US,a00195,pop
u00869,s000025,play,16,0,0,0,352,2025-11-08 21:52:35,mobile,US,a00009,edm
u00790,s000012,LIKE,8,1,0,0,331,2025-09-16 05:29:35,mobile,US,a00032,edm
u00573,s000016,add_to_playlist,8,1,0,0,386,2025-09-03 00:23:14,mobile,US,a00037,pop
u00478,s000436,play,1,0,0,0,9,2025-09-08 09:37:51,mobile,US,a00158,edm
u00485,s000033,ADD_TO_PLAYLIST,9,1,0,0,391,2025-10-25 22:21:46,mobile,US,a00158,edm
u00356,s000035,play,5,0,0,0,329,2025-09-01 18:06:19,mobile,US,a00108,pop
u00855,s000005,like,7,1,0,0,346,2025-01-08 03:36:41,mobile,US,a00178,classical
u00711,s000033,skip,1,0,0,1,51,2025-03-02 03:30:11,mobile,US,a00158,edm
u00821,s000083,ADD_TO_PLAYLIST,16,1,0,0,264,2025-04-29 11:50:13,mobile,US,a00126,hip-hop
u00171,s000220,SKIP,1,0,0,1,13,2025-11-20 12:41:00,mobile,US,a00007,rock
u00892,s000054,PLAY,6,0,0,0,262,2025-04-13 18:13:03,mobile,US,a00042,rock
u00271,s000036,PLAY,13,0,0,0,216,2025-04-28 09:59:40,mobile,US,a00179,latin
u00495,s000344,PLAY,6,0,0,0,239,2025-11-12 17:54:58,mobile,US,a00186,indie
u00298,s000005,add_to_playlist,19,1,0,0,273,2025-01-15 20:40:55,mobile,US,a00178,classical
u00054,s000285,play,1,0,0,0,18,2025-07-13 02:07:48,mobile,US,a00003,edm
u00255,s000017,play,15,0,0,0,386,2025-04-18 20:46:41,mobile,US,a00184,jazz
u00381,s000033,like,5,1,0,0,388,2025-03-06 23:05:51,mobile,US,a00158,edm
u00153,s000314,PLAY,1,0,0,0,47,2025-07-27 09:39:41,mobile,US,a00133,edm
u00909,s000025,LIKE,17,1,0,0,328,2025-09-28 17:24:42,mobile,US,a00009,edm
u00523,s000001,like,19,1,0,0,237,2025-10-30 14:27:03,mobile,US,a00197,indie
u00009,s000471,like,13,1,0,0,366,2025-12-08 02:10:11,mobile,US,a00038,pop
u00352,s000004,LIKE,11,1,0,0,368,2025-03-25 02:21:23,mobile,US,a00134,rock
u00513,s000025,ADD_TO_PLAYLIST,18,1,0,0,272,2025-06-26 21:37:12,mobile,US,a00009,edm
u00750,s000252,PLAY,5,0,0,0,352,2025-07-28 17:36:06,mobile,US,a00046,latin
u00326,s000275,play,1,0,0,0,29,2025-12-02 21:04:28,mobile,US,a00127,latin
u00310,s000031,ADD_TO_PLAYLIST,5,1,0,0,388,2025-03-10 12:21:45,mobile,US,a00037,latin
u00136,s000032,PLAY,10,0,0,0,257,2025-09-30 01:21:09,mobile,US,a00140,rock
u00081,s000306,skip,1,0,0,1,21,2025-06-19 23:04:40,mobile,US,a00075,latin
u00396,s000018,play,14,0,0,0,268,2025-03-15 07:57:13,mobile,US,a00096,latin
u00793,s000016,SKIP,1,0,0,1,27,2025-02-14 03:40:59,mobile,US,a00037,pop
u00520,s000024,add_to_playlist,7,1,0,0,206,2025-11-13 22:56:59,mobile,US,a00065,latin
u00139,s000021,play,15,0,0,0,397,2025-08-24 00:11:08,mobile,US,a00032,rock
u00661,s000045,PLAY,19,0,0,0,233,2025-11-01 19:05:17,mobile,US,a00075,jazz
u00765,s000444,PLAY,13,0,0,0,214,2025-10-15 18:32:45,mobile,US,a00170,jazz
u00828,s000030,add_to_playlist,13,1,0,0,335,2025-10-25 02:59:49,mobile,US,a00117,indie
u00295,s000006,play,9,0,0,0,375,2025-05-22 21:06:55,mobile,US,a00199,hip-hop
u00634,s000023,add_to_playlist,8,1,0,0,308,2025-01-16 17:44:58,mobile,US,a00085,pop
u00041,s000020,PLAY,16,0,0,0,237,2025-08-03 01:18:28,mobile,US,a00182,indie
u00363,s000153,ADD_TO_PLAYLIST,8,1,0,0,379,2025-07-19 04:59:31,mobile,US,a00080,pop
u00357,s000251,skip,1,0,0,1,45,2025-07-05 00:55:40,mobile,US,a00128,edm
u00677,s000152,skip,1,0,0,1,36,2025-06-07 18:19:54,mobile,US,a00198,hip-hop
u00897,s000090,PLAY,11,0,0,0,338,2025-04-14 07:08:24,mobile,US,a00028,hip-hop
u00674,s000090,add_to_playlist,12,1,0,0,187,2025-11-05 11:19:46,mobile,US,a00028,hip-hop
u00358,s000233,like,17,1,0,0,375,2025-10-16 19:39:21,mobile,US,a00141,rock
u00294,s000022,LIKE,14,1,0,0,239,2025-02-08 21:06:14,mobile,US,a00195,pop
u00201,s000193,play,8,0,0,0,185,2025-10-01 06:01:48,mobile,US,a00007,latin
u00542,s000045,LIKE,12,1,0,0,379,2025-06-19 17:22:48,mobile,US,a00075,jazz
u00197,s000222,skip,1,0,0,1,27,2025-04-12 21:02:40,mobile,US,a00034,rock
u00076,s000434,like,5,1,0,0,372,2025-02-23 19:22:57,mobile,US,a00016,hip-hop
u00675,s000011,PLAY,13,0,0,0,393,2025-01-28 12:21:45,mobile,US,a00156,classical
u00371,s000018,PLAY,12,0,0,0,338,2025-09-29 13:45:14,mobile,US,a00096,latin
u00523,s000020,LIKE,8,1,0,0,269,2025-02-08 15:35:35,mobile,US,a00182,indie
u00432,s000014,LIKE,8,1,0,0,251,2025-09-07 00:20:13,mobile,US,a00163,classical
u00145,s000042,PLAY,15,0,0,0,351,2025-04-11 17:17:42,mobile,US,a00156,indie
u00213,s000422,skip,1,0,0,1,52,2025-04-19 11:52:47,mobile,US,a00006,jazz
u00824,s000237,ADD_TO_PLAYLIST,19,1,0,0,302,2025-12-22 13:59:50,mobile,US,a00073,latin
u00399,s000060,PLAY,5,0,0,0,215,2025-03-07 15:24:31,mobile,US,a00103,rock
u00864,s000261,play,1,0,0,0,18,2025-11-11 10:39:15,mobile,US,a00004,jazz
u00775,s000007,PLAY,12,0,0,0,232,2025-01-24 13:49:51,mobile,US,a00041,classical
u00585,s000030,ADD_TO_PLAYLIST,14,1,0,0,391,2025-01-05 06:33:19,mobile,US,a00117,indie
u00628,s000260,ADD_TO_PLAYLIST,7,1,0,0,283,2025-10-29 02:42:44,mobile,US,a00019,indie
u00481,s000033,PLAY,6,0,0,0,252,2025-05-02 17:09:02,mobile,US,a00158,edm
u00852,s000462,ADD_TO_PLAYLIST,19,1,0,0,181,2025-10-04 00:32:00,mobile,US,a00169,classical
u00387,s000030,add_to_playlist,17,1,0,0,221,2025-04-10 08:18:14,mobile,US,a00117,indie
u00568,s000340,play,12,0,0,0,223,2025-11-05 17:00:56,mobile,US,a00039,indie
u00545,s000009,PLAY,13,0,0,0,206,2025-07-30 13:41:56,mobile,US,a00014,latin
u00923,s000020,add_to_playlist,9,1,0,0,311,2025-04-26 15:47:43,mobile,US,a00182,indie
u00428,s000002,ADD_TO_PLAYLIST,14,1,0,0,275,2025-02-19 11:26:00,mobile,US,a00133,rock
u00247,s000045,play,1,0,0,0,34,2025-07-18 02:22:27,mobile,US,a00075,jazz
u00070,s000026,LIKE,14,1,0,0,270,2025-04-23 00:08:47,mobile,US,a00004,pop
u00109,s000252,skip,1,0,0,1,20,2025-10-20 04:47:53,mobile,US,a00046,latin
u00205,s000011,PLAY,18,0,0,0,390,2025-04-29 14:07:50,mobile,US,a00156,classical
u00812,s000002,like,15,1,0,0,199,2025-08-22 16:06:29,mobile,US,a00133,rock
u00339,s000083,play,8,0,0,0,341,2025-05-19 01:30:08,mobile,US,a00126,hip-hop
u00142,s000090,ADD_TO_PLAYLIST,18,1,0,0,357,2025-10-01 12:53:44,mobile,US,a00028,hip-hop
u00053,s000079,play,1,0,0,0,53,2025-11-26 14:59:02,mobile,US,a00132,rock
u00516,s000348,ADD_TO_PLAYLIST,9,1,0,0,233,2025-02-18 05:38:30,mobile,US,a00054,latin
u00877,s000269,ADD_TO_PLAYLIST,18,1,0,0,318,2025-07-14 13:05:44,mobile,US,a00107,pop
u00627,s000012,ADD_TO_PLAYLIST,5,1,0,0,372,2025-07-21 08:47:28,mobile,US,a00032,edm
u00469,s000249,ADD_TO_PLAYLIST,19,1,0,0,308,2025-02-12 12:23:53,mobile,US,a00081,hip-hop
u00301,s000021,play,7,0,0,0,380,2025-06-27 19:56:28,mobile,US,a00032,rock
u00553,s000083,LIKE,17,1,0,0,221,2025-07-11 20:48:04,mobile,US,a00126,hip-hop
u00100,s000001,add_to_playlist,17,1,0,0,385,2025-09-01 16:54:13,mobile,US,a00197,indie
u00691,s000000,LIKE,6,1,0,0,212,2025-10-12 18:56:27,mobile,US,a00178,edm
u00611,s000022,add_to_playlist,15,1,0,0,211,2025-12-08 19:04:35,mobile,US,a00195,pop
u00550,s000021,play,9,0,0,0,280,2025-06-13 03:22:58,mobile,US,a00032,rock
u00356,s000035,play,15,0,0,0,261,2025-09-18 11:24:49,mobile,US,a00108,pop
u00783,s000059,like,10,1,0,0,303,2025-11-10 09:48:40,mobile,US,a00073,hip-hop
u00764,s000349,PLAY,11,0,0,0,255,2025-10-04 07:17:48,mobile,US,a00110,classical
u00794,s000289,LIKE,19,1,0,0,328,2025-11-17 12:17:08,mobile,US,a00108,rock
u00646,s000011,LIKE,13,1,0,0,184,2025-07-19 22:13:04,mobile,US,a00156,classical
u00862,s000094,ADD_TO_PLAYLIST,12,1,0,0,262,2025-04-18 21:56:57,mobile,US,a00150,pop
u00759,s000423,PLAY,10,0,0,0,206,2025-10-10 09:15:17,mobile,US,a00136,indie
u00879,s000014,LIKE,16,1,0,0,222,2025-05-04 09:15:06,mobile,US,a00163,classical
u00684,s000003,add_to_playlist,8,1,0,0,263,2025-03-01 02:34:00,mobile,US,a00066,rock
u00892,s000085,play,13,0,0,0,248,2025-05-31 16:46:07,mobile,US,a00091,rock
u00951,s000083,add_to_playlist,9,1,0,0,315,2025-11-16 14:15:44,mobile,US,a00126,hip-hop
u00680,s000018,ADD_TO_PLAYLIST,15,1,0,0,203,2025-03-17 15:12:41,mobile,US,a00096,latin
u00394,s000052,ADD_TO_PLAYLIST,19,1,0,0,272,2025-12-14 02:07:45,mobile,US,a00035,jazz
u00535,s000015,ADD_TO_PLAYLIST,11,1,0,0,206,2025-11-05 08:48:54,mobile,US,a00156,edm
u00955,s000045,PLAY,12,0,0,0,309,2025-06-26 05:59:05,mobile,US,a00075,jazz
u00155,s000026,LIKE,14,1,0,0,312,2025-05-11 04:52:47,mobile,US,a00004,pop
u00435,s000031,PLAY,8,0,0,0,263,2025-01-27 14:52:43,mobile,US,a00037,latin
u00597,s000001,LIKE,11,1,0,0,305,2025-05-18 16:10:49,mobile,US,a00197,indie
u00282,s000395,like,9,1,0,0,242,2025-05-23 08:48:00,mobile,US,a00007,edm
u00226,s000068,add_to_playlist,16,1,0,0,311,2025-09-01 10:57:09,mobile,US,a00106,classical
u00889,s000004,LIKE,6,1,0,0,337,2025-05-24 14:43:20,mobile,US,a00134,rock
u00935,s000155,LIKE,9,1,0,0,355,2025-03-12 16:30:44,mobile,US,a00104,rock
u00107,s000008,play,5,0,0,0,395,2025-02-28 20:28:48,mobile,US,a00191,hip-hop
u00617,s000036,play,11,0,0,0,245,2025-08-23 21:56:01,mobile,US,a00179,latin
u00136,s000145,SKIP,1,0,0,1,12,2025-12-01 01:54:12,mobile,US,a00028,edm
u00703,s000177,PLAY,6,0,0,0,240,2025-11-27 03:21:23,mobile,US,a00143,latin
u00808,s000000,play,6,0,0,0,274,2025-01-19 12:16:07,mobile,US,a00178,edm
u00523,s000030,add_to_playlist,12,1,0,0,200,2025-12-15 06:20:05,mobile,US,a00117,indie
u00276,s000070,PLAY,1,0,0,0,13,2025-07-13 21:16:54,mobile,US,a00140,classical
u00075,s000023,play,9,0,0,0,341,2025-11-16 06:10:58,mobile,US,a00085,pop
u00562,s000242,ADD_TO_PLAYLIST,12,1,0,0,362,2025-10-05 21:42:47,mobile,US,a00146,indie
u00751,s000066,PLAY,13,0,0,0,182,2025-06-17 03:26:27,mobile,US,a00089,classical
u00406,s000025,ADD_TO_PLAYLIST,16,1,0,0,348,2025-01-26 23:44:16,mobile,US,a00009,edm
u00680,s000009,like,14,1,0,0,227,2025-10-25 17:50:14,mobile,US,a00014,latin
u00094,s000124,like,15,1,0,0,181,2025-01-20 02:09:42,mobile,US,a00074,edm
u00097,s000166,skip,1,0,0,1,45,2025-12-01 21:04:16,mobile,US,a00140,classical
u00889,s000458,play,1,0,0,0,53,2025-12-21 12:09:13,mobile,US,a00107,edm
u00835,s000090,like,13,1,0,0,259,2025-11-26 08:41:44,mobile,US,a00028,hip-hop
u00802,s000490,add_to_playlist,18,1,0,0,399,2025-04-25 05:02:25,mobile,US,a00141,rock
u00316,s000068,skip,1,0,0,1,15,2025-03-21 17:06:50,mobile,US,a00106,classical
u00658,s000205,skip,1,0,0,1,6,2025-02-18 12:03:33,mobile,US,a00031,edm
u00242,s000006,play,10,0,0,0,301,2025-02-20 09:20:10,mobile,US,a00199,hip-hop
u00330,s000003,like,17,1,0,0,390,2025-10-17 05:12:55,mobile,US,a00066,rock
u00217,s000010,play,18,0,0,0,194,2025-03-16 23:51:40,mobile,US,a00110,classical
u00954,s000027,play,10,0,0,0,326,2025-07-20 20:50:39,mobile,US,a00122,jazz
u00354,s000009,ADD_TO_PLAYLIST,15,1,0,0,288,2025-06-02 07:49:16,mobile,US,a00014,latin
u00579,s000253,PLAY,18,0,0,0,211,2025-05-03 16:38:18,mobile,US,a00196,pop
u00449,s000020,SKIP,1,0,0,1,12,2025-04-22 11:51:45,mobile,US,a00182,indie
u00584,s000104,ADD_TO_PLAYLIST,9,1,0,0,307,2025-06-15 23:47:03,mobile,US,a00000,edm
u00494,s000014,add_to_playlist,12,1,0,0,255,2025-10-28 23:56:09,mobile,US,a00163,classical
u00668,s000036,skip,1,0,0,1,50,2025-03-17 06:47:45,mobile,US,a00179,latin
u00485,s000015,LIKE,11,1,0,0,247,2025-10-05 09:39:00,mobile,US,a00156,edm
u00736,s000288,PLAY,14,0,0,0,186,2025-05-27 02:19:47,mobile,US,a00028,hip-hop
u00171,s000200,play,9,0,0,0,240,2025-07-04 14:53:26,mobile,US,a00109,classical
u00254,s000279,PLAY,1,0,0,0,38,2025-05-27 02:03:09,mobile,US,a00008,hip-hop
u00297,s000081,skip,1,0,0,1,10,2025-04-06 22:58:49,mobile,US,a00036,classical
u00763,s000026,PLAY,13,0,0,0,262,2025-11-10 07:19:32,mobile,US,a00004,pop
u00597,s000244,play,14,0,0,0,218,2025-01-30 00:30:29,mobile,US,a00124,indie
u00550,s000208,play,19,0,0,0,245,2025-11-18 13:02:00,mobile,US,a00092,rock
u00021,s000014,add_to_playlist,11,1,0,0,280,2025-09-26 18:13:22,mobile,US,a00163,classical
u00761,s000466,add_to_playlist,17,1,0,0,251,2025-05-27 04:29:46,mobile,US,a00140,pop
u00275,s000006,add_to_playlist,16,1,0,0,288,2025-05-02 09:53:38,mobile,US,a00199,hip-hop
u00954,s000046,add_to_playlist,10,1,0,0,308,2025-12-06 05:48:14,mobile,US,a00172,jazz
u00035,s000199,PLAY,5,0,0,0,392,2025-07-16 14:12:41,mobile,US,a00009,classical
u00060,s000045,LIKE,19,1,0,0,210,2025-10-24 01:41:30,mobile,US,a00075,jazz
u00629,s000399,PLAY,1,0,0,0,52,2025-03-22 21:46:18,mobile,US,a00197,classical
u00003,s000001,LIKE,9,1,0,0,337,2025-03-22 07:06:29,mobile,US,a00197,indie
u00269,s000017,ADD_TO_PLAYLIST,13,1,0,0,273,2025-04-20 07:27:46,mobile,US,a00184,jazz
u00807,s000220,like,18,1,0,0,398,2025-12-31 02:02:42,mobile,US,a00007,rock
u00972,s000440,LIKE,6,1,0,0,273,2025-05-29 01:57:08,mobile,US,a00044,rock
u00361,s000191,SKIP,1,0,0,1,16,2025-02-11 10:45:23,mobile,US,a00131,jazz
u00060,s000443,ADD_TO_PLAYLIST,6,1,0,0,262,2025-10-17 13:44:58,mobile,US,a00036,jazz
u00923,s000001,play,5,0,0,0,244,2025-08-20 15:43:49,mobile,US,a00197,indie
u00878,s000470,LIKE,9,1,0,0,363,2025-02-05 19:21:19,mobile,US,a00122,classical
u00125,s000170,play,18,0,0,0,352,2025-11-06 14:01:11,mobile,US,a00061,latin
u00434,s000281,play,1,0,0,0,47,2025-06-12 21:45:27,mobile,US,a00193,indie
u00695,s000272,play,1,0,0,0,28,2025-04-05 21:15:42,mobile,US,a00157,jazz
u00899,s000045,play,14,0,0,0,310,2025-09-10 02:06:43,mobile,US,a00075,jazz
u00680,s000009,PLAY,11,0,0,0,255,2025-12-23 05:21:24,mobile,US,a00014,latin
u00340,s000181,play,1,0,0,0,12,2025-04-03 12:12:43,mobile,US,a00000,latin
u00250,s000323,play,16,0,0,0,365,2025-08-08 03:16:39,mobile,US,a00153,edm
u00155,s000035,PLAY,16,0,0,0,322,2025-09-28 06:03:29,mobile,US,a00108,pop
u00034,s000428,ADD_TO_PLAYLIST,17,1,0,0,220,2025-09-25 19:49:41,mobile,US,a00081,edm
u00487,s000006,play,9,0,0,0,265,2025-05-19 03:40:30,mobile,US,a00199,hip-hop
u00993,s000090,add_to_playlist,19,1,0,0,221,2025-05-07 11:18:00,mobile,US,a00028,hip-hop
u00303,s000015,PLAY,11,0,0,0,314,2025-10-14 05:07:48,mobile,US,a00156,edm
u00518,s000193,LIKE,7,1,0,0,324,2025-01-13 04:37:58,mobile,US,a00007,latin
u00116,s000021,ADD_TO_PLAYLIST,5,1,0,0,268,2025-08-02 07:21:28,mobile,US,a00032,rock
u00097,s000059,like,9,1,0,0,347,2025-05-23 06:30:10,mobile,US,a00073,hip-hop
u00267,s000009,like,8,1,0,0,357,2025-08-10 02:40:13,mobile,US,a00014,latin
u00831,s000010,ADD_TO_PLAYLIST,14,1,0,0,254,2025-09-10 02:50:32,mobile,US,a00110,classical
u00356,s000201,like,16,1,0,0,236,2025-08-31 07:10:04,mobile,US,a00161,pop
u00276,s000313,SKIP,1,0,0,1,53,2025-06-01 01:59:55,mobile,US,a00030,classical
u00450,s000025,play,11,0,0,0,251,2025-02-13 11:58:45,mobile,US,a00009,edm
u00057,s000002,PLAY,13,0,0,0,300,2025-05-23 18:09:45,mobile,US,a00133,rock
u00729,s000343,SKIP,1,0,0,1,42,2025-05-06 11:54:58,mobile,US,a00112,rock
u00685,s000180,play,8,0,0,0,321,2025-03-11 18:59:17,mobile,US,a00017,edm
u00031,s000032,play,9,0,0,0,365,2025-11-18 04:23:41,mobile,US,a00140,rock
u00803,s000003,LIKE,5,1,0,0,311,2025-02-26 00:48:14,mobile,US,a00066,rock
u00221,s000013,ADD_TO_PLAYLIST,11,1,0,0,311,2025-12-28 21:18:47,mobile,US,a00154,jazz
u00436,s000018,add_to_playlist,16,1,0,0,239,2025-10-13 23:06:55,mobile,US,a00096,latin
u00328,s000450,like,16,1,0,0,327,2025-12-04 21:33:20,mobile,US,a00119,latin
u00035,s000014,LIKE,18,1,0,0,337,2025-09-12 17:38:32,mobile,US,a00163,classical
u00224,s000016,add_to_playlist,19,1,0,0,240,2025-01-01 11:55:28,mobile,US,a00037,pop
u00936,s000025,PLAY,11,0,0,0,221,2025-10-12 16:32:23,mobile,US,a00009,edm
u00130,s000008,play,15,0,0,0,221,2025-03-05 20:39:52,mobile,US,a00191,hip-hop
u00355,s000300,PLAY,12,0,0,0,264,2025-06-02 16:19:29,mobile,US,a00165,indie
u00046,s000036,play,11,0,0,0,182,2025-08-08 19:39:10,mobile,US,a00179,latin
u00860,s000090,play,9,0,0,0,204,2025-10-18 08:25:32,mobile,US,a00028,hip-hop
u00616,s000289,PLAY,10,0,0,0,257,2025-06-15 02:24:34,mobile,US,a00108,rock
u00835,s000083,like,11,1,0,0,223,2025-06-17 19:48:03,mobile,US,a00126,hip-hop
u00008,s000042,play,9,0,0,0,194,2025-11-24 21:51:36,mobile,US,a00156,indie
u00931,s000105,PLAY,13,0,0,0,233,2025-12-31 02:57:08,mobile,US,a00062,hip-hop
u00472,s000013,add_to_playlist,19,1,0,0,376,2025-10-01 00:56:20,mobile,US,a00154,jazz
u00054,s000137,skip,1,0,0,1,5,2025-04-29 09:06:14,mobile,US,a00151,pop
u00075,s000253,LIKE,16,1,0,0,338,2025-08-21 17:16:59,mobile,US,a00196,pop
u00661,s000045,PLAY,9,0,0,0,192,2025-09-22 22:12:56,mobile,US,a00075,jazz
u00465,s000416,PLAY,1,0,0,0,27,2025-08-06 01:33:55,mobile,US,a00025,rock
u00357,s000202,PLAY,1,0,0,0,24,2025-06-13 14:07:18,mobile,US,a00123,hip-hop
u00738,s000005,PLAY,7,0,0,0,209,2025-09-22 00:47:14,mobile,US,a00178,classical
u00638,s000022,LIKE,9,1,0,0,326,2025-01-05 08:11:42,mobile,US,a00195,pop
u00156,s000352,LIKE,9,1,0,0,341,2025-10-16 15:08:18,mobile,US,a00068,indie
u00150,s000489,play,1,0,0,0,24,2025-08-21 23:19:05,mobile,US,a00172,rock
u00700,s000026,PLAY,12,0,0,0,259,2025-12-13 10:17:07,mobile,US,a00004,pop
u00129,s000334,add_to_playlist,17,1,0,0,266,2025-08-26 08:41:26,mobile,US,a00035,hip-hop
u00288,s000021,play,7,0,0,0,361,2025-11-19 09:55:09,mobile,US,a00032,rock
u00722,s000008,play,8,0,0,0,262,2025-05-20 13:13:09,mobile,US,a00191,hip-hop
u00468,s000315,SKIP,1,0,0,1,28,2025-05-02 04:51:42,mobile,US,a00167,hip-hop
u00876,s000035,like,18,1,0,0,312,2025-06-26 11:07:47,mobile,US,a00108,pop
u00583,s000316,play,15,0,0,0,231,2025-02-26 13:29:33,mobile,US,a00097,pop
u00236,s000012,LIKE,17,1,0,0,282,2025-11-02 05:26:37,mobile,US,a00032,edm
u00689,s000035,PLAY,7,0,0,0,285,2025-01-19 10:09:23,mobile,US,a00108,pop
u00965,s000258,SKIP,1,0,0,1,50,2025-08-27 03:59:12,mobile,US,a00118,latin
u00624,s000070,like,16,1,0,0,211,2025-09-01 12:59:22,mobile,US,a00140,classical
u00730,s000013,like,11,1,0,0,336,2025-11-06 16:15:30,mobile,US,a00154,jazz
u00116,s000149,like,9,1,0,0,296,2025-05-01 04:01:21,mobile,US,a00155,rock
u00443,s000009,like,11,1,0,0,397,2025-04-11 01:03:06,mobile,US,a00014,latin
u00361,s000439,play,1,0,0,0,20,2025-01-31 10:31:12,mobile,US,a00187,jazz
u00340,s000027,PLAY,5,0,0,0,190,2025-02-20 00:39:45,mobile,US,a00122,jazz
u00560,s000326,SKIP,1,0,0,1,20,2025-10-10 18:23:40,mobile,US,a00045,rock
u00063,s000103,PLAY,18,0,0,0,246,2025-05-01 22:16:27,mobile,US,a00056,rock
u00010,s000045,like,19,1,0,0,386,2025-06-16 10:47:46,mobile,US,a00075,jazz
u00983,s000117,ADD_TO_PLAYLIST,8,1,0,0,354,2025-05-14 12:34:23,mobile,US,a00116,classical
u00867,s000000,play,5,0,0,0,384,2025-08-25 09:02:40,mobile,US,a00178,edm
u00359,s000017,ADD_TO_PLAYLIST,14,1,0,0,193,2025-02-25 00:24:16,mobile,US,a00184,jazz
u00205,s000007,LIKE,11,1,0,0,352,2025-03-15 03:06:03,mobile,US,a00041,classical
u00485,s000393,LIKE,14,1,0,0,326,2025-03-28 05:43:40,mobile,US,a00079,edm
u00457,s000141,SKIP,1,0,0,1,15,2025-05-01 10:35:55,mobile,US,a00197,rock
u00802,s000021,PLAY,9,0,0,0,239,2025-03-13 17:37:48,mobile,US,a00032,rock
u00604,s000250,add_to_playlist,7,1,0,0,274,2025-12-24 03:27:23,mobile,US,a00001,indie
u00258,s000107,skip,1,0,0,1,46,2025-12-17 09:44:46,mobile,US,a00054,edm
u00997,s000301,PLAY,8,0,0,0,245,2025-12-29 06:16:27,mobile,US,a00033,hip-hop
u00574,s000277,ADD_TO_PLAYLIST,15,1,0,0,298,2025-05-30 18:57:40,mobile,US,a00114,indie
u00467,s000003,PLAY,14,0,0,0,180,2025-11-03 15:36:16,mobile,US,a00066,rock
u00407,s000018,like,19,1,0,0,282,2025-10-14 19:55:41,mobile,US,a00096,latin
u00072,s000002,ADD_TO_PLAYLIST,8,1,0,0,205,2025-09-20 13:10:18,mobile,US,a00133,rock
u00572,s000420,like,19,1,0,0,194,2025-12-14 20:08:15,mobile,US,a00078,rock
u00895,s000008,PLAY,16,0,0,0,191,2025-03-19 09:54:51,mobile,US,a00191,hip-hop
u00535,s000012,add_to_playlist,13,1,0,0,273,2025-05-06 04:34:14,mobile,US,a00032,edm
u00891,s000020,ADD_TO_PLAYLIST,5,1,0,0,376,2025-12-05 09:18:13,mobile,US,a00182,indie
u00379,s000021,play,6,0,0,0,334,2025-06-20 16:49:10,mobile,US,a00032,rock
u00444,s000059,play,18,0,0,0,273,2025-06-22 10:01:52,mobile,US,a00073,hip-hop
u00458,s000203,play,1,0,0,0,25,2025-08-13 22:03:30,mobile,US,a00086,pop
u00361,s000236,play,5,0,0,0,396,2025-02-03 05:51:28,mobile,US,a00006,rock
u00970,s000350,SKIP,1,0,0,1,25,2025-11-24 16:18:30,mobile,US,a00151,hip-hop
u00969,s000046,ADD_TO_PLAYLIST,19,1,0,0,189,2025-03-13 22:34:52,mobile,US,a00172,jazz
u00498,s000021,LIKE,15,1,0,0,242,2025-07-28 07:13:26,mobile,US,a00032,rock
u00157,s000016,PLAY,14,0,0,0,280,2025-09-01 00:56:55,mobile,US,a00037,pop
u00171,s000161,add_to_playlist,6,1,0,0,324,2025-04-10 05:55:01,mobile,US,a00188,classical
u00299,s000176,skip,1,0,0,1,50,2025-02-07 17:25:20,mobile,US,a00029,indie
u00964,s000001,PLAY,8,0,0,0,386,2025-12-26 13:19:51,mobile,US,a00197,indie
u00884,s000245,add_to_playlist,18,1,0,0,198,2025-01-09 23:20:17,mobile,US,a00146,latin
u00815,s000065,play,1,0,0,0,27,2025-06-09 01:16:30,mobile,US,a00046,jazz
u00482,s000010,add_to_playlist,7,1,0,0,268,2025-04-04 20:23:20,mobile,US,a00110,classical
u00897,s000383,LIKE,17,1,0,0,298,2025-07-25 05:20:56,mobile,US,a00186,hip-hop
u00736,s000083,play,17,0,0,0,314,2025-05-29 01:14:30,mobile,US,a00126,hip-hop
u00989,s000036,LIKE,17,1,0,0,317,2025-02-15 09:25:32,mobile,US,a00179,latin
u00553,s000090,like,10,1,0,0,390,2025-12-10 00:10:08,mobile,US,a00028,hip-hop
u00652,s000020,play,11,0,0,0,372,2025-12-13 06:22:43,mobile,US,a00182,indie
u00828,s000021,PLAY,1,0,0,0,30,2025-06-25 06:45:43,mobile,US,a00032,rock
u00486,s000017,add_to_playlist,13,1,0,0,287,2025-03-05 12:39:51,mobile,US,a00184,jazz
u00012,s000013,like,7,1,0,0,362,2025-01-03 15:54:56,mobile,US,a00154,jazz
u00472,s000045,PLAY,12,0,0,0,205,2025-04-11 12:50:05,mobile,US,a00075,jazz
u00956,s000090,play,9,0,0,0,336,2025-01-17 16:57:58,mobile,US,a00028,hip-hop
u00773,s000415,LIKE,6,1,0,0,286,2025-05-25 21:14:52,mobile,US,a00150,hip-hop
u00115,s000090,play,10,0,0,0,398,2025-09-28 17:22:45,mobile,US,a00028,hip-hop
u00275,s000059,PLAY,11,0,0,0,193,2025-04-16 09:00:04,mobile,US,a00073,hip-hop
u00142,s000006,ADD_TO_PLAYLIST,17,1,0,0,261,2025-03-18 20:50:25,mobile,US,a00199,hip-hop
u00752,s000035,PLAY,8,0,0,0,225,2025-09-16 04:55:59,mobile,US,a00108,pop
u00272,s000320,play,13,0,0,0,352,2025-02-26 12:19:48,mobile,US,a00137,latin
u00342,s000013,ADD_TO_PLAYLIST,19,1,0,0,223,2025-09-05 21:29:41,mobile,US,a00154,jazz
u00780,s000454,PLAY,5,0,0,0,231,2025-05-04 10:40:12,mobile,US,a00140,rock
u00604,s000042,play,17,0,0,0,396,2025-05-27 18:52:48,mobile,US,a00156,indie
u00712,s000233,PLAY,5,0,0,0,237,2025-09-18 02:56:52,mobile,US,a00141,rock
u00802,s000339,SKIP,1,0,0,1,30,2025-02-08 00:43:09,mobile,US,a00010,edm
u00371,s000009,play,14,0,0,0,355,2025-02-18 09:08:27,mobile,US,a00014,latin
u00066,s000090,add_to_playlist,18,1,0,0,294,2025-04-09 03:07:42,mobile,US,a00028,hip-hop
u00581,s000004,play,5,0,0,0,290,2025-06-01 20:11:48,mobile,US,a00134,rock
u00883,s000024,PLAY,14,0,0,0,352,2025-01-23 11:35:02,mobile,US,a00065,latin
u00330,s000002,play,14,0,0,0,372,2025-09-22 09:40:52,mobile,US,a00133,rock
u00092,s000094,add_to_playlist,7,1,0,0,332,2025-12-16 02:58:20,mobile,US,a00150,pop
u00672,s000025,play,15,0,0,0,293,2025-11-27 00:49:43,mobile,US,a00009,edm
u00543,s000022,like,13,1,0,0,393,2025-07-13 20:15:38,mobile,US,a00195,pop
u00953,s000090,PLAY,17,0,0,0,253,2025-05-05 14:45:12,mobile,US,a00028,hip-hop
u00340,s000017,PLAY,6,0,0,0,321,2025-01-28 14:41:12,mobile,US,a00184,jazz
u00401,s000272,SKIP,1,0,0,1,29,2025-07-30 17:47:03,mobile,US,a00157,jazz
u00222,s000033,LIKE,13,1,0,0,221,2025-09-02 22:06:52,mobile,US,a00158,edm
u00273,s000091,play,1,0,0,0,40,2025-01-28 05:38:20,mobile,US,a00039,indie
u00096,s000046,skip,1,0,0,1,19,2025-02-04 06:30:46,mobile,US,a00172,jazz
u00570,s000085,SKIP,1,0,0,1,11,2025-12-08 19:35:55,mobile,US,a00091,rock
u00256,s000277,play,16,0,0,0,198,2025-09-26 23:42:10,mobile,US,a00114,indie
u00736,s000281,PLAY,1,0,0,0,17,2025-06-19 07:27:01,mobile,US,a00193,indie
u00482,s000010,play,19,0,0,0,257,2025-04-02 00:26:12,mobile,US,a00110,classical
u00756,s000493,ADD_TO_PLAYLIST,9,1,0,0,293,2025-01-10 00:42:46,mobile,US,a00067,pop
u00171,s000309,SKIP,1,0,0,1,23,2025-09-06 06:18:43,mobile,US,a00105,hip-hop
u00114,s000020,PLAY,12,0,0,0,264,2025-10-31 05:51:24,mobile,US,a00182,indie
u00008,s000423,PLAY,7,0,0,0,349,2025-02-03 15:29:03,mobile,US,a00136,indie
u00969,s000013,play,6,0,0,0,327,2025-06-28 06:44:21,mobile,US,a00154,jazz
u00937,s000005,like,8,1,0,0,278,2025-06-24 17:57:26,mobile,US,a00178,classical
u00520,s000341,ADD_TO_PLAYLIST,14,1,0,0,394,2025-04-19 08:43:33,mobile,US,a00010,latin
u00546,s000007,PLAY,12,0,0,0,306,2025-03-27 19:58:00,mobile,US,a00041,classical
u00551,s000185,like,8,1,0,0,312,2025-06-03 09:37:56,mobile,US,a00193,hip-hop
u00276,s000045,play,1,0,0,0,49,2025-12-17 11:30:02,mobile,US,a00075,jazz
u00532,s000368,play,8,0,0,0,317,2025-10-19 09:09:38,mobile,US,a00103,rock
u00350,s000090,ADD_TO_PLAYLIST,19,1,0,0,251,2025-03-10 20:10:32,mobile,US,a00028,hip-hop
u00473,s000411,PLAY,1,0,0,0,11,2025-06-07 22:12:37,mobile,US,a00009,pop
u00950,s000148,like,19,1,0,0,282,2025-05-30 01:52:40,mobile,US,a00153,jazz
u00668,s000011,play,11,0,0,0,276,2025-03-15 07:39:43,mobile,US,a00156,classical
u00036,s000083,add_to_playlist,6,1,0,0,398,2025-09-23 21:51:21,mobile,US,a00126,hip-hop
u00329,s000024,ADD_TO_PLAYLIST,18,1,0,0,205,2025-09-02 20:27:58,mobile,US,a00065,latin
u00219,s000001,LIKE,11,1,0,0,212,2025-05-13 17:41:33,mobile,US,a00197,indie
u00735,s000045,LIKE,18,1,0,0,398,2025-07-01 04:35:41,mobile,US,a00075,jazz
u00346,s000039,LIKE,8,1,0,0,284,2025-04-18 03:33:09,mobile,US,a00156,jazz
u00938,s000000,play,17,0,0,0,348,2025-01-22 02:38:19,mobile,US,a00178,edm
u00382,s000008,LIKE,10,1,0,0,300,2025-05-31 16:05:45,mobile,US,a00191,hip-hop
u00002,s000011,PLAY,9,0,0,0,307,2025-05-20 15:39:25,mobile,US,a00156,classical
u00732,s000032,ADD_TO_PLAYLIST,10,1,0,0,263,2025-01-30 00:09:07,mobile,US,a00140,rock
u00204,s000241,play,9,0,0,0,344,2025-05-17 04:59:46,mobile,US,a00084,hip-hop
u00225,s000334,SKIP,1,0,0,1,51,2025-06-08 09:49:32,mobile,US,a00035,hip-hop
u00033,s000270,PLAY,12,0,0,0,349,2025-03-03 10:04:58,mobile,US,a00023,pop
u00757,s000039,add_to_playlist,6,1,0,0,320,2025-01-19 01:06:31,mobile,US,a00156,jazz
u00887,s000012,LIKE,17,1,0,0,251,2025-08-14 17:16:52,mobile,US,a00032,edm
u00160,s000359,play,17,0,0,0,388,2025-02-08 20:16:57,mobile,US,a00108,indie
u00897,s000083,LIKE,14,1,0,0,216,2025-11-25 11:27:55,mobile,US,a00126,hip-hop
u00322,s000334,play,19,0,0,0,227,2025-09-05 12:56:50,mobile,US,a00035,hip-hop
u00343,s000039,play,1,0,0,0,36,2025-08-18 10:02:10,mobile,US,a00156,jazz
u00455,s000013,play,12,0,0,0,318,2025-04-13 12:37:59,mobile,US,a00154,jazz
u00960,s000051,play,18,0,0,0,302,2025-03-17 07:06:52,mobile,US,a00163,rock
u00617,s000024,PLAY,13,0,0,0,330,2025-08-06 17:44:00,mobile,US,a00065,latin
u00260,s000222,LIKE,17,1,0,0,312,2025-04-25 20:56:32,mobile,US,a00034,rock
u00585,s000053,add_to_playlist,7,1,0,0,262,2025-10-28 03:14:09,mobile,US,a00025,indie
u00304,s000035,PLAY,8,0,0,0,182,2025-06-11 13:45:05,mobile,US,a00108,pop
u00340,s000415,SKIP,1,0,0,1,38,2025-08-10 23:24:36,mobile,US,a00150,hip-hop
u00962,s000287,like,10,1,0,0,219,2025-06-29 03:22:19,mobile,US,a00185,edm
u00132,s000021,PLAY,7,0,0,0,392,2025-07-10 19:13:27,mobile,US,a00032,rock
u00760,s000059,ADD_TO_PLAYLIST,6,1,0,0,384,2025-03-04 16:13:45,mobile,US,a00073,hip-hop
u00512,s000042,ADD_TO_PLAYLIST,11,1,0,0,269,2025-10-15 09:11:26,mobile,US,a00156,indie
u00622,s000063,PLAY,1,0,0,0,13,2025-08-23 19:13:09,mobile,US,a00199,classical
u00925,s000017,play,16,0,0,0,247,2025-06-12 01:58:13,mobile,US,a00184,jazz
u00591,s000231,play,12,0,0,0,322,2025-10-10 01:24:25,mobile,US,a00164,latin
u00923,s000042,like,8,1,0,0,208,2025-01-13 09:34:23,mobile,US,a00156,indie
u00909,s000000,PLAY,18,0,0,0,246,2025-11-06 16:58:18,mobile,US,a00178,edm
u00634,s000035,play,17,0,0,0,219,2025-02-19 07:20:12,mobile,US,a00108,pop
u00886,s000172,SKIP,1,0,0,1,42,2025-04-23 22:59:55,mobile,US,a00157,jazz
u00857,s000045,PLAY,16,0,0,0,399,2025-10-05 04:27:14,mobile,US,a00075,jazz
u00822,s000260,SKIP,1,0,0,1,48,2025-04-02 01:43:26,mobile,US,a00019,indie
u00841,s000092,LIKE,11,1,0,0,382,2025-02-21 06:59:29,mobile,US,a00040,latin
u00752,s000105,SKIP,1,0,0,1,47,2025-07-22 21:10:06,mobile,US,a00062,hip-hop
u00769,s000074,ADD_TO_PLAYLIST,12,1,0,0,243,2025-08-09 01:58:13,mobile,US,a00103,rock
u00764,s000011,PLAY,13,0,0,0,328,2025-06-24 16:19:15,mobile,US,a00156,classical
u00501,s000007,PLAY,12,0,0,0,399,2025-10-29 01:21:52,mobile,US,a00041,classical
u00444,s000082,play,1,0,0,0,53,2025-08-11 19:14:19,mobile,US,a00071,classical
u00581,s000455,skip,1,0,0,1,25,2025-06-22 10:09:31,mobile,US,a00160,classical
u00698,s000022,PLAY,16,0,0,0,352,2025-03-19 01:59:02,mobile,US,a00195,pop
u00572,s000103,play,16,0,0,0,194,2025-12-28 16:51:34,mobile,US,a00056,rock
u00154,s000014,ADD_TO_PLAYLIST,12,1,0,0,392,2025-02-11 23:32:44,mobile,US,a00163,classical
u00688,s000020,LIKE,12,1,0,0,243,2025-04-18 12:17:28,mobile,US,a00182,indie
u00224,s000480,play,1,0,0,0,59,2025-09-08 10:26:34,mobile,US,a00009,jazz
u00216,s000090,play,9,0,0,0,252,2025-10-25 18:12:56,mobile,US,a00028,hip-hop
u00692,s000005,add_to_playlist,5,1,0,0,325,2025-08-13 23:34:10,mobile,US,a00178,classical
u00565,s000022,PLAY,10,0,0,0,305,2025-11-30 05:57:53,mobile,US,a00195,pop
u00149,s000036,PLAY,14,0,0,0,200,2025-07-19 07:28:54,mobile,US,a00179,latin
u00535,s000012,play,15,0,0,0,194,2025-11-23 13:41:13,mobile,US,a00032,edm
u00890,s000178,PLAY,7,0,0,0,206,2025-05-30 12:36:13,mobile,US,a00167,indie
u00204,s000059,like,17,1,0,0,349,2025-02-08 19:26:52,mobile,US,a00073,hip-hop
u00803,s000003,LIKE,7,1,0,0,199,2025-08-20 00:23:44,mobile,US,a00066,rock
u00717,s000059,PLAY,6,0,0,0,298,2025-09-07 19:11:09,mobile,US,a00073,hip-hop
u00161,s000060,ADD_TO_PLAYLIST,12,1,0,0,238,2025-10-22 19:18:15,mobile,US,a00103,rock
u00974,s000059,add_to_playlist,6,1,0,0,340,2025-12-05 00:44:22,mobile,US,a00073,hip-hop
u00155,s000026,add_to_playlist,17,1,0,0,255,2025-02-14 02:13:21,mobile,US,a00004,pop
u00308,s000424,add_to_playlist,10,1,0,0,281,2025-01-15 03:58:21,mobile,US,a00114,latin
u00228,s000430,play,7,0,0,0,273,2025-10-30 07:51:52,mobile,US,a00166,rock
u00158,s000032,play,14,0,0,0,368,2025-03-28 00:40:43,mobile,US,a00140,rock
u00405,s000020,SKIP,1,0,0,1,22,2025-07-28 13:19:30,mobile,US,a00182,indie
u00558,s000031,play,12,0,0,0,331,2025-07-10 04:45:35,mobile,US,a00037,latin
u00123,s000030,ADD_TO_PLAYLIST,18,1,0,0,350,2025-07-02 07:11:48,mobile,US,a00117,indie
u00124,s000005,add_to_playlist,16,1,0,0,238,2025-09-23 23:28:50,mobile,US,a00178,classical
u00636,s000002,PLAY,6,0,0,0,238,2025-11-10 21:47:25,mobile,US,a00133,rock
u00679,s000311,ADD_TO_PLAYLIST,16,1,0,0,328,2025-12-23 10:54:40,mobile,US,a00026,pop
u00261,s000363,add_to_playlist,9,1,0,0,188,2025-11-17 20:09:18,mobile,US,a00039,edm
u00455,s000273,play,17,0,0,0,230,2025-03-09 02:45:54,mobile,US,a00119,jazz
u00689,s000022,play,17,0,0,0,300,2025-12-24 19:46:58,mobile,US,a00195,pop
u00004,s000401,PLAY,10,0,0,0,296,2025-07-19 03:00:05,mobile,US,a00024,jazz
u00296,s000025,like,8,1,0,0,217,2025-08-12 10:24:11,mobile,US,a00009,edm
u00661,s000265,add_to_playlist,6,1,0,0,326,2025-03-27 05:15:10,mobile,US,a00052,jazz
u00160,s000030,play,13,0,0,0,323,2025-08-28 00:42:45,mobile,US,a00117,indie
u00013,s000027,PLAY,14,0,0,0,316,2025-11-08 21:03:35,mobile,US,a00122,jazz
u00654,s000025,LIKE,9,1,0,0,366,2025-07-07 06:50:16,mobile,US,a00009,edm
u00232,s000083,LIKE,11,1,0,0,304,2025-08-22 13:19:54,mobile,US,a00126,hip-hop
u00084,s000223,PLAY,16,0,0,0,281,2025-08-10 12:30:44,mobile,US,a00095,indie
u00990,s000411,play,12,0,0,0,299,2025-06-19 21:42:17,mobile,US,a00009,pop
u00654,s000328,LIKE,16,1,0,0,369,2025-02-10 07:14:02,mobile,US,a00129,edm
u00264,s000017,like,19,1,0,0,209,2025-10-21 17:25:59,mobile,US,a00184,jazz
u00602,s000090,PLAY,15,0,0,0,186,2025-01-22 22:33:04,mobile,US,a00028,hip-hop
u00596,s000165,SKIP,1,0,0,1,35,2025-01-08 19:24:58,mobile,US,a00000,pop
u00219,s000075,play,1,0,0,0,45,2025-12-10 13:56:17,mobile,US,a00059,classical
u00729,s000139,SKIP,1,0,0,1,45,2025-06-26 17:29:01,mobile,US,a00198,rock
u00184,s000243,play,1,0,0,0,15,2025-03-06 23:05:53,mobile,US,a00111,indie
u00858,s000023,ADD_TO_PLAYLIST,5,1,0,0,291,2025-04-12 07:13:38,mobile,US,a00085,pop
u00371,s000275,PLAY,11,0,0,0,319,2025-08-08 07:43:36,mobile,US,a00127,latin
u00668,s000014,LIKE,12,1,0,0,188,2025-09-11 15:53:05,mobile,US,a00163,classical
u00130,s000008,play,13,0,0,0,277,2025-11-23 16:32:47,mobile,US,a00191,hip-hop
u00738,s000014,add_to_playlist,16,1,0,0,326,2025-03-05 03:56:13,mobile,US,a00163,classical
u00748,s000038,play,16,0,0,0,216,2025-02-09 00:07:38,mobile,US,a00014,rock
u00753,s000026,PLAY,8,0,0,0,190,2025-05-31 09:34:32,mobile,US,a00004,pop
u00176,s000464,play,16,0,0,0,232,2025-06-27 02:06:52,mobile,US,a00157,jazz
u00975,s000026,like,16,1,0,0,312,2025-12-13 02:35:21,mobile,US,a00004,pop
u00485,s000363,LIKE,17,1,0,0,361,2025-11-04 08:55:10,mobile,US,a00039,edm
u00972,s000045,SKIP,1,0,0,1,45,2025-10-27 01:31:29,mobile,US,a00075,jazz
u00327,s000042,add_to_playlist,19,1,0,0,186,2025-12-22 18:58:25,mobile,US,a00156,indie
u00319,s000033,play,10,0,0,0,264,2025-02-14 00:03:43,mobile,US,a00158,edm
u00046,s000450,PLAY,6,0,0,0,253,2025-03-14 11:01:58,mobile,US,a00119,latin
u00874,s000016,ADD_TO_PLAYLIST,14,1,0,0,219,2025-03-23 05:44:08,mobile,US,a00037,pop
u00675,s000010,play,7,0,0,0,205,2025-04-06 05:31:30,mobile,US,a00110,classical
u00494,s000014,PLAY,11,0,0,0,229,2025-01-18 09:48:59,mobile,US,a00163,classical
u00423,s000017,PLAY,10,0,0,0,196,2025-01-13 06:09:06,mobile,US,a00184,jazz
u00520,s000024,play,5,0,0,0,312,2025-05-30 07:07:58,mobile,US,a00065,latin
u00025,s000012,play,5,0,0,0,206,2025-12-15 00:57:50,mobile,US,a00032,edm
u00107,s000059,like,13,1,0,0,283,2025-04-06 05:02:33,mobile,US,a00073,hip-hop
u00920,s000036,SKIP,1,0,0,1,56,2025-05-16 13:28:40,mobile,US,a00179,latin
u00525,s000492,play,6,0,0,0,281,2025-07-30 10:57:42,mobile,US,a00157,indie
u00207,s000008,add_to_playlist,17,1,0,0,241,2025-12-30 15:54:02,mobile,US,a00191,hip-hop
u00627,s000012,PLAY,14,0,0,0,358,2025-02-13 07:37:06,mobile,US,a00032,edm
u00658,s000090,LIKE,7,1,0,0,359,2025-06-20 05:48:15,mobile,US,a00028,hip-hop
u00463,s000002,PLAY,19,0,0,0,322,2025-10-13 11:34:16,mobile,US,a00133,rock
u00649,s000005,ADD_TO_PLAYLIST,11,1,0,0,257,2025-04-30 15:04:11,mobile,US,a00178,classical
u00050,s000001,play,11,0,0,0,255,2025-01-31 07:20:48,mobile,US,a00197,indie
u00228,s000217,SKIP,1,0,0,1,55,2025-05-29 03:26:05,mobile,US,a00050,pop
u00669,s000037,PLAY,16,0,0,0,390,2025-08-14 16:17:14,mobile,US,a00183,indie
u00908,s000262,add_to_playlist,7,1,0,0,292,2025-08-22 01:55:46,mobile,US,a00036,indie
u00163,s000090,ADD_TO_PLAYLIST,15,1,0,0,180,2025-02-10 01:35:29,mobile,US,a00028,hip-hop
u00103,s000008,play,15,0,0,0,287,2025-06-07 12:15:33,mobile,US,a00191,hip-hop
u00128,s000283,SKIP,1,0,0,1,48,2025-07-21 23:54:11,mobile,US,a00102,rock
u00225,s000022,add_to_playlist,15,1,0,0,358,2025-01-16 09:33:13,mobile,US,a00195,pop
u00428,s000004,PLAY,12,0,0,0,290,2025-03-12 16:59:36,mobile,US,a00134,rock
u00138,s000037,PLAY,17,0,0,0,345,2025-09-26 20:57:41,mobile,US,a00183,indie
u00681,s000005,play,10,0,0,0,371,2025-03-24 03:29:39,mobile,US,a00178,classical
u00974,s000104,skip,1,0,0,1,59,2025-01-07 08:22:56,mobile,US,a00000,edm
u00306,s000035,skip,1,0,0,1,29,2025-11-22 23:38:58,mobile,US,a00108,pop
u00034,s000015,ADD_TO_PLAYLIST,6,1,0,0,235,2025-11-26 04:36:48,mobile,US,a00156,edm
u00793,s000059,PLAY,7,0,0,0,238,2025-11-09 16:43:03,mobile,US,a00073,hip-hop
u00366,s000132,add_to_playlist,14,1,0,0,319,2025-06-15 13:48:45,mobile,US,a00170,edm
u00956,s000059,add_to_playlist,11,1,0,0,347,2025-02-02 01:43:13,mobile,US,a00073,hip-hop
u00009,s000023,play,18,0,0,0,397,2025-12-22 19:17:21,mobile,US,a00085,pop
u00791,s000036,ADD_TO_PLAYLIST,6,1,0,0,370,2025-03-14 06:42:26,mobile,US,a00179,latin
u00896,s000268,SKIP,1,0,0,1,46,2025-03-27 07:34:37,mobile,US,a00085,classical
u00591,s000024,LIKE,8,1,0,0,314,2025-10-01 23:23:46,mobile,US,a00065,latin
u00080,s000001,play,10,0,0,0,360,2025-08-19 08:37:58,mobile,US,a00197,indie
u00898,s000231,SKIP,1,0,0,1,9,2025-07-13 10:03:09,mobile,US,a00164,latin
u00679,s000441,PLAY,11,0,0,0,190,2025-01-30 12:38:36,mobile,US,a00097,pop
u00359,s000027,PLAY,8,0,0,0,381,2025-06-27 05:18:24,mobile,US,a00122,jazz
u00599,s000033,LIKE,13,1,0,0,293,2025-04-29 07:35:11,mobile,US,a00158,edm
u00468,s000451,add_to_playlist,12,1,0,0,220,2025-05-05 15:22:37,mobile,US,a00003,classical
u00669,s000039,SKIP,1,0,0,1,46,2025-05-23 08:42:42,mobile,US,a00156,jazz
u00279,s000016,PLAY,16,0,0,0,187,2025-06-04 12:09:53,mobile,US,a00037,pop
u00363,s000035,play,18,0,0,0,245,2025-03-06 13:24:37,mobile,US,a00108,pop
u00192,s000402,PLAY,18,0,0,0,369,2025-08-07 16:23:44,mobile,US,a00088,rock
u00524,s000378,skip,1,0,0,1,40,2025-03-12 18:47:44,mobile,US,a00097,edm
u00299,s000009,play,8,0,0,0,256,2025-06-20 09:21:21,mobile,US,a00014,latin
u00703,s000142,PLAY,19,0,0,0,298,2025-07-06 09:44:59,mobile,US,a00087,latin
u00371,s000304,play,1,0,0,0,20,2025-02-15 04:27:25,mobile,US,a00152,pop
u00865,s000003,PLAY,5,0,0,0,376,2025-01-09 12:39:14,mobile,US,a00066,rock
u00580,s000012,LIKE,17,1,0,0,261,2025-09-26 06:12:46,mobile,US,a00032,edm
u00350,s000008,LIKE,8,1,0,0,209,2025-10-23 13:37:34,mobile,US,a00191,hip-hop
u00508,s000051,play,1,0,0,0,42,2025-03-31 07:41:47,mobile,US,a00163,rock
u00019,s000013,ADD_TO_PLAYLIST,6,1,0,0,329,2025-06-16 23:13:12,mobile,US,a00154,jazz
u00398,s000162,SKIP,1,0,0,1,7,2025-11-24 04:15:29,mobile,US,a00103,pop
u00929,s000072,play,1,0,0,0,58,2025-08-18 22:17:35,mobile,US,a00189,pop
u00907,s000017,like,5,1,0,0,285,2025-10-26 01:27:50,mobile,US,a00184,jazz
u00713,s000124,PLAY,1,0,0,0,26,2025-07-10 20:07:01,mobile,US,a00074,edm
u00961,s000004,PLAY,17,0,0,0,275,2025-05-15 07:43:48,mobile,US,a00134,rock
u00011,s000030,PLAY,12,0,0,0,260,2025-05-01 08:13:44,mobile,US,a00117,indie
u00327,s000223,play,8,0,0,0,275,2025-10-03 00:38:05,mobile,US,a00095,indie
u00718,s000450,PLAY,9,0,0,0,223,2025-07-22 09:48:45,mobile,US,a00119,latin
u00770,s000011,play,9,0,0,0,267,2025-08-02 20:49:44,mobile,US,a00156,classical
u00547,s000083,add_to_playlist,13,1,0,0,359,2025-04-06 00:16:36,mobile,US,a00126,hip-hop
u00578,s000023,play,19,0,0,0,259,2025-03-14 06:19:19,mobile,US,a00085,pop
u00877,s000023,PLAY,5,0,0,0,282,2025-03-14 10:10:20,mobile,US,a00085,pop
u00117,s000015,PLAY,7,0,0,0,191,2025-05-14 01:33:01,mobile,US,a00156,edm
u00228,s000032,PLAY,5,0,0,0,190,2025-07-31 20:47:17,mobile,US,a00140,rock
u00246,s000238,play,17,0,0,0,271,2025-08-16 09:30:28,mobile,US,a00006,rock
u00106,s000338,ADD_TO_PLAYLIST,18,1,0,0,261,2025-01-24 12:39:29,mobile,US,a00148,edm
u00844,s000122,SKIP,1,0,0,1,36,2025-07-21 20:28:32,mobile,US,a00024,jazz
u00799,s000439,add_to_playlist,5,1,0,0,210,2025-10-26 12:15:54,mobile,US,a00187,jazz
u00238,s000374,PLAY,15,0,0,0,323,2025-07-14 18:14:49,mobile,US,a00107,jazz
u00970,s000130,SKIP,1,0,0,1,37,2025-11-12 06:22:19,mobile,US,a00016,pop
u00124,s000011,ADD_TO_PLAYLIST,11,1,0,0,225,2025-02-25 15:50:55,mobile,US,a00156,classical
u00012,s000045,ADD_TO_PLAYLIST,13,1,0,0,318,2025-09-02 06:20:15,mobile,US,a00075,jazz
u00428,s000110,PLAY,9,0,0,0,216,2025-12-06 02:03:42,mobile,US,a00142,rock
u00786,s000105,skip,1,0,0,1,5,2025-12-30 15:13:23,mobile,US,a00062,hip-hop
u00569,s000486,like,9,1,0,0,368,2025-10-13 19:52:34,mobile,US,a00064,indie
u00740,s000001,ADD_TO_PLAYLIST,10,1,0,0,353,2025-12-11 05:47:07,mobile,US,a00197,indie
u00909,s000438,play,1,0,0,0,15,2025-07-12 18:55:00,mobile,US,a00107,latin
u00563,s000030,play,9,0,0,0,332,2025-12-03 21:31:00,mobile,US,a00117,indie
u00731,s000004,add_to_playlist,12,1,0,0,295,2025-03-23 20:40:13,mobile,US,a00134,rock
u00392,s000092,ADD_TO_PLAYLIST,8,1,0,0,356,2025-02-12 20:33:51,mobile,US,a00040,latin
u00890,s000030,ADD_TO_PLAYLIST,16,1,0,0,184,2025-01-22 02:12:32,mobile,US,a00117,indie
u00393,s000425,play,1,0,0,0,11,2025-04-11 07:59:48,mobile,US,a00175,edm
u00391,s000039,PLAY,7,0,0,0,373,2025-01-10 22:01:18,mobile,US,a00156,jazz
u00745,s000311,PLAY,11,0,0,0,181,2025-07-30 21:59:45,mobile,US,a00026,pop
u00357,s000061,play,1,0,0,0,18,2025-07-21 18:04:23,mobile,US,a00037,classical
u00030,s000010,like,15,1,0,0,240,2025-11-15 17:07:06,mobile,US,a00110,classical
u00271,s000112,add_to_playlist,19,1,0,0,198,2025-11-06 10:11:36,mobile,US,a00174,latin
u00464,s000090,like,9,1,0,0,342,2025-09-08 16:39:02,mobile,US,a00028,hip-hop
u00578,s000035,add_to_playlist,16,1,0,0,336,2025-11-30 20:27:53,mobile,US,a00108,pop
u00350,s000006,PLAY,16,0,0,0,309,2025-12-09 18:09:19,mobile,US,a00199,hip-hop
u00744,s000468,play,1,0,0,0,39,2025-02-27 10:40:05,mobile,US,a00159,hip-hop
u00271,s000447,ADD_TO_PLAYLIST,13,1,0,0,298,2025-12-10 09:05:48,mobile,US,a00107,latin
u00630,s000002,play,19,0,0,0,187,2025-01-27 02:55:24,mobile,US,a00133,rock
u00466,s000024,LIKE,8,1,0,0,310,2025-03-12 20:33:15,mobile,US,a00065,latin
u00287,s000010,like,10,1,0,0,208,2025-11-24 09:22:58,mobile,US,a00110,classical
u00018,s000024,ADD_TO_PLAYLIST,18,1,0,0,367,2025-01-23 06:39:30,mobile,US,a00065,latin
u00343,s000023,PLAY,16,0,0,0,232,2025-09-24 11:26:25,mobile,US,a00085,pop
u00081,s000008,PLAY,6,0,0,0,210,2025-09-11 15:34:38,mobile,US,a00191,hip-hop
u00825,s000059,LIKE,12,1,0,0,254,2025-08-19 07:00:26,mobile,US,a00073,hip-hop
u00955,s000013,play,15,0,0,0,273,2025-01-15 23:55:11,mobile,US,a00154,jazz
u00107,s000059,play,15,0,0,0,307,2025-04-16 04:44:06,mobile,US,a00073,hip-hop
u00233,s000083,play,17,0,0,0,259,2025-02-23 08:05:50,mobile,US,a00126,hip-hop
u00580,s000000,like,14,1,0,0,266,2025-08-12 16:44:18,mobile,US,a00178,edm
u00472,s000027,PLAY,16,0,0,0,269,2025-02-23 03:19:49,mobile,US,a00122,jazz
u00046,s000024,play,9,0,0,0,347,2025-07-07 17:27:42,mobile,US,a00065,latin
u00333,s000027,PLAY,18,0,0,0,224,2025-09-04 19:50:18,mobile,US,a00122,jazz
u00174,s000055,play,1,0,0,0,13,2025-03-26 05:46:40,mobile,US,a00026,classical
u00107,s000090,PLAY,17,0,0,0,284,2025-03-21 21:33:02,mobile,US,a00028,hip-hop
u00433,s000018,PLAY,6,0,0,0,264,2025-02-05 18:53:13,mobile,US,a00096,latin
u00477,s000018,play,12,0,0,0,287,2025-10-26 02:40:44,mobile,US,a00096,latin
u00661,s000027,LIKE,9,1,0,0,310,2025-10-01 03:34:31,mobile,US,a00122,jazz
u00493,s000025,play,15,0,0,0,210,2025-06-20 22:46:41,mobile,US,a00009,edm
u00997,s000008,play,10,0,0,0,244,2025-05-30 23:49:09,mobile,US,a00191,hip-hop
u00360,s000006,ADD_TO_PLAYLIST,8,1,0,0,237,2025-05-04 18:26:35,mobile,US,a00199,hip-hop
u00183,s000089,SKIP,1,0,0,1,53,2025-03-30 14:30:38,mobile,US,a00050,pop
u00328,s000197,SKIP,1,0,0,1,28,2025-02-02 20:46:27,mobile,US,a00130,jazz
u00916,s000016,play,18,0,0,0,309,2025-01-09 23:52:19,mobile,US,a00037,pop
u00960,s000469,play,11,0,0,0,223,2025-09-08 07:55:57,mobile,US,a00095,rock
u00594,s000387,PLAY,11,0,0,0,296,2025-10-18 08:00:01,mobile,US,a00073,hip-hop
u00883,s000036,LIKE,14,1,0,0,298,2025-09-06 13:47:02,mobile,US,a00179,latin
u00327,s000037,play,18,0,0,0,311,2025-01-15 13:52:31,mobile,US,a00183,indie
u00258,s000031,play,7,0,0,0,311,2025-10-14 11:27:44,mobile,US,a00037,latin
u00797,s000053,play,16,0,0,0,396,2025-12-03 15:47:19,mobile,US,a00025,indie
u00035,s000010,play,9,0,0,0,296,2025-05-22 08:11:05,mobile,US,a00110,classical
u00423,s000027,play,13,0,0,0,205,2025-09-02 12:11:29,mobile,US,a00122,jazz
u00596,s000034,play,1,0,0,0,42,2025-01-14 07:29:14,mobile,US,a00046,rock
u00201,s000449,PLAY,1,0,0,0,48,2025-09-23 22:08:50,mobile,US,a00014,hip-hop
u00540,s000020,add_to_playlist,9,1,0,0,222,2025-10-05 18:27:19,mobile,US,a00182,indie
u00670,s000110,like,9,1,0,0,384,2025-07-03 14:06:54,mobile,US,a00142,rock
u00585,s000146,ADD_TO_PLAYLIST,9,1,0,0,221,2025-03-17 06:04:41,mobile,US,a00062,indie
u00563,s000030,play,11,0,0,0,181,2025-11-22 22:01:47,mobile,US,a00117,indie
u00605,s000099,ADD_TO_PLAYLIST,11,1,0,0,260,2025-06-16 14:42:08,mobile,US,a00089,jazz
u00891,s000020,PLAY,9,0,0,0,374,2025-08-01 05:14:55,mobile,US,a00182,indie
u00387,s000030,ADD_TO_PLAYLIST,13,1,0,0,216,2025-10-24 20:23:38,mobile,US,a00117,indie
u00456,s000033,play,18,0,0,0,282,2025-09-19 05:29:09,mobile,US,a00158,edm
u00601,s000489,PLAY,1,0,0,0,55,2025-11-29 17:58:58,mobile,US,a00172,rock
u00265,s000026,play,19,0,0,0,252,2025-04-01 01:52:53,mobile,US,a00004,pop
u00579,s000414,PLAY,10,0,0,0,248,2025-06-07 20:05:11,mobile,US,a00144,pop
u00196,s000023,play,10,0,0,0,306,2025-12-29 16:19:37,mobile,US,a00085,pop
u00169,s000015,play,11,0,0,0,290,2025-10-07 09:09:07,mobile,US,a00156,edm
u00238,s000366,like,10,1,0,0,353,2025-11-20 21:37:54,mobile,US,a00060,jazz
u00868,s000042,play,7,0,0,0,339,2025-04-05 00:48:07,mobile,US,a00156,indie
u00054,s000098,play,1,0,0,0,57,2025-07-20 07:52:48,mobile,US,a00148,edm
u00226,s000011,PLAY,19,0,0,0,300,2025-08-07 19:08:52,mobile,US,a00156,classical
u00296,s000460,SKIP,1,0,0,1,28,2025-01-29 12:30:40,mobile,US,a00193,classical
u00851,s000048,SKIP,1,0,0,1,48,2025-06-30 17:46:00,mobile,US,a00154,classical
u00216,s000059,play,15,0,0,0,247,2025-10-23 04:30:30,mobile,US,a00073,hip-hop
u00970,s000066,SKIP,1,0,0,1,59,2025-11-16 08:27:51,mobile,US,a00089,classical
u00230,s000328,LIKE,8,1,0,0,280,2025-12-27 07:28:48,mobile,US,a00129,edm
u00005,s000018,ADD_TO_PLAYLIST,6,1,0,0,206,2025-01-04 00:06:18,mobile,US,a00096,latin
u00745,s000379,ADD_TO_PLAYLIST,15,1,0,0,229,2025-06-13 03:04:07,mobile,US,a00011,pop
u00579,s000143,PLAY,1,0,0,0,39,2025-03-22 02:43:03,mobile,US,a00160,indie
u00591,s000018,like,14,1,0,0,268,2025-10-29 11:35:42,mobile,US,a00096,latin
u00878,s000357,SKIP,1,0,0,1,26,2025-02-26 14:11:59,mobile,US,a00080,jazz
u00780,s000253,SKIP,1,0,0,1,31,2025-08-13 11:03:57,mobile,US,a00196,pop
u00005,s000445,PLAY,1,0,0,0,19,2025-12-05 05:41:37,mobile,US,a00167,rock
u00584,s000012,like,17,1,0,0,313,2025-12-03 03:12:50,mobile,US,a00032,edm
u00779,s000045,like,8,1,0,0,362,2025-08-10 15:39:35,mobile,US,a00075,jazz
u00917,s000410,play,19,0,0,0,363,2025-01-02 00:01:07,mobile,US,a00031,hip-hop
u00105,s000023,LIKE,17,1,0,0,223,2025-07-19 07:01:46,mobile,US,a00085,pop
u00383,s000011,PLAY,5,0,0,0,274,2025-08-09 19:39:24,mobile,US,a00156,classical
u00833,s000022,skip,1,0,0,1,49,2025-09-15 04:16:28,mobile,US,a00195,pop
u00413,s000032,PLAY,12,0,0,0,318,2025-04-16 15:43:27,mobile,US,a00140,rock
u00594,s000316,PLAY,1,0,0,0,32,2025-09-18 14:15:41,mobile,US,a00097,pop
u00041,s000001,add_to_playlist,7,1,0,0,304,2025-03-22 03:48:46,mobile,US,a00197,indie
u00953,s000183,play,9,0,0,0,233,2025-09-14 00:31:11,mobile,US,a00114,hip-hop
u00078,s000042,play,18,0,0,0,285,2025-01-22 23:52:12,mobile,US,a00156,indie
u00048,s000432,PLAY,13,0,0,0,365,2025-05-20 03:35:25,mobile,US,a00186,edm
u00601,s000076,PLAY,1,0,0,0,53,2025-09-29 02:16:18,mobile,US,a00170,edm
u00093,s000171,skip,1,0,0,1,13,2025-08-26 11:19:05,mobile,US,a00031,jazz
u00320,s000245,add_to_playlist,11,1,0,0,353,2025-09-04 09:34:57,mobile,US,a00146,latin
u00555,s000031,LIKE,10,1,0,0,228,2025-04-30 04:02:28,mobile,US,a00037,latin
u00135,s000014,play,9,0,0,0,264,2025-06-29 03:45:25,mobile,US,a00163,classical
u00529,s000164,SKIP,1,0,0,1,42,2025-09-12 21:59:11,mobile,US,a00070,classical
u00557,s000025,play,13,0,0,0,198,2025-03-20 05:20:41,mobile,US,a00009,edm
u00603,s000205,like,18,1,0,0,288,2025-06-28 18:20:29,mobile,US,a00031,edm
u00154,s000010,like,10,1,0,0,238,2025-12-09 18:22:10,mobile,US,a00110,classical
u00728,s000005,PLAY,13,0,0,0,316,2025-11-06 21:19:19,mobile,US,a00178,classical
u00393,s000031,play,6,0,0,0,197,2025-08-15 20:25:38,mobile,US,a00037,latin
u00902,s000015,add_to_playlist,15,1,0,0,261,2025-09-03 15:53:25,mobile,US,a00156,edm
u00436,s000413,like,10,1,0,0,338,2025-02-18 04:13:27,mobile,US,a00198,latin
u00776,s000004,add_to_playlist,16,1,0,0,189,2025-12-01 08:41:14,mobile,US,a00134,rock
u00151,s000074,SKIP,1,0,0,1,11,2025-10-14 13:32:50,mobile,US,a00103,rock
u00399,s000004,play,19,0,0,0,298,2025-01-14 22:34:25,mobile,US,a00134,rock
u00016,s000008,ADD_TO_PLAYLIST,8,1,0,0,219,2025-07-12 00:12:06,mobile,US,a00191,hip-hop
u00807,s000002,play,5,0,0,0,275,2025-09-17 14:35:23,mobile,US,a00133,rock
u00995,s000119,SKIP,1,0,0,1,5,2025-10-21 11:57:25,mobile,US,a00168,edm
u00042,s000052,play,1,0,0,0,47,2025-07-11 06:53:25,mobile,US,a00035,jazz
u00906,s000212,play,9,0,0,0,213,2025-11-18 04:15:36,mobile,US,a00066,pop
u00781,s000017,add_to_playlist,16,1,0,0,316,2025-02-09 01:52:59,mobile,US,a00184,jazz
u00492,s000326,play,19,0,0,0,205,2025-04-14 01:21:25,mobile,US,a00045,rock
u00233,s000144,PLAY,10,0,0,0,203,2025-07-02 15:23:36,mobile,US,a00176,hip-hop
u00499,s000090,play,14,0,0,0,353,2025-10-17 18:02:20,mobile,US,a00028,hip-hop
u00508,s000189,LIKE,10,1,0,0,300,2025-02-17 01:14:33,mobile,US,a00178,latin
u00910,s000045,ADD_TO_PLAYLIST,12,1,0,0,205,2025-08-18 18:49:35,mobile,US,a00075,jazz
u00459,s000470,play,1,0,0,0,28,2025-12-12 01:31:11,mobile,US,a00122,classical
u00888,s000006,ADD_TO_PLAYLIST,11,1,0,0,305,2025-12-08 22:59:14,mobile,US,a00199,hip-hop
u00936,s000342,SKIP,1,0,0,1,15,2025-02-01 20:42:47,mobile,US,a00163,indie
u00475,s000392,ADD_TO_PLAYLIST,16,1,0,0,243,2025-05-26 04:44:05,mobile,US,a00061,latin
u00059,s000010,PLAY,6,0,0,0,330,2025-07-25 08:22:43,mobile,US,a00110,classical
u00795,s000258,SKIP,1,0,0,1,57,2025-03-27 15:57:34,mobile,US,a00118,latin
u00349,s000037,PLAY,8,0,0,0,230,2025-07-24 03:25:33,mobile,US,a00183,indie
u00473,s000083,like,5,1,0,0,182,2025-08-23 01:16:54,mobile,US,a00126,hip-hop
u00120,s000036,LIKE,18,1,0,0,222,2025-07-05 13:32:52,mobile,US,a00179,latin
u00206,s000479,like,7,1,0,0,287,2025-05-19 00:09:50,mobile,US,a00120,latin
u00010,s000013,PLAY,9,0,0,0,187,2025-06-04 08:01:55,mobile,US,a00154,jazz
u00735,s000100,ADD_TO_PLAYLIST,12,1,0,0,344,2025-08-16 02:52:07,mobile,US,a00109,jazz
u00830,s000007,play,9,0,0,0,190,2025-12-20 06:55:35,mobile,US,a00041,classical
u00018,s000036,like,17,1,0,0,200,2025-07-06 02:33:00,mobile,US,a00179,latin
u00753,s000026,ADD_TO_PLAYLIST,7,1,0,0,319,2025-09-30 22:17:29,mobile,US,a00004,pop
u00921,s000030,like,12,1,0,0,307,2025-06-18 09:11:55,mobile,US,a00117,indie
u00271,s000009,play,9,0,0,0,332,2025-04-25 04:06:50,mobile,US,a00014,latin
u00871,s000101,play,1,0,0,0,38,2025-03-16 08:54:45,mobile,US,a00163,pop
u00621,s000016,LIKE,13,1,0,0,366,2025-12-21 09:30:02,mobile,US,a00037,pop
u00977,s000018,PLAY,11,0,0,0,261,2025-01-17 06:38:48,mobile,US,a00096,latin
u00031,s000427,skip,1,0,0,1,7,2025-03-22 23:52:02,mobile,US,a00058,jazz
u00241,s000069,SKIP,1,0,0,1,49,2025-03-21 19:41:13,mobile,US,a00139,classical
u00418,s000009,PLAY,18,0,0,0,301,2025-08-16 08:32:56,mobile,US,a00014,latin
u00490,s000014,skip,1,0,0,1,52,2025-01-15 11:04:12,mobile,US,a00163,classical
u00864,s000059,add_to_playlist,12,1,0,0,333,2025-11-05 01:33:04,mobile,US,a00073,hip-hop
u00444,s000376,play,13,0,0,0,219,2025-06-15 00:06:30,mobile,US,a00178,hip-hop
u00669,s000037,ADD_TO_PLAYLIST,18,1,0,0,384,2025-05-13 00:03:24,mobile,US,a00183,indie
u00076,s000301,play,18,0,0,0,315,2025-04-23 13:17:27,mobile,US,a00033,hip-hop
u00422,s000012,ADD_TO_PLAYLIST,14,1,0,0,296,2025-01-06 07:16:22,mobile,US,a00032,edm
u00294,s000023,ADD_TO_PLAYLIST,19,1,0,0,217,2025-01-08 06:36:08,mobile,US,a00085,pop
u00838,s000090,ADD_TO_PLAYLIST,7,1,0,0,244,2025-04-10 08:58:39,mobile,US,a00028,hip-hop
u00316,s000017,PLAY,15,0,0,0,204,2025-10-16 23:34:25,mobile,US,a00184,jazz
u00425,s000230,SKIP,1,0,0,1,52,2025-04-12 06:10:47,mobile,US,a00195,indie
u00800,s000003,LIKE,12,1,0,0,249,2025-09-20 14:33:48,mobile,US,a00066,rock
u00758,s000002,ADD_TO_PLAYLIST,10,1,0,0,251,2025-07-01 22:23:42,mobile,US,a00133,rock
u00804,s000033,PLAY,7,0,0,0,345,2025-04-16 03:03:13,mobile,US,a00158,edm
u00237,s000287,play,13,0,0,0,194,2025-12-14 18:34:57,mobile,US,a00185,edm
u00453,s000365,play,16,0,0,0,258,2025-01-13 23:43:59,mobile,US,a00128,edm
u00131,s000011,PLAY,19,0,0,0,223,2025-01-25 23:03:57,mobile,US,a00156,classical
u00883,s000186,play,16,0,0,0,249,2025-11-21 03:19:14,mobile,US,a00112,latin
u00079,s000090,play,7,0,0,0,211,2025-10-12 15:04:34,mobile,US,a00028,hip-hop
u00384,s000014,PLAY,18,0,0,0,201,2025-05-25 17:15:43,mobile,US,a00163,classical
u00523,s000030,add_to_playlist,18,1,0,0,379,2025-09-30 16:02:56,mobile,US,a00117,indie
u00993,s000292,ADD_TO_PLAYLIST,17,1,0,0,305,2025-08-22 10:28:05,mobile,US,a00074,hip-hop
u00880,s000005,PLAY,19,0,0,0,369,2025-01-11 05:57:22,mobile,US,a00178,classical
u00508,s000036,add_to_playlist,16,1,0,0,273,2025-12-19 16:12:07,mobile,US,a00179,latin
u00876,s000422,SKIP,1,0,0,1,10,2025-01-07 00:04:57,mobile,US,a00006,jazz
u00569,s000009,SKIP,1,0,0,1,51,2025-10-14 18:58:18,mobile,US,a00014,latin
u00678,s000016,PLAY,16,0,0,0,238,2025-09-21 07:00:30,mobile,US,a00037,pop
u00463,s000430,LIKE,17,1,0,0,377,2025-04-13 04:20:23,mobile,US,a00166,rock
u00958,s000022,like,8,1,0,0,205,2025-02-03 02:13:24,mobile,US,a00195,pop
u00388,s000004,LIKE,5,1,0,0,315,2025-10-06 02:07:01,mobile,US,a00134,rock
u00497,s000006,play,14,0,0,0,253,2025-02-16 07:48:24,mobile,US,a00199,hip-hop
u00880,s000014,PLAY,8,0,0,0,239,2025-01-03 11:28:09,mobile,US,a00163,classical
u00030,s000161,add_to_playlist,13,1,0,0,214,2025-05-03 11:27:19,mobile,US,a00188,classical
u00414,s000272,LIKE,13,1,0,0,218,2025-01-23 22:03:02,mobile,US,a00157,jazz
u00591,s000024,PLAY,17,0,0,0,290,2025-06-22 02:47:03,mobile,US,a00065,latin
u00340,s000013,PLAY,10,0,0,0,310,2025-04-29 01:23:26,mobile,US,a00154,jazz
u00430,s000002,play,11,0,0,0,253,2025-09-27 09:28:31,mobile,US,a00133,rock
u00938,s000025,ADD_TO_PLAYLIST,8,1,0,0,191,2025-05-27 10:19:29,mobile,US,a00009,edm
u00924,s000032,like,15,1,0,0,302,2025-09-23 08:03:04,mobile,US,a00140,rock
u00137,s000002,play,6,0,0,0,351,2025-02-22 04:33:12,mobile,US,a00133,rock
u00431,s000015,PLAY,19,0,0,0,325,2025-04-20 16:23:24,mobile,US,a00156,edm
u00692,s000011,LIKE,12,1,0,0,185,2025-02-09 01:02:30,mobile,US,a00156,classical
u00259,s000017,ADD_TO_PLAYLIST,17,1,0,0,347,2025-08-08 02:56:12,mobile,US,a00184,jazz
u00055,s000006,LIKE,9,1,0,0,204,2025-01-24 06:00:54,mobile,US,a00199,hip-hop
u00408,s000409,skip,1,0,0,1,30,2025-11-09 03:11:34,mobile,US,a00046,pop
u00358,s000227,PLAY,1,0,0,0,46,2025-10-10 00:02:51,mobile,US,a00119,latin
u00474,s000242,skip,1,0,0,1,11,2025-11-06 10:41:55,mobile,US,a00146,indie
u00778,s000031,add_to_playlist,19,1,0,0,212,2025-06-22 06:28:10,mobile,US,a00037,latin
u00302,s000052,ADD_TO_PLAYLIST,19,1,0,0,206,2025-07-18 19:55:15,mobile,US,a00035,jazz
u00944,s000248,play,1,0,0,0,49,2025-05-10 06:31:22,mobile,US,a00187,pop
u00278,s000002,PLAY,5,0,0,0,383,2025-03-31 13:18:31,mobile,US,a00133,rock
u00601,s000493,SKIP,1,0,0,1,53,2025-05-02 09:10:10,mobile,US,a00067,pop
u00179,s000013,like,18,1,0,0,293,2025-11-04 14:45:57,mobile,US,a00154,jazz
u00196,s000026,PLAY,14,0,0,0,256,2025-07-04 22:18:56,mobile,US,a00004,pop
u00719,s000083,LIKE,9,1,0,0,299,2025-11-21 09:52:33,mobile,US,a00126,hip-hop
u00594,s000059,add_to_playlist,15,1,0,0,330,2025-05-03 17:13:08,mobile,US,a00073,hip-hop
u00203,s000003,play,14,0,0,0,362,2025-07-02 03:14:39,mobile,US,a00066,rock
u00292,s000003,ADD_TO_PLAYLIST,10,1,0,0,182,2025-11-10 08:41:49,mobile,US,a00066,rock
u00551,s000090,LIKE,5,1,0,0,333,2025-12-15 15:49:14,mobile,US,a00028,hip-hop
u00700,s000035,PLAY,16,0,0,0,334,2025-12-05 17:37:05,mobile,US,a00108,pop
u00923,s000106,skip,1,0,0,1,54,2025-12-27 00:30:05,mobile,US,a00181,classical
u00934,s000009,LIKE,16,1,0,0,217,2025-04-22 22:48:06,mobile,US,a00014,latin
u00853,s000039,LIKE,14,1,0,0,364,2025-06-10 10:12:02,mobile,US,a00156,jazz
u00524,s000318,PLAY,16,0,0,0,209,2025-12-28 21:10:14,mobile,US,a00052,pop
u00551,s000008,play,18,0,0,0,296,2025-10-16 08:20:44,mobile,US,a00191,hip-hop
u00865,s000088,play,1,0,0,0,14,2025-10-10 13:10:04,mobile,US,a00136,latin
u00037,s000061,play,1,0,0,0,7,2025-03-05 20:53:16,mobile,US,a00037,classical
u00780,s000021,add_to_playlist,19,1,0,0,293,2025-06-14 11:46:59,mobile,US,a00032,rock
u00484,s000278,add_to_playlist,5,1,0,0,190,2025-05-13 23:07:06,mobile,US,a00013,classical
u00628,s000042,add_to_playlist,8,1,0,0,352,2025-11-05 20:18:27,mobile,US,a00156,indie
u00791,s000392,PLAY,11,0,0,0,362,2025-01-12 04:02:01,mobile,US,a00061,latin
u00319,s000000,add_to_playlist,10,1,0,0,261,2025-01-21 12:00:18,mobile,US,a00178,edm
u00495,s000020,play,9,0,0,0,268,2025-06-02 06:21:26,mobile,US,a00182,indie
u00285,s000039,play,12,0,0,0,229,2025-08-26 11:37:32,mobile,US,a00156,jazz
u00024,s000059,add_to_playlist,19,1,0,0,237,2025-04-20 03:45:53,mobile,US,a00073,hip-hop
u00305,s000011,play,15,0,0,0,297,2025-12-29 07:37:12,mobile,US,a00156,classical
u00785,s000421,PLAY,8,0,0,0,343,2025-01-25 20:13:25,mobile,US,a00116,rock
u00982,s000059,add_to_playlist,7,1,0,0,354,2025-07-22 21:19:52,mobile,US,a00073,hip-hop
u00676,s000288,play,16,0,0,0,272,2025-12-21 00:08:46,mobile,US,a00028,hip-hop
u00428,s000002,like,9,1,0,0,260,2025-01-12 08:53:59,mobile,US,a00133,rock
u00004,s000283,PLAY,1,0,0,0,54,2025-04-01 07:49:56,mobile,US,a00102,rock
u00922,s000004,add_to_playlist,11,1,0,0,269,2025-09-06 00:40:25,mobile,US,a00134,rock
u00570,s000025,like,6,1,0,0,242,2025-07-09 02:51:55,mobile,US,a00009,edm
u00691,s000025,add_to_playlist,10,1,0,0,270,2025-10-21 01:58:00,mobile,US,a00009,edm
u00848,s000001,PLAY,10,0,0,0,346,2025-01-31 21:20:31,mobile,US,a00197,indie
u00419,s000015,LIKE,15,1,0,0,316,2025-08-26 23:02:05,mobile,US,a00156,edm
u00388,s000002,play,11,0,0,0,217,2025-05-29 20:42:27,mobile,US,a00133,rock
u00402,s000017,play,11,0,0,0,370,2025-06-24 13:32:06,mobile,US,a00184,jazz
u00045,s000138,PLAY,14,0,0,0,245,2025-01-12 11:40:10,mobile,US,a00024,hip-hop
u00502,s000461,play,19,0,0,0,192,2025-06-26 04:48:19,mobile,US,a00054,classical
u00663,s000033,PLAY,15,0,0,0,342,2025-02-07 00:21:06,mobile,US,a00158,edm
u00721,s000039,PLAY,18,0,0,0,389,2025-10-23 05:02:51,mobile,US,a00156,jazz
u00489,s000313,like,17,1,0,0,332,2025-01-12 16:58:04,mobile,US,a00030,classical
u00995,s000007,play,9,0,0,0,250,2025-10-30 02:26:42,mobile,US,a00041,classical
u00011,s000300,like,12,1,0,0,188,2025-01-23 00:55:00,mobile,US,a00165,indie
u00136,s000004,play,13,0,0,0,354,2025-07-22 18:41:35,mobile,US,a00134,rock
u00544,s000282,PLAY,8,0,0,0,291,2025-11-21 03:12:47,mobile,US,a00024,rock
u00519,s000022,PLAY,10,0,0,0,297,2025-02-18 22:17:30,mobile,US,a00195,pop
u00607,s000036,PLAY,13,0,0,0,329,2025-12-03 07:23:55,mobile,US,a00179,latin
u00089,s000026,add_to_playlist,9,1,0,0,307,2025-09-18 17:27:05,mobile,US,a00004,pop
u00327,s000020,PLAY,19,0,0,0,238,2025-02-17 17:52:48,mobile,US,a00182,indie
u00268,s000042,play,7,0,0,0,232,2025-04-02 22:56:59,mobile,US,a00156,indie
u00104,s000105,skip,1,0,0,1,22,2025-11-15 16:06:16,mobile,US,a00062,hip-hop
u00278,s000032,play,12,0,0,0,334,2025-05-17 07:31:02,mobile,US,a00140,rock
u00136,s000021,play,17,0,0,0,242,2025-03-05 09:30:38,mobile,US,a00032,rock
u00805,s000442,add_to_playlist,11,1,0,0,320,2025-12-20 00:02:56,mobile,US,a00130,hip-hop
u00498,s000004,PLAY,7,0,0,0,318,2025-09-19 21:36:46,mobile,US,a00134,rock
u00626,s000010,like,10,1,0,0,306,2025-01-29 13:54:44,mobile,US,a00110,classical
u00224,s000311,like,16,1,0,0,298,2025-06-24 13:23:24,mobile,US,a00026,pop
u00855,s000407,like,13,1,0,0,379,2025-10-09 17:18:15,mobile,US,a00108,classical
u00112,s000424,add_to_playlist,6,1,0,0,277,2025-09-29 17:08:15,mobile,US,a00114,latin
u00642,s000311,SKIP,1,0,0,1,20,2025-05-06 15:25:04,mobile,US,a00026,pop
u00017,s000348,like,17,1,0,0,385,2025-09-20 13:12:04,mobile,US,a00054,latin
u00516,s000031,play,17,0,0,0,216,2025-04-06 11:24:18,mobile,US,a00037,latin
u00467,s000057,skip,1,0,0,1,34,2025-02-25 17:20:57,mobile,US,a00147,indie
u00703,s000031,PLAY,17,0,0,0,239,2025-02-25 10:34:59,mobile,US,a00037,latin
u00510,s000034,like,16,1,0,0,221,2025-09-08 21:55:10,mobile,US,a00046,rock
u00021,s000007,PLAY,6,0,0,0,333,2025-10-16 05:57:44,mobile,US,a00041,classical
u00274,s000021,add_to_playlist,7,1,0,0,271,2025-03-09 02:33:25,mobile,US,a00032,rock
u00389,s000003,PLAY,7,0,0,0,221,2025-06-26 15:55:03,mobile,US,a00066,rock
u00457,s000036,add_to_playlist,17,1,0,0,286,2025-10-23 05:27:02,mobile,US,a00179,latin
u00902,s000012,PLAY,10,0,0,0,382,2025-11-16 20:38:52,mobile,US,a00032,edm
u00697,s000047,SKIP,1,0,0,1,40,2025-05-18 07:17:50,mobile,US,a00129,rock
u00681,s000014,PLAY,19,0,0,0,373,2025-11-06 05:30:34,mobile,US,a00163,classical
u00264,s000427,play,6,0,0,0,332,2025-11-01 07:31:21,mobile,US,a00058,jazz
u00697,s000016,play,17,0,0,0,245,2025-12-20 23:50:57,mobile,US,a00037,pop
u00755,s000025,play,19,0,0,0,239,2025-03-14 02:18:04,mobile,US,a00009,edm
u00247,s000021,PLAY,8,0,0,0,229,2025-09-25 00:55:57,mobile,US,a00032,rock
u00439,s000439,like,12,1,0,0,204,2025-09-15 02:39:07,mobile,US,a00187,jazz
u00522,s000000,play,5,0,0,0,319,2025-07-16 10:47:15,mobile,US,a00178,edm
u00522,s000033,ADD_TO_PLAYLIST,8,1,0,0,199,2025-08-06 02:49:12,mobile,US,a00158,edm
u00373,s000031,LIKE,11,1,0,0,353,2025-03-29 00:39:51,mobile,US,a00037,latin
u00367,s000023,PLAY,5,0,0,0,269,2025-12-30 01:59:02,mobile,US,a00085,pop
u00593,s000347,play,1,0,0,0,42,2025-11-06 21:46:17,mobile,US,a00097,indie
u00246,s000230,SKIP,1,0,0,1,13,2025-08-15 00:52:08,mobile,US,a00195,indie
u00106,s000012,like,9,1,0,0,274,2025-07-22 09:06:15,mobile,US,a00032,edm
u00937,s000014,like,6,1,0,0,304,2025-11-22 16:35:06,mobile,US,a00163,classical
u00145,s000020,play,17,0,0,0,269,2025-01-17 21:58:25,mobile,US,a00182,indie
u00517,s000012,add_to_playlist,14,1,0,0,291,2025-01-17 23:37:28,mobile,US,a00032,edm
u00174,s000024,like,7,1,0,0,181,2025-10-30 14:05:46,mobile,US,a00065,latin
u00742,s000016,LIKE,5,1,0,0,204,2025-07-15 22:54:09,mobile,US,a00037,pop
u00830,s000007,PLAY,11,0,0,0,373,2025-04-02 03:18:57,mobile,US,a00041,classical
u00758,s000225,SKIP,1,0,0,1,24,2025-08-24 12:45:37,mobile,US,a00077,edm
u00460,s000035,play,5,0,0,0,238,2025-02-26 08:06:30,mobile,US,a00108,pop
u00213,s000188,SKIP,1,0,0,1,28,2025-02-03 11:13:02,mobile,US,a00165,jazz
u00955,s000045,like,17,1,0,0,308,2025-02-08 09:02:35,mobile,US,a00075,jazz
u00227,s000218,play,1,0,0,0,52,2025-04-09 10:09:22,mobile,US,a00096,classical
u00878,s000005,add_to_playlist,16,1,0,0,181,2025-04-06 10:31:41,mobile,US,a00178,classical
u00801,s000033,LIKE,18,1,0,0,392,2025-03-16 01:27:05,mobile,US,a00158,edm
u00557,s000025,play,17,0,0,0,279,2025-11-16 20:54:39,mobile,US,a00009,edm
u00191,s000100,play,11,0,0,0,383,2025-04-10 08:18:19,mobile,US,a00109,jazz
u00969,s000400,PLAY,8,0,0,0,340,2025-04-09 07:00:20,mobile,US,a00199,jazz
u00572,s000187,PLAY,11,0,0,0,368,2025-08-24 22:41:39,mobile,US,a00113,rock
u00282,s000086,skip,1,0,0,1,16,2025-01-11 03:56:33,mobile,US,a00030,rock
u00514,s000023,like,8,1,0,0,210,2025-06-20 03:54:08,mobile,US,a00085,pop
u00133,s000014,like,6,1,0,0,186,2025-09-11 21:03:08,mobile,US,a00163,classical
u00061,s000001,PLAY,8,0,0,0,245,2025-04-20 00:08:04,mobile,US,a00197,indie
u00561,s000477,skip,1,0,0,1,44,2025-02-22 12:03:06,mobile,US,a00015,latin
u00548,s000186,skip,1,0,0,1,31,2025-04-30 21:05:00,mobile,US,a00112,latin
u00557,s000012,play,15,0,0,0,295,2025-07-23 21:35:53,mobile,US,a00032,edm
u00433,s000341,add_to_playlist,17,1,0,0,330,2025-10-17 00:22:19,mobile,US,a00010,latin
u00234,s000059,ADD_TO_PLAYLIST,17,1,0,0,238,2025-04-18 10:42:28,mobile,US,a00073,hip-hop
u00554,s000003,like,17,1,0,0,225,2025-11-28 00:26:05,mobile,US,a00066,rock
u00861,s000004,PLAY,15,0,0,0,389,2025-12-26 06:39:57,mobile,US,a00134,rock
u00919,s000438,play,8,0,0,0,195,2025-02-08 12:58:23,mobile,US,a00107,latin
u00100,s000042,play,5,0,0,0,390,2025-12-10 01:34:38,mobile,US,a00156,indie
u00233,s000090,PLAY,7,0,0,0,211,2025-01-24 21:37:38,mobile,US,a00028,hip-hop
u00145,s000037,PLAY,12,0,0,0,244,2025-03-16 17:54:41,mobile,US,a00183,indie
u00699,s000045,add_to_playlist,16,1,0,0,396,2025-08-12 23:50:21,mobile,US,a00075,jazz
u00681,s000240,play,15,0,0,0,290,2025-11-24 22:54:31,mobile,US,a00150,classical
u00565,s000477,play,1,0,0,0,45,2025-02-21 17:47:10,mobile,US,a00015,latin
u00843,s000281,ADD_TO_PLAYLIST,7,1,0,0,387,2025-08-08 23:06:56,mobile,US,a00193,indie
u00145,s000020,LIKE,15,1,0,0,398,2025-08-31 06:52:08,mobile,US,a00182,indie
u00370,s000083,play,16,0,0,0,209,2025-11-10 10:48:06,mobile,US,a00126,hip-hop
u00473,s000399,play,1,0,0,0,9,2025-03-21 07:10:33,mobile,US,a00197,classical
u00998,s000059,play,1,0,0,0,21,2025-12-03 23:00:50,mobile,US,a00073,hip-hop
u00964,s000042,like,18,1,0,0,391,2025-07-19 01:45:44,mobile,US,a00156,indie
u00797,s000001,ADD_TO_PLAYLIST,8,1,0,0,271,2025-01-15 13:17:40,mobile,US,a00197,indie
u00835,s000006,PLAY,11,0,0,0,349,2025-05-26 04:12:12,mobile,US,a00199,hip-hop
u00418,s000018,LIKE,17,1,0,0,377,2025-08-02 02:43:04,mobile,US,a00096,latin
u00193,s000020,play,10,0,0,0,381,2025-06-20 04:18:56,mobile,US,a00182,indie
u00722,s000006,like,10,1,0,0,260,2025-01-22 22:08:09,mobile,US,a00199,hip-hop
u00421,s000473,LIKE,6,1,0,0,311,2025-06-27 20:49:00,mobile,US,a00028,pop
u00404,s000045,SKIP,1,0,0,1,48,2025-11-15 06:39:13,mobile,US,a00075,jazz
u00471,s000372,PLAY,13,0,0,0,353,2025-02-02 23:08:57,mobile,US,a00034,latin
u00185,s000011,PLAY,16,0,0,0,365,2025-04-02 21:34:42,mobile,US,a00156,classical
u00860,s000309,play,14,0,0,0,218,2025-07-22 02:21:40,mobile,US,a00105,hip-hop
u00474,s000210,SKIP,1,0,0,1,10,2025-12-08 03:49:30,mobile,US,a00064,rock
u00725,s000028,LIKE,14,1,0,0,341,2025-07-09 15:37:17,mobile,US,a00073,classical
u00515,s000027,add_to_playlist,19,1,0,0,251,2025-07-29 21:04:03,mobile,US,a00122,jazz
u00564,s000006,PLAY,19,0,0,0,180,2025-07-22 06:56:22,mobile,US,a00199,hip-hop
u00179,s000463,PLAY,13,0,0,0,385,2025-12-22 18:33:23,mobile,US,a00033,jazz
u00206,s000141,play,1,0,0,0,9,2025-02-02 22:07:46,mobile,US,a00197,rock
u00708,s000036,add_to_playlist,18,1,0,0,257,2025-03-25 15:45:38,mobile,US,a00179,latin
u00068,s000090,add_to_playlist,9,1,0,0,227,2025-01-29 12:47:24,mobile,US,a00028,hip-hop
u00949,s000010,add_to_playlist,7,1,0,0,267,2025-03-05 12:09:25,mobile,US,a00110,classical
u00550,s000032,play,14,0,0,0,359,2025-12-26 21:48:21,mobile,US,a00140,rock
u00507,s000443,ADD_TO_PLAYLIST,17,1,0,0,325,2025-01-08 19:18:10,mobile,US,a00036,jazz
u00965,s000070,skip,1,0,0,1,32,2025-04-10 14:14:40,mobile,US,a00140,classical
u00341,s000059,play,19,0,0,0,268,2025-03-20 11:31:10,mobile,US,a00073,hip-hop
u00915,s000025,like,16,1,0,0,247,2025-10-05 09:32:10,mobile,US,a00009,edm
u00586,s000033,PLAY,17,0,0,0,361,2025-04-17 06:09:23,mobile,US,a00158,edm
u00737,s000232,play,7,0,0,0,206,2025-07-24 05:27:25,mobile,US,a00181,classical
u00015,s000014,ADD_TO_PLAYLIST,9,1,0,0,334,2025-09-06 13:01:31,mobile,US,a00163,classical
u00925,s000017,ADD_TO_PLAYLIST,15,1,0,0,231,2025-12-24 09:56:44,mobile,US,a00184,jazz
u00949,s000232,play,7,0,0,0,345,2025-01-21 08:20:23,mobile,US,a00181,classical
u00171,s000151,like,19,1,0,0,192,2025-03-27 15:51:17,mobile,US,a00048,classical
u00434,s000006,PLAY,14,0,0,0,347,2025-04-22 11:29:06,mobile,US,a00199,hip-hop
u00371,s000018,PLAY,8,0,0,0,290,2025-05-28 15:48:40,mobile,US,a00096,latin
u00213,s000042,ADD_TO_PLAYLIST,11,1,0,0,202,2025-04-22 15:55:34,mobile,US,a00156,indie
u00459,s000045,PLAY,15,0,0,0,186,2025-06-30 17:09:29,mobile,US,a00075,jazz
u00393,s000312,SKIP,1,0,0,1,33,2025-04-27 19:35:52,mobile,US,a00056,rock
u00393,s000024,PLAY,16,0,0,0,399,2025-03-01 00:25:36,mobile,US,a00065,latin
u00835,s000083,LIKE,12,1,0,0,204,2025-08-23 11:04:00,mobile,US,a00126,hip-hop
u00541,s000035,add_to_playlist,9,1,0,0,187,2025-12-10 02:07:32,mobile,US,a00108,pop
u00000,s000317,SKIP,1,0,0,1,28,2025-04-11 07:08:42,mobile,US,a00011,latin
u00712,s000003,like,8,1,0,0,375,2025-02-12 15:36:30,mobile,US,a00066,rock
u00904,s000045,add_to_playlist,10,1,0,0,208,2025-05-15 02:18:06,mobile,US,a00075,jazz
u00082,s000369,PLAY,1,0,0,0,45,2025-06-30 18:13:57,mobile,US,a00041,pop
u00929,s000021,PLAY,18,0,0,0,338,2025-06-15 18:01:05,mobile,US,a00032,rock
u00878,s000118,PLAY,15,0,0,0,195,2025-09-29 16:35:20,mobile,US,a00153,classical
u00900,s000010,add_to_playlist,14,1,0,0,235,2025-09-16 08:52:54,mobile,US,a00110,classical
u00663,s000033,ADD_TO_PLAYLIST,13,1,0,0,357,2025-10-19 10:02:58,mobile,US,a00158,edm
u00772,s000021,like,11,1,0,0,367,2025-06-11 12:08:36,mobile,US,a00032,rock
u00438,s000373,play,1,0,0,0,31,2025-10-09 11:46:03,mobile,US,a00130,pop
u00416,s000412,PLAY,5,0,0,0,299,2025-07-09 01:28:50,mobile,US,a00015,classical
u00576,s000014,play,11,0,0,0,209,2025-12-18 13:30:59,mobile,US,a00163,classical
u00604,s000230,PLAY,5,0,0,0,210,2025-01-05 06:17:21,mobile,US,a00195,indie
u00613,s000035,play,10,0,0,0,383,2025-07-19 09:45:53,mobile,US,a00108,pop
u00283,s000030,PLAY,8,0,0,0,274,2025-11-12 04:09:47,mobile,US,a00117,indie
u00086,s000103,skip,1,0,0,1,7,2025-05-17 23:16:43,mobile,US,a00056,rock
u00206,s000018,play,9,0,0,0,312,2025-11-24 15:51:20,mobile,US,a00096,latin
u00976,s000024,LIKE,19,1,0,0,231,2025-02-05 20:36:12,mobile,US,a00065,latin
u00230,s000015,add_to_playlist,17,1,0,0,398,2025-03-19 12:51:40,mobile,US,a00156,edm
u00635,s000094,LIKE,15,1,0,0,301,2025-10-01 09:16:40,mobile,US,a00150,pop
u00547,s000183,PLAY,15,0,0,0,319,2025-03-16 05:03:01,mobile,US,a00114,hip-hop
u00299,s000370,SKIP,1,0,0,1,48,2025-12-25 12:31:21,mobile,US,a00024,indie
u00646,s000082,play,8,0,0,0,349,2025-12-17 08:22:22,mobile,US,a00071,classical
u00006,s000007,play,12,0,0,0,317,2025-12-24 06:30:49,mobile,US,a00041,classical
u00031,s000021,LIKE,18,1,0,0,213,2025-01-06 02:08:26,mobile,US,a00032,rock
u00007,s000007,PLAY,18,0,0,0,395,2025-07-25 12:33:29,mobile,US,a00041,classical
u00186,s000196,LIKE,19,1,0,0,281,2025-03-27 14:39:25,mobile,US,a00102,pop
u00177,s000427,LIKE,15,1,0,0,187,2025-04-26 21:07:58,mobile,US,a00058,jazz
u00726,s000190,play,19,0,0,0,315,2025-09-14 09:25:04,mobile,US,a00062,jazz
u00171,s000014,PLAY,16,0,0,0,386,2025-09-21 14:01:34,mobile,US,a00163,classical
u00103,s000059,LIKE,14,1,0,0,334,2025-04-19 00:07:31,mobile,US,a00073,hip-hop
u00199,s000017,add_to_playlist,12,1,0,0,391,2025-07-24 05:24:10,mobile,US,a00184,jazz
u00150,s000017,PLAY,16,0,0,0,294,2025-05-01 22:43:28,mobile,US,a00184,jazz
u00804,s000044,play,13,0,0,0,301,2025-12-20 09:59:56,mobile,US,a00067,edm
u00138,s000311,skip,1,0,0,1,35,2025-02-06 18:25:55,mobile,US,a00026,pop
u00572,s000002,LIKE,9,1,0,0,333,2025-07-25 21:45:36,mobile,US,a00133,rock
u00136,s000032,PLAY,11,0,0,0,336,2025-07-21 14:26:00,mobile,US,a00140,rock
u00173,s000186,play,1,0,0,0,8,2025-10-19 14:15:09,mobile,US,a00112,latin
u00529,s000016,PLAY,8,0,0,0,256,2025-05-11 01:42:52,mobile,US,a00037,pop
u00619,s000039,ADD_TO_PLAYLIST,12,1,0,0,348,2025-01-27 10:44:42,mobile,US,a00156,jazz
u00788,s000087,play,9,0,0,0,394,2025-06-15 14:01:28,mobile,US,a00121,latin
u00920,s000014,PLAY,16,0,0,0,372,2025-01-21 23:12:52,mobile,US,a00163,classical
u00885,s000007,PLAY,8,0,0,0,399,2025-06-09 16:51:39,mobile,US,a00041,classical
u00244,s000042,ADD_TO_PLAYLIST,15,1,0,0,215,2025-09-03 09:46:00,mobile,US,a00156,indie
u00710,s000485,add_to_playlist,7,1,0,0,308,2025-04-17 09:47:48,mobile,US,a00132,indie
u00935,s000003,LIKE,15,1,0,0,376,2025-05-18 19:43:35,mobile,US,a00066,rock
u00916,s000016,play,15,0,0,0,250,2025-02-24 13:07:55,mobile,US,a00037,pop
u00665,s000011,PLAY,17,0,0,0,222,2025-05-13 20:31:53,mobile,US,a00156,classical
u00628,s000266,like,7,1,0,0,356,2025-12-16 23:06:28,mobile,US,a00171,indie
u00818,s000006,PLAY,14,0,0,0,249,2025-03-05 11:03:39,mobile,US,a00199,hip-hop
u00296,s000012,LIKE,19,1,0,0,190,2025-04-06 21:24:11,mobile,US,a00032,edm
u00606,s000114,play,12,0,0,0,376,2025-04-23 17:19:42,mobile,US,a00136,indie
u00018,s000015,SKIP,1,0,0,1,30,2025-12-05 10:12:00,mobile,US,a00156,edm
u00888,s000449,ADD_TO_PLAYLIST,18,1,0,0,290,2025-11-01 02:31:33,mobile,US,a00014,hip-hop
u00264,s000017,play,8,0,0,0,234,2025-12-03 13:40:23,mobile,US,a00184,jazz
u00295,s000170,PLAY,1,0,0,0,44,2025-05-30 02:57:58,mobile,US,a00061,latin
u00415,s000410,play,1,0,0,0,53,2025-07-31 01:36:44,mobile,US,a00031,hip-hop
u00903,s000388,LIKE,15,1,0,0,339,2025-03-29 13:42:04,mobile,US,a00056,indie
u00555,s000024,PLAY,9,0,0,0,197,2025-12-14 13:18:34,mobile,US,a00065,latin
u00869,s000284,SKIP,1,0,0,1,13,2025-06-04 20:19:18,mobile,US,a00021,indie
u00101,s000022,like,5,1,0,0,194,2025-03-16 05:26:43,mobile,US,a00195,pop
u00229,s000014,add_to_playlist,12,1,0,0,376,2025-07-03 13:52:21,mobile,US,a00163,classical
u00126,s000023,play,14,0,0,0,293,2025-10-04 02:50:51,mobile,US,a00085,pop
u00462,s000012,PLAY,11,0,0,0,399,2025-10-19 23:24:17,mobile,US,a00032,edm
u00447,s000395,like,14,1,0,0,264,2025-03-08 22:21:37,mobile,US,a00007,edm
u00976,s000392,PLAY,18,0,0,0,380,2025-03-19 21:12:19,mobile,US,a00061,latin
u00365,s000030,add_to_playlist,16,1,0,0,234,2025-08-26 20:52:15,mobile,US,a00117,indie
u00533,s000032,LIKE,16,1,0,0,244,2025-01-27 18:54:32,mobile,US,a00140,rock
u00516,s000009,LIKE,19,1,0,0,327,2025-01-14 14:50:41,mobile,US,a00014,latin
u00940,s000433,LIKE,6,1,0,0,357,2025-04-13 01:09:25,mobile,US,a00102,hip-hop
u00789,s000030,like,7,1,0,0,289,2025-08-18 03:41:04,mobile,US,a00117,indie
u00738,s000010,play,11,0,0,0,229,2025-11-15 09:13:26,mobile,US,a00110,classical
u00713,s000006,play,14,0,0,0,275,2025-12-27 14:53:48,mobile,US,a00199,hip-hop
u00668,s000192,add_to_playlist,8,1,0,0,262,2025-05-12 03:58:32,mobile,US,a00128,classical
u00369,s000037,add_to_playlist,12,1,0,0,262,2025-09-26 11:28:08,mobile,US,a00183,indie
u00500,s000020,ADD_TO_PLAYLIST,11,1,0,0,236,2025-05-21 05:48:58,mobile,US,a00182,indie
u00746,s000228,skip,1,0,0,1,30,2025-07-09 01:05:43,mobile,US,a00045,edm
u00530,s000003,play,18,0,0,0,209,2025-09-24 01:57:43,mobile,US,a00066,rock
u00998,s000430,SKIP,1,0,0,1,43,2025-01-31 19:17:04,mobile,US,a00166,rock
u00324,s000012,like,9,1,0,0,189,2025-10-31 14:55:08,mobile,US,a00032,edm
u00431,s000381,SKIP,1,0,0,1,54,2025-05-29 04:09:23,mobile,US,a00100,hip-hop
u00046,s000424,like,13,1,0,0,282,2025-10-24 03:58:57,mobile,US,a00114,latin
u00750,s000024,play,17,0,0,0,233,2025-04-18 22:52:16,mobile,US,a00065,latin
u00213,s000042,play,10,0,0,0,216,2025-02-07 02:00:51,mobile,US,a00156,indie
u00083,s000170,PLAY,16,0,0,0,382,2025-06-01 10:57:03,mobile,US,a00061,latin
u00840,s000302,ADD_TO_PLAYLIST,19,1,0,0,211,2025-12-21 04:32:37,mobile,US,a00016,indie
u00131,s000009,PLAY,1,0,0,0,20,2025-03-31 05:18:09,mobile,US,a00014,latin
u00408,s000059,PLAY,6,0,0,0,310,2025-08-10 06:08:06,mobile,US,a00073,hip-hop
u00585,s000071,skip,1,0,0,1,27,2025-09-22 21:45:52,mobile,US,a00103,pop
u00088,s000006,LIKE,14,1,0,0,339,2025-09-09 12:13:35,mobile,US,a00199,hip-hop
u00171,s000007,like,16,1,0,0,258,2025-10-17 20:16:02,mobile,US,a00041,classical
u00386,s000039,like,8,1,0,0,194,2025-08-06 16:28:22,mobile,US,a00156,jazz
u00295,s000006,PLAY,15,0,0,0,370,2025-08-20 02:45:04,mobile,US,a00199,hip-hop
u00792,s000014,PLAY,10,0,0,0,278,2025-11-04 03:37:48,mobile,US,a00163,classical
u00361,s000021,PLAY,5,0,0,0,244,2025-10-03 17:24:09,mobile,US,a00032,rock
u00489,s000007,play,5,0,0,0,184,2025-07-26 05:58:50,mobile,US,a00041,classical
u00707,s000018,play,5,0,0,0,339,2025-10-31 15:11:02,mobile,US,a00096,latin
u00181,s000423,PLAY,18,0,0,0,193,2025-09-06 21:15:10,mobile,US,a00136,indie
u00513,s000097,PLAY,19,0,0,0,256,2025-12-20 03:32:30,mobile,US,a00100,edm
u00162,s000078,skip,1,0,0,1,12,2025-09-25 12:07:50,mobile,US,a00067,edm
u00542,s000013,PLAY,18,0,0,0,326,2025-02-05 04:08:05,mobile,US,a00154,jazz
u00156,s000037,PLAY,12,0,0,0,384,2025-10-18 18:54:41,mobile,US,a00183,indie
u00831,s000007,PLAY,15,0,0,0,317,2025-04-19 18:54:52,mobile,US,a00041,classical
u00659,s000258,skip,1,0,0,1,10,2025-11-14 17:42:42,mobile,US,a00118,latin
u00281,s000006,LIKE,14,1,0,0,392,2025-08-28 11:50:04,mobile,US,a00199,hip-hop
u00233,s000376,play,8,0,0,0,396,2025-11-13 13:56:58,mobile,US,a00178,hip-hop
u00862,s000201,add_to_playlist,8,1,0,0,213,2025-04-24 09:52:54,mobile,US,a00161,pop
u00213,s000042,PLAY,11,0,0,0,370,2025-01-27 16:40:42,mobile,US,a00156,indie
u00246,s000002,like,9,1,0,0,333,2025-06-25 20:48:02,mobile,US,a00133,rock
u00980,s000059,LIKE,9,1,0,0,234,2025-03-07 22:33:38,mobile,US,a00073,hip-hop
u00339,s000006,add_to_playlist,18,1,0,0,204,2025-07-20 09:12:25,mobile,US,a00199,hip-hop
u00896,s000331,play,16,0,0,0,395,2025-04-23 21:51:41,mobile,US,a00192,edm
u00851,s000035,PLAY,13,0,0,0,346,2025-04-27 18:19:33,mobile,US,a00108,pop
u00209,s000014,add_to_playlist,18,1,0,0,392,2025-09-22 14:58:07,mobile,US,a00163,classical
u00388,s000003,play,8,0,0,0,280,2025-01-31 05:07:39,mobile,US,a00066,rock
u00467,s000483,play,19,0,0,0,285,2025-06-17 02:14:48,mobile,US,a00102,rock
u00577,s000066,play,1,0,0,0,44,2025-03-31 05:19:46,mobile,US,a00089,classical
u00679,s000035,play,10,0,0,0,348,2025-10-28 16:11:21,mobile,US,a00108,pop
u00286,s000004,PLAY,10,0,0,0,370,2025-10-21 14:22:38,mobile,US,a00134,rock
u00789,s000382,SKIP,1,0,0,1,14,2025-05-03 10:35:08,mobile,US,a00043,jazz
u00556,s000009,PLAY,14,0,0,0,380,2025-06-05 14:21:53,mobile,US,a00014,latin
u00153,s000191,add_to_playlist,7,1,0,0,296,2025-03-14 19:00:21,mobile,US,a00131,jazz
u00034,s000000,PLAY,18,0,0,0,382,2025-02-18 10:09:40,mobile,US,a00178,edm
u00710,s000020,PLAY,17,0,0,0,192,2025-12-17 00:58:33,mobile,US,a00182,indie
u00469,s000217,skip,1,0,0,1,57,2025-05-30 22:18:44,mobile,US,a00050,pop
u00996,s000002,LIKE,6,1,0,0,323,2025-03-07 19:44:22,mobile,US,a00133,rock
u00835,s000008,PLAY,11,0,0,0,284,2025-08-24 00:27:25,mobile,US,a00191,hip-hop
u00309,s000000,play,13,0,0,0,284,2025-07-20 22:12:17,mobile,US,a00178,edm
u00623,s000022,LIKE,6,1,0,0,180,2025-04-05 14:30:25,mobile,US,a00195,pop
u00749,s000201,PLAY,15,0,0,0,247,2025-08-29 22:45:26,mobile,US,a00161,pop
u00548,s000244,skip,1,0,0,1,45,2025-05-12 08:24:08,mobile,US,a00124,indie
u00141,s000004,PLAY,16,0,0,0,390,2025-02-22 22:05:56,mobile,US,a00134,rock
u00768,s000008,add_to_playlist,18,1,0,0,366,2025-01-24 23:32:43,mobile,US,a00191,hip-hop
u00610,s000117,add_to_playlist,16,1,0,0,244,2025-06-29 15:14:32,mobile,US,a00116,classical
u00540,s000037,add_to_playlist,15,1,0,0,357,2025-10-22 10:38:16,mobile,US,a00183,indie
u00461,s000014,PLAY,14,0,0,0,350,2025-12-02 13:11:43,mobile,US,a00163,classical
u00495,s000344,add_to_playlist,8,1,0,0,185,2025-10-06 00:51:28,mobile,US,a00186,indie
u00360,s000383,PLAY,10,0,0,0,341,2025-04-12 18:16:18,mobile,US,a00186,hip-hop
u00275,s000006,ADD_TO_PLAYLIST,6,1,0,0,215,2025-08-11 18:34:05,mobile,US,a00199,hip-hop
u00885,s000394,PLAY,17,0,0,0,348,2025-02-05 17:13:01,mobile,US,a00082,classical
u00474,s000171,LIKE,14,1,0,0,204,2025-10-24 14:31:58,mobile,US,a00031,jazz
u00507,s000039,PLAY,19,0,0,0,262,2025-10-21 08:39:45,mobile,US,a00156,jazz
u00962,s000015,like,7,1,0,0,191,2025-09-19 13:03:50,mobile,US,a00156,edm
u00247,s000276,PLAY,7,0,0,0,316,2025-07-16 06:28:18,mobile,US,a00113,rock
u00086,s000033,play,8,0,0,0,236,2025-10-11 03:14:35,mobile,US,a00158,edm
u00015,s000183,skip,1,0,0,1,29,2025-07-18 20:13:27,mobile,US,a00114,hip-hop
u00258,s000424,like,9,1,0,0,306,2025-07-03 17:10:11,mobile,US,a00114,latin
u00862,s000384,SKIP,1,0,0,1,52,2025-06-22 02:26:23,mobile,US,a00048,rock
u00986,s000028,PLAY,1,0,0,0,15,2025-08-31 03:35:02,mobile,US,a00073,classical
u00032,s000008,play,15,0,0,0,336,2025-11-11 17:03:56,mobile,US,a00191,hip-hop
u00072,s000002,add_to_playlist,17,1,0,0,344,2025-01-26 21:04:53,mobile,US,a00133,rock
u00731,s000389,PLAY,16,0,0,0,250,2025-07-24 03:31:18,mobile,US,a00054,rock
u00360,s000241,play,18,0,0,0,244,2025-04-25 09:58:44,mobile,US,a00084,hip-hop
u00594,s000059,ADD_TO_PLAYLIST,14,1,0,0,369,2025-10-18 20:37:13,mobile,US,a00073,hip-hop
u00565,s000338,SKIP,1,0,0,1,29,2025-05-04 23:23:30,mobile,US,a00148,edm
u00300,s000004,PLAY,8,0,0,0,369,2025-03-14 22:52:26,mobile,US,a00134,rock
u00083,s000036,PLAY,17,0,0,0,232,2025-11-01 13:12:36,mobile,US,a00179,latin
u00341,s000457,like,16,1,0,0,382,2025-01-27 03:42:34,mobile,US,a00169,hip-hop
u00236,s000165,SKIP,1,0,0,1,50,2025-03-01 06:11:27,mobile,US,a00000,pop
u00934,s000009,PLAY,9,0,0,0,199,2025-10-10 18:57:45,mobile,US,a00014,latin
u00999,s000027,ADD_TO_PLAYLIST,15,1,0,0,189,2025-04-02 03:55:51,mobile,US,a00122,jazz
u00274,s000386,PLAY,10,0,0,0,323,2025-09-02 01:43:55,mobile,US,a00016,rock
u00923,s000001,play,6,0,0,0,305,2025-03-26 23:35:01,mobile,US,a00197,indie
u00939,s000022,LIKE,17,1,0,0,244,2025-09-29 04:26:53,mobile,US,a00195,pop
u00656,s000001,like,13,1,0,0,232,2025-09-04 03:48:19,mobile,US,a00197,indie
u00801,s000012,PLAY,7,0,0,0,324,2025-07-28 10:53:17,mobile,US,a00032,edm
u00170,s000227,play,8,0,0,0,363,2025-02-19 08:32:31,mobile,US,a00119,latin
u00024,s000304,skip,1,0,0,1,31,2025-06-05 02:59:56,mobile,US,a00152,pop
u00665,s000014,like,18,1,0,0,396,2025-03-03 13:39:22,mobile,US,a00163,classical
u00107,s000438,play,1,0,0,0,12,2025-01-30 02:11:17,mobile,US,a00107,latin
u00159,s000090,PLAY,16,0,0,0,368,2025-02-19 07:40:24,mobile,US,a00028,hip-hop
u00108,s000025,ADD_TO_PLAYLIST,17,1,0,0,257,2025-07-24 21:36:29,mobile,US,a00009,edm
u00175,s000015,play,16,0,0,0,278,2025-01-02 06:50:36,mobile,US,a00156,edm
u00665,s000010,play,12,0,0,0,194,2025-02-06 06:11:22,mobile,US,a00110,classical
u00285,s000045,play,11,0,0,0,349,2025-10-29 05:24:06,mobile,US,a00075,jazz
u00770,s000011,ADD_TO_PLAYLIST,17,1,0,0,284,2025-04-15 17:00:27,mobile,US,a00156,classical
u00301,s000004,play,16,0,0,0,305,2025-08-31 20:51:52,mobile,US,a00134,rock
u00208,s000403,play,6,0,0,0,316,2025-08-10 16:29:30,mobile,US,a00011,edm
u00385,s000031,add_to_playlist,18,1,0,0,243,2025-12-07 17:29:00,mobile,US,a00037,latin
u00555,s000024,PLAY,18,0,0,0,234,2025-09-17 01:56:14,mobile,US,a00065,latin
u00324,s000033,add_to_playlist,16,1,0,0,241,2025-11-17 19:08:21,mobile,US,a00158,edm
u00966,s000010,PLAY,17,0,0,0,339,2025-02-16 17:38:08,mobile,US,a00110,classical
u00713,s000090,add_to_playlist,13,1,0,0,337,2025-03-25 22:04:22,mobile,US,a00028,hip-hop
u00584,s000000,play,13,0,0,0,394,2025-02-09 22:28:31,mobile,US,a00178,edm
u00024,s000105,PLAY,18,0,0,0,202,2025-08-23 16:49:16,mobile,US,a00062,hip-hop
u00121,s000011,PLAY,14,0,0,0,321,2025-02-24 20:28:06,mobile,US,a00156,classical
u00488,s000002,add_to_playlist,13,1,0,0,303,2025-02-14 09:51:11,mobile,US,a00133,rock
u00861,s000002,play,7,0,0,0,201,2025-03-21 21:34:02,mobile,US,a00133,rock
u00701,s000024,LIKE,8,1,0,0,391,2025-05-15 02:45:20,mobile,US,a00065,latin
u00522,s000025,ADD_TO_PLAYLIST,6,1,0,0,297,2025-01-30 02:14:46,mobile,US,a00009,edm
u00291,s000075,SKIP,1,0,0,1,6,2025-07-03 08:32:52,mobile,US,a00059,classical
u00321,s000014,PLAY,5,0,0,0,188,2025-12-18 17:48:15,mobile,US,a00163,classical
u00109,s000037,play,17,0,0,0,281,2025-06-26 07:25:07,mobile,US,a00183,indie
u00953,s000083,PLAY,7,0,0,0,366,2025-05-29 00:13:01,mobile,US,a00126,hip-hop
u00734,s000203,PLAY,14,0,0,0,208,2025-05-25 17:02:04,mobile,US,a00086,pop
u00766,s000141,skip,1,0,0,1,45,2025-10-02 12:40:52,mobile,US,a00197,rock
u00244,s000030,add_to_playlist,15,1,0,0,366,2025-10-20 03:43:51,mobile,US,a00117,indie
u00078,s000037,PLAY,12,0,0,0,355,2025-07-28 10:00:15,mobile,US,a00183,indie
u00069,s000000,like,11,1,0,0,358,2025-12-16 03:33:59,mobile,US,a00178,edm
u00664,s000405,SKIP,1,0,0,1,31,2025-11-15 01:04:36,mobile,US,a00058,latin
u00516,s000438,LIKE,8,1,0,0,206,2025-04-08 07:15:26,mobile,US,a00107,latin
u00831,s000005,ADD_TO_PLAYLIST,10,1,0,0,283,2025-05-06 02:31:59,mobile,US,a00178,classical
u00770,s000170,SKIP,1,0,0,1,33,2025-06-26 01:12:01,mobile,US,a00061,latin
u00352,s000002,PLAY,7,0,0,0,311,2025-07-31 21:46:39,mobile,US,a00133,rock
u00533,s000004,PLAY,16,0,0,0,208,2025-06-07 03:08:08,mobile,US,a00134,rock
u00545,s000024,add_to_playlist,17,1,0,0,388,2025-12-08 11:41:59,mobile,US,a00065,latin
u00879,s000122,play,1,0,0,0,12,2025-04-19 15:21:38,mobile,US,a00024,jazz
u00832,s000464,LIKE,10,1,0,0,367,2025-05-03 23:51:48,mobile,US,a00157,jazz
u00105,s000023,LIKE,19,1,0,0,371,2025-03-24 23:11:17,mobile,US,a00085,pop
u00124,s000010,ADD_TO_PLAYLIST,6,1,0,0,334,2025-09-13 12:02:13,mobile,US,a00110,classical
u00394,s000444,ADD_TO_PLAYLIST,13,1,0,0,387,2025-01-29 15:04:03,mobile,US,a00170,jazz
u00084,s000123,LIKE,14,1,0,0,377,2025-11-27 09:41:21,mobile,US,a00089,indie
u00052,s000045,ADD_TO_PLAYLIST,12,1,0,0,184,2025-09-02 11:30:24,mobile,US,a00075,jazz
u00328,s000024,add_to_playlist,11,1,0,0,330,2025-12-31 06:13:02,mobile,US,a00065,latin
u00773,s000158,like,7,1,0,0,292,2025-08-18 10:49:03,mobile,US,a00117,hip-hop
u00177,s000039,ADD_TO_PLAYLIST,19,1,0,0,396,2025-09-23 18:25:11,mobile,US,a00156,jazz
u00609,s000009,like,17,1,0,0,280,2025-07-04 19:11:54,mobile,US,a00014,latin
u00557,s000025,LIKE,5,1,0,0,390,2025-09-26 17:27:44,mobile,US,a00009,edm
u00087,s000032,LIKE,17,1,0,0,206,2025-05-02 00:21:18,mobile,US,a00140,rock
u00155,s000022,add_to_playlist,8,1,0,0,190,2025-12-11 23:38:30,mobile,US,a00195,pop
u00966,s000014,like,18,1,0,0,324,2025-03-22 18:53:02,mobile,US,a00163,classical
u00908,s000484,add_to_playlist,11,1,0,0,244,2025-12-04 09:09:15,mobile,US,a00083,indie
u00751,s000401,SKIP,1,0,0,1,59,2025-08-15 11:27:00,mobile,US,a00024,jazz
u00836,s000045,like,6,1,0,0,201,2025-11-12 10:08:06,mobile,US,a00075,jazz
u00460,s000016,like,15,1,0,0,199,2025-11-17 01:27:17,mobile,US,a00037,pop
u00959,s000042,PLAY,11,0,0,0,209,2025-08-31 03:55:37,mobile,US,a00156,indie
u00312,s000059,PLAY,16,0,0,0,334,2025-12-03 18:38:28,mobile,US,a00073,hip-hop
u00005,s000009,like,12,1,0,0,348,2025-04-03 13:47:17,mobile,US,a00014,latin
u00392,s000009,PLAY,11,0,0,0,202,2025-06-22 06:23:42,mobile,US,a00014,latin
u00951,s000008,add_to_playlist,5,1,0,0,270,2025-05-01 08:44:57,mobile,US,a00191,hip-hop
u00071,s000035,LIKE,19,1,0,0,383,2025-04-08 21:22:16,mobile,US,a00108,pop
u00184,s000021,add_to_playlist,18,1,0,0,249,2025-06-26 10:21:15,mobile,US,a00032,rock
u00905,s000023,LIKE,10,1,0,0,333,2025-09-24 13:00:27,mobile,US,a00085,pop
u00040,s000345,LIKE,18,1,0,0,367,2025-06-29 17:53:55,mobile,US,a00038,jazz
u00648,s000157,skip,1,0,0,1,47,2025-07-03 08:51:19,mobile,US,a00147,rock
u00866,s000010,PLAY,18,0,0,0,327,2025-05-27 07:30:41,mobile,US,a00110,classical
u00907,s000498,LIKE,8,1,0,0,184,2025-06-24 12:36:10,mobile,US,a00175,jazz
u00832,s000045,PLAY,6,0,0,0,291,2025-12-29 14:08:24,mobile,US,a00075,jazz
u00847,s000026,LIKE,5,1,0,0,246,2025-03-18 10:31:56,mobile,US,a00004,pop
u00910,s000039,PLAY,14,0,0,0,190,2025-01-29 10:59:39,mobile,US,a00156,jazz
u00165,s000368,like,14,1,0,0,186,2025-07-17 13:34:08,mobile,US,a00103,rock
u00240,s000023,play,11,0,0,0,382,2025-10-07 23:51:03,mobile,US,a00085,pop
u00611,s000016,ADD_TO_PLAYLIST,6,1,0,0,237,2025-01-22 19:06:56,mobile,US,a00037,pop
u00152,s000487,play,19,0,0,0,381,2025-12-20 17:17:38,mobile,US,a00176,rock
u00338,s000090,play,13,0,0,0,348,2025-06-02 20:30:50,mobile,US,a00028,hip-hop
u00598,s000168,SKIP,1,0,0,1,22,2025-07-04 04:05:34,mobile,US,a00122,jazz
u00492,s000004,play,13,0,0,0,310,2025-04-05 05:07:50,mobile,US,a00134,rock
u00287,s000005,play,8,0,0,0,183,2025-05-25 12:47:50,mobile,US,a00178,classical
u00161,s000289,LIKE,19,1,0,0,368,2025-06-18 15:55:57,mobile,US,a00108,rock
u00022,s000016,play,13,0,0,0,323,2025-07-09 07:05:03,mobile,US,a00037,pop
u00393,s000364,PLAY,17,0,0,0,352,2025-05-16 15:07:41,mobile,US,a00016,latin
u00590,s000222,PLAY,11,0,0,0,329,2025-06-22 00:07:45,mobile,US,a00034,rock
u00135,s000011,add_to_playlist,16,1,0,0,349,2025-12-01 15:29:08,mobile,US,a00156,classical
u00026,s000033,ADD_TO_PLAYLIST,14,1,0,0,356,2025-08-22 12:07:18,mobile,US,a00158,edm
u00665,s000007,PLAY,7,0,0,0,293,2025-12-01 13:19:21,mobile,US,a00041,classical
u00130,s000006,LIKE,10,1,0,0,237,2025-02-04 07:00:25,mobile,US,a00199,hip-hop
u00024,s000059,add_to_playlist,14,1,0,0,354,2025-08-19 11:05:48,mobile,US,a00073,hip-hop
u00902,s000339,like,18,1,0,0,273,2025-02-22 03:17:07,mobile,US,a00010,edm
u00338,s000163,play,1,0,0,0,14,2025-12-18 01:09:51,mobile,US,a00048,edm
u00315,s000325,skip,1,0,0,1,19,2025-03-29 08:49:55,mobile,US,a00121,rock
u00472,s000135,PLAY,16,0,0,0,361,2025-08-20 10:07:49,mobile,US,a00178,jazz
u00985,s000016,play,5,0,0,0,204,2025-09-16 10:05:32,mobile,US,a00037,pop
u00156,s000250,play,10,0,0,0,255,2025-11-29 23:53:18,mobile,US,a00001,indie
u00546,s000160,play,1,0,0,0,7,2025-10-04 18:49:49,mobile,US,a00062,latin
u00483,s000012,play,18,0,0,0,256,2025-07-24 13:20:24,mobile,US,a00032,edm
u00275,s000008,LIKE,14,1,0,0,349,2025-07-30 07:47:34,mobile,US,a00191,hip-hop
u00260,s000021,ADD_TO_PLAYLIST,10,1,0,0,333,2025-04-30 06:08:04,mobile,US,a00032,rock
u00916,s000071,add_to_playlist,13,1,0,0,184,2025-07-12 01:54:36,mobile,US,a00103,pop
u00705,s000014,PLAY,6,0,0,0,248,2025-02-01 21:29:22,mobile,US,a00163,classical
u00255,s000398,PLAY,1,0,0,0,51,2025-02-19 04:30:13,mobile,US,a00117,hip-hop
u00528,s000026,like,18,1,0,0,182,2025-02-03 13:08:26,mobile,US,a00004,pop
u00602,s000008,play,12,0,0,0,377,2025-04-09 21:46:22,mobile,US,a00191,hip-hop
u00181,s000193,PLAY,1,0,0,0,30,2025-02-15 08:55:21,mobile,US,a00007,latin
u00182,s000033,like,13,1,0,0,332,2025-07-29 15:46:50,mobile,US,a00158,edm
u00998,s000036,PLAY,6,0,0,0,257,2025-11-17 00:43:15,mobile,US,a00179,latin
u00329,s000009,play,15,0,0,0,388,2025-10-21 04:04:17,mobile,US,a00014,latin
u00263,s000021,add_to_playlist,11,1,0,0,200,2025-07-27 08:47:57,mobile,US,a00032,rock
u00513,s000356,SKIP,1,0,0,1,57,2025-08-25 17:10:23,mobile,US,a00147,hip-hop
u00082,s000495,play,15,0,0,0,280,2025-09-13 23:19:18,mobile,US,a00189,classical
u00799,s000017,play,15,0,0,0,335,2025-05-17 02:21:13,mobile,US,a00184,jazz
u00839,s000011,add_to_playlist,7,1,0,0,373,2025-05-29 15:02:45,mobile,US,a00156,classical
u00889,s000043,PLAY,16,0,0,0,346,2025-06-29 21:46:04,mobile,US,a00046,rock
u00200,s000020,like,9,1,0,0,266,2025-11-21 10:36:35,mobile,US,a00182,indie
u00053,s000083,PLAY,7,0,0,0,260,2025-05-30 17:47:37,mobile,US,a00126,hip-hop
u00166,s000053,play,1,0,0,0,13,2025-01-31 05:53:38,mobile,US,a00025,indie
u00947,s000018,like,8,1,0,0,251,2025-10-31 11:01:56,mobile,US,a00096,latin
u00235,s000076,play,1,0,0,0,45,2025-06-21 15:11:22,mobile,US,a00170,edm
u00915,s000353,ADD_TO_PLAYLIST,17,1,0,0,372,2025-06-24 10:56:52,mobile,US,a00055,edm
u00039,s000393,play,1,0,0,0,34,2025-08-11 10:21:15,mobile,US,a00079,edm
u00686,s000246,PLAY,12,0,0,0,338,2025-07-04 09:25:54,mobile,US,a00035,edm
u00285,s000027,PLAY,8,0,0,0,371,2025-12-19 01:57:48,mobile,US,a00122,jazz
u00957,s000054,ADD_TO_PLAYLIST,14,1,0,0,265,2025-01-13 00:34:18,mobile,US,a00042,rock
u00015,s000007,like,19,1,0,0,221,2025-01-29 05:39:57,mobile,US,a00041,classical
u00467,s000003,ADD_TO_PLAYLIST,12,1,0,0,389,2025-09-23 20:08:57,mobile,US,a00066,rock
u00455,s000017,like,16,1,0,0,326,2025-01-28 19:35:31,mobile,US,a00184,jazz
u00598,s000090,play,11,0,0,0,211,2025-04-21 17:52:32,mobile,US,a00028,hip-hop
u00939,s000441,PLAY,14,0,0,0,303,2025-04-12 21:58:21,mobile,US,a00097,pop
u00709,s000366,skip,1,0,0,1,44,2025-09-10 14:27:07,mobile,US,a00060,jazz
u00188,s000051,SKIP,1,0,0,1,21,2025-12-11 01:30:42,mobile,US,a00163,rock
u00590,s000297,play,11,0,0,0,351,2025-11-19 13:02:57,mobile,US,a00041,rock
u00518,s000349,skip,1,0,0,1,50,2025-04-19 03:32:42,mobile,US,a00110,classical
u00584,s000012,PLAY,13,0,0,0,261,2025-04-24 13:53:34,mobile,US,a00032,edm
u00159,s000279,like,19,1,0,0,321,2025-03-21 02:45:33,mobile,US,a00008,hip-hop
u00308,s000341,ADD_TO_PLAYLIST,17,1,0,0,363,2025-10-19 16:57:53,mobile,US,a00010,latin
u00454,s000011,ADD_TO_PLAYLIST,15,1,0,0,228,2025-05-21 19:14:27,mobile,US,a00156,classical
u00798,s000003,play,6,0,0,0,334,2025-09-25 00:00:29,mobile,US,a00066,rock
u00672,s000328,add_to_playlist,19,1,0,0,247,2025-05-16 03:43:48,mobile,US,a00129,edm
u00485,s000012,play,14,0,0,0,365,2025-06-03 12:01:47,mobile,US,a00032,edm
u00696,s000037,ADD_TO_PLAYLIST,5,1,0,0,331,2025-08-11 21:50:59,mobile,US,a00183,indie
u00474,s000017,play,17,0,0,0,294,2025-03-03 14:57:53,mobile,US,a00184,jazz
u00327,s000030,LIKE,11,1,0,0,366,2025-01-01 05:49:26,mobile,US,a00117,indie
u00677,s000036,like,15,1,0,0,288,2025-10-12 14:24:59,mobile,US,a00179,latin
u00025,s000140,like,16,1,0,0,252,2025-02-17 10:05:29,mobile,US,a00179,edm
u00900,s000437,play,8,0,0,0,381,2025-02-01 21:55:09,mobile,US,a00151,classical
u00753,s000035,play,19,0,0,0,294,2025-11-02 19:04:31,mobile,US,a00108,pop
u00756,s000035,ADD_TO_PLAYLIST,8,1,0,0,196,2025-12-18 22:02:19,mobile,US,a00108,pop
u00189,s000000,play,11,0,0,0,273,2025-08-03 16:49:46,mobile,US,a00178,edm
u00295,s000386,skip,1,0,0,1,44,2025-01-13 18:17:56,mobile,US,a00016,rock
u00260,s000085,like,7,1,0,0,245,2025-05-12 07:22:22,mobile,US,a00091,rock
u00167,s000001,play,11,0,0,0,197,2025-05-29 20:06:33,mobile,US,a00197,indie
u00995,s000384,PLAY,1,0,0,0,56,2025-09-24 17:28:12,mobile,US,a00048,rock
u00444,s000083,PLAY,6,0,0,0,338,2025-01-12 23:47:50,mobile,US,a00126,hip-hop
u00393,s000182,PLAY,11,0,0,0,184,2025-02-20 13:04:02,mobile,US,a00077,latin
u00145,s000421,SKIP,1,0,0,1,37,2025-05-04 02:33:14,mobile,US,a00116,rock
u00317,s000002,PLAY,10,0,0,0,204,2025-04-05 03:03:30,mobile,US,a00133,rock
u00417,s000022,PLAY,16,0,0,0,391,2025-12-14 20:30:01,mobile,US,a00195,pop
u00320,s000154,like,13,1,0,0,253,2025-07-07 01:40:26,mobile,US,a00083,latin
u00632,s000195,ADD_TO_PLAYLIST,10,1,0,0,365,2025-11-12 11:06:04,mobile,US,a00054,classical
u00640,s000000,PLAY,8,0,0,0,255,2025-12-30 12:04:32,mobile,US,a00178,edm
u00185,s000005,play,11,0,0,0,181,2025-02-07 14:50:41,mobile,US,a00178,classical
u00245,s000361,add_to_playlist,11,1,0,0,306,2025-01-19 00:53:49,mobile,US,a00193,edm
u00469,s000008,PLAY,7,0,0,0,246,2025-07-12 13:59:15,mobile,US,a00191,hip-hop
u00773,s000159,ADD_TO_PLAYLIST,18,1,0,0,228,2025-08-07 01:43:54,mobile,US,a00085,hip-hop
u00379,s000489,play,10,0,0,0,222,2025-05-16 08:44:20,mobile,US,a00172,rock
u00156,s000030,PLAY,11,0,0,0,379,2025-05-19 02:38:19,mobile,US,a00117,indie
u00371,s000413,play,9,0,0,0,380,2025-02-26 02:41:00,mobile,US,a00198,latin
u00206,s000164,SKIP,1,0,0,1,55,2025-06-09 11:45:31,mobile,US,a00070,classical
u00481,s000033,LIKE,11,1,0,0,207,2025-03-03 20:56:17,mobile,US,a00158,edm
u00536,s000018,like,5,1,0,0,217,2025-07-31 17:47:06,mobile,US,a00096,latin
u00910,s000259,LIKE,10,1,0,0,281,2025-07-31 17:09:03,mobile,US,a00139,jazz
u00188,s000020,LIKE,19,1,0,0,284,2025-11-27 05:16:56,mobile,US,a00182,indie
u00248,s000420,LIKE,15,1,0,0,391,2025-02-18 19:20:58,mobile,US,a00078,rock
u00206,s000177,PLAY,6,0,0,0,358,2025-04-02 09:50:38,mobile,US,a00143,latin
u00105,s000035,PLAY,6,0,0,0,390,2025-09-14 06:57:08,mobile,US,a00108,pop
u00765,s000045,like,9,1,0,0,382,2025-06-15 19:26:30,mobile,US,a00075,jazz
u00911,s000474,SKIP,1,0,0,1,20,2025-04-12 13:33:51,mobile,US,a00189,latin
u00209,s000007,like,8,1,0,0,358,2025-07-15 09:16:08,mobile,US,a00041,classical
u00488,s000004,play,13,0,0,0,385,2025-10-15 03:50:32,mobile,US,a00134,rock
u00407,s000164,PLAY,1,0,0,0,40,2025-03-15 00:40:23,mobile,US,a00070,classical
u00851,s000194,PLAY,7,0,0,0,198,2025-02-10 14:31:21,mobile,US,a00156,pop
u00422,s000025,ADD_TO_PLAYLIST,17,1,0,0,391,2025-01-22 00:15:42,mobile,US,a00009,edm
u00733,s000036,play,15,0,0,0,342,2025-08-07 21:24:24,mobile,US,a00179,latin
u00926,s000010,add_to_playlist,15,1,0,0,196,2025-03-27 04:46:57,mobile,US,a00110,classical
u00791,s000270,SKIP,1,0,0,1,33,2025-12-19 01:39:01,mobile,US,a00023,pop
u00313,s000037,PLAY,11,0,0,0,355,2025-05-28 13:46:06,mobile,US,a00183,indie
u00101,s000023,like,13,1,0,0,353,2025-10-19 21:18:47,mobile,US,a00085,pop
u00978,s000036,add_to_playlist,16,1,0,0,251,2025-03-05 02:04:31,mobile,US,a00179,latin
u00313,s000020,ADD_TO_PLAYLIST,8,1,0,0,293,2025-10-19 01:06:09,mobile,US,a00182,indie
u00160,s000020,play,9,0,0,0,270,2025-10-24 23:58:59,mobile,US,a00182,indie
u00999,s000163,PLAY,1,0,0,0,25,2025-03-20 11:45:11,mobile,US,a00048,edm
u00102,s000026,play,11,0,0,0,203,2025-12-11 05:41:13,mobile,US,a00004,pop
u00049,s000078,add_to_playlist,10,1,0,0,190,2025-03-25 22:38:59,mobile,US,a00067,edm
u00769,s000032,ADD_TO_PLAYLIST,14,1,0,0,282,2025-07-04 18:35:59,mobile,US,a00140,rock
u00450,s000108,LIKE,14,1,0,0,307,2025-05-27 06:08:35,mobile,US,a00114,edm
u00918,s000083,play,13,0,0,0,243,2025-12-14 12:37:48,mobile,US,a00126,hip-hop
u00274,s000032,play,18,0,0,0,259,2025-12-12 05:52:12,mobile,US,a00140,rock
u00221,s000017,ADD_TO_PLAYLIST,16,1,0,0,283,2025-06-24 19:23:03,mobile,US,a00184,jazz
u00064,s000178,play,18,0,0,0,307,2025-10-30 10:39:40,mobile,US,a00167,indie
u00245,s000264,PLAY,13,0,0,0,338,2025-06-20 08:39:47,mobile,US,a00136,edm
u00647,s000032,play,18,0,0,0,205,2025-09-10 15:15:12,mobile,US,a00140,rock
u00403,s000021,LIKE,10,1,0,0,231,2025-11-05 01:34:12,mobile,US,a00032,rock
u00105,s000165,play,8,0,0,0,260,2025-05-19 13:59:15,mobile,US,a00000,pop
u00574,s000030,add_to_playlist,11,1,0,0,310,2025-09-22 05:33:00,mobile,US,a00117,indie
u00173,s000083,PLAY,18,0,0,0,306,2025-07-11 22:41:27,mobile,US,a00126,hip-hop
u00945,s000020,add_to_playlist,19,1,0,0,297,2025-01-05 23:27:15,mobile,US,a00182,indie
u00182,s000033,play,8,0,0,0,370,2025-08-31 12:02:46,mobile,US,a00158,edm
u00435,s000031,play,8,0,0,0,266,2025-02-14 03:04:38,mobile,US,a00037,latin
u00213,s000037,PLAY,9,0,0,0,353,2025-02-27 13:23:13,mobile,US,a00183,indie
u00260,s000130,PLAY,1,0,0,0,30,2025-05-27 21:21:37,mobile,US,a00016,pop
u00890,s000042,PLAY,9,0,0,0,291,2025-06-30 18:45:23,mobile,US,a00156,indie
u00540,s000413,SKIP,1,0,0,1,5,2025-07-30 03:25:54,mobile,US,a00198,latin
u00671,s000107,like,18,1,0,0,383,2025-11-08 17:30:34,mobile,US,a00054,edm
u00318,s000037,ADD_TO_PLAYLIST,15,1,0,0,323,2025-10-12 14:41:49,mobile,US,a00183,indie
u00758,s000487,play,19,0,0,0,216,2025-07-02 22:13:11,mobile,US,a00176,rock
u00897,s000211,ADD_TO_PLAYLIST,12,1,0,0,391,2025-11-29 20:44:14,mobile,US,a00056,hip-hop
u00499,s000090,ADD_TO_PLAYLIST,15,1,0,0,311,2025-02-07 06:50:42,mobile,US,a00028,hip-hop
u00623,s000035,ADD_TO_PLAYLIST,12,1,0,0,281,2025-06-26 19:19:58,mobile,US,a00108,pop
u00268,s000030,like,19,1,0,0,303,2025-07-03 09:30:50,mobile,US,a00117,indie
u00441,s000399,PLAY,1,0,0,0,43,2025-07-18 16:09:21,mobile,US,a00197,classical
u00654,s000317,play,1,0,0,0,56,2025-06-23 21:38:43,mobile,US,a00011,latin
u00561,s000257,like,7,1,0,0,253,2025-09-14 01:26:44,mobile,US,a00194,jazz
u00068,s000294,PLAY,13,0,0,0,259,2025-10-23 02:16:13,mobile,US,a00145,hip-hop
u00764,s000005,play,18,0,0,0,291,2025-10-01 21:06:31,mobile,US,a00178,classical
u00970,s000031,LIKE,11,1,0,0,182,2025-07-21 03:38:01,mobile,US,a00037,latin
u00493,s000188,SKIP,1,0,0,1,31,2025-05-23 17:28:27,mobile,US,a00165,jazz
u00856,s000013,add_to_playlist,5,1,0,0,367,2025-12-15 00:11:28,mobile,US,a00154,jazz
u00899,s000368,skip,1,0,0,1,58,2025-12-12 18:18:54,mobile,US,a00103,rock
u00508,s000036,play,9,0,0,0,209,2025-06-19 02:27:11,mobile,US,a00179,latin
u00939,s000026,PLAY,11,0,0,0,396,2025-09-12 21:55:08,mobile,US,a00004,pop
u00360,s000008,play,13,0,0,0,252,2025-03-13 16:27:02,mobile,US,a00191,hip-hop
u00837,s000007,like,6,1,0,0,242,2025-09-02 03:50:47,mobile,US,a00041,classical
u00063,s000115,PLAY,1,0,0,0,31,2025-12-30 11:56:12,mobile,US,a00179,indie
u00576,s000483,skip,1,0,0,1,47,2025-11-29 13:30:21,mobile,US,a00102,rock
u00006,s000151,play,13,0,0,0,306,2025-05-19 07:22:00,mobile,US,a00048,classical
u00547,s000241,LIKE,9,1,0,0,357,2025-03-19 13:33:13,mobile,US,a00084,hip-hop
u00939,s000196,ADD_TO_PLAYLIST,19,1,0,0,196,2025-09-02 13:09:51,mobile,US,a00102,pop
u00577,s000015,PLAY,15,0,0,0,238,2025-04-24 22:38:07,mobile,US,a00156,edm
u00886,s000002,play,19,0,0,0,242,2025-10-15 05:16:44,mobile,US,a00133,rock
u00724,s000157,ADD_TO_PLAYLIST,6,1,0,0,393,2025-04-24 15:20:16,mobile,US,a00147,rock
u00447,s000012,play,17,0,0,0,362,2025-03-09 01:33:18,mobile,US,a00032,edm
u00954,s000045,PLAY,18,0,0,0,248,2025-03-06 00:33:44,mobile,US,a00075,jazz
u00773,s000369,SKIP,1,0,0,1,32,2025-03-17 20:30:30,mobile,US,a00041,pop
u00877,s000238,skip,1,0,0,1,21,2025-01-22 02:31:02,mobile,US,a00006,rock
u00383,s000011,PLAY,12,0,0,0,196,2025-02-07 19:34:50,mobile,US,a00156,classical
u00615,s000315,PLAY,1,0,0,0,25,2025-05-03 09:29:56,mobile,US,a00167,hip-hop
u00380,s000009,PLAY,18,0,0,0,223,2025-08-08 23:34:11,mobile,US,a00014,latin
u00759,s000030,like,19,1,0,0,256,2025-05-28 10:27:23,mobile,US,a00117,indie
u00077,s000063,play,1,0,0,0,58,2025-02-02 00:16:28,mobile,US,a00199,classical
u00492,s000139,like,17,1,0,0,374,2025-04-27 02:12:47,mobile,US,a00198,rock
u00917,s000441,skip,1,0,0,1,51,2025-07-15 07:10:44,mobile,US,a00097,pop
u00652,s000470,skip,1,0,0,1,24,2025-07-10 03:06:13,mobile,US,a00122,classical
u00125,s000125,ADD_TO_PLAYLIST,9,1,0,0,191,2025-03-21 20:39:47,mobile,US,a00037,latin
u00006,s000010,play,17,0,0,0,211,2025-01-17 10:17:48,mobile,US,a00110,classical
u00102,s000023,like,8,1,0,0,187,2025-08-24 09:07:13,mobile,US,a00085,pop
u00517,s000000,PLAY,7,0,0,0,233,2025-08-22 16:24:15,mobile,US,a00178,edm
u00735,s000371,PLAY,11,0,0,0,381,2025-08-04 02:47:30,mobile,US,a00038,jazz
u00637,s000042,play,13,0,0,0,357,2025-12-26 09:20:09,mobile,US,a00156,indie
u00811,s000027,play,16,0,0,0,288,2025-11-10 15:41:52,mobile,US,a00122,jazz
u00240,s000435,ADD_TO_PLAYLIST,9,1,0,0,294,2025-07-19 08:46:30,mobile,US,a00013,pop
u00095,s000012,LIKE,11,1,0,0,305,2025-11-22 11:52:51,mobile,US,a00032,edm
u00643,s000021,ADD_TO_PLAYLIST,9,1,0,0,266,2025-10-25 00:41:47,mobile,US,a00032,rock
u00815,s000327,like,8,1,0,0,303,2025-10-30 06:55:02,mobile,US,a00063,classical
u00381,s000033,like,6,1,0,0,209,2025-10-11 13:39:59,mobile,US,a00158,edm
u00278,s000032,ADD_TO_PLAYLIST,11,1,0,0,232,2025-02-06 13:50:36,mobile,US,a00140,rock
u00762,s000327,like,15,1,0,0,334,2025-03-05 14:41:20,mobile,US,a00063,classical
u00555,s000275,ADD_TO_PLAYLIST,16,1,0,0,394,2025-06-29 16:20:58,mobile,US,a00127,latin
u00353,s000031,add_to_playlist,9,1,0,0,324,2025-04-26 06:29:31,mobile,US,a00037,latin
u00172,s000426,SKIP,1,0,0,1,5,2025-09-04 06:44:30,mobile,US,a00071,indie
u00892,s000002,PLAY,12,0,0,0,361,2025-10-03 04:23:17,mobile,US,a00133,rock
u00613,s000022,LIKE,11,1,0,0,382,2025-08-16 04:49:49,mobile,US,a00195,pop
u00772,s000004,like,18,1,0,0,261,2025-11-19 03:38:06,mobile,US,a00134,rock
u00003,s000037,play,17,0,0,0,259,2025-03-26 00:37:31,mobile,US,a00183,indie
u00722,s000105,LIKE,19,1,0,0,287,2025-12-19 22:03:49,mobile,US,a00062,hip-hop
u00549,s000042,PLAY,9,0,0,0,291,2025-04-12 06:13:10,mobile,US,a00156,indie
u00030,s000007,LIKE,9,1,0,0,319,2025-11-28 08:52:15,mobile,US,a00041,classical
u00408,s000008,PLAY,16,0,0,0,289,2025-10-23 12:00:08,mobile,US,a00191,hip-hop
u00886,s000003,PLAY,15,0,0,0,360,2025-09-16 09:34:53,mobile,US,a00066,rock
u00517,s000033,play,13,0,0,0,310,2025-06-10 10:24:21,mobile,US,a00158,edm
u00907,s000027,LIKE,10,1,0,0,180,2025-10-03 16:03:14,mobile,US,a00122,jazz
u00463,s000293,play,12,0,0,0,390,2025-01-22 01:28:30,mobile,US,a00069,rock
u00567,s000036,add_to_playlist,13,1,0,0,319,2025-06-24 03:40:02,mobile,US,a00179,latin
u00793,s000006,play,14,0,0,0,207,2025-01-08 07:35:52,mobile,US,a00199,hip-hop
u00600,s000007,add_to_playlist,12,1,0,0,202,2025-09-20 19:42:08,mobile,US,a00041,classical
u00475,s000450,LIKE,17,1,0,0,236,2025-08-23 10:20:41,mobile,US,a00119,latin
u00480,s000209,play,1,0,0,0,6,2025-04-10 21:31:10,mobile,US,a00007,classical
u00628,s000020,play,10,0,0,0,360,2025-08-23 07:10:03,mobile,US,a00182,indie
u00240,s000023,PLAY,13,0,0,0,342,2025-06-26 00:13:56,mobile,US,a00085,pop
u00213,s000042,play,14,0,0,0,319,2025-02-26 11:26:17,mobile,US,a00156,indie
u00616,s000004,add_to_playlist,19,1,0,0,285,2025-04-19 01:25:22,mobile,US,a00134,rock
u00733,s000024,PLAY,19,0,0,0,180,2025-08-11 02:47:53,mobile,US,a00065,latin
u00517,s000000,PLAY,9,0,0,0,394,2025-06-06 05:52:15,mobile,US,a00178,edm
u00710,s000030,ADD_TO_PLAYLIST,14,1,0,0,220,2025-09-16 22:41:20,mobile,US,a00117,indie
u00136,s000469,LIKE,15,1,0,0,374,2025-12-01 14:43:29,mobile,US,a00095,rock
u00415,s000002,PLAY,19,0,0,0,188,2025-05-11 23:02:43,mobile,US,a00133,rock
u00979,s000015,like,17,1,0,0,249,2025-07-19 17:42:46,mobile,US,a00156,edm
u00615,s000017,PLAY,19,0,0,0,236,2025-01-09 20:29:07,mobile,US,a00184,jazz
u00297,s000020,add_to_playlist,17,1,0,0,257,2025-06-07 15:02:49,mobile,US,a00182,indie
u00385,s000227,like,19,1,0,0,234,2025-08-29 08:56:18,mobile,US,a00119,latin
u00912,s000210,SKIP,1,0,0,1,25,2025-05-05 21:23:30,mobile,US,a00064,rock
u00734,s000248,like,5,1,0,0,283,2025-09-08 19:44:53,mobile,US,a00187,pop
u00555,s000031,play,15,0,0,0,321,2025-11-06 18:14:35,mobile,US,a00037,latin
u00979,s000000,PLAY,13,0,0,0,396,2025-05-10 03:14:34,mobile,US,a00178,edm
u00170,s000009,LIKE,6,1,0,0,189,2025-06-26 19:58:56,mobile,US,a00014,latin
u00309,s000012,like,17,1,0,0,332,2025-01-17 07:11:12,mobile,US,a00032,edm
u00158,s000021,play,16,0,0,0,398,2025-01-15 17:50:18,mobile,US,a00032,rock
u00659,s000035,LIKE,18,1,0,0,250,2025-03-09 10:22:24,mobile,US,a00108,pop
u00231,s000029,skip,1,0,0,1,28,2025-06-04 15:58:47,mobile,US,a00096,classical
u00722,s000059,play,13,0,0,0,182,2025-05-27 10:27:20,mobile,US,a00073,hip-hop
u00987,s000070,skip,1,0,0,1,14,2025-10-08 12:16:01,mobile,US,a00140,classical
u00400,s000009,ADD_TO_PLAYLIST,15,1,0,0,397,2025-05-18 14:01:31,mobile,US,a00014,latin
u00121,s000011,play,10,0,0,0,287,2025-11-06 01:12:55,mobile,US,a00156,classical
u00905,s000023,PLAY,10,0,0,0,380,2025-06-08 18:16:48,mobile,US,a00085,pop
u00105,s000026,LIKE,13,1,0,0,305,2025-04-29 19:11:09,mobile,US,a00004,pop
u00408,s000083,PLAY,6,0,0,0,306,2025-03-21 15:34:27,mobile,US,a00126,hip-hop
u00811,s000017,add_to_playlist,16,1,0,0,265,2025-11-24 02:07:52,mobile,US,a00184,jazz
u00301,s000003,add_to_playlist,14,1,0,0,210,2025-07-24 03:17:06,mobile,US,a00066,rock
u00658,s000006,add_to_playlist,11,1,0,0,220,2025-08-07 07:09:37,mobile,US,a00199,hip-hop
u00128,s000090,add_to_playlist,17,1,0,0,340,2025-11-24 19:16:12,mobile,US,a00028,hip-hop
u00243,s000021,PLAY,19,0,0,0,321,2025-08-08 15:26:45,mobile,US,a00032,rock
u00372,s000022,like,5,1,0,0,266,2025-07-02 14:06:24,mobile,US,a00195,pop
u00162,s000036,add_to_playlist,13,1,0,0,199,2025-02-09 09:47:31,mobile,US,a00179,latin
u00854,s000347,add_to_playlist,10,1,0,0,308,2025-05-23 18:42:23,mobile,US,a00097,indie
u00410,s000039,play,8,0,0,0,272,2025-01-26 06:09:53,mobile,US,a00156,jazz
u00890,s000037,PLAY,18,0,0,0,274,2025-06-24 04:41:36,mobile,US,a00183,indie
u00453,s000033,PLAY,13,0,0,0,347,2025-01-18 12:08:23,mobile,US,a00158,edm
u00574,s000042,PLAY,11,0,0,0,294,2025-12-18 07:54:32,mobile,US,a00156,indie
u00634,s000016,LIKE,10,1,0,0,259,2025-09-17 14:09:35,mobile,US,a00037,pop
u00897,s000008,like,7,1,0,0,215,2025-09-18 17:43:24,mobile,US,a00191,hip-hop
u00315,s000306,play,6,0,0,0,223,2025-05-24 02:31:56,mobile,US,a00075,latin
u00175,s000015,LIKE,12,1,0,0,313,2025-07-21 10:08:25,mobile,US,a00156,edm
u00276,s000032,PLAY,19,0,0,0,318,2025-10-16 05:05:10,mobile,US,a00140,rock
u00186,s000016,play,12,0,0,0,207,2025-11-01 11:41:03,mobile,US,a00037,pop
u00446,s000045,like,17,1,0,0,197,2025-07-07 13:30:32,mobile,US,a00075,jazz
u00109,s000037,ADD_TO_PLAYLIST,6,1,0,0,220,2025-07-29 22:58:16,mobile,US,a00183,indie
u00589,s000396,SKIP,1,0,0,1,29,2025-08-26 11:34:23,mobile,US,a00148,jazz
u00325,s000012,LIKE,12,1,0,0,370,2025-11-03 23:33:50,mobile,US,a00032,edm
u00089,s000023,play,12,0,0,0,300,2025-03-13 08:18:28,mobile,US,a00085,pop
u00482,s000425,play,1,0,0,0,22,2025-11-05 18:48:02,mobile,US,a00175,edm
u00284,s000411,play,19,0,0,0,323,2025-11-16 04:57:53,mobile,US,a00009,pop
u00335,s000031,LIKE,6,1,0,0,387,2025-09-19 12:57:14,mobile,US,a00037,latin
u00043,s000278,PLAY,1,0,0,0,33,2025-03-25 03:25:05,mobile,US,a00013,classical
u00068,s000006,play,8,0,0,0,307,2025-05-19 02:29:31,mobile,US,a00199,hip-hop
u00145,s000042,ADD_TO_PLAYLIST,7,1,0,0,278,2025-02-27 20:34:28,mobile,US,a00156,indie
u00198,s000007,PLAY,11,0,0,0,225,2025-03-31 01:08:07,mobile,US,a00041,classical
u00601,s000024,add_to_playlist,6,1,0,0,330,2025-12-19 18:11:55,mobile,US,a00065,latin
u00497,s000008,add_to_playlist,11,1,0,0,227,2025-11-21 06:39:11,mobile,US,a00191,hip-hop
u00815,s000306,skip,1,0,0,1,35,2025-01-01 04:46:32,mobile,US,a00075,latin
u00318,s000020,like,6,1,0,0,391,2025-03-12 13:07:15,mobile,US,a00182,indie
u00673,s000025,play,15,0,0,0,224,2025-01-07 04:07:15,mobile,US,a00009,edm
u00202,s000417,play,12,0,0,0,283,2025-10-25 06:16:51,mobile,US,a00085,indie
u00982,s000204,play,1,0,0,0,53,2025-06-20 20:00:13,mobile,US,a00054,classical
u00768,s000090,play,18,0,0,0,263,2025-05-13 20:46:13,mobile,US,a00028,hip-hop
u00023,s000024,LIKE,14,1,0,0,289,2025-09-01 19:15:01,mobile,US,a00065,latin
u00992,s000379,play,7,0,0,0,207,2025-10-29 01:55:36,mobile,US,a00011,pop
u00931,s000138,like,8,1,0,0,252,2025-06-27 18:27:58,mobile,US,a00024,hip-hop
u00346,s000345,LIKE,19,1,0,0,272,2025-01-12 10:44:14,mobile,US,a00038,jazz
u00818,s000090,ADD_TO_PLAYLIST,10,1,0,0,217,2025-02-13 05:20:12,mobile,US,a00028,hip-hop
u00345,s000001,LIKE,10,1,0,0,342,2025-05-12 10:41:47,mobile,US,a00197,indie
u00120,s000306,ADD_TO_PLAYLIST,17,1,0,0,353,2025-05-19 13:36:14,mobile,US,a00075,latin
u00500,s000363,PLAY,1,0,0,0,9,2025-07-13 13:34:38,mobile,US,a00039,edm
u00226,s000254,LIKE,15,1,0,0,351,2025-03-14 02:28:14,mobile,US,a00147,classical
u00198,s000212,PLAY,1,0,0,0,13,2025-11-30 17:38:47,mobile,US,a00066,pop
u00380,s000009,add_to_playlist,11,1,0,0,261,2025-04-28 13:27:44,mobile,US,a00014,latin
u00726,s000045,ADD_TO_PLAYLIST,7,1,0,0,341,2025-07-20 16:36:46,mobile,US,a00075,jazz
u00166,s000186,add_to_playlist,8,1,0,0,274,2025-02-04 22:47:32,mobile,US,a00112,latin
u00440,s000274,skip,1,0,0,1,31,2025-01-28 14:43:48,mobile,US,a00058,indie
u00956,s000006,play,8,0,0,0,356,2025-11-08 09:21:41,mobile,US,a00199,hip-hop
u00375,s000158,play,16,0,0,0,290,2025-02-16 03:36:33,mobile,US,a00117,hip-hop
u00025,s000012,PLAY,7,0,0,0,189,2025-02-21 07:24:02,mobile,US,a00032,edm
u00126,s000023,PLAY,12,0,0,0,181,2025-08-09 14:34:32,mobile,US,a00085,pop
u00981,s000024,PLAY,8,0,0,0,389,2025-02-08 19:24:11,mobile,US,a00065,latin
u00583,s000035,PLAY,17,0,0,0,359,2025-02-14 23:29:01,mobile,US,a00108,pop
u00205,s000418,PLAY,17,0,0,0,323,2025-05-17 02:28:54,mobile,US,a00134,classical
u00271,s000036,play,19,0,0,0,346,2025-09-19 00:13:07,mobile,US,a00179,latin
u00246,s000469,PLAY,9,0,0,0,272,2025-12-12 16:00:15,mobile,US,a00095,rock
u00943,s000475,skip,1,0,0,1,54,2025-10-09 08:53:34,mobile,US,a00061,latin
u00350,s000083,play,14,0,0,0,318,2025-01-14 00:08:09,mobile,US,a00126,hip-hop
u00412,s000360,ADD_TO_PLAYLIST,10,1,0,0,380,2025-09-04 01:35:21,mobile,US,a00153,edm
u00437,s000392,play,12,0,0,0,220,2025-09-18 22:42:45,mobile,US,a00061,latin
u00369,s000030,play,12,0,0,0,204,2025-07-03 23:07:03,mobile,US,a00117,indie
u00957,s000003,PLAY,18,0,0,0,254,2025-05-15 12:55:07,mobile,US,a00066,rock
u00392,s000177,play,12,0,0,0,370,2025-02-05 18:54:34,mobile,US,a00143,latin
u00138,s000020,add_to_playlist,10,1,0,0,237,2025-10-26 00:51:48,mobile,US,a00182,indie
u00246,s000149,ADD_TO_PLAYLIST,18,1,0,0,358,2025-10-04 05:39:58,mobile,US,a00155,rock
u00456,s000132,ADD_TO_PLAYLIST,12,1,0,0,235,2025-11-24 04:09:16,mobile,US,a00170,edm
u00277,s000000,PLAY,7,0,0,0,348,2025-04-12 17:38:04,mobile,US,a00178,edm
u00448,s000105,SKIP,1,0,0,1,24,2025-09-03 21:42:57,mobile,US,a00062,hip-hop
u00446,s000027,PLAY,14,0,0,0,259,2025-11-07 23:22:31,mobile,US,a00122,jazz
u00243,s000002,add_to_playlist,12,1,0,0,369,2025-04-11 19:12:21,mobile,US,a00133,rock
u00224,s000453,PLAY,1,0,0,0,10,2025-05-20 23:08:55,mobile,US,a00152,jazz
u00791,s000050,SKIP,1,0,0,1,9,2025-01-11 07:49:44,mobile,US,a00114,pop
u00043,s000036,PLAY,9,0,0,0,370,2025-05-25 08:58:15,mobile,US,a00179,latin
u00077,s000059,PLAY,11,0,0,0,259,2025-06-12 01:01:08,mobile,US,a00073,hip-hop
u00833,s000008,like,9,1,0,0,180,2025-06-02 04:34:19,mobile,US,a00191,hip-hop
u00602,s000006,like,6,1,0,0,235,2025-09-08 21:51:59,mobile,US,a00199,hip-hop
u00145,s000266,add_to_playlist,18,1,0,0,180,2025-05-28 18:38:23,mobile,US,a00171,indie
u00211,s000344,ADD_TO_PLAYLIST,7,1,0,0,368,2025-08-22 06:45:45,mobile,US,a00186,indie
u00615,s000169,like,11,1,0,0,382,2025-06-29 20:46:43,mobile,US,a00183,jazz
u00880,s000268,like,10,1,0,0,369,2025-07-15 16:10:12,mobile,US,a00085,classical
u00754,s000022,play,16,0,0,0,347,2025-12-29 17:46:25,mobile,US,a00195,pop
u00161,s000002,like,13,1,0,0,221,2025-04-26 17:58:52,mobile,US,a00133,rock
u00512,s000020,like,18,1,0,0,384,2025-06-08 21:09:58,mobile,US,a00182,indie
u00293,s000026,play,17,0,0,0,328,2025-08-30 15:36:08,mobile,US,a00004,pop
u00437,s000031,like,8,1,0,0,300,2025-05-25 22:23:50,mobile,US,a00037,latin
u00730,s000039,play,12,0,0,0,378,2025-02-04 17:24:48,mobile,US,a00156,jazz
u00223,s000059,PLAY,15,0,0,0,396,2025-06-10 19:49:24,mobile,US,a00073,hip-hop
u00500,s000042,PLAY,18,0,0,0,302,2025-10-21 19:00:48,mobile,US,a00156,indie
u00510,s000236,add_to_playlist,11,1,0,0,336,2025-02-23 00:30:15,mobile,US,a00006,rock
u00446,s000453,add_to_playlist,11,1,0,0,375,2025-04-07 01:08:13,mobile,US,a00152,jazz
u00368,s000459,play,10,0,0,0,341,2025-01-06 06:56:12,mobile,US,a00125,jazz
u00766,s000117,PLAY,12,0,0,0,263,2025-10-17 11:10:40,mobile,US,a00116,classical
u00093,s000000,PLAY,18,0,0,0,253,2025-05-09 15:42:06,mobile,US,a00178,edm
u00807,s000077,play,15,0,0,0,346,2025-06-17 14:49:09,mobile,US,a00099,rock
u00403,s000021,ADD_TO_PLAYLIST,13,1,0,0,354,2025-09-19 21:10:08,mobile,US,a00032,rock
u00922,s000445,play,11,0,0,0,353,2025-03-14 01:02:31,mobile,US,a00167,rock
u00850,s000393,skip,1,0,0,1,5,2025-09-21 05:51:17,mobile,US,a00079,edm
u00765,s000171,PLAY,9,0,0,0,385,2025-02-20 10:24:21,mobile,US,a00031,jazz
u00726,s000198,PLAY,14,0,0,0,316,2025-03-06 17:36:32,mobile,US,a00031,jazz
u00586,s000033,PLAY,5,0,0,0,376,2025-11-15 18:16:28,mobile,US,a00158,edm
u00535,s000015,play,15,0,0,0,345,2025-09-02 03:32:50,mobile,US,a00156,edm
u00405,s000090,like,11,1,0,0,187,2025-03-29 17:28:47,mobile,US,a00028,hip-hop
u00418,s000018,LIKE,9,1,0,0,324,2025-04-12 21:17:25,mobile,US,a00096,latin
u00671,s000225,play,9,0,0,0,197,2025-06-30 18:05:58,mobile,US,a00077,edm
u00156,s000030,like,15,1,0,0,250,2025-09-11 23:58:34,mobile,US,a00117,indie
u00314,s000045,LIKE,12,1,0,0,398,2025-09-13 21:23:17,mobile,US,a00075,jazz
u00505,s000116,SKIP,1,0,0,1,9,2025-11-23 01:58:08,mobile,US,a00056,indie
u00286,s000004,play,17,0,0,0,383,2025-09-23 01:24:28,mobile,US,a00134,rock
u00602,s000159,play,8,0,0,0,344,2025-12-20 04:23:44,mobile,US,a00085,hip-hop
u00226,s000151,PLAY,11,0,0,0,308,2025-01-04 08:21:19,mobile,US,a00048,classical
u00785,s000215,add_to_playlist,10,1,0,0,187,2025-03-06 10:54:16,mobile,US,a00053,rock
u00026,s000000,like,6,1,0,0,350,2025-09-16 10:34:22,mobile,US,a00178,edm
u00544,s000004,play,10,0,0,0,318,2025-07-24 18:47:45,mobile,US,a00134,rock
u00056,s000024,ADD_TO_PLAYLIST,14,1,0,0,311,2025-06-07 08:22:32,mobile,US,a00065,latin
u00829,s000036,LIKE,7,1,0,0,299,2025-11-23 06:42:39,mobile,US,a00179,latin
u00940,s000006,like,7,1,0,0,356,2025-03-12 06:45:51,mobile,US,a00199,hip-hop
u00879,s000441,SKIP,1,0,0,1,55,2025-11-12 17:18:46,mobile,US,a00097,pop
u00070,s000023,add_to_playlist,8,1,0,0,339,2025-10-05 18:04:18,mobile,US,a00085,pop
u00510,s000002,PLAY,10,0,0,0,193,2025-03-06 12:42:01,mobile,US,a00133,rock
u00017,s000036,PLAY,19,0,0,0,359,2025-03-29 11:23:13,mobile,US,a00179,latin
u00399,s000021,play,5,0,0,0,251,2025-01-20 15:50:38,mobile,US,a00032,rock
u00097,s000029,SKIP,1,0,0,1,57,2025-05-05 04:40:56,mobile,US,a00096,classical
u00584,s000126,SKIP,1,0,0,1,28,2025-03-17 23:41:55,mobile,US,a00129,hip-hop
u00306,s000090,PLAY,8,0,0,0,187,2025-11-10 16:30:15,mobile,US,a00028,hip-hop
u00169,s000131,skip,1,0,0,1,50,2025-01-18 15:44:41,mobile,US,a00127,pop
u00780,s000420,play,16,0,0,0,324,2025-09-08 16:33:11,mobile,US,a00078,rock
u00107,s000090,ADD_TO_PLAYLIST,12,1,0,0,395,2025-07-05 12:39:03,mobile,US,a00028,hip-hop
u00559,s000033,LIKE,8,1,0,0,200,2025-05-13 16:37:19,mobile,US,a00158,edm
u00196,s000329,SKIP,1,0,0,1,36,2025-04-08 01:41:53,mobile,US,a00053,classical
u00239,s000036,add_to_playlist,13,1,0,0,362,2025-08-28 04:50:01,mobile,US,a00179,latin
u00168,s000001,ADD_TO_PLAYLIST,14,1,0,0,300,2025-07-31 19:32:21,mobile,US,a00197,indie
u00339,s000235,play,10,0,0,0,377,2025-09-30 16:49:55,mobile,US,a00175,hip-hop
u00240,s000156,like,13,1,0,0,261,2025-05-31 18:39:27,mobile,US,a00176,pop
u00174,s000453,SKIP,1,0,0,1,47,2025-08-04 13:10:37,mobile,US,a00152,jazz
u00577,s000103,play,1,0,0,0,55,2025-01-09 06:39:31,mobile,US,a00056,rock
u00675,s000005,add_to_playlist,16,1,0,0,375,2025-04-27 02:56:24,mobile,US,a00178,classical
u00560,s000006,like,11,1,0,0,354,2025-03-15 16:12:17,mobile,US,a00199,hip-hop
u00885,s000005,add_to_playlist,15,1,0,0,312,2025-03-11 06:30:17,mobile,US,a00178,classical
u00076,s000008,PLAY,12,0,0,0,208,2025-11-23 22:12:46,mobile,US,a00191,hip-hop
u00912,s000014,like,12,1,0,0,391,2025-12-05 11:14:57,mobile,US,a00163,classical
u00183,s000013,play,12,0,0,0,235,2025-07-02 18:21:55,mobile,US,a00154,jazz
u00020,s000015,PLAY,15,0,0,0,183,2025-10-19 17:15:32,mobile,US,a00156,edm
u00880,s000007,PLAY,5,0,0,0,301,2025-08-22 00:26:15,mobile,US,a00041,classical
u00854,s000042,PLAY,9,0,0,0,345,2025-10-20 01:16:43,mobile,US,a00156,indie
u00678,s000016,ADD_TO_PLAYLIST,14,1,0,0,383,2025-03-13 10:02:52,mobile,US,a00037,pop
u00620,s000059,play,13,0,0,0,185,2025-07-11 17:19:21,mobile,US,a00073,hip-hop
u00042,s000094,PLAY,10,0,0,0,238,2025-10-08 01:02:11,mobile,US,a00150,pop
u00276,s000003,play,6,0,0,0,252,2025-01-08 14:46:34,mobile,US,a00066,rock
u00457,s000370,play,1,0,0,0,55,2025-08-01 03:49:16,mobile,US,a00024,indie
u00158,s000300,SKIP,1,0,0,1,26,2025-08-25 14:47:27,mobile,US,a00165,indie
u00963,s000020,play,11,0,0,0,236,2025-10-11 06:09:47,mobile,US,a00182,indie
u00326,s000039,PLAY,10,0,0,0,225,2025-04-24 12:08:42,mobile,US,a00156,jazz
u00723,s000367,SKIP,1,0,0,1,52,2025-02-14 07:16:50,mobile,US,a00170,edm
u00776,s000416,play,13,0,0,0,367,2025-12-25 07:55:55,mobile,US,a00025,rock
u00902,s000012,PLAY,8,0,0,0,284,2025-11-30 15:34:25,mobile,US,a00032,edm
u00425,s000005,play,18,0,0,0,377,2025-09-18 02:33:49,mobile,US,a00178,classical
u00099,s000019,ADD_TO_PLAYLIST,12,1,0,0,212,2025-09-26 03:54:36,mobile,US,a00154,classical
u00106,s000407,PLAY,1,0,0,0,57,2025-01-06 19:13:33,mobile,US,a00108,classical
u00799,s000013,play,7,0,0,0,277,2025-03-31 05:17:06,mobile,US,a00154,jazz
u00447,s000097,play,10,0,0,0,390,2025-01-30 03:09:29,mobile,US,a00100,edm
u00269,s000017,like,12,1,0,0,355,2025-03-24 11:54:38,mobile,US,a00184,jazz
u00492,s000003,PLAY,18,0,0,0,319,2025-03-04 19:40:47,mobile,US,a00066,rock
u00101,s000016,play,12,0,0,0,383,2025-05-04 05:37:32,mobile,US,a00037,pop
u00163,s000449,add_to_playlist,11,1,0,0,369,2025-01-19 00:04:36,mobile,US,a00014,hip-hop
u00946,s000011,like,13,1,0,0,209,2025-06-07 14:21:53,mobile,US,a00156,classical
u00688,s000491,add_to_playlist,7,1,0,0,366,2025-06-03 04:11:53,mobile,US,a00119,indie
u00993,s000235,ADD_TO_PLAYLIST,14,1,0,0,294,2025-03-22 14:41:33,mobile,US,a00175,hip-hop
u00767,s000261,SKIP,1,0,0,1,39,2025-03-21 19:58:18,mobile,US,a00004,jazz
u00157,s000016,add_to_playlist,19,1,0,0,325,2025-04-17 12:02:46,mobile,US,a00037,pop
u00786,s000001,like,17,1,0,0,356,2025-08-12 00:26:28,mobile,US,a00197,indie
u00896,s000458,PLAY,16,0,0,0,376,2025-02-16 09:17:36,mobile,US,a00107,edm
u00926,s000258,SKIP,1,0,0,1,51,2025-04-08 14:24:50,mobile,US,a00118,latin
u00106,s000314,like,5,1,0,0,328,2025-06-28 08:12:18,mobile,US,a00133,edm
u00660,s000009,ADD_TO_PLAYLIST,7,1,0,0,303,2025-02-24 21:54:49,mobile,US,a00014,latin
u00580,s000025,play,16,0,0,0,378,2025-04-29 15:36:27,mobile,US,a00009,edm
u00454,s000375,ADD_TO_PLAYLIST,7,1,0,0,334,2025-09-24 01:21:29,mobile,US,a00171,classical
u00761,s000016,ADD_TO_PLAYLIST,12,1,0,0,285,2025-10-08 09:27:46,mobile,US,a00037,pop
u00288,s000450,PLAY,1,0,0,0,19,2025-04-26 21:35:54,mobile,US,a00119,latin
u00359,s000039,PLAY,13,0,0,0,230,2025-06-15 07:04:46,mobile,US,a00156,jazz
u00595,s000008,like,10,1,0,0,346,2025-11-04 04:15:59,mobile,US,a00191,hip-hop
u00603,s000226,play,1,0,0,0,8,2025-07-10 17:01:35,mobile,US,a00031,indie
u00854,s000020,ADD_TO_PLAYLIST,6,1,0,0,352,2025-12-18 01:48:53,mobile,US,a00182,indie
u00790,s000467,PLAY,16,0,0,0,320,2025-11-12 13:57:00,mobile,US,a00017,edm
u00019,s000427,PLAY,11,0,0,0,243,2025-05-17 06:11:54,mobile,US,a00058,jazz
u00086,s000395,play,8,0,0,0,308,2025-05-30 13:29:20,mobile,US,a00007,edm
u00290,s000002,play,12,0,0,0,285,2025-03-30 00:38:35,mobile,US,a00133,rock
u00741,s000033,add_to_playlist,19,1,0,0,357,2025-01-20 21:55:21,mobile,US,a00158,edm
u00943,s000470,add_to_playlist,7,1,0,0,208,2025-02-27 07:32:21,mobile,US,a00122,classical
u00732,s000201,skip,1,0,0,1,18,2025-10-07 17:31:47,mobile,US,a00161,pop
u00697,s000435,like,6,1,0,0,192,2025-06-10 00:40:29,mobile,US,a00013,pop
u00424,s000018,play,12,0,0,0,359,2025-03-17 00:26:24,mobile,US,a00096,latin
u00028,s000018,PLAY,11,0,0,0,289,2025-03-31 09:47:42,mobile,US,a00096,latin
u00016,s000008,add_to_playlist,9,1,0,0,333,2025-05-24 12:21:01,mobile,US,a00191,hip-hop
u00873,s000305,SKIP,1,0,0,1,52,2025-06-02 14:34:34,mobile,US,a00121,indie
u00402,s000400,ADD_TO_PLAYLIST,14,1,0,0,243,2025-04-07 06:17:52,mobile,US,a00199,jazz
u00058,s000039,PLAY,18,0,0,0,301,2025-12-11 03:59:02,mobile,US,a00156,jazz
u00730,s000073,LIKE,12,1,0,0,270,2025-08-27 08:01:15,mobile,US,a00110,jazz
u00932,s000032,ADD_TO_PLAYLIST,8,1,0,0,336,2025-11-25 13:37:19,mobile,US,a00140,rock
u00775,s000011,play,13,0,0,0,377,2025-04-23 21:50:15,mobile,US,a00156,classical
u00980,s000059,PLAY,10,0,0,0,219,2025-05-06 07:27:34,mobile,US,a00073,hip-hop
u00215,s000455,like,19,1,0,0,330,2025-08-02 15:32:57,mobile,US,a00160,classical
u00477,s000009,add_to_playlist,13,1,0,0,236,2025-11-01 03:22:56,mobile,US,a00014,latin
u00589,s000462,PLAY,12,0,0,0,205,2025-02-11 07:05:55,mobile,US,a00169,classical
u00750,s000009,ADD_TO_PLAYLIST,10,1,0,0,260,2025-09-17 00:40:38,mobile,US,a00014,latin
u00272,s000031,add_to_playlist,10,1,0,0,337,2025-08-16 05:40:07,mobile,US,a00037,latin
u00806,s000237,PLAY,13,0,0,0,220,2025-12-20 18:44:17,mobile,US,a00073,latin
u00450,s000012,PLAY,18,0,0,0,209,2025-02-13 06:55:08,mobile,US,a00032,edm
u00669,s000030,ADD_TO_PLAYLIST,13,1,0,0,237,2025-11-15 11:00:41,mobile,US,a00117,indie
u00600,s000010,add_to_playlist,13,1,0,0,351,2025-12-28 12:32:47,mobile,US,a00110,classical
u00487,s000083,PLAY,16,0,0,0,237,2025-06-23 00:18:49,mobile,US,a00126,hip-hop
u00656,s000042,PLAY,15,0,0,0,341,2025-11-04 18:34:53,mobile,US,a00156,indie
u00849,s000025,play,15,0,0,0,273,2025-01-02 00:33:30,mobile,US,a00009,edm
u00348,s000018,PLAY,14,0,0,0,319,2025-10-04 19:45:21,mobile,US,a00096,latin
u00166,s000451,PLAY,1,0,0,0,45,2025-09-25 02:41:12,mobile,US,a00003,classical
u00213,s000042,add_to_playlist,17,1,0,0,268,2025-04-20 19:19:56,mobile,US,a00156,indie
u00975,s000022,PLAY,5,0,0,0,253,2025-03-08 07:21:30,mobile,US,a00195,pop
u00146,s000027,add_to_playlist,16,1,0,0,305,2025-10-16 19:51:04,mobile,US,a00122,jazz
u00033,s000022,PLAY,16,0,0,0,282,2025-10-15 16:15:30,mobile,US,a00195,pop
u00974,s000059,add_to_playlist,7,1,0,0,304,2025-02-26 23:23:18,mobile,US,a00073,hip-hop
u00338,s000008,add_to_playlist,12,1,0,0,350,2025-07-24 04:18:48,mobile,US,a00191,hip-hop
u00037,s000032,LIKE,15,1,0,0,289,2025-12-17 13:02:31,mobile,US,a00140,rock
u00400,s000031,add_to_playlist,15,1,0,0,398,2025-04-30 14:02:37,mobile,US,a00037,latin
u00606,s000486,PLAY,15,0,0,0,224,2025-09-19 02:34:09,mobile,US,a00064,indie
u00847,s000134,SKIP,1,0,0,1,52,2025-08-05 00:01:59,mobile,US,a00107,jazz
u00773,s000267,PLAY,10,0,0,0,300,2025-08-15 03:40:04,mobile,US,a00098,hip-hop
u00492,s000293,play,8,0,0,0,244,2025-11-09 11:48:35,mobile,US,a00069,rock
u00080,s000332,ADD_TO_PLAYLIST,14,1,0,0,225,2025-04-11 08:36:28,mobile,US,a00050,indie
u00542,s000382,PLAY,14,0,0,0,232,2025-09-24 09:21:44,mobile,US,a00043,jazz
u00868,s000030,PLAY,14,0,0,0,344,2025-11-02 00:29:04,mobile,US,a00117,indie
u00730,s000039,like,9,1,0,0,324,2025-08-06 07:19:20,mobile,US,a00156,jazz
u00313,s000359,LIKE,17,1,0,0,287,2025-02-13 15:36:24,mobile,US,a00108,indie
u00292,s000004,LIKE,14,1,0,0,256,2025-06-16 21:28:29,mobile,US,a00134,rock
u00657,s000285,PLAY,1,0,0,0,20,2025-09-28 09:57:23,mobile,US,a00003,edm
u00894,s000459,play,1,0,0,0,8,2025-10-16 07:42:12,mobile,US,a00125,jazz
u00062,s000242,PLAY,1,0,0,0,38,2025-09-21 17:51:55,mobile,US,a00146,indie
u00327,s000030,play,15,0,0,0,298,2025-07-12 06:53:15,mobile,US,a00117,indie
u00858,s000023,PLAY,10,0,0,0,298,2025-04-01 21:58:45,mobile,US,a00085,pop
u00713,s000090,play,18,0,0,0,214,2025-07-08 01:58:37,mobile,US,a00028,hip-hop
u00607,s000024,add_to_playlist,10,1,0,0,245,2025-09-14 09:56:14,mobile,US,a00065,latin
u00476,s000386,play,13,0,0,0,296,2025-08-11 11:16:55,mobile,US,a00016,rock
u00967,s000000,play,16,0,0,0,358,2025-08-21 19:12:41,mobile,US,a00178,edm
u00478,s000344,skip,1,0,0,1,50,2025-11-21 16:28:08,mobile,US,a00186,indie
u00350,s000482,skip,1,0,0,1,7,2025-09-13 11:44:25,mobile,US,a00152,edm
u00110,s000024,add_to_playlist,12,1,0,0,295,2025-03-21 05:27:51,mobile,US,a00065,latin
u00234,s000006,play,8,0,0,0,213,2025-06-14 17:06:20,mobile,US,a00199,hip-hop
u00124,s000011,add_to_playlist,14,1,0,0,362,2025-05-16 06:35:07,mobile,US,a00156,classical
u00377,s000021,like,9,1,0,0,307,2025-09-19 22:53:38,mobile,US,a00032,rock
u00357,s000009,ADD_TO_PLAYLIST,12,1,0,0,272,2025-02-14 21:16:38,mobile,US,a00014,latin
u00919,s000036,LIKE,5,1,0,0,338,2025-07-31 01:29:49,mobile,US,a00179,latin
u00645,s000010,play,16,0,0,0,289,2025-03-10 05:34:05,mobile,US,a00110,classical
u00959,s000297,SKIP,1,0,0,1,31,2025-07-29 10:50:41,mobile,US,a00041,rock
u00333,s000375,play,1,0,0,0,12,2025-01-10 05:54:43,mobile,US,a00171,classical
u00964,s000053,LIKE,7,1,0,0,284,2025-01-21 02:08:46,mobile,US,a00025,indie
u00391,s000013,play,8,0,0,0,361,2025-12-28 09:32:33,mobile,US,a00154,jazz
u00259,s000229,play,18,0,0,0,243,2025-10-28 23:47:04,mobile,US,a00143,jazz
u00138,s000037,add_to_playlist,16,1,0,0,338,2025-10-21 21:06:41,mobile,US,a00183,indie
u00537,s000030,play,12,0,0,0,188,2025-10-25 17:45:42,mobile,US,a00117,indie
u00209,s000048,play,16,0,0,0,291,2025-11-10 18:53:09,mobile,US,a00154,classical
u00666,s000000,PLAY,9,0,0,0,291,2025-06-11 20:27:17,mobile,US,a00178,edm
u00787,s000439,skip,1,0,0,1,34,2025-01-25 00:22:00,mobile,US,a00187,jazz
u00851,s000035,play,17,0,0,0,351,2025-03-24 12:17:27,mobile,US,a00108,pop
u00249,s000027,play,9,0,0,0,368,2025-07-05 22:58:29,mobile,US,a00122,jazz
u00713,s000090,like,15,1,0,0,227,2025-04-15 04:22:42,mobile,US,a00028,hip-hop
u00853,s000045,ADD_TO_PLAYLIST,7,1,0,0,324,2025-07-28 23:04:03,mobile,US,a00075,jazz
u00342,s000045,LIKE,16,1,0,0,351,2025-04-23 03:13:42,mobile,US,a00075,jazz
u00105,s000414,add_to_playlist,15,1,0,0,258,2025-02-13 23:43:12,mobile,US,a00144,pop
u00345,s000042,play,6,0,0,0,254,2025-01-19 14:44:23,mobile,US,a00156,indie
u00602,s000059,play,16,0,0,0,298,2025-10-28 16:57:19,mobile,US,a00073,hip-hop
u00627,s000397,PLAY,1,0,0,0,51,2025-12-20 18:18:12,mobile,US,a00080,indie
u00828,s000030,ADD_TO_PLAYLIST,5,1,0,0,322,2025-02-23 06:40:52,mobile,US,a00117,indie
u00737,s000010,LIKE,5,1,0,0,259,2025-04-22 03:03:21,mobile,US,a00110,classical
u00329,s000024,LIKE,15,1,0,0,226,2025-11-09 23:09:30,mobile,US,a00065,latin
u00844,s000005,play,6,0,0,0,273,2025-05-09 16:23:53,mobile,US,a00178,classical
u00273,s000018,play,18,0,0,0,362,2025-04-08 10:31:37,mobile,US,a00096,latin
u00027,s000129,ADD_TO_PLAYLIST,18,1,0,0,333,2025-12-04 19:30:59,mobile,US,a00090,pop
u00210,s000146,play,17,0,0,0,213,2025-02-17 04:14:24,mobile,US,a00062,indie
u00773,s000235,PLAY,17,0,0,0,215,2025-03-07 04:10:28,mobile,US,a00175,hip-hop
u00493,s000012,PLAY,16,0,0,0,366,2025-04-07 16:32:31,mobile,US,a00032,edm
u00035,s000197,SKIP,1,0,0,1,58,2025-05-27 22:33:15,mobile,US,a00130,jazz
u00314,s000382,PLAY,15,0,0,0,381,2025-06-04 07:29:34,mobile,US,a00043,jazz
u00539,s000471,play,10,0,0,0,383,2025-03-08 15:50:46,mobile,US,a00038,pop
u00283,s000331,play,1,0,0,0,5,2025-11-09 08:46:34,mobile,US,a00192,edm
u00897,s000006,PLAY,7,0,0,0,335,2025-11-24 20:44:02,mobile,US,a00199,hip-hop
u00894,s000102,play,13,0,0,0,184,2025-01-08 10:49:40,mobile,US,a00181,hip-hop
u00235,s000468,PLAY,19,0,0,0,209,2025-09-25 20:40:36,mobile,US,a00159,hip-hop
u00524,s000214,PLAY,8,0,0,0,348,2025-10-24 07:11:39,mobile,US,a00071,pop
u00249,s000013,PLAY,14,0,0,0,225,2025-08-30 12:34:21,mobile,US,a00154,jazz
u00231,s000318,play,1,0,0,0,32,2025-06-01 08:03:12,mobile,US,a00052,pop
u00063,s000032,add_to_playlist,13,1,0,0,377,2025-07-22 20:50:52,mobile,US,a00140,rock
u00887,s000025,LIKE,13,1,0,0,305,2025-10-22 02:18:09,mobile,US,a00009,edm
u00410,s000017,PLAY,9,0,0,0,302,2025-11-13 23:27:55,mobile,US,a00184,jazz
u00317,s000124,PLAY,1,0,0,0,20,2025-12-31 05:23:52,mobile,US,a00074,edm
u00632,s000005,play,16,0,0,0,311,2025-08-25 19:12:29,mobile,US,a00178,classical
u00376,s000008,play,13,0,0,0,271,2025-05-17 22:39:57,mobile,US,a00191,hip-hop
u00030,s000118,add_to_playlist,6,1,0,0,319,2025-11-05 06:38:19,mobile,US,a00153,classical
u00735,s000279,skip,1,0,0,1,56,2025-01-07 21:34:58,mobile,US,a00008,hip-hop
u00460,s000023,play,8,0,0,0,230,2025-08-19 04:42:16,mobile,US,a00085,pop
u00004,s000013,play,8,0,0,0,314,2025-12-26 15:35:59,mobile,US,a00154,jazz
u00980,s000059,PLAY,9,0,0,0,351,2025-09-11 01:11:24,mobile,US,a00073,hip-hop
u00958,s000214,play,12,0,0,0,307,2025-09-30 00:03:44,mobile,US,a00071,pop
u00422,s000025,PLAY,16,0,0,0,288,2025-04-14 22:40:09,mobile,US,a00009,edm
u00155,s000247,skip,1,0,0,1,8,2025-10-28 07:40:13,mobile,US,a00028,edm
u00699,s000045,PLAY,13,0,0,0,241,2025-04-04 08:40:14,mobile,US,a00075,jazz
u00977,s000018,ADD_TO_PLAYLIST,13,1,0,0,355,2025-10-07 12:22:21,mobile,US,a00096,latin
u00881,s000033,play,6,0,0,0,218,2025-12-26 16:06:36,mobile,US,a00158,edm
u00361,s000490,add_to_playlist,7,1,0,0,355,2025-09-05 03:35:05,mobile,US,a00141,rock
u00829,s000031,play,13,0,0,0,348,2025-01-08 12:39:29,mobile,US,a00037,latin
u00518,s000018,play,16,0,0,0,360,2025-12-06 07:41:48,mobile,US,a00096,latin
u00182,s000012,play,15,0,0,0,289,2025-09-11 00:57:32,mobile,US,a00032,edm
u00235,s000358,ADD_TO_PLAYLIST,18,1,0,0,297,2025-09-01 13:16:09,mobile,US,a00189,hip-hop
u00339,s000288,ADD_TO_PLAYLIST,16,1,0,0,287,2025-12-03 22:50:30,mobile,US,a00028,hip-hop
u00384,s000007,play,16,0,0,0,313,2025-04-08 13:31:04,mobile,US,a00041,classical
u00238,s000179,LIKE,14,1,0,0,340,2025-04-26 12:55:46,mobile,US,a00018,jazz
u00566,s000023,add_to_playlist,9,1,0,0,370,2025-05-13 08:24:29,mobile,US,a00085,pop
u00166,s000186,PLAY,15,0,0,0,269,2025-12-26 06:07:52,mobile,US,a00112,latin
u00437,s000018,PLAY,9,0,0,0,361,2025-04-04 21:02:11,mobile,US,a00096,latin
u00194,s000030,like,7,1,0,0,262,2025-04-27 15:00:26,mobile,US,a00117,indie
u00844,s000495,LIKE,11,1,0,0,356,2025-05-21 03:50:10,mobile,US,a00189,classical
u00221,s000039,like,12,1,0,0,231,2025-05-15 20:55:21,mobile,US,a00156,jazz
u00778,s000237,like,14,1,0,0,282,2025-01-17 10:46:35,mobile,US,a00073,latin
u00203,s000021,like,10,1,0,0,259,2025-03-03 15:19:28,mobile,US,a00032,rock
u00052,s000027,LIKE,9,1,0,0,352,2025-04-12 00:25:48,mobile,US,a00122,jazz
u00193,s000037,play,14,0,0,0,278,2025-06-02 14:08:57,mobile,US,a00183,indie
u00886,s000002,play,16,0,0,0,235,2025-07-30 22:08:33,mobile,US,a00133,rock
u00864,s000090,ADD_TO_PLAYLIST,7,1,0,0,221,2025-11-15 04:25:40,mobile,US,a00028,hip-hop
u00109,s000347,like,17,1,0,0,180,2025-08-26 19:06:45,mobile,US,a00097,indie
u00458,s000259,ADD_TO_PLAYLIST,14,1,0,0,242,2025-02-10 20:34:20,mobile,US,a00139,jazz
u00891,s000020,PLAY,5,0,0,0,263,2025-08-10 11:15:51,mobile,US,a00182,indie
u00555,s000009,like,12,1,0,0,283,2025-02-03 06:01:37,mobile,US,a00014,latin
u00734,s000072,like,18,1,0,0,315,2025-04-08 23:09:26,mobile,US,a00189,pop
u00835,s000006,play,11,0,0,0,254,2025-04-30 00:09:57,mobile,US,a00199,hip-hop
u00112,s000351,like,14,1,0,0,320,2025-07-23 06:42:45,mobile,US,a00149,latin
u00929,s000440,PLAY,17,0,0,0,290,2025-11-20 14:52:51,mobile,US,a00044,rock
u00613,s000129,play,14,0,0,0,295,2025-06-06 12:59:52,mobile,US,a00090,pop
u00001,s000301,PLAY,18,0,0,0,196,2025-08-08 09:16:42,mobile,US,a00033,hip-hop
u00009,s000194,LIKE,14,1,0,0,223,2025-09-27 22:51:39,mobile,US,a00156,pop
u00406,s000033,play,7,0,0,0,211,2025-11-20 07:47:31,mobile,US,a00158,edm
u00869,s000015,PLAY,11,0,0,0,213,2025-11-26 15:39:16,mobile,US,a00156,edm
u00061,s000037,play,6,0,0,0,231,2025-12-25 00:48:12,mobile,US,a00183,indie
u00118,s000137,SKIP,1,0,0,1,22,2025-07-03 03:43:39,mobile,US,a00151,pop
u00078,s000042,like,19,1,0,0,250,2025-08-29 12:45:11,mobile,US,a00156,indie
u00086,s000132,PLAY,18,0,0,0,259,2025-04-23 10:11:28,mobile,US,a00170,edm
u00274,s000004,like,9,1,0,0,354,2025-04-15 11:48:10,mobile,US,a00134,rock
u00645,s000254,PLAY,18,0,0,0,347,2025-08-30 10:10:35,mobile,US,a00147,classical
u00959,s000030,like,18,1,0,0,383,2025-09-02 16:38:58,mobile,US,a00117,indie
u00128,s000315,add_to_playlist,13,1,0,0,216,2025-05-10 06:15:43,mobile,US,a00167,hip-hop
u00689,s000133,SKIP,1,0,0,1,14,2025-01-23 21:02:57,mobile,US,a00186,indie
u00038,s000141,ADD_TO_PLAYLIST,14,1,0,0,392,2025-10-30 05:36:29,mobile,US,a00197,rock
u00280,s000010,SKIP,1,0,0,1,8,2025-06-06 02:58:20,mobile,US,a00110,classical
u00008,s000030,ADD_TO_PLAYLIST,9,1,0,0,397,2025-07-12 05:07:14,mobile,US,a00117,indie
u00186,s000022,like,14,1,0,0,369,2025-03-17 18:55:12,mobile,US,a00195,pop
u00516,s000036,play,7,0,0,0,315,2025-09-05 21:05:20,mobile,US,a00179,latin
u00878,s000005,PLAY,8,0,0,0,207,2025-06-25 22:12:01,mobile,US,a00178,classical
u00227,s000097,play,9,0,0,0,183,2025-08-06 05:30:13,mobile,US,a00100,edm
u00809,s000005,play,10,0,0,0,327,2025-11-19 07:05:20,mobile,US,a00178,classical
u00587,s000149,play,1,0,0,0,28,2025-09-26 21:15:47,mobile,US,a00155,rock
u00937,s000010,PLAY,9,0,0,0,333,2025-09-26 12:05:25,mobile,US,a00110,classical
u00151,s000017,play,18,0,0,0,335,2025-01-24 03:54:36,mobile,US,a00184,jazz
u00947,s000031,ADD_TO_PLAYLIST,10,1,0,0,297,2025-06-25 18:55:59,mobile,US,a00037,latin
u00332,s000008,add_to_playlist,17,1,0,0,279,2025-06-22 15:22:54,mobile,US,a00191,hip-hop
u00195,s000419,play,1,0,0,0,16,2025-01-22 00:13:28,mobile,US,a00013,rock
u00006,s000010,play,8,0,0,0,360,2025-09-16 21:18:16,mobile,US,a00110,classical
u00072,s000003,add_to_playlist,5,1,0,0,187,2025-02-27 18:09:18,mobile,US,a00066,rock
u00410,s000045,play,11,0,0,0,329,2025-03-02 21:45:56,mobile,US,a00075,jazz
u00917,s000059,PLAY,7,0,0,0,348,2025-07-11 00:49:07,mobile,US,a00073,hip-hop
u00499,s000008,PLAY,14,0,0,0,340,2025-05-26 19:25:04,mobile,US,a00191,hip-hop
u00306,s000006,play,8,0,0,0,366,2025-03-16 09:27:24,mobile,US,a00199,hip-hop
u00268,s000113,ADD_TO_PLAYLIST,12,1,0,0,244,2025-04-24 09:15:50,mobile,US,a00052,indie
u00332,s000449,LIKE,15,1,0,0,193,2025-01-07 04:36:23,mobile,US,a00014,hip-hop
u00414,s000374,LIKE,9,1,0,0,371,2025-05-15 00:42:33,mobile,US,a00107,jazz
u00755,s000044,ADD_TO_PLAYLIST,12,1,0,0,272,2025-01-20 10:43:46,mobile,US,a00067,edm
u00098,s000015,LIKE,9,1,0,0,361,2025-05-10 11:31:42,mobile,US,a00156,edm
u00109,s000485,PLAY,5,0,0,0,278,2025-03-03 11:25:05,mobile,US,a00132,indie
u00407,s000009,LIKE,17,1,0,0,289,2025-05-25 00:38:14,mobile,US,a00014,latin
u00389,s000384,play,11,0,0,0,264,2025-03-08 11:47:53,mobile,US,a00048,rock
u00646,s000005,ADD_TO_PLAYLIST,9,1,0,0,388,2025-12-06 22:25:36,mobile,US,a00178,classical
u00183,s000027,add_to_playlist,8,1,0,0,394,2025-08-07 02:03:16,mobile,US,a00122,jazz
u00067,s000002,play,19,0,0,0,292,2025-12-06 21:04:04,mobile,US,a00133,rock
u00024,s000244,PLAY,1,0,0,0,38,2025-05-12 07:25:01,mobile,US,a00124,indie
u00474,s000045,PLAY,9,0,0,0,385,2025-03-31 21:52:44,mobile,US,a00075,jazz
u00785,s000004,ADD_TO_PLAYLIST,14,1,0,0,397,2025-08-14 18:47:32,mobile,US,a00134,rock
u00437,s000092,like,17,1,0,0,359,2025-06-06 08:49:19,mobile,US,a00040,latin
u00625,s000255,PLAY,18,0,0,0,197,2025-02-06 05:35:10,mobile,US,a00010,pop
u00500,s000001,like,11,1,0,0,288,2025-11-21 06:04:33,mobile,US,a00197,indie
u00671,s000076,PLAY,18,0,0,0,355,2025-07-10 06:31:44,mobile,US,a00170,edm
u00993,s000083,play,5,0,0,0,285,2025-10-31 15:48:55,mobile,US,a00126,hip-hop
u00724,s000002,play,9,0,0,0,349,2025-12-29 00:32:27,mobile,US,a00133,rock
u00069,s000025,like,5,1,0,0,182,2025-10-23 17:04:30,mobile,US,a00009,edm
u00540,s000020,PLAY,13,0,0,0,372,2025-08-31 10:16:00,mobile,US,a00182,indie
u00257,s000122,play,1,0,0,0,56,2025-09-06 08:04:17,mobile,US,a00024,jazz
u00744,s000013,PLAY,9,0,0,0,389,2025-04-24 17:00:33,mobile,US,a00154,jazz
u00929,s000387,skip,1,0,0,1,56,2025-08-13 19:51:36,mobile,US,a00073,hip-hop
u00232,s000059,PLAY,5,0,0,0,238,2025-05-28 20:04:09,mobile,US,a00073,hip-hop
u00559,s000033,LIKE,16,1,0,0,307,2025-09-22 11:16:32,mobile,US,a00158,edm
u00546,s000010,play,18,0,0,0,227,2025-02-17 17:40:22,mobile,US,a00110,classical
u00606,s000229,skip,1,0,0,1,20,2025-02-28 04:29:06,mobile,US,a00143,jazz
u00897,s000006,add_to_playlist,5,1,0,0,307,2025-03-07 04:28:00,mobile,US,a00199,hip-hop
u00671,s000012,PLAY,12,0,0,0,370,2025-03-13 17:38:08,mobile,US,a00032,edm
u00608,s000063,skip,1,0,0,1,41,2025-09-10 18:17:41,mobile,US,a00199,classical
u00902,s000113,skip,1,0,0,1,59,2025-08-16 14:21:46,mobile,US,a00052,indie
u00002,s000014,PLAY,13,0,0,0,331,2025-07-18 09:25:07,mobile,US,a00163,classical
u00288,s000004,PLAY,15,0,0,0,302,2025-09-12 13:33:06,mobile,US,a00134,rock
u00843,s000001,ADD_TO_PLAYLIST,9,1,0,0,244,2025-09-12 13:00:51,mobile,US,a00197,indie
u00685,s000033,play,19,0,0,0,335,2025-06-01 08:22:23,mobile,US,a00158,edm
u00420,s000462,PLAY,1,0,0,0,38,2025-08-15 11:51:20,mobile,US,a00169,classical
u00453,s000012,add_to_playlist,14,1,0,0,292,2025-02-27 03:36:35,mobile,US,a00032,edm
u00314,s000027,LIKE,8,1,0,0,230,2025-08-12 16:41:03,mobile,US,a00122,jazz
u00424,s000031,LIKE,13,1,0,0,257,2025-09-14 06:00:09,mobile,US,a00037,latin
u00761,s000035,like,14,1,0,0,236,2025-05-10 09:19:55,mobile,US,a00108,pop
u00051,s000012,LIKE,7,1,0,0,182,2025-11-29 04:12:49,mobile,US,a00032,edm
u00328,s000018,like,7,1,0,0,361,2025-04-24 19:22:19,mobile,US,a00096,latin
u00546,s000329,add_to_playlist,12,1,0,0,286,2025-01-17 15:28:50,mobile,US,a00053,classical
u00521,s000042,PLAY,11,0,0,0,235,2025-03-31 03:39:09,mobile,US,a00156,indie
u00914,s000059,play,17,0,0,0,274,2025-06-01 23:41:19,mobile,US,a00073,hip-hop
u00727,s000401,add_to_playlist,10,1,0,0,307,2025-10-06 12:12:02,mobile,US,a00024,jazz
u00117,s000014,SKIP,1,0,0,1,18,2025-11-19 22:33:37,mobile,US,a00163,classical
u00973,s000045,play,17,0,0,0,207,2025-12-11 17:43:25,mobile,US,a00075,jazz
u00598,s000434,add_to_playlist,14,1,0,0,238,2025-06-02 04:58:38,mobile,US,a00016,hip-hop
u00317,s000021,LIKE,7,1,0,0,351,2025-11-25 03:06:13,mobile,US,a00032,rock
u00743,s000005,LIKE,9,1,0,0,372,2025-02-05 07:28:34,mobile,US,a00178,classical
u00459,s000045,LIKE,16,1,0,0,337,2025-05-02 01:19:24,mobile,US,a00075,jazz
u00537,s000114,LIKE,5,1,0,0,380,2025-05-06 19:07:59,mobile,US,a00136,indie
u00140,s000497,add_to_playlist,8,1,0,0,367,2025-06-07 02:24:59,mobile,US,a00152,latin
u00712,s000021,PLAY,5,0,0,0,389,2025-04-19 06:34:11,mobile,US,a00032,rock
u00020,s000000,play,12,0,0,0,299,2025-04-07 10:30:11,mobile,US,a00178,edm
u00095,s000363,play,11,0,0,0,323,2025-08-15 14:00:37,mobile,US,a00039,edm
u00316,s000017,PLAY,11,0,0,0,398,2025-06-16 09:11:43,mobile,US,a00184,jazz
u00174,s000186,add_to_playlist,14,1,0,0,254,2025-01-31 20:50:09,mobile,US,a00112,latin
u00177,s000039,PLAY,12,0,0,0,218,2025-11-05 23:12:28,mobile,US,a00156,jazz
u00486,s000013,PLAY,19,0,0,0,212,2025-10-09 17:20:38,mobile,US,a00154,jazz
u00437,s000193,add_to_playlist,16,1,0,0,330,2025-05-02 01:57:04,mobile,US,a00007,latin
u00166,s000036,add_to_playlist,13,1,0,0,202,2025-03-28 02:49:02,mobile,US,a00179,latin
u00059,s000161,play,10,0,0,0,210,2025-03-07 20:08:08,mobile,US,a00188,classical
u00283,s000289,SKIP,1,0,0,1,51,2025-04-03 15:48:49,mobile,US,a00108,rock
u00011,s000042,PLAY,8,0,0,0,184,2025-05-06 09:13:09,mobile,US,a00156,indie
u00846,s000150,PLAY,1,0,0,0,40,2025-12-06 11:39:57,mobile,US,a00113,classical
u00250,s000025,like,8,1,0,0,199,2025-10-29 09:15:24,mobile,US,a00009,edm
u00647,s000469,PLAY,8,0,0,0,312,2025-03-04 07:14:30,mobile,US,a00095,rock
u00530,s000060,PLAY,19,0,0,0,351,2025-10-28 17:26:01,mobile,US,a00103,rock
u00562,s000441,PLAY,1,0,0,0,34,2025-08-28 14:45:56,mobile,US,a00097,pop
u00558,s000036,play,10,0,0,0,354,2025-06-24 10:48:10,mobile,US,a00179,latin
u00125,s000024,ADD_TO_PLAYLIST,16,1,0,0,362,2025-03-20 01:45:05,mobile,US,a00065,latin
u00859,s000020,like,5,1,0,0,318,2025-07-27 16:35:39,mobile,US,a00182,indie
u00784,s000016,play,7,0,0,0,269,2025-05-01 03:28:19,mobile,US,a00037,pop
u00247,s000004,play,19,0,0,0,314,2025-09-19 16:21:56,mobile,US,a00134,rock
u00512,s000001,LIKE,12,1,0,0,210,2025-12-20 13:06:50,mobile,US,a00197,indie
u00387,s000042,PLAY,13,0,0,0,201,2025-04-19 01:55:13,mobile,US,a00156,indie
u00346,s000017,like,13,1,0,0,366,2025-03-11 23:39:42,mobile,US,a00184,jazz
u00355,s000042,ADD_TO_PLAYLIST,18,1,0,0,240,2025-05-19 08:34:18,mobile,US,a00156,indie
u00146,s000045,play,6,0,0,0,196,2025-09-23 11:57:42,mobile,US,a00075,jazz
u00878,s000005,play,10,0,0,0,210,2025-10-23 20:36:57,mobile,US,a00178,classical
u00878,s000010,play,15,0,0,0,300,2025-04-02 00:42:06,mobile,US,a00110,classical
u00961,s000002,PLAY,11,0,0,0,316,2025-04-15 22:57:12,mobile,US,a00133,rock
u00673,s000012,LIKE,9,1,0,0,378,2025-07-29 16:54:40,mobile,US,a00032,edm
u00185,s000014,like,13,1,0,0,206,2025-03-20 22:39:37,mobile,US,a00163,classical
u00619,s000065,play,12,0,0,0,275,2025-03-17 22:08:35,mobile,US,a00046,jazz
u00149,s000031,LIKE,15,1,0,0,308,2025-11-13 14:42:40,mobile,US,a00037,latin
u00335,s000497,ADD_TO_PLAYLIST,8,1,0,0,215,2025-01-23 06:34:40,mobile,US,a00152,latin
u00756,s000354,PLAY,19,0,0,0,267,2025-08-20 18:21:26,mobile,US,a00032,pop
u00553,s000008,like,7,1,0,0,350,2025-11-14 16:46:34,mobile,US,a00191,hip-hop
u00401,s000008,ADD_TO_PLAYLIST,19,1,0,0,322,2025-02-19 12:51:11,mobile,US,a00191,hip-hop
u00741,s000025,add_to_playlist,6,1,0,0,280,2025-08-26 00:11:17,mobile,US,a00009,edm
u00064,s000388,add_to_playlist,17,1,0,0,206,2025-10-14 07:28:59,mobile,US,a00056,indie
u00679,s000016,LIKE,11,1,0,0,381,2025-05-19 12:12:32,mobile,US,a00037,pop
u00369,s000347,like,6,1,0,0,204,2025-05-26 00:31:18,mobile,US,a00097,indie
u00415,s000004,LIKE,17,1,0,0,296,2025-07-21 11:17:12,mobile,US,a00134,rock
u00728,s000011,ADD_TO_PLAYLIST,7,1,0,0,388,2025-07-08 11:26:45,mobile,US,a00156,classical
u00444,s000345,SKIP,1,0,0,1,22,2025-09-27 00:16:49,mobile,US,a00038,jazz
u00737,s000053,play,1,0,0,0,25,2025-08-15 08:45:23,mobile,US,a00025,indie
u00656,s000116,LIKE,18,1,0,0,230,2025-06-26 20:05:57,mobile,US,a00056,indie
u00969,s000122,PLAY,6,0,0,0,294,2025-02-06 03:37:12,mobile,US,a00024,jazz
u00508,s000018,LIKE,18,1,0,0,298,2025-08-12 20:24:05,mobile,US,a00096,latin
u00241,s000284,PLAY,9,0,0,0,390,2025-11-08 19:11:16,mobile,US,a00021,indie
u00358,s000290,LIKE,18,1,0,0,262,2025-05-21 06:33:16,mobile,US,a00097,rock
u00211,s000020,play,19,0,0,0,321,2025-01-19 19:05:00,mobile,US,a00182,indie
u00014,s000185,skip,1,0,0,1,50,2025-04-15 09:10:30,mobile,US,a00193,hip-hop
u00254,s000034,play,17,0,0,0,331,2025-10-25 00:44:21,mobile,US,a00046,rock
u00717,s000059,ADD_TO_PLAYLIST,19,1,0,0,285,2025-08-11 15:42:36,mobile,US,a00073,hip-hop
u00631,s000249,like,15,1,0,0,280,2025-06-04 21:12:11,mobile,US,a00081,hip-hop
u00645,s000011,add_to_playlist,15,1,0,0,354,2025-11-03 14:49:50,mobile,US,a00156,classical
u00897,s000006,like,16,1,0,0,189,2025-02-22 22:14:42,mobile,US,a00199,hip-hop
u00285,s000013,PLAY,10,0,0,0,384,2025-10-10 09:54:43,mobile,US,a00154,jazz
u00900,s000011,PLAY,14,0,0,0,371,2025-03-08 20:24:22,mobile,US,a00156,classical
u00606,s000037,play,8,0,0,0,382,2025-05-16 15:47:21,mobile,US,a00183,indie
u00421,s000023,play,13,0,0,0,278,2025-05-19 01:32:42,mobile,US,a00085,pop
u00035,s000005,LIKE,8,1,0,0,185,2025-08-20 19:41:11,mobile,US,a00178,classical
u00767,s000018,add_to_playlist,10,1,0,0,389,2025-11-04 21:38:59,mobile,US,a00096,latin
u00140,s000184,add_to_playlist,15,1,0,0,196,2025-01-30 01:16:04,mobile,US,a00174,latin
u00892,s000285,SKIP,1,0,0,1,50,2025-08-30 21:50:06,mobile,US,a00003,edm
u00284,s000016,PLAY,18,0,0,0,286,2025-12-05 19:57:57,mobile,US,a00037,pop
u00094,s000000,LIKE,10,1,0,0,216,2025-06-23 03:18:16,mobile,US,a00178,edm
u00412,s000025,add_to_playlist,8,1,0,0,270,2025-01-08 19:54:32,mobile,US,a00009,edm
u00541,s000026,ADD_TO_PLAYLIST,8,1,0,0,230,2025-07-22 09:19:53,mobile,US,a00004,pop
u00097,s000083,PLAY,12,0,0,0,216,2025-01-03 16:28:49,mobile,US,a00126,hip-hop
u00567,s000031,PLAY,14,0,0,0,328,2025-10-19 22:54:03,mobile,US,a00037,latin
u00012,s000017,add_to_playlist,14,1,0,0,399,2025-11-20 02:15:22,mobile,US,a00184,jazz
u00127,s000267,skip,1,0,0,1,30,2025-07-26 05:07:27,mobile,US,a00098,hip-hop
u00308,s000217,play,1,0,0,0,56,2025-09-13 04:59:40,mobile,US,a00050,pop
u00772,s000499,skip,1,0,0,1,7,2025-12-29 02:30:02,mobile,US,a00192,indie
u00132,s000002,LIKE,18,1,0,0,291,2025-01-27 21:00:26,mobile,US,a00133,rock
u00807,s000004,add_to_playlist,11,1,0,0,199,2025-11-05 20:21:39,mobile,US,a00134,rock
u00338,s000050,skip,1,0,0,1,21,2025-04-08 13:26:12,mobile,US,a00114,pop
u00635,s000411,add_to_playlist,9,1,0,0,320,2025-02-08 07:12:41,mobile,US,a00009,pop
u00630,s000003,PLAY,15,0,0,0,394,2025-03-30 23:51:37,mobile,US,a00066,rock
u00491,s000005,ADD_TO_PLAYLIST,19,1,0,0,276,2025-05-25 18:20:53,mobile,US,a00178,classical
u00667,s000303,skip,1,0,0,1,25,2025-05-03 15:00:42,mobile,US,a00164,edm
u00084,s000209,SKIP,1,0,0,1,48,2025-10-03 22:31:46,mobile,US,a00007,classical
u00667,s000442,like,7,1,0,0,397,2025-04-13 00:31:07,mobile,US,a00130,hip-hop
u00973,s000013,like,5,1,0,0,322,2025-07-13 09:38:52,mobile,US,a00154,jazz
u00259,s000039,like,15,1,0,0,377,2025-02-23 02:19:18,mobile,US,a00156,jazz
u00708,s000216,PLAY,1,0,0,0,48,2025-07-24 06:08:12,mobile,US,a00066,edm
u00945,s000485,LIKE,10,1,0,0,365,2025-04-26 01:47:27,mobile,US,a00132,indie
u00134,s000030,ADD_TO_PLAYLIST,11,1,0,0,263,2025-08-08 17:35:51,mobile,US,a00117,indie
u00657,s000039,play,18,0,0,0,336,2025-12-22 07:59:25,mobile,US,a00156,jazz
u00843,s000042,PLAY,14,0,0,0,320,2025-05-01 13:36:00,mobile,US,a00156,indie
u00597,s000425,play,1,0,0,0,14,2025-11-22 11:46:05,mobile,US,a00175,edm
u00454,s000014,like,17,1,0,0,206,2025-07-27 20:40:17,mobile,US,a00163,classical
u00735,s000017,ADD_TO_PLAYLIST,5,1,0,0,182,2025-03-18 13:44:09,mobile,US,a00184,jazz
u00298,s000082,like,19,1,0,0,222,2025-04-17 12:57:53,mobile,US,a00071,classical
u00083,s000018,add_to_playlist,6,1,0,0,265,2025-04-06 23:52:42,mobile,US,a00096,latin
u00778,s000009,PLAY,16,0,0,0,301,2025-03-19 04:48:59,mobile,US,a00014,latin
u00661,s000013,play,11,0,0,0,250,2025-05-08 03:55:05,mobile,US,a00154,jazz
u00936,s000144,play,1,0,0,0,38,2025-04-19 20:22:56,mobile,US,a00176,hip-hop
u00463,s000469,play,12,0,0,0,376,2025-01-21 09:47:04,mobile,US,a00095,rock
u00454,s000005,PLAY,19,0,0,0,346,2025-08-11 18:11:43,mobile,US,a00178,classical
u00356,s000022,play,13,0,0,0,208,2025-04-18 13:04:59,mobile,US,a00195,pop
u00155,s000026,play,10,0,0,0,313,2025-06-24 16:02:30,mobile,US,a00004,pop
u00116,s000003,PLAY,8,0,0,0,253,2025-12-10 15:02:48,mobile,US,a00066,rock
u00891,s000030,play,14,0,0,0,368,2025-07-09 15:56:27,mobile,US,a00117,indie
u00138,s000037,play,16,0,0,0,340,2025-07-23 17:14:11,mobile,US,a00183,indie
u00268,s000030,like,5,1,0,0,312,2025-05-01 07:30:52,mobile,US,a00117,indie
u00868,s000020,PLAY,10,0,0,0,323,2025-08-01 19:36:26,mobile,US,a00182,indie
u00330,s000487,play,10,0,0,0,337,2025-12-04 05:36:59,mobile,US,a00176,rock
u00549,s000037,LIKE,6,1,0,0,366,2025-12-11 19:01:29,mobile,US,a00183,indie
u00016,s000126,play,18,0,0,0,373,2025-05-25 19:57:50,mobile,US,a00129,hip-hop
u00926,s000069,PLAY,18,0,0,0,187,2025-08-03 07:08:47,mobile,US,a00139,classical
u00820,s000001,LIKE,8,1,0,0,242,2025-03-11 09:24:13,mobile,US,a00197,indie
u00618,s000030,add_to_playlist,9,1,0,0,296,2025-01-26 09:25:26,mobile,US,a00117,indie
u00348,s000031,play,14,0,0,0,342,2025-07-27 21:41:47,mobile,US,a00037,latin
u00586,s000207,ADD_TO_PLAYLIST,13,1,0,0,347,2025-02-28 06:51:07,mobile,US,a00134,edm
u00492,s000002,play,8,0,0,0,304,2025-08-01 09:46:28,mobile,US,a00133,rock
u00779,s000027,LIKE,11,1,0,0,269,2025-05-07 23:18:36,mobile,US,a00122,jazz
u00290,s000003,play,18,0,0,0,378,2025-08-28 02:55:44,mobile,US,a00066,rock
u00738,s000010,play,5,0,0,0,374,2025-10-09 13:39:46,mobile,US,a00110,classical
u00003,s000030,like,16,1,0,0,377,2025-11-05 01:50:26,mobile,US,a00117,indie
u00621,s000255,like,6,1,0,0,254,2025-01-23 01:23:03,mobile,US,a00010,pop
u00852,s000007,PLAY,9,0,0,0,352,2025-09-30 01:30:16,mobile,US,a00041,classical
u00446,s000017,PLAY,15,0,0,0,298,2025-08-02 22:57:49,mobile,US,a00184,jazz
u00758,s000430,ADD_TO_PLAYLIST,17,1,0,0,200,2025-11-30 09:27:19,mobile,US,a00166,rock
u00980,s000090,add_to_playlist,12,1,0,0,265,2025-12-04 21:12:32,mobile,US,a00028,hip-hop
u00521,s000491,ADD_TO_PLAYLIST,9,1,0,0,189,2025-03-31 11:55:13,mobile,US,a00119,indie
u00925,s000171,ADD_TO_PLAYLIST,12,1,0,0,188,2025-06-02 10:06:16,mobile,US,a00031,jazz
u00035,s000451,like,16,1,0,0,298,2025-06-17 10:05:24,mobile,US,a00003,classical
u00880,s000029,add_to_playlist,11,1,0,0,361,2025-01-26 09:55:34,mobile,US,a00096,classical
u00543,s000023,PLAY,5,0,0,0,225,2025-10-17 04:29:21,mobile,US,a00085,pop
u00843,s000020,PLAY,13,0,0,0,330,2025-11-13 05:57:10,mobile,US,a00182,indie
u00896,s000012,play,13,0,0,0,382,2025-10-01 19:08:58,mobile,US,a00032,edm
u00160,s000091,PLAY,15,0,0,0,251,2025-08-10 09:30:27,mobile,US,a00039,indie
u00449,s000033,LIKE,10,1,0,0,347,2025-06-01 18:18:46,mobile,US,a00158,edm
u00294,s000095,PLAY,14,0,0,0,346,2025-12-27 12:10:39,mobile,US,a00000,pop
u00608,s000008,like,6,1,0,0,216,2025-08-28 13:06:52,mobile,US,a00191,hip-hop
u00079,s000047,skip,1,0,0,1,24,2025-05-08 17:48:43,mobile,US,a00129,rock
u00480,s000415,like,10,1,0,0,329,2025-10-02 17:38:55,mobile,US,a00150,hip-hop
u00624,s000195,add_to_playlist,8,1,0,0,364,2025-04-02 19:13:50,mobile,US,a00054,classical
u00573,s000023,PLAY,16,0,0,0,393,2025-07-01 00:14:16,mobile,US,a00085,pop
u00423,s000374,play,18,0,0,0,322,2025-08-07 18:34:10,mobile,US,a00107,jazz
u00800,s000032,add_to_playlist,14,1,0,0,387,2025-06-29 11:43:29,mobile,US,a00140,rock
u00273,s000018,ADD_TO_PLAYLIST,13,1,0,0,238,2025-06-13 21:03:39,mobile,US,a00096,latin
u00395,s000355,play,9,0,0,0,362,2025-02-06 10:09:46,mobile,US,a00035,hip-hop
u00908,s000030,LIKE,5,1,0,0,268,2025-10-08 08:59:56,mobile,US,a00117,indie
u00823,s000037,play,16,0,0,0,353,2025-02-18 15:18:28,mobile,US,a00183,indie
u00798,s000002,play,13,0,0,0,391,2025-03-09 21:56:49,mobile,US,a00133,rock
u00895,s000387,ADD_TO_PLAYLIST,9,1,0,0,261,2025-02-26 04:46:44,mobile,US,a00073,hip-hop
u00049,s000489,SKIP,1,0,0,1,54,2025-07-19 11:43:25,mobile,US,a00172,rock
u00325,s000355,SKIP,1,0,0,1,32,2025-08-07 22:18:01,mobile,US,a00035,hip-hop
u00853,s000498,play,18,0,0,0,284,2025-06-25 23:18:25,mobile,US,a00175,jazz
u00184,s000157,ADD_TO_PLAYLIST,16,1,0,0,325,2025-06-17 00:27:49,mobile,US,a00147,rock
u00125,s000170,add_to_playlist,13,1,0,0,224,2025-09-11 15:15:13,mobile,US,a00061,latin
u00944,s000011,ADD_TO_PLAYLIST,8,1,0,0,337,2025-09-27 09:14:57,mobile,US,a00156,classical
u00221,s000401,like,18,1,0,0,359,2025-05-04 19:56:59,mobile,US,a00024,jazz
u00784,s000035,play,5,0,0,0,357,2025-12-03 15:42:07,mobile,US,a00108,pop
u00306,s000025,SKIP,1,0,0,1,45,2025-09-15 12:14:32,mobile,US,a00009,edm
u00824,s000047,SKIP,1,0,0,1,27,2025-02-10 15:39:51,mobile,US,a00129,rock
u00951,s000325,play,1,0,0,0,49,2025-09-04 16:06:41,mobile,US,a00121,rock
u00069,s000330,play,15,0,0,0,187,2025-03-12 12:35:16,mobile,US,a00106,edm
u00009,s000409,play,14,0,0,0,314,2025-01-11 11:36:30,mobile,US,a00046,pop
u00343,s000026,like,15,1,0,0,333,2025-12-04 13:22:17,mobile,US,a00004,pop
u00736,s000008,play,17,0,0,0,244,2025-03-17 18:04:33,mobile,US,a00191,hip-hop
u00407,s000475,PLAY,17,0,0,0,184,2025-06-06 13:20:51,mobile,US,a00061,latin
u00417,s000414,ADD_TO_PLAYLIST,7,1,0,0,396,2025-08-01 16:22:04,mobile,US,a00144,pop
u00631,s000090,add_to_playlist,18,1,0,0,208,2025-07-13 21:56:38,mobile,US,a00028,hip-hop
u00130,s000090,play,19,0,0,0,393,2025-06-19 20:14:33,mobile,US,a00028,hip-hop
u00234,s000059,LIKE,19,1,0,0,215,2025-12-31 03:39:45,mobile,US,a00073,hip-hop
u00069,s000000,play,12,0,0,0,325,2025-01-02 22:43:03,mobile,US,a00178,edm
u00011,s000408,play,6,0,0,0,388,2025-11-06 13:14:20,mobile,US,a00025,indie
u00034,s000383,play,1,0,0,0,5,2025-07-13 06:20:40,mobile,US,a00186,hip-hop
u00749,s000022,LIKE,17,1,0,0,357,2025-07-14 21:41:24,mobile,US,a00195,pop
u00156,s000001,add_to_playlist,7,1,0,0,308,2025-01-28 21:46:07,mobile,US,a00197,indie
u00831,s000010,play,7,0,0,0,311,2025-01-06 00:21:36,mobile,US,a00110,classical
u00174,s000018,PLAY,9,0,0,0,334,2025-06-20 21:24:26,mobile,US,a00096,latin
u00397,s000012,PLAY,7,0,0,0,218,2025-07-23 16:38:40,mobile,US,a00032,edm
u00420,s000026,PLAY,14,0,0,0,375,2025-09-26 18:19:54,mobile,US,a00004,pop
u00929,s000490,LIKE,12,1,0,0,306,2025-08-04 14:53:07,mobile,US,a00141,rock
u00042,s000022,like,8,1,0,0,395,2025-06-10 00:27:41,mobile,US,a00195,pop
u00525,s000146,PLAY,10,0,0,0,219,2025-07-27 08:48:04,mobile,US,a00062,indie
u00151,s000013,LIKE,16,1,0,0,383,2025-11-05 01:47:40,mobile,US,a00154,jazz
u00803,s000002,PLAY,9,0,0,0,257,2025-06-03 05:54:24,mobile,US,a00133,rock
u00953,s000059,add_to_playlist,15,1,0,0,248,2025-09-23 10:41:07,mobile,US,a00073,hip-hop
u00543,s000022,PLAY,11,0,0,0,266,2025-05-20 12:17:06,mobile,US,a00195,pop
u00320,s000009,ADD_TO_PLAYLIST,18,1,0,0,207,2025-04-24 11:43:31,mobile,US,a00014,latin
u00010,s000441,skip,1,0,0,1,56,2025-06-30 13:42:07,mobile,US,a00097,pop
u00453,s000015,like,13,1,0,0,239,2025-11-15 14:07:41,mobile,US,a00156,edm
u00039,s000297,SKIP,1,0,0,1,25,2025-09-04 05:10:25,mobile,US,a00041,rock
u00394,s000190,ADD_TO_PLAYLIST,17,1,0,0,222,2025-01-04 23:33:15,mobile,US,a00062,jazz
u00215,s000214,play,1,0,0,0,30,2025-04-30 17:09:47,mobile,US,a00071,pop
u00058,s000257,PLAY,18,0,0,0,243,2025-02-03 21:31:56,mobile,US,a00194,jazz
u00794,s000054,play,17,0,0,0,307,2025-11-18 16:31:51,mobile,US,a00042,rock
u00449,s000114,play,1,0,0,0,19,2025-01-20 18:23:36,mobile,US,a00136,indie
u00126,s000016,ADD_TO_PLAYLIST,10,1,0,0,235,2025-03-23 05:20:39,mobile,US,a00037,pop
u00783,s000008,ADD_TO_PLAYLIST,8,1,0,0,348,2025-08-01 15:24:07,mobile,US,a00191,hip-hop
u00089,s000016,play,15,0,0,0,231,2025-01-22 15:27:53,mobile,US,a00037,pop
u00330,s000002,PLAY,17,0,0,0,185,2025-05-21 03:01:12,mobile,US,a00133,rock
u00556,s000003,SKIP,1,0,0,1,55,2025-10-31 23:08:39,mobile,US,a00066,rock
u00799,s000191,PLAY,8,0,0,0,272,2025-07-17 06:09:08,mobile,US,a00131,jazz
u00373,s000024,like,14,1,0,0,285,2025-12-05 04:04:07,mobile,US,a00065,latin
u00131,s000081,like,18,1,0,0,188,2025-03-03 23:35:37,mobile,US,a00036,classical
u00039,s000027,add_to_playlist,10,1,0,0,208,2025-02-06 20:56:11,mobile,US,a00122,jazz
u00142,s000276,skip,1,0,0,1,43,2025-04-27 19:32:57,mobile,US,a00113,rock
u00241,s000031,SKIP,1,0,0,1,8,2025-05-17 07:19:52,mobile,US,a00037,latin
u00367,s000016,play,6,0,0,0,395,2025-08-17 02:25:05,mobile,US,a00037,pop
u00512,s000037,PLAY,14,0,0,0,185,2025-03-18 21:37:46,mobile,US,a00183,indie
u00633,s000032,play,17,0,0,0,380,2025-07-05 11:30:17,mobile,US,a00140,rock
u00592,s000075,add_to_playlist,13,1,0,0,221,2025-08-02 22:02:15,mobile,US,a00059,classical
u00771,s000298,LIKE,11,1,0,0,326,2025-08-19 00:37:13,mobile,US,a00099,classical
u00413,s000003,ADD_TO_PLAYLIST,7,1,0,0,307,2025-09-12 04:30:46,mobile,US,a00066,rock
u00585,s000037,play,8,0,0,0,379,2025-12-28 10:16:01,mobile,US,a00183,indie
u00094,s000314,PLAY,6,0,0,0,229,2025-07-10 12:11:15,mobile,US,a00133,edm
u00369,s000030,LIKE,11,1,0,0,271,2025-10-16 08:09:22,mobile,US,a00117,indie
u00087,s000004,add_to_playlist,6,1,0,0,366,2025-09-15 07:39:34,mobile,US,a00134,rock
u00929,s000002,ADD_TO_PLAYLIST,18,1,0,0,289,2025-01-25 16:59:45,mobile,US,a00133,rock
u00601,s000024,LIKE,11,1,0,0,197,2025-06-27 04:34:48,mobile,US,a00065,latin
u00743,s000005,like,19,1,0,0,341,2025-12-09 06:25:02,mobile,US,a00178,classical
u00419,s000012,like,14,1,0,0,316,2025-10-13 17:21:16,mobile,US,a00032,edm
u00302,s000017,ADD_TO_PLAYLIST,13,1,0,0,294,2025-01-18 15:11:47,mobile,US,a00184,jazz
u00211,s000132,skip,1,0,0,1,25,2025-05-03 16:27:06,mobile,US,a00170,edm
u00656,s000042,play,17,0,0,0,262,2025-04-27 18:04:17,mobile,US,a00156,indie
u00503,s000477,LIKE,17,1,0,0,316,2025-05-09 20:35:04,mobile,US,a00015,latin
u00239,s000036,LIKE,12,1,0,0,224,2025-02-19 01:45:57,mobile,US,a00179,latin
u00200,s000020,add_to_playlist,14,1,0,0,376,2025-04-29 20:40:01,mobile,US,a00182,indie
u00777,s000009,play,11,0,0,0,207,2025-04-09 06:42:36,mobile,US,a00014,latin
u00117,s000033,PLAY,7,0,0,0,187,2025-01-22 11:34:29,mobile,US,a00158,edm
u00696,s000030,play,12,0,0,0,264,2025-05-18 04:22:58,mobile,US,a00117,indie
u00156,s000020,PLAY,14,0,0,0,264,2025-12-26 06:16:13,mobile,US,a00182,indie
u00139,s000032,ADD_TO_PLAYLIST,13,1,0,0,309,2025-12-27 09:14:15,mobile,US,a00140,rock
u00434,s000199,skip,1,0,0,1,13,2025-02-19 12:09:23,mobile,US,a00009,classical
u00370,s000202,LIKE,14,1,0,0,189,2025-07-07 04:09:54,mobile,US,a00123,hip-hop
u00003,s000091,PLAY,19,0,0,0,355,2025-07-13 10:19:55,mobile,US,a00039,indie
u00619,s000017,PLAY,16,0,0,0,185,2025-01-04 18:25:31,mobile,US,a00184,jazz
u00828,s000020,play,17,0,0,0,279,2025-06-18 05:05:25,mobile,US,a00182,indie
u00826,s000080,PLAY,7,0,0,0,251,2025-07-01 09:58:40,mobile,US,a00119,jazz
u00963,s000037,PLAY,18,0,0,0,317,2025-11-28 14:56:11,mobile,US,a00183,indie
u00520,s000009,LIKE,11,1,0,0,243,2025-10-08 14:46:31,mobile,US,a00014,latin
u00462,s000025,add_to_playlist,13,1,0,0,284,2025-05-23 03:34:22,mobile,US,a00009,edm
u00828,s000175,ADD_TO_PLAYLIST,19,1,0,0,365,2025-02-07 05:01:04,mobile,US,a00172,indie
u00941,s000437,LIKE,13,1,0,0,202,2025-05-07 08:02:38,mobile,US,a00151,classical
u00851,s000316,play,8,0,0,0,375,2025-05-28 02:33:49,mobile,US,a00097,pop
u00280,s000090,PLAY,16,0,0,0,291,2025-02-27 16:17:36,mobile,US,a00028,hip-hop
u00974,s000211,ADD_TO_PLAYLIST,8,1,0,0,357,2025-12-26 23:04:22,mobile,US,a00056,hip-hop
u00584,s000025,LIKE,18,1,0,0,280,2025-04-10 20:39:19,mobile,US,a00009,edm
u00459,s000039,PLAY,14,0,0,0,207,2025-01-18 21:37:46,mobile,US,a00156,jazz
u00516,s000372,LIKE,15,1,0,0,368,2025-11-19 16:45:37,mobile,US,a00034,latin
u00987,s000084,SKIP,1,0,0,1,27,2025-12-14 20:51:20,mobile,US,a00105,edm
u00135,s000218,play,6,0,0,0,296,2025-02-22 14:38:54,mobile,US,a00096,classical
u00163,s000267,like,18,1,0,0,337,2025-11-09 13:19:28,mobile,US,a00098,hip-hop
u00370,s000006,play,17,0,0,0,393,2025-04-07 12:33:15,mobile,US,a00199,hip-hop
u00251,s000021,ADD_TO_PLAYLIST,15,1,0,0,397,2025-01-19 09:11:04,mobile,US,a00032,rock
u00540,s000030,add_to_playlist,11,1,0,0,256,2025-04-06 07:33:16,mobile,US,a00117,indie
u00449,s000015,PLAY,14,0,0,0,204,2025-10-12 06:40:29,mobile,US,a00156,edm
u00903,s000037,play,14,0,0,0,269,2025-02-20 11:03:46,mobile,US,a00183,indie
u00384,s000014,like,10,1,0,0,215,2025-02-25 23:09:53,mobile,US,a00163,classical
u00118,s000341,play,16,0,0,0,338,2025-06-18 05:19:37,mobile,US,a00010,latin
u00107,s000350,PLAY,10,0,0,0,321,2025-07-29 10:59:22,mobile,US,a00151,hip-hop
u00836,s000039,PLAY,15,0,0,0,272,2025-03-01 02:28:53,mobile,US,a00156,jazz
u00540,s000001,like,16,1,0,0,378,2025-12-17 11:15:51,mobile,US,a00197,indie
u00071,s000016,add_to_playlist,15,1,0,0,341,2025-10-01 12:15:57,mobile,US,a00037,pop
u00661,s000175,play,1,0,0,0,12,2025-08-27 08:34:32,mobile,US,a00172,indie
u00577,s000360,play,12,0,0,0,277,2025-05-05 04:18:50,mobile,US,a00153,edm
u00595,s000083,play,10,0,0,0,266,2025-08-03 03:24:36,mobile,US,a00126,hip-hop
u00044,s000090,play,5,0,0,0,215,2025-01-17 17:05:47,mobile,US,a00028,hip-hop
u00207,s000083,play,19,0,0,0,329,2025-09-26 11:29:59,mobile,US,a00126,hip-hop
u00255,s000411,PLAY,1,0,0,0,16,2025-09-18 23:33:59,mobile,US,a00009,pop
u00523,s000020,PLAY,8,0,0,0,287,2025-06-23 14:19:01,mobile,US,a00182,indie
u00329,s000009,PLAY,15,0,0,0,277,2025-04-17 02:19:29,mobile,US,a00014,latin
u00150,s000172,ADD_TO_PLAYLIST,14,1,0,0,379,2025-08-29 08:51:17,mobile,US,a00157,jazz
u00257,s000015,like,9,1,0,0,222,2025-08-20 23:41:45,mobile,US,a00156,edm
u00915,s000015,LIKE,16,1,0,0,211,2025-05-03 15:52:52,mobile,US,a00156,edm
u00122,s000023,PLAY,5,0,0,0,327,2025-12-31 08:51:52,mobile,US,a00085,pop
u00512,s000020,LIKE,13,1,0,0,336,2025-01-18 19:44:18,mobile,US,a00182,indie
u00486,s000017,like,10,1,0,0,201,2025-02-10 20:53:19,mobile,US,a00184,jazz
u00296,s000064,add_to_playlist,17,1,0,0,249,2025-11-28 08:04:06,mobile,US,a00022,edm
u00697,s000035,PLAY,18,0,0,0,241,2025-07-06 04:45:36,mobile,US,a00108,pop
u00635,s000131,play,9,0,0,0,332,2025-09-11 22:06:41,mobile,US,a00127,pop
u00283,s000030,add_to_playlist,6,1,0,0,187,2025-09-27 22:31:35,mobile,US,a00117,indie
u00380,s000372,like,8,1,0,0,224,2025-04-27 02:54:18,mobile,US,a00034,latin
u00276,s000032,like,6,1,0,0,199,2025-12-07 00:29:38,mobile,US,a00140,rock
u00901,s000385,PLAY,8,0,0,0,211,2025-08-07 06:10:38,mobile,US,a00188,hip-hop
u00127,s000040,play,1,0,0,0,20,2025-05-07 15:30:17,mobile,US,a00135,classical
u00051,s000247,play,17,0,0,0,332,2025-09-15 12:17:39,mobile,US,a00028,edm
u00343,s000182,SKIP,1,0,0,1,18,2025-08-14 05:32:01,mobile,US,a00077,latin
u00633,s000060,PLAY,15,0,0,0,188,2025-08-23 15:59:42,mobile,US,a00103,rock
u00569,s000001,LIKE,10,1,0,0,323,2025-01-15 06:10:23,mobile,US,a00197,indie
u00742,s000404,PLAY,7,0,0,0,303,2025-09-16 18:32:53,mobile,US,a00142,pop
u00269,s000239,play,14,0,0,0,248,2025-05-14 01:00:36,mobile,US,a00160,jazz
u00084,s000030,PLAY,18,0,0,0,204,2025-03-06 00:16:11,mobile,US,a00117,indie
u00342,s000382,ADD_TO_PLAYLIST,7,1,0,0,201,2025-01-01 01:57:22,mobile,US,a00043,jazz
u00805,s000090,LIKE,16,1,0,0,226,2025-01-24 23:11:29,mobile,US,a00028,hip-hop
u00642,s000074,skip,1,0,0,1,44,2025-02-14 15:56:28,mobile,US,a00103,rock
u00998,s000009,PLAY,13,0,0,0,340,2025-10-26 19:12:31,mobile,US,a00014,latin
u00972,s000488,ADD_TO_PLAYLIST,16,1,0,0,397,2025-03-17 19:15:27,mobile,US,a00002,rock
u00690,s000016,LIKE,9,1,0,0,334,2025-07-25 04:49:24,mobile,US,a00037,pop
u00961,s000003,ADD_TO_PLAYLIST,16,1,0,0,373,2025-05-02 19:03:07,mobile,US,a00066,rock
u00865,s000002,PLAY,10,0,0,0,206,2025-09-18 10:38:35,mobile,US,a00133,rock
u00725,s000412,play,8,0,0,0,306,2025-11-16 08:40:50,mobile,US,a00015,classical
u00982,s000309,add_to_playlist,6,1,0,0,254,2025-10-07 14:45:12,mobile,US,a00105,hip-hop
u00719,s000021,PLAY,1,0,0,0,30,2025-08-22 11:05:24,mobile,US,a00032,rock
u00300,s000115,skip,1,0,0,1,46,2025-02-10 02:45:11,mobile,US,a00179,indie
u00907,s000017,LIKE,11,1,0,0,241,2025-06-09 08:40:41,mobile,US,a00184,jazz
u00742,s000026,add_to_playlist,11,1,0,0,184,2025-02-05 04:27:52,mobile,US,a00004,pop
u00491,s000007,add_to_playlist,5,1,0,0,367,2025-05-29 17:53:46,mobile,US,a00041,classical
u00412,s000012,play,5,0,0,0,210,2025-11-30 15:26:57,mobile,US,a00032,edm
u00942,s000018,LIKE,17,1,0,0,343,2025-07-10 16:51:06,mobile,US,a00096,latin
u00264,s000039,PLAY,16,0,0,0,351,2025-09-03 20:14:26,mobile,US,a00156,jazz
u00570,s000000,add_to_playlist,14,1,0,0,198,2025-01-06 17:57:12,mobile,US,a00178,edm
u00029,s000083,play,6,0,0,0,317,2025-11-14 07:31:01,mobile,US,a00126,hip-hop
u00178,s000002,ADD_TO_PLAYLIST,7,1,0,0,242,2025-04-09 22:02:40,mobile,US,a00133,rock
u00247,s000336,SKIP,1,0,0,1,59,2025-02-20 06:39:46,mobile,US,a00025,jazz
u00911,s000232,ADD_TO_PLAYLIST,8,1,0,0,255,2025-09-12 09:11:58,mobile,US,a00181,classical
u00180,s000011,PLAY,15,0,0,0,306,2025-09-23 16:13:45,mobile,US,a00156,classical
u00716,s000027,LIKE,12,1,0,0,320,2025-04-12 15:15:20,mobile,US,a00122,jazz
u00065,s000026,like,18,1,0,0,392,2025-05-13 03:00:48,mobile,US,a00004,pop
u00189,s000015,PLAY,8,0,0,0,263,2025-08-11 10:12:28,mobile,US,a00156,edm
u00139,s000386,PLAY,17,0,0,0,189,2025-02-23 15:54:58,mobile,US,a00016,rock
u00628,s000037,PLAY,14,0,0,0,309,2025-11-03 11:36:48,mobile,US,a00183,indie
u00024,s000008,add_to_playlist,7,1,0,0,246,2025-01-14 23:00:07,mobile,US,a00191,hip-hop
u00118,s000009,play,6,0,0,0,333,2025-12-03 05:00:32,mobile,US,a00014,latin
u00562,s000030,ADD_TO_PLAYLIST,19,1,0,0,387,2025-09-21 21:31:11,mobile,US,a00117,indie
u00900,s000186,PLAY,1,0,0,0,8,2025-11-22 14:14:02,mobile,US,a00112,latin
u00860,s000059,play,5,0,0,0,207,2025-09-25 07:35:48,mobile,US,a00073,hip-hop
u00773,s000059,LIKE,11,1,0,0,279,2025-11-05 20:44:49,mobile,US,a00073,hip-hop
u00524,s000035,play,11,0,0,0,196,2025-06-16 01:57:57,mobile,US,a00108,pop
u00890,s000030,play,15,0,0,0,213,2025-01-14 21:13:29,mobile,US,a00117,indie
u00489,s000086,skip,1,0,0,1,47,2025-08-24 12:37:29,mobile,US,a00030,rock
u00636,s000278,PLAY,1,0,0,0,47,2025-09-02 19:28:47,mobile,US,a00013,classical
u00991,s000001,play,1,0,0,0,52,2025-03-26 07:00:14,mobile,US,a00197,indie
u00334,s000033,add_to_playlist,18,1,0,0,237,2025-07-01 20:55:49,mobile,US,a00158,edm
u00180,s000014,play,12,0,0,0,238,2025-01-21 00:33:13,mobile,US,a00163,classical
u00010,s000045,play,9,0,0,0,356,2025-03-31 18:24:40,mobile,US,a00075,jazz
u00241,s000037,PLAY,9,0,0,0,271,2025-11-30 17:37:29,mobile,US,a00183,indie
u00579,s000214,LIKE,19,1,0,0,182,2025-01-05 21:08:43,mobile,US,a00071,pop
u00688,s000062,add_to_playlist,9,1,0,0,362,2025-01-02 00:20:33,mobile,US,a00133,indie
u00623,s000016,PLAY,12,0,0,0,341,2025-10-13 08:59:31,mobile,US,a00037,pop
u00232,s000008,play,19,0,0,0,235,2025-04-02 00:21:40,mobile,US,a00191,hip-hop
u00921,s000013,PLAY,1,0,0,0,7,2025-10-18 10:33:29,mobile,US,a00154,jazz
u00518,s000447,play,13,0,0,0,210,2025-11-13 04:59:56,mobile,US,a00107,latin
u00967,s000000,play,7,0,0,0,209,2025-12-07 08:41:18,mobile,US,a00178,edm
u00511,s000022,play,5,0,0,0,302,2025-12-19 20:26:48,mobile,US,a00195,pop
u00646,s000063,play,10,0,0,0,280,2025-10-11 18:00:30,mobile,US,a00199,classical
u00106,s000290,SKIP,1,0,0,1,27,2025-12-25 12:03:04,mobile,US,a00097,rock
u00667,s000105,add_to_playlist,16,1,0,0,307,2025-09-13 14:52:39,mobile,US,a00062,hip-hop
u00771,s000010,play,10,0,0,0,298,2025-11-17 05:25:25,mobile,US,a00110,classical
u00207,s000059,LIKE,6,1,0,0,386,2025-11-05 04:57:20,mobile,US,a00073,hip-hop
u00385,s000031,PLAY,12,0,0,0,220,2025-07-02 02:24:57,mobile,US,a00037,latin
u00241,s000037,add_to_playlist,17,1,0,0,396,2025-10-01 17:33:30,mobile,US,a00183,indie
u00884,s000030,play,1,0,0,0,59,2025-11-20 09:53:44,mobile,US,a00117,indie
u00023,s000184,LIKE,10,1,0,0,209,2025-04-12 10:40:25,mobile,US,a00174,latin
u00355,s000202,PLAY,1,0,0,0,24,2025-04-06 03:29:05,mobile,US,a00123,hip-hop
u00531,s000009,play,12,0,0,0,251,2025-04-03 07:29:44,mobile,US,a00014,latin
u00413,s000004,like,12,1,0,0,279,2025-07-03 19:36:17,mobile,US,a00134,rock
u00731,s000046,skip,1,0,0,1,30,2025-01-11 04:41:30,mobile,US,a00172,jazz
u00838,s000356,LIKE,11,1,0,0,391,2025-07-22 01:16:09,mobile,US,a00147,hip-hop
u00995,s000320,play,1,0,0,0,32,2025-09-09 21:10:49,mobile,US,a00137,latin
u00995,s000007,PLAY,12,0,0,0,399,2025-12-01 14:38:44,mobile,US,a00041,classical
u00625,s000026,play,18,0,0,0,237,2025-01-07 04:56:28,mobile,US,a00004,pop
u00826,s000017,play,17,0,0,0,240,2025-07-24 17:28:01,mobile,US,a00184,jazz
u00851,s000022,LIKE,12,1,0,0,394,2025-10-08 08:57:34,mobile,US,a00195,pop
u00588,s000090,like,13,1,0,0,230,2025-02-08 11:58:14,mobile,US,a00028,hip-hop
u00577,s000012,LIKE,16,1,0,0,327,2025-02-11 08:40:23,mobile,US,a00032,edm
u00615,s000357,LIKE,9,1,0,0,315,2025-05-28 17:32:06,mobile,US,a00080,jazz
u00104,s000026,PLAY,5,0,0,0,250,2025-07-05 06:53:59,mobile,US,a00004,pop
u00906,s000022,PLAY,16,0,0,0,356,2025-07-30 11:25:24,mobile,US,a00195,pop
u00386,s000017,PLAY,5,0,0,0,332,2025-11-11 13:35:15,mobile,US,a00184,jazz
u00328,s000452,play,12,0,0,0,349,2025-01-14 01:55:23,mobile,US,a00092,latin
u00669,s000356,play,1,0,0,0,52,2025-11-20 13:45:16,mobile,US,a00147,hip-hop
u00335,s000009,LIKE,8,1,0,0,211,2025-07-24 22:18:11,mobile,US,a00014,latin
u00166,s000009,play,11,0,0,0,310,2025-01-24 07:21:42,mobile,US,a00014,latin
u00555,s000437,skip,1,0,0,1,52,2025-11-01 00:08:09,mobile,US,a00151,classical
u00828,s000030,like,12,1,0,0,198,2025-05-21 13:57:05,mobile,US,a00117,indie
u00275,s000008,play,19,0,0,0,344,2025-06-18 02:29:23,mobile,US,a00191,hip-hop
u00953,s000059,play,9,0,0,0,350,2025-07-01 16:48:41,mobile,US,a00073,hip-hop
u00139,s000129,PLAY,1,0,0,0,24,2025-07-20 14:25:16,mobile,US,a00090,pop
u00913,s000022,PLAY,9,0,0,0,282,2025-03-25 21:46:57,mobile,US,a00195,pop
u00650,s000020,play,17,0,0,0,226,2025-12-31 14:25:08,mobile,US,a00182,indie
u00326,s000321,PLAY,7,0,0,0,361,2025-05-12 18:22:34,mobile,US,a00172,jazz
u00758,s000290,play,16,0,0,0,288,2025-12-08 10:06:52,mobile,US,a00097,rock
u00080,s000037,ADD_TO_PLAYLIST,10,1,0,0,317,2025-10-12 17:18:38,mobile,US,a00183,indie
u00477,s000036,PLAY,10,0,0,0,257,2025-03-03 20:22:35,mobile,US,a00179,latin
u00279,s000016,ADD_TO_PLAYLIST,14,1,0,0,216,2025-08-17 21:23:17,mobile,US,a00037,pop
u00590,s000343,PLAY,11,0,0,0,216,2025-05-29 21:46:13,mobile,US,a00112,rock
u00231,s000284,SKIP,1,0,0,1,55,2025-09-05 21:32:29,mobile,US,a00021,indie
u00152,s000032,PLAY,16,0,0,0,282,2025-12-24 07:53:28,mobile,US,a00140,rock
u00622,s000037,add_to_playlist,9,1,0,0,191,2025-06-05 03:28:30,mobile,US,a00183,indie
u00956,s000090,ADD_TO_PLAYLIST,6,1,0,0,345,2025-02-01 20:11:29,mobile,US,a00028,hip-hop
u00119,s000047,PLAY,1,0,0,0,53,2025-12-22 02:29:54,mobile,US,a00129,rock
u00589,s000441,PLAY,1,0,0,0,43,2025-12-30 18:41:08,mobile,US,a00097,pop
u00387,s000037,ADD_TO_PLAYLIST,12,1,0,0,320,2025-12-09 15:54:50,mobile,US,a00183,indie
u00782,s000009,play,17,0,0,0,368,2025-08-01 23:33:39,mobile,US,a00014,latin
u00477,s000018,like,8,1,0,0,378,2025-11-12 20:11:52,mobile,US,a00096,latin
u00345,s000042,LIKE,16,1,0,0,265,2025-02-11 01:33:20,mobile,US,a00156,indie
u00815,s000005,add_to_playlist,7,1,0,0,279,2025-12-24 15:40:12,mobile,US,a00178,classical
u00358,s000238,ADD_TO_PLAYLIST,11,1,0,0,309,2025-06-02 04:15:54,mobile,US,a00006,rock
u00799,s000013,like,17,1,0,0,288,2025-08-10 10:02:11,mobile,US,a00154,jazz
u00115,s000337,SKIP,1,0,0,1,26,2025-07-20 09:02:02,mobile,US,a00028,edm
u00759,s000030,PLAY,14,0,0,0,315,2025-09-14 07:24:03,mobile,US,a00117,indie
u00779,s000039,add_to_playlist,16,1,0,0,361,2025-04-15 04:45:28,mobile,US,a00156,jazz
u00653,s000451,play,14,0,0,0,307,2025-09-30 23:20:49,mobile,US,a00003,classical
u00231,s000433,PLAY,18,0,0,0,310,2025-04-13 21:27:18,mobile,US,a00102,hip-hop
u00265,s000035,play,17,0,0,0,276,2025-05-28 19:36:18,mobile,US,a00108,pop
u00959,s000020,like,17,1,0,0,378,2025-01-30 06:11:37,mobile,US,a00182,indie
u00709,s000031,like,9,1,0,0,198,2025-01-22 10:56:46,mobile,US,a00037,latin
u00755,s000033,add_to_playlist,9,1,0,0,338,2025-09-15 21:00:42,mobile,US,a00158,edm
u00851,s000023,play,19,0,0,0,234,2025-03-24 03:40:50,mobile,US,a00085,pop
u00562,s000030,PLAY,12,0,0,0,222,2025-12-14 07:33:53,mobile,US,a00117,indie
u00452,s000353,add_to_playlist,13,1,0,0,358,2025-09-11 11:33:49,mobile,US,a00055,edm
u00505,s000032,PLAY,17,0,0,0,376,2025-10-15 02:07:44,mobile,US,a00140,rock
u00649,s000010,LIKE,8,1,0,0,191,2025-03-29 12:49:33,mobile,US,a00110,classical
u00048,s000012,add_to_playlist,18,1,0,0,196,2025-03-22 09:40:31,mobile,US,a00032,edm
u00479,s000005,SKIP,1,0,0,1,49,2025-02-10 05:07:51,mobile,US,a00178,classical
u00275,s000334,LIKE,7,1,0,0,200,2025-05-16 06:11:41,mobile,US,a00035,hip-hop
u00998,s000009,play,17,0,0,0,241,2025-03-27 06:15:42,mobile,US,a00014,latin
u00422,s000108,like,19,1,0,0,234,2025-08-03 00:08:47,mobile,US,a00114,edm
u00896,s000015,PLAY,10,0,0,0,387,2025-06-03 12:02:25,mobile,US,a00156,edm
u00412,s000025,play,8,0,0,0,275,2025-11-28 16:52:06,mobile,US,a00009,edm
u00036,s000480,SKIP,1,0,0,1,10,2025-08-16 15:18:42,mobile,US,a00009,jazz
u00618,s000001,play,9,0,0,0,231,2025-07-18 17:03:22,mobile,US,a00197,indie
u00044,s000083,play,5,0,0,0,360,2025-12-29 11:56:40,mobile,US,a00126,hip-hop
u00894,s000059,LIKE,17,1,0,0,226,2025-05-05 16:23:12,mobile,US,a00073,hip-hop
u00544,s000291,skip,1,0,0,1,30,2025-11-04 09:10:45,mobile,US,a00036,classical
u00143,s000024,ADD_TO_PLAYLIST,12,1,0,0,209,2025-11-06 13:40:04,mobile,US,a00065,latin
u00658,s000059,like,8,1,0,0,364,2025-05-14 02:03:09,mobile,US,a00073,hip-hop
u00569,s000012,PLAY,1,0,0,0,43,2025-12-19 22:27:19,mobile,US,a00032,edm
u00651,s000177,like,19,1,0,0,331,2025-12-25 22:20:02,mobile,US,a00143,latin
u00346,s000030,SKIP,1,0,0,1,27,2025-03-31 06:52:24,mobile,US,a00117,indie
u00145,s000247,skip,1,0,0,1,9,2025-03-21 03:42:23,mobile,US,a00028,edm
u00732,s000490,play,8,0,0,0,353,2025-04-28 05:08:25,mobile,US,a00141,rock
u00245,s000000,LIKE,8,1,0,0,205,2025-05-14 20:46:02,mobile,US,a00178,edm
u00347,s000008,ADD_TO_PLAYLIST,6,1,0,0,182,2025-12-30 03:00:59,mobile,US,a00191,hip-hop
u00493,s000467,play,5,0,0,0,366,2025-06-27 07:47:53,mobile,US,a00017,edm
u00555,s000024,ADD_TO_PLAYLIST,17,1,0,0,226,2025-04-24 20:03:29,mobile,US,a00065,latin
u00790,s000033,play,14,0,0,0,296,2025-03-20 15:41:12,mobile,US,a00158,edm
u00617,s000018,LIKE,6,1,0,0,326,2025-09-14 15:14:34,mobile,US,a00096,latin
u00369,s000176,PLAY,16,0,0,0,236,2025-11-07 21:41:12,mobile,US,a00029,indie
u00320,s000024,play,8,0,0,0,361,2025-03-29 10:33:21,mobile,US,a00065,latin
u00065,s000080,PLAY,1,0,0,0,39,2025-06-08 03:04:10,mobile,US,a00119,jazz
u00834,s000317,play,1,0,0,0,34,2025-05-25 08:56:05,mobile,US,a00011,latin
u00490,s000031,LIKE,17,1,0,0,279,2025-09-26 01:04:47,mobile,US,a00037,latin
u00907,s000045,ADD_TO_PLAYLIST,19,1,0,0,382,2025-10-10 15:21:08,mobile,US,a00075,jazz
u00182,s000025,add_to_playlist,8,1,0,0,263,2025-08-24 17:34:01,mobile,US,a00009,edm
u00919,s000031,like,14,1,0,0,257,2025-09-14 17:42:47,mobile,US,a00037,latin
u00914,s000090,add_to_playlist,9,1,0,0,265,2025-03-18 05:35:18,mobile,US,a00028,hip-hop
u00060,s000045,play,14,0,0,0,277,2025-11-02 13:36:24,mobile,US,a00075,jazz
u00347,s000309,PLAY,11,0,0,0,348,2025-08-30 18:09:54,mobile,US,a00105,hip-hop
u00830,s000011,PLAY,17,0,0,0,345,2025-08-05 06:38:35,mobile,US,a00156,classical
u00151,s000045,ADD_TO_PLAYLIST,15,1,0,0,256,2025-04-15 05:39:25,mobile,US,a00075,jazz
u00384,s000055,like,8,1,0,0,341,2025-06-01 18:10:17,mobile,US,a00026,classical
u00336,s000007,play,5,0,0,0,320,2025-05-27 14:13:10,mobile,US,a00041,classical
u00255,s000259,play,10,0,0,0,364,2025-04-04 12:48:02,mobile,US,a00139,jazz
u00541,s000156,play,6,0,0,0,368,2025-01-11 13:25:03,mobile,US,a00176,pop
u00486,s000013,play,14,0,0,0,288,2025-09-14 22:18:54,mobile,US,a00154,jazz
u00480,s000006,play,16,0,0,0,216,2025-10-25 18:10:31,mobile,US,a00199,hip-hop
u00460,s000022,ADD_TO_PLAYLIST,16,1,0,0,359,2025-06-06 06:18:42,mobile,US,a00195,pop
u00300,s000157,LIKE,7,1,0,0,311,2025-04-25 07:46:41,mobile,US,a00147,rock
u00325,s000264,ADD_TO_PLAYLIST,10,1,0,0,287,2025-01-14 11:45:18,mobile,US,a00136,edm
u00732,s000461,PLAY,1,0,0,0,46,2025-03-22 01:15:33,mobile,US,a00054,classical
u00230,s000015,ADD_TO_PLAYLIST,19,1,0,0,209,2025-03-09 17:11:44,mobile,US,a00156,edm
u00245,s000272,PLAY,1,0,0,0,25,2025-11-28 17:13:49,mobile,US,a00157,jazz
u00777,s000214,PLAY,1,0,0,0,18,2025-11-24 03:19:04,mobile,US,a00071,pop
u00987,s000059,play,13,0,0,0,243,2025-06-23 03:04:27,mobile,US,a00073,hip-hop
u00726,s000172,LIKE,16,1,0,0,378,2025-12-22 12:08:13,mobile,US,a00157,jazz
u00277,s000174,skip,1,0,0,1,15,2025-02-14 20:29:43,mobile,US,a00048,rock
u00322,s000006,play,12,0,0,0,277,2025-09-10 06:55:19,mobile,US,a00199,hip-hop
u00192,s000002,play,7,0,0,0,203,2025-11-14 12:00:48,mobile,US,a00133,rock
u00439,s000013,add_to_playlist,13,1,0,0,217,2025-11-05 12:41:41,mobile,US,a00154,jazz
u00944,s000014,play,11,0,0,0,275,2025-05-10 04:01:35,mobile,US,a00163,classical
u00187,s000476,PLAY,9,0,0,0,362,2025-10-21 15:43:23,mobile,US,a00184,indie
u00829,s000242,SKIP,1,0,0,1,57,2025-04-13 02:08:18,mobile,US,a00146,indie
u00800,s000004,PLAY,7,0,0,0,256,2025-08-24 00:52:49,mobile,US,a00134,rock
u00738,s000199,play,14,0,0,0,281,2025-11-07 01:57:11,mobile,US,a00009,classical
u00047,s000300,ADD_TO_PLAYLIST,8,1,0,0,329,2025-11-18 03:30:48,mobile,US,a00165,indie
u00064,s000042,PLAY,10,0,0,0,348,2025-04-26 21:40:41,mobile,US,a00156,indie
u00703,s000036,PLAY,11,0,0,0,347,2025-02-23 00:56:32,mobile,US,a00179,latin
u00232,s000059,like,13,1,0,0,245,2025-08-11 07:30:42,mobile,US,a00073,hip-hop
u00460,s000016,LIKE,10,1,0,0,372,2025-08-03 11:14:46,mobile,US,a00037,pop
u00758,s000021,add_to_playlist,5,1,0,0,348,2025-12-17 11:56:59,mobile,US,a00032,rock
u00379,s000002,PLAY,10,0,0,0,368,2025-03-07 19:41:22,mobile,US,a00133,rock
u00533,s000497,skip,1,0,0,1,59,2025-02-01 20:29:09,mobile,US,a00152,latin
u00923,s000001,LIKE,13,1,0,0,237,2025-12-09 02:20:15,mobile,US,a00197,indie
u00306,s000083,PLAY,10,0,0,0,301,2025-12-11 14:52:52,mobile,US,a00126,hip-hop
u00856,s000027,play,6,0,0,0,279,2025-03-25 07:20:24,mobile,US,a00122,jazz
u00935,s000021,ADD_TO_PLAYLIST,6,1,0,0,261,2025-01-31 12:31:11,mobile,US,a00032,rock
u00234,s000008,PLAY,18,0,0,0,228,2025-12-02 16:00:20,mobile,US,a00191,hip-hop
u00405,s000315,add_to_playlist,6,1,0,0,183,2025-05-23 17:14:56,mobile,US,a00167,hip-hop
u00503,s000486,PLAY,1,0,0,0,13,2025-02-01 21:10:32,mobile,US,a00064,indie
u00319,s000015,add_to_playlist,15,1,0,0,268,2025-08-04 11:45:53,mobile,US,a00156,edm
u00138,s000241,skip,1,0,0,1,40,2025-02-07 11:55:57,mobile,US,a00084,hip-hop
u00457,s000018,add_to_playlist,15,1,0,0,186,2025-04-29 11:41:13,mobile,US,a00096,latin
u00593,s000090,add_to_playlist,13,1,0,0,223,2025-11-28 07:04:21,mobile,US,a00028,hip-hop
u00539,s000304,play,14,0,0,0,393,2025-01-01 02:40:14,mobile,US,a00152,pop
u00751,s000261,SKIP,1,0,0,1,6,2025-07-05 06:13:54,mobile,US,a00004,jazz
u00814,s000008,ADD_TO_PLAYLIST,15,1,0,0,275,2025-08-18 16:56:42,mobile,US,a00191,hip-hop
u00144,s000036,add_to_playlist,11,1,0,0,208,2025-12-06 12:54:13,mobile,US,a00179,latin
u00257,s000015,LIKE,12,1,0,0,369,2025-08-27 14:08:05,mobile,US,a00156,edm
u00104,s000022,play,17,0,0,0,223,2025-09-21 18:06:11,mobile,US,a00195,pop
u00992,s000035,like,17,1,0,0,377,2025-02-26 14:48:10,mobile,US,a00108,pop
u00393,s000036,LIKE,13,1,0,0,377,2025-09-04 02:00:11,mobile,US,a00179,latin
u00219,s000001,PLAY,19,0,0,0,345,2025-11-29 00:39:13,mobile,US,a00197,indie
u00579,s000022,play,8,0,0,0,350,2025-03-06 12:58:14,mobile,US,a00195,pop
u00636,s000007,skip,1,0,0,1,11,2025-06-23 06:48:29,mobile,US,a00041,classical
u00024,s000373,SKIP,1,0,0,1,53,2025-08-06 06:38:59,mobile,US,a00130,pop
u00912,s000208,SKIP,1,0,0,1,7,2025-11-10 04:37:36,mobile,US,a00092,rock
u00885,s000294,PLAY,1,0,0,0,52,2025-05-08 22:29:56,mobile,US,a00145,hip-hop
u00946,s000205,SKIP,1,0,0,1,45,2025-11-12 20:49:16,mobile,US,a00031,edm
u00207,s000059,play,13,0,0,0,360,2025-10-01 19:41:58,mobile,US,a00073,hip-hop
u00657,s000148,like,15,1,0,0,199,2025-03-01 15:14:59,mobile,US,a00153,jazz
u00066,s000059,like,12,1,0,0,264,2025-12-09 03:13:46,mobile,US,a00073,hip-hop
u00523,s000030,like,19,1,0,0,315,2025-08-28 04:55:26,mobile,US,a00117,indie
u00835,s000008,ADD_TO_PLAYLIST,15,1,0,0,299,2025-09-25 14:29:24,mobile,US,a00191,hip-hop
u00907,s000134,add_to_playlist,14,1,0,0,233,2025-12-22 03:30:55,mobile,US,a00107,jazz
u00185,s000007,PLAY,5,0,0,0,372,2025-01-30 11:16:17,mobile,US,a00041,classical
u00032,s000059,PLAY,15,0,0,0,184,2025-03-20 10:01:08,mobile,US,a00073,hip-hop
u00346,s000027,PLAY,14,0,0,0,288,2025-09-27 20:00:17,mobile,US,a00122,jazz
u00770,s000014,play,12,0,0,0,366,2025-01-04 23:43:38,mobile,US,a00163,classical
u00744,s000045,LIKE,19,1,0,0,360,2025-05-17 19:14:43,mobile,US,a00075,jazz
u00574,s000242,PLAY,11,0,0,0,386,2025-12-04 01:56:38,mobile,US,a00146,indie
u00697,s000471,play,13,0,0,0,248,2025-07-27 09:57:25,mobile,US,a00038,pop
u00750,s000477,like,17,1,0,0,266,2025-02-21 22:26:53,mobile,US,a00015,latin
u00193,s000456,SKIP,1,0,0,1,38,2025-05-04 03:14:08,mobile,US,a00015,edm
u00743,s000493,SKIP,1,0,0,1,38,2025-01-17 22:31:48,mobile,US,a00067,pop
u00390,s000027,ADD_TO_PLAYLIST,10,1,0,0,260,2025-03-18 14:06:20,mobile,US,a00122,jazz
u00545,s000009,like,14,1,0,0,305,2025-02-11 00:41:03,mobile,US,a00014,latin
u00740,s000498,play,1,0,0,0,27,2025-06-13 06:33:38,mobile,US,a00175,jazz
u00684,s000004,PLAY,8,0,0,0,312,2025-11-30 09:20:24,mobile,US,a00134,rock
u00799,s000017,play,18,0,0,0,238,2025-12-12 23:06:33,mobile,US,a00184,jazz
u00777,s000031,like,10,1,0,0,305,2025-05-03 12:27:29,mobile,US,a00037,latin
u00735,s000422,play,10,0,0,0,342,2025-05-31 14:18:28,mobile,US,a00006,jazz
u00484,s000011,PLAY,10,0,0,0,254,2025-05-31 22:48:49,mobile,US,a00156,classical
u00021,s000011,play,13,0,0,0,382,2025-08-27 14:59:56,mobile,US,a00156,classical
u00149,s000109,PLAY,1,0,0,0,20,2025-02-07 00:48:19,mobile,US,a00167,jazz
u00742,s000035,add_to_playlist,12,1,0,0,286,2025-03-01 23:32:17,mobile,US,a00108,pop
u00442,s000003,LIKE,12,1,0,0,315,2025-03-15 19:16:37,mobile,US,a00066,rock
u00826,s000060,PLAY,1,0,0,0,18,2025-04-15 03:15:08,mobile,US,a00103,rock
u00317,s000021,PLAY,18,0,0,0,253,2025-03-15 16:35:18,mobile,US,a00032,rock
u00295,s000008,PLAY,14,0,0,0,317,2025-06-22 22:55:12,mobile,US,a00191,hip-hop
u00764,s000484,PLAY,1,0,0,0,40,2025-09-08 00:32:23,mobile,US,a00083,indie
u00801,s000012,PLAY,5,0,0,0,343,2025-01-22 02:28:14,mobile,US,a00032,edm
u00406,s000465,PLAY,19,0,0,0,221,2025-06-28 18:29:18,mobile,US,a00012,edm
u00842,s000004,PLAY,13,0,0,0,381,2025-12-07 21:51:03,mobile,US,a00134,rock
u00256,s000020,play,19,0,0,0,275,2025-04-18 08:33:40,mobile,US,a00182,indie
u00244,s000001,add_to_playlist,7,1,0,0,396,2025-08-12 23:10:26,mobile,US,a00197,indie
u00512,s000030,add_to_playlist,10,1,0,0,242,2025-07-07 09:50:29,mobile,US,a00117,indie
u00189,s000015,PLAY,15,0,0,0,397,2025-04-20 01:26:28,mobile,US,a00156,edm
u00567,s000478,play,1,0,0,0,12,2025-06-22 00:27:06,mobile,US,a00183,edm
u00148,s000149,like,10,1,0,0,306,2025-05-10 11:19:25,mobile,US,a00155,rock
u00802,s000003,play,15,0,0,0,214,2025-02-06 19:13:45,mobile,US,a00066,rock
u00670,s000386,PLAY,5,0,0,0,315,2025-04-03 19:16:47,mobile,US,a00016,rock
u00820,s000318,PLAY,1,0,0,0,38,2025-06-05 09:08:37,mobile,US,a00052,pop
u00894,s000008,PLAY,10,0,0,0,209,2025-06-24 00:57:04,mobile,US,a00191,hip-hop
u00086,s000033,ADD_TO_PLAYLIST,5,1,0,0,290,2025-06-12 05:08:36,mobile,US,a00158,edm
u00639,s000024,play,8,0,0,0,331,2025-06-21 09:17:15,mobile,US,a00065,latin
u00866,s000010,play,10,0,0,0,286,2025-01-19 04:15:30,mobile,US,a00110,classical
u00986,s000433,like,15,1,0,0,299,2025-05-19 06:23:41,mobile,US,a00102,hip-hop
u00162,s000447,play,12,0,0,0,255,2025-04-24 12:03:37,mobile,US,a00107,latin
u00844,s000005,PLAY,11,0,0,0,369,2025-10-24 03:49:57,mobile,US,a00178,classical
u00972,s000086,add_to_playlist,17,1,0,0,239,2025-06-04 10:10:55,mobile,US,a00030,rock
u00592,s000014,ADD_TO_PLAYLIST,9,1,0,0,270,2025-09-23 14:27:06,mobile,US,a00163,classical
u00248,s000003,LIKE,19,1,0,0,334,2025-06-29 06:30:38,mobile,US,a00066,rock
u00767,s000009,LIKE,8,1,0,0,296,2025-02-16 03:49:59,mobile,US,a00014,latin
u00826,s000045,play,7,0,0,0,250,2025-09-14 21:31:22,mobile,US,a00075,jazz
u00100,s000359,like,13,1,0,0,310,2025-09-09 01:09:52,mobile,US,a00108,indie
u00348,s000189,add_to_playlist,5,1,0,0,367,2025-09-30 18:52:50,mobile,US,a00178,latin
u00017,s000031,PLAY,12,0,0,0,203,2025-05-30 05:59:21,mobile,US,a00037,latin
u00328,s000031,add_to_playlist,17,1,0,0,282,2025-09-16 21:12:00,mobile,US,a00037,latin
u00417,s000196,play,16,0,0,0,349,2025-07-30 14:40:22,mobile,US,a00102,pop
u00692,s000437,PLAY,15,0,0,0,261,2025-11-29 21:41:44,mobile,US,a00151,classical
u00632,s000206,ADD_TO_PLAYLIST,17,1,0,0,232,2025-03-31 23:51:50,mobile,US,a00177,classical
u00188,s000042,PLAY,11,0,0,0,364,2025-09-15 11:07:44,mobile,US,a00156,indie
u00616,s000077,play,12,0,0,0,314,2025-01-16 03:24:40,mobile,US,a00099,rock
u00703,s000009,PLAY,14,0,0,0,269,2025-01-10 04:58:20,mobile,US,a00014,latin
u00217,s000108,skip,1,0,0,1,12,2025-02-24 02:26:31,mobile,US,a00114,edm
u00208,s000012,play,14,0,0,0,340,2025-12-31 02:23:44,mobile,US,a00032,edm
u00004,s000239,like,19,1,0,0,321,2025-03-09 07:45:09,mobile,US,a00160,jazz
u00656,s000113,like,7,1,0,0,308,2025-01-11 01:51:11,mobile,US,a00052,indie
u00356,s000023,play,14,0,0,0,347,2025-09-08 14:12:13,mobile,US,a00085,pop
u00790,s000195,skip,1,0,0,1,54,2025-02-15 13:11:16,mobile,US,a00054,classical
u00771,s000291,PLAY,6,0,0,0,397,2025-05-29 16:44:26,mobile,US,a00036,classical
u00478,s000021,like,5,1,0,0,195,2025-08-22 08:13:02,mobile,US,a00032,rock
u00537,s000020,like,16,1,0,0,275,2025-01-30 09:38:08,mobile,US,a00182,indie
u00018,s000036,PLAY,18,0,0,0,203,2025-03-06 22:34:36,mobile,US,a00179,latin
u00920,s000011,LIKE,17,1,0,0,380,2025-08-12 09:54:22,mobile,US,a00156,classical
u00778,s000256,SKIP,1,0,0,1,51,2025-12-20 13:56:38,mobile,US,a00129,edm
u00611,s000022,add_to_playlist,11,1,0,0,372,2025-09-11 14:47:23,mobile,US,a00195,pop
u00408,s000385,add_to_playlist,8,1,0,0,244,2025-07-21 15:55:15,mobile,US,a00188,hip-hop
u00647,s000002,play,13,0,0,0,313,2025-09-27 01:03:18,mobile,US,a00133,rock
u00744,s000039,PLAY,12,0,0,0,202,2025-05-19 04:36:00,mobile,US,a00156,jazz
u00298,s000195,ADD_TO_PLAYLIST,7,1,0,0,391,2025-03-29 12:41:40,mobile,US,a00054,classical
u00277,s000012,LIKE,9,1,0,0,194,2025-10-04 03:43:06,mobile,US,a00032,edm
u00079,s000410,ADD_TO_PLAYLIST,14,1,0,0,291,2025-07-20 00:47:53,mobile,US,a00031,hip-hop
u00627,s000025,ADD_TO_PLAYLIST,8,1,0,0,333,2025-09-23 19:39:33,mobile,US,a00009,edm
u00056,s000018,play,14,0,0,0,287,2025-12-17 14:04:58,mobile,US,a00096,latin
u00565,s000022,PLAY,16,0,0,0,298,2025-10-10 03:36:17,mobile,US,a00195,pop
u00634,s000022,play,14,0,0,0,193,2025-09-15 13:58:45,mobile,US,a00195,pop
u00586,s000012,ADD_TO_PLAYLIST,8,1,0,0,214,2025-03-26 04:55:57,mobile,US,a00032,edm
u00771,s000285,SKIP,1,0,0,1,22,2025-08-16 04:53:29,mobile,US,a00003,edm
u00141,s000003,ADD_TO_PLAYLIST,9,1,0,0,294,2025-11-10 12:13:29,mobile,US,a00066,rock
u00870,s000011,play,17,0,0,0,397,2025-03-24 22:33:23,mobile,US,a00156,classical
u00273,s000031,PLAY,11,0,0,0,205,2025-10-21 19:11:29,mobile,US,a00037,latin
u00946,s000014,like,6,1,0,0,325,2025-09-19 01:17:11,mobile,US,a00163,classical
u00916,s000131,add_to_playlist,6,1,0,0,364,2025-01-21 13:23:37,mobile,US,a00127,pop
u00437,s000018,PLAY,16,0,0,0,270,2025-11-23 06:36:53,mobile,US,a00096,latin
u00243,s000003,play,15,0,0,0,283,2025-07-29 14:44:11,mobile,US,a00066,rock
u00013,s000045,LIKE,18,1,0,0,360,2025-11-12 19:16:04,mobile,US,a00075,jazz
u00736,s000059,PLAY,6,0,0,0,273,2025-07-21 18:18:52,mobile,US,a00073,hip-hop
u00658,s000159,add_to_playlist,6,1,0,0,230,2025-08-05 08:05:54,mobile,US,a00085,hip-hop
u00947,s000076,play,1,0,0,0,58,2025-06-01 13:17:51,mobile,US,a00170,edm
u00980,s000144,PLAY,12,0,0,0,368,2025-05-31 06:30:39,mobile,US,a00176,hip-hop
u00353,s000018,PLAY,9,0,0,0,181,2025-01-25 20:26:57,mobile,US,a00096,latin
u00565,s000328,play,1,0,0,0,32,2025-03-26 00:07:09,mobile,US,a00129,edm
u00611,s000135,play,1,0,0,0,54,2025-12-10 09:24:19,mobile,US,a00178,jazz
u00026,s000331,play,10,0,0,0,209,2025-04-14 09:40:31,mobile,US,a00192,edm
u00563,s000001,play,11,0,0,0,334,2025-12-11 17:47:39,mobile,US,a00197,indie
u00818,s000008,LIKE,10,1,0,0,233,2025-06-09 00:35:59,mobile,US,a00191,hip-hop
u00591,s000354,SKIP,1,0,0,1,59,2025-03-23 12:04:53,mobile,US,a00032,pop
u00603,s000312,SKIP,1,0,0,1,7,2025-02-03 08:17:55,mobile,US,a00056,rock
u00151,s000366,LIKE,9,1,0,0,296,2025-06-30 11:57:54,mobile,US,a00060,jazz
u00680,s000087,PLAY,10,0,0,0,327,2025-10-01 01:38:33,mobile,US,a00121,latin
u00462,s000095,skip,1,0,0,1,50,2025-06-14 13:53:06,mobile,US,a00000,pop
u00284,s000016,play,10,0,0,0,279,2025-02-02 19:27:25,mobile,US,a00037,pop
u00493,s000025,PLAY,17,0,0,0,355,2025-11-18 03:40:51,mobile,US,a00009,edm
u00801,s000292,play,1,0,0,0,24,2025-04-09 23:24:07,mobile,US,a00074,hip-hop
u00986,s000387,add_to_playlist,14,1,0,0,393,2025-07-03 22:59:54,mobile,US,a00073,hip-hop
u00084,s000042,PLAY,19,0,0,0,331,2025-03-22 23:02:17,mobile,US,a00156,indie
u00846,s000023,LIKE,14,1,0,0,290,2025-08-01 07:43:52,mobile,US,a00085,pop
u00234,s000008,ADD_TO_PLAYLIST,12,1,0,0,288,2025-10-25 22:29:50,mobile,US,a00191,hip-hop
u00284,s000344,SKIP,1,0,0,1,35,2025-05-26 02:00:47,mobile,US,a00186,indie
u00795,s000123,LIKE,8,1,0,0,348,2025-11-10 08:02:13,mobile,US,a00089,indie
u00243,s000004,ADD_TO_PLAYLIST,17,1,0,0,182,2025-04-10 01:39:06,mobile,US,a00134,rock
u00250,s000055,SKIP,1,0,0,1,19,2025-12-20 02:04:51,mobile,US,a00026,classical
u00957,s000013,skip,1,0,0,1,13,2025-08-23 09:14:36,mobile,US,a00154,jazz
u00738,s000418,like,17,1,0,0,192,2025-01-25 18:56:20,mobile,US,a00134,classical
u00417,s000383,play,1,0,0,0,51,2025-09-10 20:49:21,mobile,US,a00186,hip-hop
u00274,s000110,LIKE,12,1,0,0,396,2025-01-18 09:13:09,mobile,US,a00142,rock
u00432,s000204,like,16,1,0,0,280,2025-02-07 00:12:46,mobile,US,a00054,classical
u00332,s000006,like,8,1,0,0,272,2025-10-09 03:55:06,mobile,US,a00199,hip-hop
u00279,s000336,PLAY,1,0,0,0,38,2025-01-15 11:54:16,mobile,US,a00025,jazz
u00772,s000004,ADD_TO_PLAYLIST,7,1,0,0,300,2025-08-01 04:39:31,mobile,US,a00134,rock
u00695,s000006,like,17,1,0,0,351,2025-08-16 01:50:03,mobile,US,a00199,hip-hop
u00026,s000124,play,17,0,0,0,209,2025-06-27 11:10:38,mobile,US,a00074,edm
u00405,s000083,PLAY,7,0,0,0,229,2025-12-27 12:53:56,mobile,US,a00126,hip-hop
u00580,s000033,play,11,0,0,0,320,2025-09-24 02:38:10,mobile,US,a00158,edm
u00382,s000356,play,7,0,0,0,282,2025-07-14 09:45:49,mobile,US,a00147,hip-hop
u00326,s000444,play,9,0,0,0,274,2025-08-15 15:33:17,mobile,US,a00170,jazz
u00508,s000180,play,1,0,0,0,14,2025-12-12 16:39:12,mobile,US,a00017,edm
u00344,s000039,ADD_TO_PLAYLIST,8,1,0,0,222,2025-01-21 20:18:48,mobile,US,a00156,jazz
u00559,s000025,PLAY,19,0,0,0,357,2025-07-30 05:45:30,mobile,US,a00009,edm
u00735,s000039,PLAY,11,0,0,0,289,2025-11-26 09:35:31,mobile,US,a00156,jazz
u00711,s000023,PLAY,6,0,0,0,329,2025-07-04 15:57:26,mobile,US,a00085,pop
u00722,s000380,SKIP,1,0,0,1,49,2025-05-02 20:08:18,mobile,US,a00018,edm
u00006,s000014,PLAY,17,0,0,0,330,2025-05-26 05:40:20,mobile,US,a00163,classical
u00481,s000033,play,7,0,0,0,234,2025-03-19 09:35:37,mobile,US,a00158,edm
u00944,s000005,PLAY,12,0,0,0,386,2025-07-11 07:02:12,mobile,US,a00178,classical
u00856,s000310,LIKE,10,1,0,0,278,2025-11-27 11:52:14,mobile,US,a00085,jazz
u00859,s000143,PLAY,9,0,0,0,353,2025-12-27 13:34:25,mobile,US,a00160,indie
u00385,s000024,play,19,0,0,0,354,2025-08-05 17:11:59,mobile,US,a00065,latin
u00970,s000031,PLAY,7,0,0,0,365,2025-05-29 19:29:04,mobile,US,a00037,latin
u00849,s000012,LIKE,7,1,0,0,304,2025-04-27 04:39:06,mobile,US,a00032,edm
u00097,s000059,LIKE,18,1,0,0,282,2025-05-19 10:32:04,mobile,US,a00073,hip-hop
u00755,s000025,like,19,1,0,0,366,2025-01-22 22:36:13,mobile,US,a00009,edm
u00099,s000014,LIKE,5,1,0,0,309,2025-08-03 16:01:51,mobile,US,a00163,classical
u00544,s000089,play,1,0,0,0,32,2025-03-02 20:31:40,mobile,US,a00050,pop
u00019,s000261,play,19,0,0,0,359,2025-09-08 01:52:06,mobile,US,a00004,jazz
u00208,s000338,PLAY,9,0,0,0,188,2025-01-22 23:12:15,mobile,US,a00148,edm
u00836,s000283,SKIP,1,0,0,1,39,2025-11-19 03:41:02,mobile,US,a00102,rock
u00658,s000083,PLAY,7,0,0,0,222,2025-12-25 04:52:37,mobile,US,a00126,hip-hop
u00174,s000310,skip,1,0,0,1,56,2025-03-20 23:18:21,mobile,US,a00085,jazz
u00505,s000147,skip,1,0,0,1,19,2025-02-18 01:17:47,mobile,US,a00149,pop
u00450,s000228,play,18,0,0,0,260,2025-02-11 05:21:01,mobile,US,a00045,edm
u00823,s000347,ADD_TO_PLAYLIST,18,1,0,0,331,2025-11-10 23:55:58,mobile,US,a00097,indie
u00979,s000494,ADD_TO_PLAYLIST,18,1,0,0,266,2025-10-29 03:12:38,mobile,US,a00145,edm
u00592,s000011,LIKE,9,1,0,0,183,2025-08-11 08:59:08,mobile,US,a00156,classical
u00955,s000027,play,9,0,0,0,206,2025-12-06 07:02:29,mobile,US,a00122,jazz
u00576,s000179,play,1,0,0,0,20,2025-03-08 20:24:46,mobile,US,a00018,jazz
u00000,s000042,LIKE,15,1,0,0,337,2025-11-29 00:35:07,mobile,US,a00156,indie
u00065,s000023,like,8,1,0,0,300,2025-08-31 19:25:32,mobile,US,a00085,pop
u00051,s000012,like,12,1,0,0,357,2025-10-16 21:26:34,mobile,US,a00032,edm
u00706,s000083,play,12,0,0,0,309,2025-07-14 22:36:24,mobile,US,a00126,hip-hop
u00741,s000408,play,1,0,0,0,58,2025-04-18 05:54:19,mobile,US,a00025,indie
u00700,s000335,SKIP,1,0,0,1,38,2025-09-09 13:47:44,mobile,US,a00114,edm
u00242,s000083,PLAY,17,0,0,0,398,2025-05-22 23:57:42,mobile,US,a00126,hip-hop
u00408,s000006,play,6,0,0,0,394,2025-08-07 22:31:01,mobile,US,a00199,hip-hop
u00575,s000025,LIKE,17,1,0,0,360,2025-11-05 02:14:27,mobile,US,a00009,edm
u00069,s000015,play,18,0,0,0,366,2025-03-17 02:51:19,mobile,US,a00156,edm
u00131,s000010,PLAY,8,0,0,0,307,2025-12-12 09:17:35,mobile,US,a00110,classical
u00068,s000090,LIKE,11,1,0,0,380,2025-03-28 23:38:21,mobile,US,a00028,hip-hop
u00948,s000218,play,1,0,0,0,41,2025-04-25 18:40:30,mobile,US,a00096,classical
u00226,s000011,like,18,1,0,0,189,2025-01-21 01:17:08,mobile,US,a00156,classical
u00635,s000304,play,17,0,0,0,274,2025-06-28 03:52:43,mobile,US,a00152,pop
u00403,s000021,PLAY,10,0,0,0,310,2025-05-31 17:46:47,mobile,US,a00032,rock
u00956,s000059,LIKE,12,1,0,0,387,2025-03-08 22:34:47,mobile,US,a00073,hip-hop
u00408,s000415,PLAY,16,0,0,0,289,2025-04-21 02:15:15,mobile,US,a00150,hip-hop
u00697,s000035,play,9,0,0,0,206,2025-08-28 09:06:45,mobile,US,a00108,pop
u00450,s000025,like,12,1,0,0,214,2025-09-30 15:10:30,mobile,US,a00009,edm
u00623,s000026,play,12,0,0,0,309,2025-09-29 22:08:47,mobile,US,a00004,pop
u00540,s000030,PLAY,7,0,0,0,265,2025-10-28 12:47:25,mobile,US,a00117,indie
u00960,s000004,add_to_playlist,6,1,0,0,251,2025-03-15 18:04:05,mobile,US,a00134,rock
u00823,s000037,LIKE,18,1,0,0,316,2025-05-13 14:12:53,mobile,US,a00183,indie
u00619,s000346,play,18,0,0,0,272,2025-10-30 04:06:24,mobile,US,a00053,jazz
u00211,s000020,like,11,1,0,0,393,2025-10-07 13:22:20,mobile,US,a00182,indie
u00461,s000056,play,1,0,0,0,43,2025-10-14 23:17:34,mobile,US,a00068,latin
u00422,s000033,add_to_playlist,7,1,0,0,359,2025-11-10 12:39:35,mobile,US,a00158,edm
u00054,s000121,skip,1,0,0,1,38,2025-08-23 21:40:26,mobile,US,a00062,jazz
u00558,s000498,play,1,0,0,0,55,2025-07-02 06:43:17,mobile,US,a00175,jazz
u00904,s000017,play,9,0,0,0,359,2025-10-13 01:09:53,mobile,US,a00184,jazz
u00451,s000119,add_to_playlist,8,1,0,0,229,2025-09-24 21:51:33,mobile,US,a00168,edm
u00485,s000011,SKIP,1,0,0,1,57,2025-01-09 06:01:04,mobile,US,a00156,classical
u00113,s000331,play,17,0,0,0,375,2025-05-26 02:17:38,mobile,US,a00192,edm
u00971,s000001,PLAY,19,0,0,0,380,2025-08-17 20:14:11,mobile,US,a00197,indie
u00761,s000248,PLAY,10,0,0,0,181,2025-07-29 15:48:32,mobile,US,a00187,pop
u00866,s000007,play,7,0,0,0,385,2025-12-13 04:51:24,mobile,US,a00041,classical
u00950,s000017,like,5,1,0,0,201,2025-07-30 01:25:30,mobile,US,a00184,jazz
u00297,s000300,add_to_playlist,10,1,0,0,261,2025-02-06 17:54:33,mobile,US,a00165,indie
u00111,s000030,LIKE,14,1,0,0,271,2025-03-24 15:27:06,mobile,US,a00117,indie
u00595,s000083,play,17,0,0,0,224,2025-07-28 14:53:05,mobile,US,a00126,hip-hop
u00262,s000010,add_to_playlist,9,1,0,0,370,2025-08-19 07:05:12,mobile,US,a00110,classical
u00080,s000042,play,9,0,0,0,292,2025-07-18 10:09:39,mobile,US,a00156,indie
u00099,s000007,add_to_playlist,14,1,0,0,376,2025-07-28 15:05:10,mobile,US,a00041,classical
u00545,s000036,play,14,0,0,0,259,2025-12-20 20:16:19,mobile,US,a00179,latin
u00178,s000266,play,1,0,0,0,43,2025-01-12 18:43:35,mobile,US,a00171,indie
u00283,s000037,ADD_TO_PLAYLIST,15,1,0,0,369,2025-12-07 08:25:13,mobile,US,a00183,indie
u00069,s000025,add_to_playlist,11,1,0,0,271,2025-04-13 01:44:10,mobile,US,a00009,edm
u00037,s000293,LIKE,6,1,0,0,245,2025-12-31 20:05:40,mobile,US,a00069,rock
u00571,s000401,PLAY,13,0,0,0,343,2025-04-16 10:30:05,mobile,US,a00024,jazz
u00117,s000025,PLAY,9,0,0,0,360,2025-10-18 10:07:37,mobile,US,a00009,edm
u00095,s000000,LIKE,5,1,0,0,397,2025-11-24 23:12:12,mobile,US,a00178,edm
u00866,s000011,PLAY,15,0,0,0,238,2025-07-19 00:08:59,mobile,US,a00156,classical
u00217,s000005,play,8,0,0,0,207,2025-05-20 21:40:03,mobile,US,a00178,classical
u00627,s000033,play,9,0,0,0,181,2025-03-02 01:53:45,mobile,US,a00158,edm
u00460,s000026,add_to_playlist,8,1,0,0,280,2025-12-21 23:05:03,mobile,US,a00004,pop
u00668,s000005,add_to_playlist,19,1,0,0,337,2025-04-07 02:58:14,mobile,US,a00178,classical
u00061,s000037,PLAY,15,0,0,0,368,2025-09-15 07:50:00,mobile,US,a00183,indie
u00660,s000450,PLAY,17,0,0,0,274,2025-04-05 06:46:04,mobile,US,a00119,latin
u00545,s000036,like,12,1,0,0,398,2025-07-21 17:21:37,mobile,US,a00179,latin
u00300,s000384,LIKE,15,1,0,0,389,2025-09-09 09:38:18,mobile,US,a00048,rock
u00215,s000007,LIKE,19,1,0,0,195,2025-01-19 13:34:57,mobile,US,a00041,classical
u00292,s000002,LIKE,14,1,0,0,315,2025-05-02 22:29:32,mobile,US,a00133,rock
u00588,s000090,add_to_playlist,6,1,0,0,393,2025-03-03 10:14:47,mobile,US,a00028,hip-hop
u00248,s000003,add_to_playlist,11,1,0,0,183,2025-08-11 08:57:11,mobile,US,a00066,rock
u00738,s000437,play,15,0,0,0,263,2025-04-07 13:06:52,mobile,US,a00151,classical
u00829,s000447,ADD_TO_PLAYLIST,5,1,0,0,380,2025-05-18 04:17:13,mobile,US,a00107,latin
u00995,s000007,play,6,0,0,0,306,2025-06-05 02:10:31,mobile,US,a00041,classical
u00964,s000037,add_to_playlist,14,1,0,0,339,2025-11-16 06:50:58,mobile,US,a00183,indie
u00348,s000009,play,5,0,0,0,307,2025-08-14 20:45:37,mobile,US,a00014,latin
u00847,s000217,like,17,1,0,0,367,2025-02-17 21:51:30,mobile,US,a00050,pop
u00243,s000032,ADD_TO_PLAYLIST,11,1,0,0,193,2025-06-28 12:43:00,mobile,US,a00140,rock
u00693,s000006,play,6,0,0,0,397,2025-01-13 14:07:16,mobile,US,a00199,hip-hop
u00384,s000394,ADD_TO_PLAYLIST,7,1,0,0,193,2025-04-04 01:00:10,mobile,US,a00082,classical
u00405,s000407,skip,1,0,0,1,30,2025-08-12 08:35:55,mobile,US,a00108,classical
u00412,s000025,add_to_playlist,5,1,0,0,278,2025-03-27 16:07:42,mobile,US,a00009,edm
u00991,s000090,LIKE,16,1,0,0,398,2025-04-18 09:59:36,mobile,US,a00028,hip-hop
u00048,s000012,like,9,1,0,0,280,2025-03-08 14:17:56,mobile,US,a00032,edm
u00853,s000013,add_to_playlist,12,1,0,0,290,2025-12-04 03:52:35,mobile,US,a00154,jazz
u00468,s000007,ADD_TO_PLAYLIST,12,1,0,0,252,2025-06-15 15:17:39,mobile,US,a00041,classical
u00833,s000090,PLAY,11,0,0,0,229,2025-03-25 04:50:35,mobile,US,a00028,hip-hop
u00116,s000003,play,11,0,0,0,287,2025-03-30 11:09:56,mobile,US,a00066,rock
u00059,s000007,PLAY,5,0,0,0,316,2025-01-10 13:41:00,mobile,US,a00041,classical
u00324,s000015,LIKE,9,1,0,0,346,2025-04-02 21:58:47,mobile,US,a00156,edm
u00591,s000036,play,11,0,0,0,241,2025-03-22 08:56:33,mobile,US,a00179,latin
u00440,s000402,PLAY,16,0,0,0,344,2025-01-23 22:50:44,mobile,US,a00088,rock
u00991,s000356,play,9,0,0,0,215,2025-12-02 14:05:19,mobile,US,a00147,hip-hop
u00186,s000373,ADD_TO_PLAYLIST,8,1,0,0,334,2025-04-17 17:59:08,mobile,US,a00130,pop
u00279,s000101,ADD_TO_PLAYLIST,14,1,0,0,298,2025-12-28 16:01:23,mobile,US,a00163,pop
u00631,s000083,play,14,0,0,0,309,2025-04-03 02:27:53,mobile,US,a00126,hip-hop
u00037,s000293,play,10,0,0,0,215,2025-08-25 05:39:49,mobile,US,a00069,rock
u00104,s000023,ADD_TO_PLAYLIST,9,1,0,0,296,2025-10-28 04:29:46,mobile,US,a00085,pop
u00608,s000026,PLAY,1,0,0,0,52,2025-10-13 23:58:37,mobile,US,a00004,pop
u00792,s000010,add_to_playlist,12,1,0,0,277,2025-01-06 23:46:42,mobile,US,a00110,classical
u00419,s000025,play,18,0,0,0,372,2025-03-14 19:50:04,mobile,US,a00009,edm
u00364,s000030,LIKE,13,1,0,0,333,2025-01-22 05:12:24,mobile,US,a00117,indie
u00409,s000190,skip,1,0,0,1,13,2025-07-15 21:14:43,mobile,US,a00062,jazz
u00989,s000479,ADD_TO_PLAYLIST,17,1,0,0,243,2025-07-22 02:14:49,mobile,US,a00120,latin
u00539,s000175,skip,1,0,0,1,27,2025-08-25 07:53:56,mobile,US,a00172,indie
u00119,s000011,ADD_TO_PLAYLIST,9,1,0,0,344,2025-12-26 03:56:08,mobile,US,a00156,classical
u00087,s000297,play,9,0,0,0,313,2025-08-16 08:35:16,mobile,US,a00041,rock
u00039,s000027,ADD_TO_PLAYLIST,17,1,0,0,206,2025-01-16 09:34:51,mobile,US,a00122,jazz
u00799,s000273,add_to_playlist,10,1,0,0,389,2025-05-10 06:13:43,mobile,US,a00119,jazz
u00499,s000159,ADD_TO_PLAYLIST,15,1,0,0,245,2025-12-04 16:31:18,mobile,US,a00085,hip-hop
u00411,s000139,play,1,0,0,0,57,2025-10-11 02:00:22,mobile,US,a00198,rock
u00418,s000031,play,7,0,0,0,314,2025-03-01 20:18:59,mobile,US,a00037,latin
u00592,s000231,SKIP,1,0,0,1,56,2025-11-04 00:17:02,mobile,US,a00164,latin
u00455,s000318,PLAY,1,0,0,0,58,2025-11-16 12:14:41,mobile,US,a00052,pop
u00712,s000490,add_to_playlist,6,1,0,0,384,2025-11-17 00:50:53,mobile,US,a00141,rock
u00791,s000024,ADD_TO_PLAYLIST,10,1,0,0,370,2025-09-14 13:23:45,mobile,US,a00065,latin
u00974,s000006,play,7,0,0,0,207,2025-02-14 16:06:35,mobile,US,a00199,hip-hop
u00640,s000033,play,9,0,0,0,376,2025-06-17 01:45:25,mobile,US,a00158,edm
u00430,s000021,LIKE,7,1,0,0,255,2025-05-10 16:16:50,mobile,US,a00032,rock
u00863,s000035,add_to_playlist,7,1,0,0,287,2025-07-06 22:53:53,mobile,US,a00108,pop
u00976,s000013,skip,1,0,0,1,52,2025-03-25 02:14:57,mobile,US,a00154,jazz
u00746,s000017,add_to_playlist,7,1,0,0,303,2025-07-15 08:09:41,mobile,US,a00184,jazz
u00407,s000452,like,10,1,0,0,259,2025-12-05 11:42:51,mobile,US,a00092,latin
u00921,s000115,play,5,0,0,0,222,2025-12-12 06:28:55,mobile,US,a00179,indie
u00024,s000014,SKIP,1,0,0,1,15,2025-03-08 17:14:25,mobile,US,a00163,classical
u00383,s000232,ADD_TO_PLAYLIST,10,1,0,0,289,2025-06-22 17:07:43,mobile,US,a00181,classical
u00621,s000023,play,15,0,0,0,250,2025-01-13 13:06:31,mobile,US,a00085,pop
u00246,s000004,ADD_TO_PLAYLIST,16,1,0,0,258,2025-02-12 18:58:09,mobile,US,a00134,rock
u00215,s000005,ADD_TO_PLAYLIST,10,1,0,0,317,2025-11-03 22:36:10,mobile,US,a00178,classical
u00915,s000033,LIKE,11,1,0,0,180,2025-12-01 12:19:56,mobile,US,a00158,edm
u00571,s000017,play,17,0,0,0,330,2025-10-24 02:18:47,mobile,US,a00184,jazz
u00433,s000275,play,16,0,0,0,369,2025-12-13 21:27:39,mobile,US,a00127,latin
u00157,s000137,like,11,1,0,0,273,2025-05-20 12:53:43,mobile,US,a00151,pop
u00457,s000009,play,18,0,0,0,302,2025-05-08 08:36:33,mobile,US,a00014,latin
u00897,s000059,add_to_playlist,5,1,0,0,356,2025-01-18 05:22:16,mobile,US,a00073,hip-hop
u00198,s000034,play,1,0,0,0,16,2025-05-22 20:09:20,mobile,US,a00046,rock
u00348,s000263,play,1,0,0,0,18,2025-11-20 14:07:43,mobile,US,a00165,indie
u00173,s000083,LIKE,15,1,0,0,359,2025-12-18 15:24:36,mobile,US,a00126,hip-hop
u00574,s000020,PLAY,11,0,0,0,229,2025-05-25 22:56:24,mobile,US,a00182,indie
u00043,s000018,PLAY,17,0,0,0,370,2025-05-10 12:31:55,mobile,US,a00096,latin
u00478,s000032,play,9,0,0,0,391,2025-03-30 02:22:23,mobile,US,a00140,rock
u00051,s000287,PLAY,17,0,0,0,290,2025-03-22 15:31:42,mobile,US,a00185,edm
u00527,s000304,PLAY,6,0,0,0,344,2025-08-21 03:04:26,mobile,US,a00152,pop
u00668,s000010,ADD_TO_PLAYLIST,14,1,0,0,286,2025-06-12 11:15:27,mobile,US,a00110,classical
u00712,s000021,play,8,0,0,0,292,2025-10-28 02:59:53,mobile,US,a00032,rock
u00938,s000015,like,5,1,0,0,383,2025-04-16 11:44:34,mobile,US,a00156,edm
u00104,s000023,play,15,0,0,0,222,2025-11-18 13:54:20,mobile,US,a00085,pop
u00550,s000021,play,5,0,0,0,380,2025-02-27 19:48:22,mobile,US,a00032,rock
u00218,s000036,play,18,0,0,0,207,2025-08-01 04:49:53,mobile,US,a00179,latin
u00533,s000032,play,9,0,0,0,201,2025-08-26 14:54:44,mobile,US,a00140,rock
u00294,s000016,ADD_TO_PLAYLIST,10,1,0,0,284,2025-04-30 21:57:42,mobile,US,a00037,pop
u00563,s000359,add_to_playlist,10,1,0,0,234,2025-09-23 12:39:46,mobile,US,a00108,indie
u00709,s000031,play,17,0,0,0,348,2025-10-31 13:40:33,mobile,US,a00037,latin
u00085,s000013,play,11,0,0,0,369,2025-10-14 16:00:50,mobile,US,a00154,jazz
u00701,s000194,PLAY,1,0,0,0,45,2025-08-28 15:25:20,mobile,US,a00156,pop
u00304,s000023,play,8,0,0,0,344,2025-01-29 10:55:01,mobile,US,a00085,pop
u00761,s000369,play,11,0,0,0,258,2025-12-04 22:54:41,mobile,US,a00041,pop
u00494,s000011,LIKE,11,1,0,0,254,2025-12-25 11:33:27,mobile,US,a00156,classical
u00291,s000039,ADD_TO_PLAYLIST,18,1,0,0,320,2025-01-13 17:40:09,mobile,US,a00156,jazz
u00396,s000193,add_to_playlist,7,1,0,0,382,2025-10-11 14:34:01,mobile,US,a00007,latin
u00014,s000496,play,7,0,0,0,195,2025-06-15 04:49:21,mobile,US,a00036,latin
u00488,s000416,like,5,1,0,0,369,2025-10-22 06:36:27,mobile,US,a00025,rock
u00882,s000284,play,1,0,0,0,15,2025-11-29 15:10:55,mobile,US,a00021,indie
u00884,s000018,PLAY,5,0,0,0,317,2025-10-26 04:54:49,mobile,US,a00096,latin
u00873,s000004,PLAY,12,0,0,0,229,2025-05-22 09:00:27,mobile,US,a00134,rock
u00032,s000307,skip,1,0,0,1,52,2025-05-05 16:13:31,mobile,US,a00086,latin
u00800,s000004,like,6,1,0,0,317,2025-08-23 19:53:18,mobile,US,a00134,rock
u00647,s000454,play,9,0,0,0,191,2025-03-27 20:15:12,mobile,US,a00140,rock
u00704,s000007,add_to_playlist,5,1,0,0,330,2025-09-04 00:45:21,mobile,US,a00041,classical
u00872,s000035,like,8,1,0,0,229,2025-09-17 16:58:42,mobile,US,a00108,pop
u00726,s000459,play,13,0,0,0,294,2025-08-06 15:44:46,mobile,US,a00125,jazz
u00468,s000010,play,6,0,0,0,191,2025-10-20 18:44:51,mobile,US,a00110,classical
u00783,s000381,LIKE,15,1,0,0,386,2025-12-28 09:20:16,mobile,US,a00100,hip-hop
u00225,s000022,like,18,1,0,0,256,2025-08-01 22:19:08,mobile,US,a00195,pop
u00749,s000026,LIKE,11,1,0,0,210,2025-05-06 05:53:35,mobile,US,a00004,pop
u00272,s000036,PLAY,6,0,0,0,250,2025-12-19 05:12:13,mobile,US,a00179,latin
u00135,s000161,PLAY,13,0,0,0,297,2025-05-23 20:24:52,mobile,US,a00188,classical
u00576,s000161,like,14,1,0,0,315,2025-05-29 18:53:59,mobile,US,a00188,classical
u00081,s000163,SKIP,1,0,0,1,24,2025-08-30 00:46:31,mobile,US,a00048,edm
u00363,s000016,LIKE,6,1,0,0,340,2025-01-04 15:03:08,mobile,US,a00037,pop
u00623,s000016,LIKE,7,1,0,0,216,2025-06-01 23:53:29,mobile,US,a00037,pop
u00465,s000429,ADD_TO_PLAYLIST,5,1,0,0,288,2025-06-02 18:30:27,mobile,US,a00115,indie
u00508,s000031,add_to_playlist,9,1,0,0,306,2025-03-16 01:46:01,mobile,US,a00037,latin
u00880,s000005,play,16,0,0,0,214,2025-04-17 08:47:16,mobile,US,a00178,classical
u00312,s000083,ADD_TO_PLAYLIST,5,1,0,0,306,2025-12-01 02:21:04,mobile,US,a00126,hip-hop
u00303,s000025,play,17,0,0,0,223,2025-12-04 15:25:45,mobile,US,a00009,edm
u00982,s000083,play,19,0,0,0,186,2025-02-26 17:20:00,mobile,US,a00126,hip-hop
u00131,s000304,skip,1,0,0,1,59,2025-04-11 10:14:29,mobile,US,a00152,pop
u00491,s000011,PLAY,5,0,0,0,193,2025-03-19 11:59:32,mobile,US,a00156,classical
u00204,s000059,play,18,0,0,0,277,2025-02-21 18:25:42,mobile,US,a00073,hip-hop
u00388,s000032,PLAY,5,0,0,0,220,2025-10-19 00:19:15,mobile,US,a00140,rock
u00735,s000045,play,6,0,0,0,306,2025-02-23 03:31:43,mobile,US,a00075,jazz
u00856,s000045,play,11,0,0,0,285,2025-08-30 04:08:34,mobile,US,a00075,jazz
u00863,s000217,PLAY,17,0,0,0,319,2025-07-17 13:00:19,mobile,US,a00050,pop
u00254,s000021,play,10,0,0,0,208,2025-01-05 20:26:59,mobile,US,a00032,rock
u00169,s000012,add_to_playlist,15,1,0,0,326,2025-07-14 06:51:59,mobile,US,a00032,edm
u00252,s000083,LIKE,6,1,0,0,251,2025-05-02 19:36:41,mobile,US,a00126,hip-hop
u00547,s000090,PLAY,5,0,0,0,190,2025-03-30 17:59:21,mobile,US,a00028,hip-hop
u00900,s000268,ADD_TO_PLAYLIST,7,1,0,0,262,2025-03-17 22:14:42,mobile,US,a00085,classical
u00079,s000288,ADD_TO_PLAYLIST,7,1,0,0,395,2025-07-15 03:41:15,mobile,US,a00028,hip-hop
u00023,s000364,LIKE,18,1,0,0,235,2025-01-09 03:14:59,mobile,US,a00016,latin
u00384,s000371,skip,1,0,0,1,51,2025-04-20 23:03:06,mobile,US,a00038,jazz
u00647,s000384,play,9,0,0,0,180,2025-02-10 00:48:52,mobile,US,a00048,rock
u00687,s000011,play,18,0,0,0,190,2025-11-13 07:02:26,mobile,US,a00156,classical
u00172,s000039,play,11,0,0,0,260,2025-10-08 09:29:50,mobile,US,a00156,jazz
u00187,s000037,ADD_TO_PLAYLIST,12,1,0,0,246,2025-07-01 10:19:32,mobile,US,a00183,indie
u00409,s000365,PLAY,19,0,0,0,266,2025-10-20 00:52:42,mobile,US,a00128,edm
u00684,s000224,play,10,0,0,0,363,2025-01-25 10:27:05,mobile,US,a00087,rock
u00494,s000106,play,14,0,0,0,218,2025-11-06 03:51:05,mobile,US,a00181,classical
u00044,s000006,play,19,0,0,0,314,2025-11-11 05:02:40,mobile,US,a00199,hip-hop
u00798,s000003,add_to_playlist,12,1,0,0,291,2025-02-03 22:03:02,mobile,US,a00066,rock
u00050,s000188,SKIP,1,0,0,1,13,2025-05-07 07:21:20,mobile,US,a00165,jazz
u00035,s000011,play,13,0,0,0,363,2025-03-11 05:43:42,mobile,US,a00156,classical
u00639,s000125,like,11,1,0,0,201,2025-11-18 02:30:00,mobile,US,a00037,latin
u00531,s000018,like,12,1,0,0,217,2025-07-01 12:15:24,mobile,US,a00096,latin
u00548,s000304,PLAY,8,0,0,0,303,2025-06-06 11:22:16,mobile,US,a00152,pop
u00665,s000208,PLAY,1,0,0,0,32,2025-01-07 22:36:17,mobile,US,a00092,rock
u00847,s000030,play,1,0,0,0,33,2025-03-30 19:41:14,mobile,US,a00117,indie
u00244,s000266,LIKE,5,1,0,0,249,2025-10-16 07:40:49,mobile,US,a00171,indie
u00494,s000010,like,7,1,0,0,325,2025-05-10 02:40:31,mobile,US,a00110,classical
u00095,s000025,play,10,0,0,0,185,2025-10-21 15:14:49,mobile,US,a00009,edm
u00840,s000321,SKIP,1,0,0,1,13,2025-08-13 03:13:33,mobile,US,a00172,jazz
u00101,s000330,play,1,0,0,0,9,2025-03-07 14:57:58,mobile,US,a00106,edm
u00029,s000132,SKIP,1,0,0,1,56,2025-10-16 10:32:08,mobile,US,a00170,edm
u00891,s000037,play,12,0,0,0,231,2025-07-10 01:12:22,mobile,US,a00183,indie
u00043,s000018,LIKE,9,1,0,0,207,2025-05-15 11:27:14,mobile,US,a00096,latin
u00963,s000030,LIKE,10,1,0,0,319,2025-04-04 16:52:55,mobile,US,a00117,indie
u00932,s000021,PLAY,8,0,0,0,356,2025-03-16 01:12:53,mobile,US,a00032,rock
u00652,s000167,SKIP,1,0,0,1,58,2025-04-13 11:34:03,mobile,US,a00178,edm
u00372,s000022,ADD_TO_PLAYLIST,15,1,0,0,363,2025-04-07 23:43:17,mobile,US,a00195,pop
u00685,s000033,PLAY,7,0,0,0,317,2025-01-17 22:50:58,mobile,US,a00158,edm
u00764,s000010,PLAY,18,0,0,0,252,2025-11-17 07:21:20,mobile,US,a00110,classical
u00594,s000294,ADD_TO_PLAYLIST,7,1,0,0,349,2025-02-25 06:28:46,mobile,US,a00145,hip-hop
u00342,s000013,like,9,1,0,0,252,2025-09-21 05:17:31,mobile,US,a00154,jazz
u00706,s000087,skip,1,0,0,1,42,2025-01-21 20:36:17,mobile,US,a00121,latin
u00295,s000158,PLAY,11,0,0,0,252,2025-05-29 16:52:33,mobile,US,a00117,hip-hop
u00360,s000081,PLAY,1,0,0,0,31,2025-09-28 20:49:11,mobile,US,a00036,classical
u00111,s000042,PLAY,6,0,0,0,283,2025-04-28 09:14:17,mobile,US,a00156,indie
u00678,s000262,PLAY,1,0,0,0,59,2025-05-02 06:30:42,mobile,US,a00036,indie
u00629,s000393,PLAY,1,0,0,0,48,2025-10-03 03:11:52,mobile,US,a00079,edm
u00643,s000051,LIKE,5,1,0,0,205,2025-03-21 13:24:45,mobile,US,a00163,rock
u00312,s000476,play,1,0,0,0,8,2025-05-12 05:07:06,mobile,US,a00184,indie
u00742,s000023,play,15,0,0,0,233,2025-10-20 04:55:51,mobile,US,a00085,pop
u00904,s000017,like,10,1,0,0,395,2025-09-06 21:42:07,mobile,US,a00184,jazz
u00057,s000201,SKIP,1,0,0,1,34,2025-07-07 22:45:01,mobile,US,a00161,pop
u00120,s000018,ADD_TO_PLAYLIST,7,1,0,0,349,2025-06-12 10:11:35,mobile,US,a00096,latin
u00515,s000400,like,8,1,0,0,206,2025-11-20 10:02:26,mobile,US,a00199,jazz
u00610,s000075,add_to_playlist,18,1,0,0,325,2025-08-13 20:18:38,mobile,US,a00059,classical
u00275,s000059,add_to_playlist,15,1,0,0,235,2025-01-06 02:39:29,mobile,US,a00073,hip-hop
u00518,s000009,like,5,1,0,0,259,2025-05-29 02:46:50,mobile,US,a00014,latin
u00759,s000226,ADD_TO_PLAYLIST,8,1,0,0,230,2025-06-01 05:55:57,mobile,US,a00031,indie
u00507,s000045,PLAY,10,0,0,0,299,2025-11-04 08:27:44,mobile,US,a00075,jazz
u00919,s000186,play,7,0,0,0,362,2025-02-09 23:04:02,mobile,US,a00112,latin
u00959,s000020,LIKE,12,1,0,0,285,2025-07-28 16:50:41,mobile,US,a00182,indie
u00713,s000059,ADD_TO_PLAYLIST,12,1,0,0,356,2025-02-03 16:21:31,mobile,US,a00073,hip-hop
u00944,s000288,PLAY,1,0,0,0,23,2025-08-18 00:31:42,mobile,US,a00028,hip-hop
u00033,s000016,PLAY,12,0,0,0,242,2025-01-25 17:07:40,mobile,US,a00037,pop
u00400,s000031,play,9,0,0,0,193,2025-02-23 10:53:10,mobile,US,a00037,latin
u00685,s000025,ADD_TO_PLAYLIST,6,1,0,0,349,2025-11-18 05:34:30,mobile,US,a00009,edm
u00628,s000042,like,9,1,0,0,268,2025-05-22 22:52:36,mobile,US,a00156,indie
u00668,s000010,LIKE,10,1,0,0,351,2025-03-12 20:37:20,mobile,US,a00110,classical
u00919,s000009,add_to_playlist,14,1,0,0,193,2025-03-27 13:35:48,mobile,US,a00014,latin
u00290,s000021,add_to_playlist,11,1,0,0,277,2025-09-04 22:00:07,mobile,US,a00032,rock
u00254,s000077,PLAY,8,0,0,0,391,2025-12-30 07:36:50,mobile,US,a00099,rock
u00236,s000012,PLAY,15,0,0,0,254,2025-09-19 10:33:59,mobile,US,a00032,edm
u00405,s000006,like,8,1,0,0,268,2025-11-21 13:24:09,mobile,US,a00199,hip-hop
u00317,s000002,PLAY,7,0,0,0,315,2025-04-30 09:46:56,mobile,US,a00133,rock
u00543,s000136,play,1,0,0,0,49,2025-07-31 20:33:57,mobile,US,a00181,indie
u00381,s000353,add_to_playlist,5,1,0,0,369,2025-09-11 19:14:30,mobile,US,a00055,edm
u00630,s000003,PLAY,7,0,0,0,222,2025-04-19 07:34:36,mobile,US,a00066,rock
u00510,s000269,skip,1,0,0,1,44,2025-02-28 10:12:40,mobile,US,a00107,pop
u00474,s000013,ADD_TO_PLAYLIST,19,1,0,0,242,2025-01-14 18:34:54,mobile,US,a00154,jazz
u00107,s000441,skip,1,0,0,1,19,2025-06-11 02:41:51,mobile,US,a00097,pop
u00223,s000288,add_to_playlist,6,1,0,0,379,2025-04-07 21:18:04,mobile,US,a00028,hip-hop
u00836,s000276,SKIP,1,0,0,1,37,2025-03-03 06:27:09,mobile,US,a00113,rock
u00004,s000310,LIKE,17,1,0,0,306,2025-02-26 13:34:18,mobile,US,a00085,jazz
u00177,s000027,add_to_playlist,8,1,0,0,276,2025-09-26 14:20:27,mobile,US,a00122,jazz
u00979,s000358,skip,1,0,0,1,34,2025-08-25 14:35:25,mobile,US,a00189,hip-hop
u00028,s000333,play,11,0,0,0,317,2025-03-27 16:42:39,mobile,US,a00180,latin
u00205,s000011,PLAY,9,0,0,0,199,2025-08-24 13:14:55,mobile,US,a00156,classical
u00313,s000001,play,14,0,0,0,347,2025-08-17 04:46:01,mobile,US,a00197,indie
u00946,s000007,play,8,0,0,0,202,2025-08-03 21:58:58,mobile,US,a00041,classical
u00400,s000037,play,1,0,0,0,36,2025-11-05 06:02:08,mobile,US,a00183,indie
u00824,s000446,PLAY,10,0,0,0,304,2025-08-14 05:17:28,mobile,US,a00182,latin
u00891,s000020,PLAY,14,0,0,0,291,2025-06-05 22:05:39,mobile,US,a00182,indie
u00216,s000243,skip,1,0,0,1,47,2025-05-05 08:54:37,mobile,US,a00111,indie
u00860,s000228,PLAY,1,0,0,0,11,2025-12-18 13:45:14,mobile,US,a00045,edm
u00864,s000059,play,17,0,0,0,217,2025-06-30 08:43:02,mobile,US,a00073,hip-hop
u00173,s000413,SKIP,1,0,0,1,10,2025-07-15 01:12:49,mobile,US,a00198,latin
u00954,s000211,PLAY,1,0,0,0,8,2025-08-08 02:54:04,mobile,US,a00056,hip-hop
u00204,s000059,PLAY,16,0,0,0,373,2025-05-15 03:31:07,mobile,US,a00073,hip-hop
u00019,s000319,PLAY,19,0,0,0,258,2025-08-16 05:26:13,mobile,US,a00198,jazz
u00782,s000036,PLAY,13,0,0,0,300,2025-03-07 23:55:25,mobile,US,a00179,latin
u00143,s000129,SKIP,1,0,0,1,5,2025-11-28 13:43:04,mobile,US,a00090,pop
u00153,s000039,PLAY,16,0,0,0,357,2025-05-05 13:02:12,mobile,US,a00156,jazz
u00003,s000001,LIKE,7,1,0,0,190,2025-11-19 19:46:29,mobile,US,a00197,indie
u00138,s000037,add_to_playlist,10,1,0,0,317,2025-12-14 11:43:13,mobile,US,a00183,indie
u00155,s000279,play,1,0,0,0,36,2025-03-04 10:04:40,mobile,US,a00008,hip-hop
u00212,s000007,ADD_TO_PLAYLIST,9,1,0,0,197,2025-06-11 04:13:38,mobile,US,a00041,classical
u00731,s000325,play,19,0,0,0,192,2025-02-28 02:00:32,mobile,US,a00121,rock
u00707,s000302,skip,1,0,0,1,7,2025-12-06 12:18:18,mobile,US,a00016,indie
u00527,s000148,skip,1,0,0,1,46,2025-06-22 05:49:37,mobile,US,a00153,jazz
u00516,s000181,like,19,1,0,0,198,2025-05-24 02:31:05,mobile,US,a00000,latin
u00641,s000025,PLAY,16,0,0,0,324,2025-02-13 05:21:25,mobile,US,a00009,edm
u00163,s000062,SKIP,1,0,0,1,50,2025-01-22 16:39:20,mobile,US,a00133,indie
u00524,s000310,play,1,0,0,0,24,2025-10-09 14:14:41,mobile,US,a00085,jazz
u00951,s000090,add_to_playlist,16,1,0,0,204,2025-03-04 12:12:15,mobile,US,a00028,hip-hop
u00216,s000220,PLAY,1,0,0,0,21,2025-08-15 11:02:29,mobile,US,a00007,rock
u00589,s000011,play,15,0,0,0,373,2025-10-15 06:33:16,mobile,US,a00156,classical
u00811,s000045,play,12,0,0,0,310,2025-12-18 22:22:15,mobile,US,a00075,jazz
u00426,s000343,like,11,1,0,0,234,2025-11-24 08:33:32,mobile,US,a00112,rock
u00812,s000021,add_to_playlist,9,1,0,0,190,2025-10-28 16:59:35,mobile,US,a00032,rock
u00102,s000023,play,6,0,0,0,342,2025-02-07 14:35:29,mobile,US,a00085,pop
u00585,s000001,PLAY,5,0,0,0,215,2025-10-07 08:52:14,mobile,US,a00197,indie
u00042,s000022,like,7,1,0,0,398,2025-03-10 14:09:39,mobile,US,a00195,pop
u00816,s000002,play,19,0,0,0,295,2025-05-27 04:54:37,mobile,US,a00133,rock
u00889,s000004,ADD_TO_PLAYLIST,10,1,0,0,228,2025-12-20 21:11:30,mobile,US,a00134,rock
u00523,s000037,ADD_TO_PLAYLIST,13,1,0,0,283,2025-08-25 07:12:26,mobile,US,a00183,indie
u00328,s000018,play,11,0,0,0,305,2025-11-20 05:46:01,mobile,US,a00096,latin
u00048,s000033,play,12,0,0,0,384,2025-05-27 11:53:55,mobile,US,a00158,edm
u00870,s000005,PLAY,19,0,0,0,222,2025-09-09 07:08:36,mobile,US,a00178,classical
u00631,s000329,PLAY,1,0,0,0,56,2025-10-10 11:46:21,mobile,US,a00053,classical
u00371,s000313,SKIP,1,0,0,1,23,2025-12-29 22:32:14,mobile,US,a00030,classical
u00499,s000163,PLAY,1,0,0,0,9,2025-03-15 09:44:38,mobile,US,a00048,edm
u00133,s000007,like,11,1,0,0,384,2025-04-13 13:30:08,mobile,US,a00041,classical
u00722,s000083,add_to_playlist,8,1,0,0,298,2025-10-20 04:53:08,mobile,US,a00126,hip-hop
u00485,s000033,PLAY,11,0,0,0,271,2025-06-05 13:35:11,mobile,US,a00158,edm
u00684,s000004,add_to_playlist,16,1,0,0,242,2025-01-08 14:48:35,mobile,US,a00134,rock
u00380,s000018,ADD_TO_PLAYLIST,10,1,0,0,198,2025-02-19 02:21:21,mobile,US,a00096,latin
u00650,s000176,ADD_TO_PLAYLIST,8,1,0,0,261,2025-10-26 14:51:16,mobile,US,a00029,indie
u00918,s000083,LIKE,18,1,0,0,238,2025-05-12 16:39:22,mobile,US,a00126,hip-hop
u00455,s000027,PLAY,5,0,0,0,356,2025-01-24 12:25:22,mobile,US,a00122,jazz
u00761,s000026,play,13,0,0,0,236,2025-01-02 13:54:39,mobile,US,a00004,pop
u00414,s000415,SKIP,1,0,0,1,38,2025-06-01 02:17:08,mobile,US,a00150,hip-hop
u00399,s000003,PLAY,5,0,0,0,284,2025-07-03 19:52:04,mobile,US,a00066,rock
u00418,s000039,PLAY,1,0,0,0,29,2025-12-14 01:24:48,mobile,US,a00156,jazz
u00567,s000009,PLAY,17,0,0,0,257,2025-01-16 11:32:14,mobile,US,a00014,latin
u00849,s000000,PLAY,7,0,0,0,296,2025-10-21 07:14:10,mobile,US,a00178,edm
u00553,s000105,PLAY,11,0,0,0,301,2025-12-10 11:54:52,mobile,US,a00062,hip-hop
u00962,s000025,PLAY,17,0,0,0,394,2025-12-21 10:58:45,mobile,US,a00009,edm
u00883,s000031,LIKE,5,1,0,0,242,2025-02-10 00:58:57,mobile,US,a00037,latin
u00728,s000407,LIKE,6,1,0,0,189,2025-10-08 00:07:52,mobile,US,a00108,classical
u00686,s000015,LIKE,17,1,0,0,374,2025-10-18 11:58:09,mobile,US,a00156,edm
u00567,s000399,SKIP,1,0,0,1,6,2025-08-06 03:27:25,mobile,US,a00197,classical
u00537,s000030,add_to_playlist,5,1,0,0,185,2025-10-11 22:48:21,mobile,US,a00117,indie
u00143,s000024,like,15,1,0,0,255,2025-09-24 17:54:32,mobile,US,a00065,latin
u00182,s000275,play,1,0,0,0,39,2025-06-16 22:13:52,mobile,US,a00127,latin
u00834,s000002,LIKE,5,1,0,0,195,2025-07-04 12:26:05,mobile,US,a00133,rock
u00827,s000153,PLAY,12,0,0,0,394,2025-10-04 16:38:42,mobile,US,a00080,pop
u00807,s000487,play,8,0,0,0,335,2025-04-06 09:18:13,mobile,US,a00176,rock
u00107,s000485,PLAY,1,0,0,0,50,2025-05-29 00:02:02,mobile,US,a00132,indie
u00584,s000012,LIKE,8,1,0,0,272,2025-05-05 17:05:21,mobile,US,a00032,edm
u00528,s000026,PLAY,7,0,0,0,209,2025-12-02 02:36:52,mobile,US,a00004,pop
u00766,s000010,add_to_playlist,16,1,0,0,362,2025-03-06 19:19:36,mobile,US,a00110,classical
u00787,s000018,PLAY,15,0,0,0,278,2025-03-25 01:05:39,mobile,US,a00096,latin
u00455,s000113,skip,1,0,0,1,27,2025-06-28 20:21:27,mobile,US,a00052,indie
u00348,s000275,like,7,1,0,0,332,2025-10-09 05:15:28,mobile,US,a00127,latin
u00234,s000006,PLAY,18,0,0,0,326,2025-07-01 13:26:15,mobile,US,a00199,hip-hop
u00767,s000009,PLAY,7,0,0,0,228,2025-11-27 00:43:08,mobile,US,a00014,latin
u00133,s000011,play,8,0,0,0,307,2025-07-25 22:13:17,mobile,US,a00156,classical
u00083,s000018,add_to_playlist,15,1,0,0,276,2025-06-06 00:13:58,mobile,US,a00096,latin
u00565,s000383,play,1,0,0,0,38,2025-09-11 04:46:25,mobile,US,a00186,hip-hop
u00679,s000016,add_to_playlist,19,1,0,0,268,2025-02-19 04:50:22,mobile,US,a00037,pop
u00513,s000033,LIKE,6,1,0,0,368,2025-07-25 18:27:30,mobile,US,a00158,edm
u00706,s000090,play,5,0,0,0,277,2025-06-28 02:04:34,mobile,US,a00028,hip-hop
u00207,s000105,play,12,0,0,0,260,2025-09-04 03:36:45,mobile,US,a00062,hip-hop
u00890,s000037,play,16,0,0,0,384,2025-04-15 05:54:56,mobile,US,a00183,indie
u00439,s000013,ADD_TO_PLAYLIST,7,1,0,0,350,2025-12-28 17:35:04,mobile,US,a00154,jazz
u00167,s000042,PLAY,13,0,0,0,363,2025-07-06 23:16:52,mobile,US,a00156,indie
u00149,s000192,skip,1,0,0,1,25,2025-08-18 13:06:39,mobile,US,a00128,classical
u00532,s000021,PLAY,14,0,0,0,359,2025-09-12 22:41:55,mobile,US,a00032,rock
u00356,s000359,play,1,0,0,0,14,2025-02-02 08:43:26,mobile,US,a00108,indie
u00218,s000018,PLAY,18,0,0,0,283,2025-09-04 02:05:17,mobile,US,a00096,latin
u00685,s000205,play,8,0,0,0,248,2025-03-20 20:14:20,mobile,US,a00031,edm
u00063,s000236,add_to_playlist,13,1,0,0,318,2025-10-19 10:57:29,mobile,US,a00006,rock
u00927,s000294,PLAY,18,0,0,0,298,2025-09-05 01:03:14,mobile,US,a00145,hip-hop
u00418,s000486,SKIP,1,0,0,1,25,2025-05-10 00:39:41,mobile,US,a00064,indie
u00103,s000350,add_to_playlist,16,1,0,0,357,2025-06-26 05:52:26,mobile,US,a00151,hip-hop
u00334,s000015,play,16,0,0,0,353,2025-12-06 18:59:02,mobile,US,a00156,edm
u00835,s000006,play,13,0,0,0,217,2025-02-26 13:11:32,mobile,US,a00199,hip-hop
u00536,s000413,ADD_TO_PLAYLIST,8,1,0,0,207,2025-04-06 18:05:16,mobile,US,a00198,latin
u00068,s000006,like,12,1,0,0,295,2025-01-12 04:03:26,mobile,US,a00199,hip-hop
u00142,s000090,play,11,0,0,0,387,2025-07-13 20:21:12,mobile,US,a00028,hip-hop
u00742,s000035,ADD_TO_PLAYLIST,13,1,0,0,299,2025-03-02 08:29:50,mobile,US,a00108,pop
u00534,s000188,PLAY,19,0,0,0,253,2025-05-17 09:32:10,mobile,US,a00165,jazz
u00383,s000166,PLAY,9,0,0,0,194,2025-02-04 07:45:48,mobile,US,a00140,classical
u00274,s000310,play,1,0,0,0,45,2025-07-20 01:52:13,mobile,US,a00085,jazz
u00637,s000030,LIKE,10,1,0,0,346,2025-06-02 15:59:36,mobile,US,a00117,indie
u00113,s000099,play,1,0,0,0,32,2025-09-20 09:18:06,mobile,US,a00089,jazz
u00166,s000018,like,13,1,0,0,341,2025-05-24 23:03:14,mobile,US,a00096,latin
u00143,s000036,play,18,0,0,0,198,2025-09-30 10:21:10,mobile,US,a00179,latin
u00827,s000350,SKIP,1,0,0,1,59,2025-02-12 15:28:00,mobile,US,a00151,hip-hop
u00991,s000358,LIKE,11,1,0,0,299,2025-06-25 12:31:20,mobile,US,a00189,hip-hop
u00910,s000498,PLAY,16,0,0,0,320,2025-09-04 09:31:05,mobile,US,a00175,jazz
u00322,s000202,ADD_TO_PLAYLIST,17,1,0,0,226,2025-10-22 04:30:15,mobile,US,a00123,hip-hop
u00668,s000005,play,8,0,0,0,292,2025-09-07 02:58:47,mobile,US,a00178,classical
u00536,s000112,play,5,0,0,0,361,2025-03-02 16:39:22,mobile,US,a00174,latin
u00705,s000007,LIKE,8,1,0,0,367,2025-07-18 04:09:23,mobile,US,a00041,classical
u00629,s000391,skip,1,0,0,1,34,2025-10-03 18:48:56,mobile,US,a00011,edm
u00041,s000245,PLAY,1,0,0,0,36,2025-11-11 17:41:28,mobile,US,a00146,latin
u00152,s000002,add_to_playlist,10,1,0,0,184,2025-10-10 06:24:07,mobile,US,a00133,rock
u00800,s000032,play,8,0,0,0,234,2025-11-09 19:19:42,mobile,US,a00140,rock
u00261,s000220,play,1,0,0,0,36,2025-08-04 13:44:18,mobile,US,a00007,rock
u00708,s000031,play,7,0,0,0,241,2025-05-31 19:30:13,mobile,US,a00037,latin
u00532,s000004,PLAY,13,0,0,0,211,2025-01-30 02:52:13,mobile,US,a00134,rock
u00080,s000492,play,15,0,0,0,310,2025-02-23 08:04:15,mobile,US,a00157,indie
u00422,s000098,PLAY,13,0,0,0,248,2025-07-09 01:56:53,mobile,US,a00148,edm
u00043,s000154,LIKE,12,1,0,0,384,2025-08-23 11:32:13,mobile,US,a00083,latin
u00170,s000009,PLAY,8,0,0,0,220,2025-04-18 08:33:27,mobile,US,a00014,latin
u00042,s000230,SKIP,1,0,0,1,38,2025-05-28 12:22:00,mobile,US,a00195,indie
u00315,s000024,LIKE,13,1,0,0,324,2025-11-18 20:23:01,mobile,US,a00065,latin
u00261,s000012,play,9,0,0,0,385,2025-07-08 06:34:18,mobile,US,a00032,edm
u00242,s000059,play,13,0,0,0,318,2025-02-10 20:45:43,mobile,US,a00073,hip-hop
u00249,s000027,ADD_TO_PLAYLIST,12,1,0,0,282,2025-10-30 11:19:28,mobile,US,a00122,jazz
u00585,s000037,play,19,0,0,0,223,2025-06-17 11:19:22,mobile,US,a00183,indie
u00078,s000030,like,9,1,0,0,180,2025-08-19 10:22:14,mobile,US,a00117,indie
u00076,s000288,play,9,0,0,0,369,2025-04-26 06:32:47,mobile,US,a00028,hip-hop
u00484,s000014,ADD_TO_PLAYLIST,19,1,0,0,217,2025-04-30 07:18:50,mobile,US,a00163,classical
u00422,s000000,PLAY,11,0,0,0,230,2025-08-05 01:37:49,mobile,US,a00178,edm
u00204,s000075,skip,1,0,0,1,53,2025-08-07 16:55:23,mobile,US,a00059,classical
u00332,s000008,LIKE,17,1,0,0,217,2025-01-21 09:52:22,mobile,US,a00191,hip-hop
u00626,s000007,add_to_playlist,8,1,0,0,391,2025-03-01 01:37:14,mobile,US,a00041,classical
u00641,s000015,play,10,0,0,0,226,2025-03-20 04:28:12,mobile,US,a00156,edm
u00432,s000010,PLAY,14,0,0,0,246,2025-04-04 02:54:08,mobile,US,a00110,classical
u00641,s000015,ADD_TO_PLAYLIST,11,1,0,0,323,2025-03-12 05:45:42,mobile,US,a00156,edm
u00276,s000021,play,7,0,0,0,352,2025-06-16 07:07:11,mobile,US,a00032,rock
u00820,s000042,ADD_TO_PLAYLIST,10,1,0,0,240,2025-02-10 15:00:17,mobile,US,a00156,indie
u00172,s000079,SKIP,1,0,0,1,36,2025-01-31 17:43:48,mobile,US,a00132,rock
u00216,s000105,PLAY,13,0,0,0,316,2025-11-12 10:37:40,mobile,US,a00062,hip-hop
u00146,s000045,add_to_playlist,15,1,0,0,372,2025-11-26 01:13:31,mobile,US,a00075,jazz
u00017,s000009,play,7,0,0,0,388,2025-07-06 09:14:49,mobile,US,a00014,latin
u00546,s000011,play,11,0,0,0,387,2025-11-11 11:15:11,mobile,US,a00156,classical
u00248,s000043,play,18,0,0,0,316,2025-08-29 18:55:52,mobile,US,a00046,rock
u00243,s000191,skip,1,0,0,1,23,2025-02-14 10:57:42,mobile,US,a00131,jazz
u00192,s000002,LIKE,15,1,0,0,341,2025-11-04 16:25:25,mobile,US,a00133,rock
u00881,s000098,ADD_TO_PLAYLIST,8,1,0,0,238,2025-08-14 05:57:20,mobile,US,a00148,edm
u00999,s000045,add_to_playlist,17,1,0,0,365,2025-05-06 01:11:57,mobile,US,a00075,jazz
u00918,s000220,skip,1,0,0,1,21,2025-08-27 06:29:40,mobile,US,a00007,rock
u00206,s000479,play,11,0,0,0,343,2025-02-18 12:27:48,mobile,US,a00120,latin
u00598,s000083,PLAY,19,0,0,0,209,2025-12-16 22:25:07,mobile,US,a00126,hip-hop
u00737,s000482,play,1,0,0,0,46,2025-08-24 03:54:44,mobile,US,a00152,edm
u00392,s000018,play,19,0,0,0,257,2025-01-12 13:05:54,mobile,US,a00096,latin
u00234,s000008,like,13,1,0,0,220,2025-02-13 17:03:36,mobile,US,a00191,hip-hop
u00536,s000237,PLAY,10,0,0,0,181,2025-01-31 21:40:16,mobile,US,a00073,latin
u00421,s000050,add_to_playlist,18,1,0,0,255,2025-06-04 13:02:21,mobile,US,a00114,pop
u00803,s000177,skip,1,0,0,1,16,2025-05-12 14:09:55,mobile,US,a00143,latin
u00186,s000023,like,12,1,0,0,197,2025-11-26 04:34:58,mobile,US,a00085,pop
u00931,s000083,add_to_playlist,5,1,0,0,398,2025-10-04 07:38:12,mobile,US,a00126,hip-hop
u00255,s000045,add_to_playlist,17,1,0,0,183,2025-08-05 15:06:05,mobile,US,a00075,jazz
u00844,s000010,add_to_playlist,19,1,0,0,297,2025-09-27 08:13:21,mobile,US,a00110,classical
u00752,s000035,add_to_playlist,7,1,0,0,272,2025-10-24 03:45:32,mobile,US,a00108,pop
u00338,s000090,like,18,1,0,0,211,2025-08-12 21:42:10,mobile,US,a00028,hip-hop
u00882,s000013,ADD_TO_PLAYLIST,16,1,0,0,265,2025-10-15 12:23:12,mobile,US,a00154,jazz
u00801,s000015,like,9,1,0,0,233,2025-09-25 04:38:41,mobile,US,a00156,edm
u00977,s000031,add_to_playlist,7,1,0,0,235,2025-09-11 01:48:39,mobile,US,a00037,latin
u00394,s000039,like,12,1,0,0,249,2025-06-11 06:15:18,mobile,US,a00156,jazz
u00843,s000030,add_to_playlist,13,1,0,0,290,2025-04-29 16:36:27,mobile,US,a00117,indie
u00618,s000408,add_to_playlist,6,1,0,0,214,2025-07-17 12:53:45,mobile,US,a00025,indie
u00066,s000360,skip,1,0,0,1,10,2025-11-07 20:40:26,mobile,US,a00153,edm
u00577,s000033,add_to_playlist,13,1,0,0,248,2025-12-23 23:51:36,mobile,US,a00158,edm
u00401,s000090,PLAY,14,0,0,0,215,2025-11-12 20:19:52,mobile,US,a00028,hip-hop
u00044,s000090,LIKE,8,1,0,0,323,2025-11-06 17:15:01,mobile,US,a00028,hip-hop
u00068,s000059,ADD_TO_PLAYLIST,11,1,0,0,388,2025-05-29 13:05:00,mobile,US,a00073,hip-hop
u00381,s000369,play,1,0,0,0,55,2025-03-01 23:45:36,mobile,US,a00041,pop
u00979,s000025,ADD_TO_PLAYLIST,8,1,0,0,382,2025-05-14 22:33:08,mobile,US,a00009,edm
u00641,s000328,play,6,0,0,0,219,2025-09-19 22:32:45,mobile,US,a00129,edm
u00769,s000003,PLAY,19,0,0,0,397,2025-09-27 23:24:00,mobile,US,a00066,rock
u00053,s000008,play,8,0,0,0,272,2025-06-08 00:11:35,mobile,US,a00191,hip-hop
u00407,s000018,ADD_TO_PLAYLIST,12,1,0,0,200,2025-05-31 15:21:43,mobile,US,a00096,latin
u00249,s000017,PLAY,14,0,0,0,290,2025-10-26 09:58:54,mobile,US,a00184,jazz
u00264,s000350,skip,1,0,0,1,13,2025-10-05 13:54:13,mobile,US,a00151,hip-hop
u00118,s000036,LIKE,8,1,0,0,352,2025-08-01 11:18:47,mobile,US,a00179,latin
u00091,s000083,ADD_TO_PLAYLIST,11,1,0,0,286,2025-12-09 03:19:38,mobile,US,a00126,hip-hop
u00773,s000459,skip,1,0,0,1,25,2025-03-27 00:33:28,mobile,US,a00125,jazz
u00098,s000012,like,5,1,0,0,273,2025-02-26 07:04:00,mobile,US,a00032,edm
u00953,s000006,play,12,0,0,0,362,2025-08-12 22:32:29,mobile,US,a00199,hip-hop
u00203,s000003,PLAY,16,0,0,0,274,2025-07-05 05:09:08,mobile,US,a00066,rock
u00788,s000031,PLAY,10,0,0,0,313,2025-10-07 15:04:12,mobile,US,a00037,latin
u00174,s000024,play,16,0,0,0,275,2025-08-22 01:24:53,mobile,US,a00065,latin
u00325,s000015,play,8,0,0,0,342,2025-01-15 06:20:20,mobile,US,a00156,edm
u00761,s000016,PLAY,9,0,0,0,312,2025-02-28 11:18:06,mobile,US,a00037,pop
u00538,s000135,skip,1,0,0,1,25,2025-09-07 02:23:46,mobile,US,a00178,jazz
u00846,s000248,like,14,1,0,0,399,2025-03-18 16:28:23,mobile,US,a00187,pop
u00412,s000137,play,1,0,0,0,45,2025-08-08 10:30:57,mobile,US,a00151,pop
u00952,s000007,play,17,0,0,0,243,2025-05-22 15:33:15,mobile,US,a00041,classical
u00865,s000046,play,1,0,0,0,34,2025-09-19 15:37:04,mobile,US,a00172,jazz
u00721,s000017,add_to_playlist,18,1,0,0,294,2025-11-18 08:00:25,mobile,US,a00184,jazz
u00672,s000000,add_to_playlist,12,1,0,0,274,2025-02-04 07:31:53,mobile,US,a00178,edm
u00507,s000179,add_to_playlist,15,1,0,0,395,2025-08-26 11:54:15,mobile,US,a00018,jazz
u00015,s000377,like,13,1,0,0,276,2025-08-31 13:09:16,mobile,US,a00101,classical
u00525,s000001,LIKE,19,1,0,0,203,2025-03-05 07:28:59,mobile,US,a00197,indie
u00216,s000430,play,1,0,0,0,43,2025-03-04 21:34:16,mobile,US,a00166,rock
u00001,s000008,play,18,0,0,0,389,2025-07-24 18:04:05,mobile,US,a00191,hip-hop
u00013,s000045,PLAY,12,0,0,0,217,2025-03-16 00:23:09,mobile,US,a00075,jazz
u00047,s000175,PLAY,12,0,0,0,209,2025-05-22 04:38:14,mobile,US,a00172,indie
u00183,s000148,LIKE,6,1,0,0,232,2025-11-06 10:07:52,mobile,US,a00153,jazz
u00361,s000282,play,13,0,0,0,300,2025-02-07 04:08:24,mobile,US,a00024,rock
u00735,s000017,ADD_TO_PLAYLIST,11,1,0,0,327,2025-05-13 05:19:50,mobile,US,a00184,jazz
u00917,s000083,play,10,0,0,0,260,2025-03-04 01:08:26,mobile,US,a00126,hip-hop
u00291,s000045,like,16,1,0,0,195,2025-03-08 07:06:00,mobile,US,a00075,jazz
u00658,s000090,PLAY,7,0,0,0,292,2025-01-06 05:35:13,mobile,US,a00028,hip-hop
u00645,s000010,ADD_TO_PLAYLIST,10,1,0,0,278,2025-11-19 03:17:28,mobile,US,a00110,classical
u00689,s000022,PLAY,15,0,0,0,366,2025-09-15 14:02:10,mobile,US,a00195,pop
u00710,s000476,play,16,0,0,0,298,2025-03-29 17:36:51,mobile,US,a00184,indie
u00621,s000023,PLAY,9,0,0,0,361,2025-02-26 11:52:15,mobile,US,a00085,pop
u00585,s000037,like,19,1,0,0,211,2025-04-16 01:47:36,mobile,US,a00183,indie
u00723,s000483,PLAY,10,0,0,0,292,2025-10-31 10:53:37,mobile,US,a00102,rock
u00174,s000009,play,7,0,0,0,239,2025-12-18 23:56:15,mobile,US,a00014,latin
u00291,s000198,like,19,1,0,0,376,2025-11-14 13:44:19,mobile,US,a00031,jazz
u00217,s000470,PLAY,8,0,0,0,378,2025-03-22 03:30:16,mobile,US,a00122,classical
u00603,s000226,play,1,0,0,0,34,2025-08-25 08:32:43,mobile,US,a00031,indie
u00587,s000039,LIKE,5,1,0,0,185,2025-06-17 01:20:53,mobile,US,a00156,jazz
u00730,s000259,like,8,1,0,0,261,2025-11-29 01:05:44,mobile,US,a00139,jazz
u00853,s000027,PLAY,6,0,0,0,250,2025-02-21 22:10:32,mobile,US,a00122,jazz
u00176,s000448,skip,1,0,0,1,53,2025-04-14 16:01:43,mobile,US,a00038,edm
u00530,s000003,PLAY,13,0,0,0,342,2025-09-15 18:54:59,mobile,US,a00066,rock
u00292,s000004,ADD_TO_PLAYLIST,17,1,0,0,231,2025-08-17 13:55:23,mobile,US,a00134,rock
u00776,s000021,LIKE,17,1,0,0,326,2025-10-30 10:32:12,mobile,US,a00032,rock
u00070,s000023,PLAY,18,0,0,0,333,2025-11-16 19:14:42,mobile,US,a00085,pop
u00748,s000002,play,5,0,0,0,306,2025-01-02 22:47:38,mobile,US,a00133,rock
u00830,s000429,SKIP,1,0,0,1,27,2025-06-22 15:55:33,mobile,US,a00115,indie
u00746,s000226,SKIP,1,0,0,1,25,2025-07-22 18:57:14,mobile,US,a00031,indie
u00123,s000042,ADD_TO_PLAYLIST,5,1,0,0,390,2025-12-29 23:40:24,mobile,US,a00156,indie
u00050,s000042,PLAY,9,0,0,0,275,2025-07-28 23:01:33,mobile,US,a00156,indie
u00081,s000292,PLAY,12,0,0,0,289,2025-07-04 00:01:32,mobile,US,a00074,hip-hop
u00070,s000022,add_to_playlist,8,1,0,0,320,2025-12-27 20:16:44,mobile,US,a00195,pop
u00415,s000032,LIKE,12,1,0,0,349,2025-02-05 15:03:00,mobile,US,a00140,rock
u00770,s000005,PLAY,11,0,0,0,276,2025-10-25 10:35:13,mobile,US,a00178,classical
u00357,s000357,skip,1,0,0,1,22,2025-11-05 22:05:20,mobile,US,a00080,jazz
u00283,s000037,play,11,0,0,0,311,2025-11-08 16:07:25,mobile,US,a00183,indie
u00184,s000032,play,7,0,0,0,256,2025-01-27 06:19:42,mobile,US,a00140,rock
u00581,s000032,LIKE,6,1,0,0,266,2025-11-08 10:06:06,mobile,US,a00140,rock
u00906,s000026,PLAY,14,0,0,0,300,2025-12-12 06:11:23,mobile,US,a00004,pop
u00951,s000083,ADD_TO_PLAYLIST,18,1,0,0,226,2025-11-03 15:48:25,mobile,US,a00126,hip-hop
u00198,s000010,ADD_TO_PLAYLIST,11,1,0,0,358,2025-05-24 06:52:20,mobile,US,a00110,classical
u00380,s000269,skip,1,0,0,1,49,2025-02-21 09:56:19,mobile,US,a00107,pop
u00114,s000030,play,13,0,0,0,209,2025-04-01 13:26:26,mobile,US,a00117,indie
u00520,s000036,LIKE,6,1,0,0,395,2025-11-12 01:13:18,mobile,US,a00179,latin
u00538,s000481,LIKE,11,1,0,0,326,2025-07-15 21:49:15,mobile,US,a00157,classical
u00139,s000003,PLAY,5,0,0,0,186,2025-05-26 09:21:08,mobile,US,a00066,rock
u00046,s000036,add_to_playlist,10,1,0,0,226,2025-10-04 12:55:38,mobile,US,a00179,latin
u00226,s000304,SKIP,1,0,0,1,59,2025-02-26 17:26:07,mobile,US,a00152,pop
u00888,s000159,play,12,0,0,0,276,2025-09-14 11:23:14,mobile,US,a00085,hip-hop
u00785,s000293,PLAY,7,0,0,0,358,2025-11-16 17:24:36,mobile,US,a00069,rock
u00682,s000042,play,19,0,0,0,207,2025-05-06 22:39:31,mobile,US,a00156,indie
u00347,s000267,play,16,0,0,0,203,2025-10-16 16:56:47,mobile,US,a00098,hip-hop
u00916,s000248,play,14,0,0,0,349,2025-03-18 04:14:00,mobile,US,a00187,pop
u00333,s000017,LIKE,6,1,0,0,248,2025-02-27 10:15:20,mobile,US,a00184,jazz
u00454,s000018,PLAY,1,0,0,0,23,2025-10-22 13:04:59,mobile,US,a00096,latin
u00999,s000439,play,6,0,0,0,292,2025-12-22 23:52:25,mobile,US,a00187,jazz
u00196,s000194,like,16,1,0,0,394,2025-11-13 02:59:27,mobile,US,a00156,pop
u00676,s000398,play,5,0,0,0,191,2025-09-23 02:15:02,mobile,US,a00117,hip-hop
u00951,s000199,skip,1,0,0,1,29,2025-01-27 23:12:53,mobile,US,a00009,classical
u00544,s000004,add_to_playlist,9,1,0,0,274,2025-03-24 23:21:45,mobile,US,a00134,rock
u00267,s000009,PLAY,12,0,0,0,354,2025-07-11 00:02:41,mobile,US,a00014,latin
u00339,s000006,add_to_playlist,9,1,0,0,271,2025-11-26 11:36:25,mobile,US,a00199,hip-hop
u00552,s000493,play,1,0,0,0,22,2025-05-31 02:02:36,mobile,US,a00067,pop
u00362,s000111,PLAY,14,0,0,0,361,2025-12-25 08:00:32,mobile,US,a00148,rock
u00665,s000005,add_to_playlist,6,1,0,0,312,2025-05-06 02:02:50,mobile,US,a00178,classical
u00148,s000187,ADD_TO_PLAYLIST,15,1,0,0,189,2025-02-05 18:57:00,mobile,US,a00113,rock
u00257,s000478,PLAY,7,0,0,0,189,2025-02-11 20:19:49,mobile,US,a00183,edm
u00730,s000027,add_to_playlist,15,1,0,0,286,2025-01-08 12:26:34,mobile,US,a00122,jazz
u00710,s000089,PLAY,1,0,0,0,49,2025-10-30 09:45:15,mobile,US,a00050,pop
u00519,s000016,ADD_TO_PLAYLIST,19,1,0,0,262,2025-05-07 13:16:38,mobile,US,a00037,pop
u00334,s000000,play,6,0,0,0,277,2025-06-18 21:55:27,mobile,US,a00178,edm
u00287,s000333,skip,1,0,0,1,11,2025-08-27 10:39:14,mobile,US,a00180,latin
u00529,s000035,PLAY,17,0,0,0,230,2025-07-15 20:25:30,mobile,US,a00108,pop
u00548,s000022,LIKE,19,1,0,0,234,2025-08-07 22:16:59,mobile,US,a00195,pop
u00585,s000344,add_to_playlist,9,1,0,0,257,2025-06-23 22:22:46,mobile,US,a00186,indie
u00242,s000073,skip,1,0,0,1,18,2025-08-22 06:13:17,mobile,US,a00110,jazz
u00206,s000405,PLAY,16,0,0,0,323,2025-02-04 15:49:54,mobile,US,a00058,latin
u00516,s000025,SKIP,1,0,0,1,9,2025-07-22 11:50:20,mobile,US,a00009,edm
u00035,s000005,PLAY,19,0,0,0,229,2025-09-30 22:32:29,mobile,US,a00178,classical
u00393,s000024,ADD_TO_PLAYLIST,12,1,0,0,351,2025-10-10 02:58:57,mobile,US,a00065,latin
u00133,s000010,LIKE,12,1,0,0,237,2025-04-12 03:22:00,mobile,US,a00110,classical
u00487,s000105,PLAY,12,0,0,0,357,2025-11-05 18:47:12,mobile,US,a00062,hip-hop
u00579,s000022,LIKE,17,1,0,0,282,2025-10-14 10:43:30,mobile,US,a00195,pop
u00819,s000004,LIKE,19,1,0,0,290,2025-06-25 16:16:36,mobile,US,a00134,rock
u00549,s000091,ADD_TO_PLAYLIST,8,1,0,0,274,2025-05-04 13:14:20,mobile,US,a00039,indie
u00796,s000005,add_to_playlist,6,1,0,0,335,2025-01-09 10:04:45,mobile,US,a00178,classical
u00322,s000005,PLAY,1,0,0,0,55,2025-10-06 11:07:31,mobile,US,a00178,classical
u00696,s000228,play,1,0,0,0,56,2025-08-06 15:04:11,mobile,US,a00045,edm
u00896,s000215,skip,1,0,0,1,36,2025-10-10 07:49:36,mobile,US,a00053,rock
u00607,s000024,ADD_TO_PLAYLIST,18,1,0,0,331,2025-10-02 11:21:34,mobile,US,a00065,latin
u00653,s000005,LIKE,16,1,0,0,297,2025-11-05 07:49:37,mobile,US,a00178,classical
u00878,s000007,like,10,1,0,0,207,2025-09-14 07:15:53,mobile,US,a00041,classical
u00002,s000063,play,7,0,0,0,293,2025-08-26 13:29:09,mobile,US,a00199,classical
u00826,s000013,add_to_playlist,17,1,0,0,364,2025-03-18 21:43:59,mobile,US,a00154,jazz
u00754,s000016,PLAY,8,0,0,0,293,2025-01-28 00:05:21,mobile,US,a00037,pop
u00927,s000059,ADD_TO_PLAYLIST,15,1,0,0,307,2025-02-22 21:33:27,mobile,US,a00073,hip-hop
u00027,s000118,SKIP,1,0,0,1,30,2025-07-22 11:54:18,mobile,US,a00153,classical
u00250,s000033,PLAY,9,0,0,0,202,2025-08-13 20:28:45,mobile,US,a00158,edm
u00699,s000017,play,8,0,0,0,234,2025-04-04 19:12:58,mobile,US,a00184,jazz
u00996,s000420,ADD_TO_PLAYLIST,5,1,0,0,306,2025-01-02 21:40:45,mobile,US,a00078,rock
u00498,s000032,ADD_TO_PLAYLIST,11,1,0,0,287,2025-06-20 20:25:36,mobile,US,a00140,rock
u00216,s000083,ADD_TO_PLAYLIST,15,1,0,0,251,2025-04-29 21:51:17,mobile,US,a00126,hip-hop
u00520,s000231,play,11,0,0,0,390,2025-03-27 15:49:20,mobile,US,a00164,latin
u00778,s000024,like,16,1,0,0,351,2025-12-02 23:23:18,mobile,US,a00065,latin
u00758,s000002,ADD_TO_PLAYLIST,14,1,0,0,285,2025-05-03 19:59:20,mobile,US,a00133,rock
u00656,s000018,SKIP,1,0,0,1,50,2025-03-20 18:16:54,mobile,US,a00096,latin
u00364,s000264,SKIP,1,0,0,1,33,2025-02-24 15:20:29,mobile,US,a00136,edm
u00402,s000013,like,12,1,0,0,396,2025-05-22 03:36:10,mobile,US,a00154,jazz
u00502,s000014,ADD_TO_PLAYLIST,11,1,0,0,198,2025-03-16 16:00:08,mobile,US,a00163,classical
u00659,s000255,ADD_TO_PLAYLIST,13,1,0,0,201,2025-11-03 20:36:02,mobile,US,a00010,pop
u00067,s000149,play,14,0,0,0,227,2025-09-02 12:45:22,mobile,US,a00155,rock
u00233,s000187,SKIP,1,0,0,1,30,2025-02-06 05:38:50,mobile,US,a00113,rock
u00921,s000042,PLAY,15,0,0,0,364,2025-08-26 15:40:24,mobile,US,a00156,indie
u00039,s000045,PLAY,18,0,0,0,375,2025-08-28 11:58:40,mobile,US,a00075,jazz
u00800,s000282,PLAY,19,0,0,0,250,2025-06-30 12:00:48,mobile,US,a00024,rock
u00164,s000016,play,16,0,0,0,305,2025-03-17 11:27:59,mobile,US,a00037,pop
u00696,s000001,add_to_playlist,16,1,0,0,327,2025-11-23 11:10:58,mobile,US,a00197,indie
u00914,s000381,like,7,1,0,0,194,2025-01-23 09:40:46,mobile,US,a00100,hip-hop
u00996,s000003,PLAY,18,0,0,0,222,2025-03-05 16:48:55,mobile,US,a00066,rock
u00065,s000127,play,11,0,0,0,250,2025-03-29 10:51:52,mobile,US,a00134,pop
u00761,s000023,play,17,0,0,0,224,2025-07-27 13:47:44,mobile,US,a00085,pop
u00617,s000024,add_to_playlist,7,1,0,0,317,2025-06-24 00:25:50,mobile,US,a00065,latin
u00214,s000027,PLAY,5,0,0,0,180,2025-05-25 16:21:30,mobile,US,a00122,jazz
u00922,s000490,play,12,0,0,0,218,2025-09-15 20:21:10,mobile,US,a00141,rock
u00768,s000059,PLAY,15,0,0,0,232,2025-04-13 07:48:38,mobile,US,a00073,hip-hop
u00101,s000094,add_to_playlist,12,1,0,0,184,2025-06-01 14:01:37,mobile,US,a00150,pop
u00858,s000016,like,14,1,0,0,319,2025-04-23 03:06:29,mobile,US,a00037,pop
u00976,s000170,LIKE,11,1,0,0,263,2025-05-29 03:54:34,mobile,US,a00061,latin
u00277,s000012,play,15,0,0,0,215,2025-03-30 13:35:19,mobile,US,a00032,edm
u00724,s000290,add_to_playlist,11,1,0,0,200,2025-08-19 01:20:16,mobile,US,a00097,rock
u00050,s000037,play,13,0,0,0,377,2025-11-14 18:56:37,mobile,US,a00183,indie
u00952,s000010,play,9,0,0,0,386,2025-10-18 10:24:29,mobile,US,a00110,classical
u00871,s000154,like,6,1,0,0,302,2025-01-12 05:17:45,mobile,US,a00083,latin
u00363,s000435,play,19,0,0,0,218,2025-04-14 23:42:40,mobile,US,a00013,pop
u00217,s000005,play,8,0,0,0,266,2025-02-07 06:25:44,mobile,US,a00178,classical
u00407,s000210,SKIP,1,0,0,1,39,2025-04-17 08:42:27,mobile,US,a00064,rock
u00390,s000188,like,14,1,0,0,262,2025-12-28 16:41:29,mobile,US,a00165,jazz
u00780,s000297,PLAY,16,0,0,0,193,2025-11-12 05:59:35,mobile,US,a00041,rock
u00023,s000024,play,17,0,0,0,362,2025-03-21 10:43:39,mobile,US,a00065,latin
u00086,s000033,ADD_TO_PLAYLIST,6,1,0,0,374,2025-04-24 10:17:13,mobile,US,a00158,edm
u00212,s000385,SKIP,1,0,0,1,20,2025-03-19 23:55:09,mobile,US,a00188,hip-hop
u00101,s000016,play,6,0,0,0,260,2025-11-11 14:19:29,mobile,US,a00037,pop
u00981,s000036,PLAY,11,0,0,0,232,2025-08-04 03:31:48,mobile,US,a00179,latin
u00066,s000083,PLAY,8,0,0,0,349,2025-10-25 23:21:37,mobile,US,a00126,hip-hop
u00986,s000163,SKIP,1,0,0,1,53,2025-07-06 12:02:25,mobile,US,a00048,edm
u00163,s000171,skip,1,0,0,1,15,2025-10-25 11:10:33,mobile,US,a00031,jazz
u00724,s000021,PLAY,13,0,0,0,289,2025-06-04 15:01:07,mobile,US,a00032,rock
u00101,s000022,like,10,1,0,0,226,2025-02-11 17:57:24,mobile,US,a00195,pop
u00253,s000014,PLAY,11,0,0,0,339,2025-10-11 11:27:23,mobile,US,a00163,classical
u00487,s000006,play,6,0,0,0,311,2025-07-07 23:53:31,mobile,US,a00199,hip-hop
u00384,s000005,play,19,0,0,0,282,2025-09-21 18:19:09,mobile,US,a00178,classical
u00666,s000012,like,18,1,0,0,331,2025-04-24 23:15:55,mobile,US,a00032,edm
u00404,s000249,SKIP,1,0,0,1,47,2025-10-02 11:55:32,mobile,US,a00081,hip-hop
u00264,s000099,ADD_TO_PLAYLIST,14,1,0,0,320,2025-02-07 17:50:02,mobile,US,a00089,jazz
u00919,s000009,play,19,0,0,0,247,2025-04-29 22:47:50,mobile,US,a00014,latin
u00384,s000005,play,6,0,0,0,224,2025-02-27 04:42:52,mobile,US,a00178,classical
u00494,s000014,PLAY,10,0,0,0,355,2025-05-19 18:50:13,mobile,US,a00163,classical
u00040,s000013,like,13,1,0,0,185,2025-10-07 08:02:56,mobile,US,a00154,jazz
u00917,s000415,ADD_TO_PLAYLIST,13,1,0,0,195,2025-02-15 21:20:08,mobile,US,a00150,hip-hop
u00761,s000299,PLAY,16,0,0,0,345,2025-10-31 04:05:07,mobile,US,a00040,pop
u00316,s000045,ADD_TO_PLAYLIST,16,1,0,0,256,2025-01-31 07:13:59,mobile,US,a00075,jazz
u00849,s000033,play,14,0,0,0,209,2025-04-20 13:26:21,mobile,US,a00158,edm
u00050,s000050,skip,1,0,0,1,49,2025-12-01 06:05:17,mobile,US,a00114,pop
u00658,s000241,play,17,0,0,0,191,2025-06-15 07:32:30,mobile,US,a00084,hip-hop
u00905,s000402,PLAY,1,0,0,0,55,2025-12-20 09:04:08,mobile,US,a00088,rock
u00028,s000018,play,13,0,0,0,255,2025-06-13 00:44:57,mobile,US,a00096,latin
u00762,s000298,like,14,1,0,0,233,2025-10-03 12:08:10,mobile,US,a00099,classical
u00707,s000216,PLAY,1,0,0,0,5,2025-10-06 04:29:24,mobile,US,a00066,edm
u00420,s000221,like,15,1,0,0,241,2025-10-17 16:19:40,mobile,US,a00161,pop
u00015,s000164,play,10,0,0,0,386,2025-05-06 16:58:26,mobile,US,a00070,classical
u00476,s000130,skip,1,0,0,1,30,2025-04-28 23:07:14,mobile,US,a00016,pop
u00198,s000014,add_to_playlist,8,1,0,0,185,2025-07-08 03:17:58,mobile,US,a00163,classical
u00698,s000016,play,11,0,0,0,270,2025-02-01 22:46:44,mobile,US,a00037,pop
u00433,s000024,PLAY,19,0,0,0,357,2025-12-27 17:28:01,mobile,US,a00065,latin
u00553,s000383,add_to_playlist,10,1,0,0,381,2025-05-10 14:27:47,mobile,US,a00186,hip-hop
u00407,s000031,play,6,0,0,0,307,2025-05-15 04:24:28,mobile,US,a00037,latin
u00191,s000229,play,18,0,0,0,365,2025-09-21 22:33:49,mobile,US,a00143,jazz
u00237,s000077,skip,1,0,0,1,13,2025-11-10 03:41:43,mobile,US,a00099,rock
u00406,s000000,PLAY,5,0,0,0,376,2025-02-06 14:23:17,mobile,US,a00178,edm
u00554,s000490,PLAY,8,0,0,0,334,2025-12-11 08:06:50,mobile,US,a00141,rock
u00360,s000083,PLAY,17,0,0,0,349,2025-10-28 23:17:49,mobile,US,a00126,hip-hop
u00817,s000321,PLAY,14,0,0,0,351,2025-08-22 20:18:39,mobile,US,a00172,jazz
u00846,s000016,ADD_TO_PLAYLIST,12,1,0,0,354,2025-09-24 09:43:15,mobile,US,a00037,pop
u00373,s000009,PLAY,12,0,0,0,267,2025-04-30 02:39:18,mobile,US,a00014,latin
u00886,s000187,PLAY,17,0,0,0,340,2025-08-29 09:34:41,mobile,US,a00113,rock
u00125,s000018,like,9,1,0,0,184,2025-08-14 20:46:56,mobile,US,a00096,latin
u00698,s000022,play,17,0,0,0,336,2025-04-09 17:32:08,mobile,US,a00195,pop
u00852,s000011,add_to_playlist,11,1,0,0,248,2025-12-05 15:57:04,mobile,US,a00156,classical
u00878,s000322,PLAY,10,0,0,0,280,2025-05-25 19:18:45,mobile,US,a00144,classical
u00928,s000015,PLAY,8,0,0,0,298,2025-05-17 14:52:49,mobile,US,a00156,edm
u00148,s000469,add_to_playlist,8,1,0,0,382,2025-02-16 07:41:19,mobile,US,a00095,rock
u00283,s000030,add_to_playlist,17,1,0,0,328,2025-04-26 21:18:38,mobile,US,a00117,indie
u00166,s000024,PLAY,6,0,0,0,182,2025-11-01 18:58:01,mobile,US,a00065,latin
u00275,s000008,PLAY,13,0,0,0,253,2025-04-11 05:35:01,mobile,US,a00191,hip-hop
u00261,s000098,ADD_TO_PLAYLIST,15,1,0,0,189,2025-10-26 18:43:46,mobile,US,a00148,edm
u00718,s000245,ADD_TO_PLAYLIST,9,1,0,0,301,2025-10-21 00:21:15,mobile,US,a00146,latin
u00402,s000039,PLAY,11,0,0,0,240,2025-04-03 20:47:08,mobile,US,a00156,jazz
u00311,s000192,PLAY,1,0,0,0,59,2025-07-26 16:59:06,mobile,US,a00128,classical
u00906,s000071,add_to_playlist,14,1,0,0,245,2025-01-12 23:56:57,mobile,US,a00103,pop
u00189,s000441,PLAY,1,0,0,0,41,2025-09-08 08:00:31,mobile,US,a00097,pop
u00322,s000385,like,5,1,0,0,228,2025-07-16 20:52:41,mobile,US,a00188,hip-hop
u00617,s000405,play,18,0,0,0,388,2025-03-21 00:15:51,mobile,US,a00058,latin
u00969,s000013,play,17,0,0,0,378,2025-12-19 10:56:35,mobile,US,a00154,jazz
u00002,s000010,like,18,1,0,0,191,2025-07-02 22:37:31,mobile,US,a00110,classical
u00107,s000012,PLAY,1,0,0,0,57,2025-10-09 18:07:23,mobile,US,a00032,edm
u00871,s000130,play,1,0,0,0,48,2025-07-13 10:21:30,mobile,US,a00016,pop
u00055,s000442,PLAY,10,0,0,0,222,2025-07-30 19:18:13,mobile,US,a00130,hip-hop
u00847,s000026,PLAY,6,0,0,0,316,2025-03-19 21:16:41,mobile,US,a00004,pop
u00448,s000324,SKIP,1,0,0,1,37,2025-10-25 09:24:33,mobile,US,a00189,classical
u00039,s000459,PLAY,13,0,0,0,274,2025-08-10 15:46:27,mobile,US,a00125,jazz
u00120,s000036,play,10,0,0,0,314,2025-09-07 15:16:03,mobile,US,a00179,latin
u00740,s000030,play,12,0,0,0,374,2025-03-07 19:45:39,mobile,US,a00117,indie
u00437,s000031,ADD_TO_PLAYLIST,9,1,0,0,210,2025-12-11 16:19:14,mobile,US,a00037,latin
u00532,s000002,play,19,0,0,0,392,2025-01-13 01:20:39,mobile,US,a00133,rock
u00883,s000144,play,1,0,0,0,35,2025-06-18 14:31:25,mobile,US,a00176,hip-hop
u00607,s000237,play,7,0,0,0,313,2025-10-17 20:28:11,mobile,US,a00073,latin
u00501,s000014,play,14,0,0,0,386,2025-09-12 00:29:01,mobile,US,a00163,classical
u00091,s000249,play,16,0,0,0,366,2025-04-29 12:32:11,mobile,US,a00081,hip-hop
u00920,s000412,LIKE,15,1,0,0,350,2025-05-04 07:58:44,mobile,US,a00015,classical
u00474,s000027,play,19,0,0,0,375,2025-10-08 23:36:27,mobile,US,a00122,jazz
u00755,s000015,play,18,0,0,0,336,2025-10-19 08:55:59,mobile,US,a00156,edm
u00456,s000012,PLAY,11,0,0,0,221,2025-08-31 01:52:38,mobile,US,a00032,edm
u00051,s000180,PLAY,11,0,0,0,260,2025-05-03 20:48:40,mobile,US,a00017,edm
u00420,s000008,SKIP,1,0,0,1,40,2025-03-06 06:21:05,mobile,US,a00191,hip-hop
u00787,s000009,add_to_playlist,19,1,0,0,208,2025-09-02 06:27:38,mobile,US,a00014,latin
u00366,s000363,PLAY,13,0,0,0,211,2025-11-01 21:30:19,mobile,US,a00039,edm
u00283,s000030,ADD_TO_PLAYLIST,19,1,0,0,209,2025-02-20 07:43:33,mobile,US,a00117,indie
u00342,s000045,PLAY,10,0,0,0,385,2025-11-16 00:59:57,mobile,US,a00075,jazz
u00651,s000189,play,7,0,0,0,387,2025-02-08 22:58:48,mobile,US,a00178,latin
u00633,s000079,like,18,1,0,0,345,2025-08-23 03:27:00,mobile,US,a00132,rock
u00648,s000317,play,5,0,0,0,285,2025-01-02 07:12:11,mobile,US,a00011,latin
u00066,s000083,LIKE,15,1,0,0,279,2025-02-01 05:16:31,mobile,US,a00126,hip-hop
u00321,s000161,play,19,0,0,0,347,2025-03-21 22:40:15,mobile,US,a00188,classical
u00780,s000411,SKIP,1,0,0,1,38,2025-05-16 22:53:40,mobile,US,a00009,pop
u00833,s000472,SKIP,1,0,0,1,40,2025-03-04 08:05:13,mobile,US,a00045,rock
u00596,s000476,skip,1,0,0,1,16,2025-03-30 11:30:04,mobile,US,a00184,indie
u00297,s000030,LIKE,12,1,0,0,267,2025-09-02 01:59:40,mobile,US,a00117,indie
u00825,s000292,ADD_TO_PLAYLIST,11,1,0,0,253,2025-08-29 00:18:12,mobile,US,a00074,hip-hop
u00222,s000216,LIKE,17,1,0,0,364,2025-11-21 22:56:35,mobile,US,a00066,edm
u00262,s000007,PLAY,6,0,0,0,219,2025-07-01 16:25:36,mobile,US,a00041,classical
u00400,s000484,PLAY,1,0,0,0,19,2025-07-13 11:51:29,mobile,US,a00083,indie
u00698,s000022,play,8,0,0,0,392,2025-03-06 22:24:33,mobile,US,a00195,pop
u00861,s000320,SKIP,1,0,0,1,15,2025-05-30 16:47:52,mobile,US,a00137,latin
u00812,s000032,play,13,0,0,0,232,2025-07-08 15:19:20,mobile,US,a00140,rock
u00490,s000125,ADD_TO_PLAYLIST,17,1,0,0,303,2025-03-29 08:01:00,mobile,US,a00037,latin
u00410,s000094,play,1,0,0,0,24,2025-02-12 17:56:04,mobile,US,a00150,pop
u00459,s000134,play,5,0,0,0,352,2025-09-02 10:02:14,mobile,US,a00107,jazz
u00359,s000013,play,13,0,0,0,261,2025-08-08 11:19:19,mobile,US,a00154,jazz
u00213,s000260,PLAY,12,0,0,0,197,2025-12-08 06:22:59,mobile,US,a00019,indie
u00245,s000129,skip,1,0,0,1,42,2025-03-01 16:49:00,mobile,US,a00090,pop
u00847,s000435,add_to_playlist,7,1,0,0,304,2025-10-15 06:04:01,mobile,US,a00013,pop
u00760,s000350,LIKE,7,1,0,0,299,2025-10-21 04:55:22,mobile,US,a00151,hip-hop
u00957,s000021,PLAY,12,0,0,0,199,2025-01-21 23:01:04,mobile,US,a00032,rock
u00999,s000378,SKIP,1,0,0,1,55,2025-10-03 08:55:21,mobile,US,a00097,edm
u00462,s000002,SKIP,1,0,0,1,51,2025-10-24 16:38:44,mobile,US,a00133,rock
u00999,s000045,play,7,0,0,0,209,2025-05-01 02:13:10,mobile,US,a00075,jazz
u00256,s000001,play,10,0,0,0,256,2025-11-24 16:10:54,mobile,US,a00197,indie
u00382,s000083,PLAY,15,0,0,0,203,2025-05-31 12:00:56,mobile,US,a00126,hip-hop
u00737,s000158,skip,1,0,0,1,9,2025-04-18 16:15:12,mobile,US,a00117,hip-hop
u00337,s000017,PLAY,17,0,0,0,356,2025-05-07 01:23:15,mobile,US,a00184,jazz
u00776,s000086,PLAY,14,0,0,0,219,2025-04-26 17:42:36,mobile,US,a00030,rock
u00474,s000411,SKIP,1,0,0,1,33,2025-03-09 13:06:38,mobile,US,a00009,pop
u00022,s000022,ADD_TO_PLAYLIST,6,1,0,0,383,2025-06-16 22:54:31,mobile,US,a00195,pop
u00252,s000090,play,9,0,0,0,292,2025-03-04 20:02:58,mobile,US,a00028,hip-hop
u00153,s000045,LIKE,8,1,0,0,337,2025-10-24 21:48:25,mobile,US,a00075,jazz
u00781,s000219,like,19,1,0,0,239,2025-10-18 11:52:06,mobile,US,a00091,jazz
u00846,s000016,add_to_playlist,15,1,0,0,237,2025-09-28 18:07:19,mobile,US,a00037,pop
u00307,s000303,skip,1,0,0,1,27,2025-06-23 01:58:59,mobile,US,a00164,edm
u00978,s000036,play,17,0,0,0,258,2025-08-26 03:40:29,mobile,US,a00179,latin
u00839,s000007,LIKE,13,1,0,0,223,2025-11-30 04:15:41,mobile,US,a00041,classical
u00225,s000026,LIKE,19,1,0,0,244,2025-09-09 00:06:50,mobile,US,a00004,pop
u00371,s000036,ADD_TO_PLAYLIST,13,1,0,0,251,2025-08-03 23:10:52,mobile,US,a00179,latin
u00875,s000045,ADD_TO_PLAYLIST,16,1,0,0,225,2025-09-30 23:09:35,mobile,US,a00075,jazz
u00700,s000035,add_to_playlist,14,1,0,0,216,2025-05-29 06:28:24,mobile,US,a00108,pop
u00014,s000098,PLAY,1,0,0,0,29,2025-09-19 06:38:14,mobile,US,a00148,edm
u00709,s000024,PLAY,6,0,0,0,207,2025-09-23 06:12:38,mobile,US,a00065,latin
u00116,s000002,play,8,0,0,0,301,2025-08-07 09:11:20,mobile,US,a00133,rock
u00012,s000013,PLAY,5,0,0,0,368,2025-10-01 23:40:28,mobile,US,a00154,jazz
u00400,s000031,PLAY,8,0,0,0,211,2025-02-05 11:20:48,mobile,US,a00037,latin
u00125,s000024,like,10,1,0,0,335,2025-12-22 05:50:04,mobile,US,a00065,latin
u00160,s000042,add_to_playlist,11,1,0,0,390,2025-11-14 15:46:21,mobile,US,a00156,indie
u00047,s000116,PLAY,17,0,0,0,181,2025-10-10 00:00:01,mobile,US,a00056,indie
u00468,s000007,LIKE,6,1,0,0,394,2025-05-03 18:39:12,mobile,US,a00041,classical
u00691,s000000,like,14,1,0,0,352,2025-01-23 10:34:53,mobile,US,a00178,edm
u00365,s000042,PLAY,13,0,0,0,240,2025-06-12 23:02:44,mobile,US,a00156,indie
u00547,s000470,SKIP,1,0,0,1,50,2025-09-18 06:22:26,mobile,US,a00122,classical
u00080,s000042,play,18,0,0,0,228,2025-03-05 20:22:47,mobile,US,a00156,indie
u00079,s000390,PLAY,1,0,0,0,27,2025-11-09 03:04:36,mobile,US,a00046,pop
u00602,s000008,ADD_TO_PLAYLIST,12,1,0,0,339,2025-07-23 02:43:58,mobile,US,a00191,hip-hop
u00456,s000467,LIKE,17,1,0,0,258,2025-05-15 04:09:55,mobile,US,a00017,edm
u00436,s000009,PLAY,10,0,0,0,276,2025-10-27 16:02:17,mobile,US,a00014,latin
u00308,s000351,add_to_playlist,8,1,0,0,283,2025-08-29 00:38:46,mobile,US,a00149,latin
u00392,s000018,play,5,0,0,0,297,2025-07-04 00:02:52,mobile,US,a00096,latin
u00303,s000000,LIKE,9,1,0,0,282,2025-12-29 14:05:20,mobile,US,a00178,edm
u00457,s000100,PLAY,1,0,0,0,13,2025-07-05 23:56:45,mobile,US,a00109,jazz
u00170,s000036,like,8,1,0,0,236,2025-09-29 11:06:48,mobile,US,a00179,latin
u00842,s000021,ADD_TO_PLAYLIST,7,1,0,0,283,2025-03-22 12:56:16,mobile,US,a00032,rock
u00673,s000025,PLAY,6,0,0,0,349,2025-09-26 09:38:15,mobile,US,a00009,edm
u00149,s000036,play,18,0,0,0,343,2025-02-01 08:16:14,mobile,US,a00179,latin
u00337,s000045,add_to_playlist,17,1,0,0,301,2025-03-18 10:29:44,mobile,US,a00075,jazz
u00750,s000470,play,1,0,0,0,53,2025-08-03 20:38:22,mobile,US,a00122,classical
u00393,s000036,PLAY,5,0,0,0,224,2025-01-04 08:11:28,mobile,US,a00179,latin
u00622,s000030,PLAY,8,0,0,0,351,2025-05-08 16:19:42,mobile,US,a00117,indie
u00772,s000032,add_to_playlist,13,1,0,0,288,2025-04-23 04:32:50,mobile,US,a00140,rock
u00477,s000470,play,1,0,0,0,7,2025-07-22 06:54:36,mobile,US,a00122,classical
u00290,s000258,play,1,0,0,0,33,2025-01-12 17:06:27,mobile,US,a00118,latin
u00417,s000364,skip,1,0,0,1,36,2025-12-27 11:12:40,mobile,US,a00016,latin
u00924,s000086,add_to_playlist,16,1,0,0,317,2025-01-24 11:02:33,mobile,US,a00030,rock
u00722,s000090,PLAY,17,0,0,0,304,2025-03-30 01:37:26,mobile,US,a00028,hip-hop
u00114,s000115,add_to_playlist,16,1,0,0,242,2025-05-15 12:55:27,mobile,US,a00179,indie
u00443,s000036,PLAY,14,0,0,0,218,2025-04-14 12:19:05,mobile,US,a00179,latin
u00398,s000018,LIKE,9,1,0,0,342,2025-12-20 23:11:19,mobile,US,a00096,latin
u00926,s000010,PLAY,13,0,0,0,247,2025-06-23 02:49:59,mobile,US,a00110,classical
u00699,s000017,like,7,1,0,0,246,2025-03-21 18:36:45,mobile,US,a00184,jazz
u00971,s000484,PLAY,5,0,0,0,325,2025-02-12 08:05:45,mobile,US,a00083,indie
u00684,s000002,play,5,0,0,0,214,2025-02-27 21:27:55,mobile,US,a00133,rock
u00065,s000023,add_to_playlist,16,1,0,0,277,2025-12-05 06:11:30,mobile,US,a00085,pop
u00479,s000390,PLAY,1,0,0,0,55,2025-01-30 20:55:55,mobile,US,a00046,pop
u00305,s000327,add_to_playlist,16,1,0,0,353,2025-03-28 03:54:10,mobile,US,a00063,classical
u00773,s000415,ADD_TO_PLAYLIST,18,1,0,0,320,2025-05-14 07:47:19,mobile,US,a00150,hip-hop
u00490,s000009,play,17,0,0,0,186,2025-06-12 13:21:31,mobile,US,a00014,latin
u00683,s000090,PLAY,7,0,0,0,340,2025-11-14 07:06:32,mobile,US,a00028,hip-hop
u00299,s000036,play,15,0,0,0,189,2025-10-08 20:52:10,mobile,US,a00179,latin
u00881,s000000,like,14,1,0,0,348,2025-06-26 12:40:56,mobile,US,a00178,edm
u00357,s000018,like,11,1,0,0,335,2025-04-24 05:05:40,mobile,US,a00096,latin
u00910,s000013,LIKE,5,1,0,0,215,2025-06-20 04:08:55,mobile,US,a00154,jazz
u00229,s000007,ADD_TO_PLAYLIST,16,1,0,0,328,2025-08-19 17:00:29,mobile,US,a00041,classical
u00686,s000025,PLAY,5,0,0,0,254,2025-02-23 04:25:59,mobile,US,a00009,edm
u00268,s000037,like,9,1,0,0,393,2025-10-03 16:15:06,mobile,US,a00183,indie
u00818,s000059,LIKE,19,1,0,0,324,2025-05-24 01:28:21,mobile,US,a00073,hip-hop
u00733,s000112,PLAY,19,0,0,0,192,2025-04-02 16:21:33,mobile,US,a00174,latin
u00299,s000246,skip,1,0,0,1,31,2025-12-18 18:40:56,mobile,US,a00035,edm
u00277,s000305,SKIP,1,0,0,1,40,2025-10-11 15:29:01,mobile,US,a00121,indie
u00421,s000026,PLAY,7,0,0,0,306,2025-06-29 23:56:07,mobile,US,a00004,pop
u00284,s000026,PLAY,18,0,0,0,376,2025-07-22 12:50:47,mobile,US,a00004,pop
u00613,s000035,LIKE,15,1,0,0,379,2025-08-22 13:46:28,mobile,US,a00108,pop
u00304,s000035,like,16,1,0,0,384,2025-08-26 20:04:10,mobile,US,a00108,pop
u00903,s000116,play,7,0,0,0,183,2025-02-19 15:56:07,mobile,US,a00056,indie
u00404,s000142,play,19,0,0,0,333,2025-09-17 02:27:02,mobile,US,a00087,latin
u00889,s000021,play,12,0,0,0,216,2025-07-16 19:29:18,mobile,US,a00032,rock
u00894,s000159,like,19,1,0,0,333,2025-07-13 00:28:04,mobile,US,a00085,hip-hop
u00592,s000081,LIKE,19,1,0,0,298,2025-06-21 19:45:44,mobile,US,a00036,classical
u00513,s000425,LIKE,11,1,0,0,277,2025-03-07 09:52:19,mobile,US,a00175,edm
u00405,s000090,add_to_playlist,8,1,0,0,268,2025-04-07 05:38:36,mobile,US,a00028,hip-hop
u00952,s000007,play,10,0,0,0,266,2025-01-02 16:59:08,mobile,US,a00041,classical
u00803,s000002,PLAY,7,0,0,0,332,2025-07-13 16:55:32,mobile,US,a00133,rock
u00382,s000006,PLAY,15,0,0,0,183,2025-12-13 03:10:36,mobile,US,a00199,hip-hop
u00430,s000004,like,16,1,0,0,259,2025-02-14 11:18:51,mobile,US,a00134,rock
u00726,s000027,PLAY,15,0,0,0,234,2025-06-17 18:06:53,mobile,US,a00122,jazz
u00874,s000022,LIKE,12,1,0,0,398,2025-01-08 10:35:27,mobile,US,a00195,pop
u00813,s000090,PLAY,10,0,0,0,183,2025-02-09 15:25:33,mobile,US,a00028,hip-hop
u00285,s000045,LIKE,19,1,0,0,207,2025-07-09 12:05:46,mobile,US,a00075,jazz
u00472,s000013,PLAY,11,0,0,0,249,2025-11-18 18:15:58,mobile,US,a00154,jazz
u00692,s000011,like,12,1,0,0,299,2025-11-17 03:59:59,mobile,US,a00156,classical
u00177,s000027,PLAY,11,0,0,0,251,2025-03-17 12:37:48,mobile,US,a00122,jazz
u00965,s000086,add_to_playlist,18,1,0,0,232,2025-10-13 19:28:38,mobile,US,a00030,rock
u00136,s000004,PLAY,19,0,0,0,392,2025-10-05 17:26:37,mobile,US,a00134,rock
u00970,s000012,skip,1,0,0,1,44,2025-09-27 20:02:52,mobile,US,a00032,edm
u00554,s000032,like,14,1,0,0,287,2025-12-01 22:10:07,mobile,US,a00140,rock
u00806,s000031,ADD_TO_PLAYLIST,9,1,0,0,202,2025-04-20 20:50:18,mobile,US,a00037,latin
u00851,s000016,PLAY,6,0,0,0,183,2025-03-02 21:53:56,mobile,US,a00037,pop
u00816,s000040,SKIP,1,0,0,1,56,2025-10-10 10:38:49,mobile,US,a00135,classical
u00546,s000032,play,1,0,0,0,48,2025-12-09 01:03:51,mobile,US,a00140,rock
u00965,s000060,add_to_playlist,13,1,0,0,315,2025-01-26 08:14:36,mobile,US,a00103,rock
u00909,s000025,play,17,0,0,0,387,2025-11-11 00:44:10,mobile,US,a00009,edm
u00713,s000279,ADD_TO_PLAYLIST,13,1,0,0,239,2025-02-22 12:29:27,mobile,US,a00008,hip-hop
u00230,s000012,PLAY,14,0,0,0,208,2025-03-18 21:04:32,mobile,US,a00032,edm
u00702,s000483,play,19,0,0,0,180,2025-10-01 05:35:23,mobile,US,a00102,rock
u00701,s000009,PLAY,15,0,0,0,313,2025-06-15 21:21:51,mobile,US,a00014,latin
u00596,s000252,PLAY,1,0,0,0,49,2025-08-15 03:54:41,mobile,US,a00046,latin
u00545,s000009,PLAY,5,0,0,0,289,2025-08-10 02:28:02,mobile,US,a00014,latin
u00952,s000030,play,1,0,0,0,16,2025-08-25 02:41:44,mobile,US,a00117,indie
u00022,s000016,ADD_TO_PLAYLIST,13,1,0,0,283,2025-08-27 18:43:25,mobile,US,a00037,pop
u00523,s000037,PLAY,6,0,0,0,375,2025-07-21 16:51:29,mobile,US,a00183,indie
u00174,s000018,LIKE,10,1,0,0,365,2025-08-04 21:29:10,mobile,US,a00096,latin
u00142,s000241,play,6,0,0,0,264,2025-01-07 06:58:46,mobile,US,a00084,hip-hop
u00845,s000310,skip,1,0,0,1,49,2025-12-16 16:16:02,mobile,US,a00085,jazz
u00733,s000414,skip,1,0,0,1,42,2025-10-01 08:24:37,mobile,US,a00144,pop
u00924,s000021,ADD_TO_PLAYLIST,10,1,0,0,209,2025-07-16 12:21:55,mobile,US,a00032,rock
u00384,s000007,ADD_TO_PLAYLIST,12,1,0,0,319,2025-07-16 18:17:27,mobile,US,a00041,classical
u00030,s000010,LIKE,16,1,0,0,362,2025-07-18 20:49:26,mobile,US,a00110,classical
u00339,s000008,add_to_playlist,12,1,0,0,303,2025-02-02 01:03:06,mobile,US,a00191,hip-hop
u00043,s000488,SKIP,1,0,0,1,13,2025-06-19 11:54:36,mobile,US,a00002,rock
u00307,s000354,ADD_TO_PLAYLIST,8,1,0,0,284,2025-06-22 15:44:55,mobile,US,a00032,pop
u00541,s000092,SKIP,1,0,0,1,48,2025-04-09 08:52:08,mobile,US,a00040,latin
u00966,s000005,ADD_TO_PLAYLIST,12,1,0,0,180,2025-05-27 01:03:26,mobile,US,a00178,classical
u00676,s000083,PLAY,11,0,0,0,371,2025-12-04 13:51:16,mobile,US,a00126,hip-hop
u00575,s000000,like,17,1,0,0,336,2025-08-18 10:06:41,mobile,US,a00178,edm
u00971,s000030,LIKE,13,1,0,0,210,2025-02-01 21:43:37,mobile,US,a00117,indie
u00156,s000001,ADD_TO_PLAYLIST,15,1,0,0,365,2025-04-18 13:32:40,mobile,US,a00197,indie
u00512,s000355,skip,1,0,0,1,18,2025-04-29 00:49:11,mobile,US,a00035,hip-hop
u00110,s000372,PLAY,15,0,0,0,215,2025-11-26 02:31:05,mobile,US,a00034,latin
u00519,s000022,PLAY,7,0,0,0,302,2025-03-28 05:03:57,mobile,US,a00195,pop
u00831,s000402,play,1,0,0,0,22,2025-01-07 01:42:37,mobile,US,a00088,rock
u00053,s000090,like,9,1,0,0,296,2025-01-28 01:05:03,mobile,US,a00028,hip-hop
u00938,s000033,play,8,0,0,0,248,2025-12-19 15:23:19,mobile,US,a00158,edm
u00589,s000010,LIKE,19,1,0,0,315,2025-11-20 10:39:49,mobile,US,a00110,classical
u00791,s000009,play,9,0,0,0,399,2025-08-10 10:06:22,mobile,US,a00014,latin
u00454,s000005,PLAY,6,0,0,0,294,2025-02-24 20:49:59,mobile,US,a00178,classical
u00085,s000017,ADD_TO_PLAYLIST,17,1,0,0,342,2025-06-28 02:39:48,mobile,US,a00184,jazz
u00405,s000008,add_to_playlist,10,1,0,0,274,2025-08-16 12:01:31,mobile,US,a00191,hip-hop
u00941,s000005,PLAY,8,0,0,0,297,2025-06-13 23:04:12,mobile,US,a00178,classical
u00586,s000145,play,7,0,0,0,339,2025-10-02 23:05:11,mobile,US,a00028,edm
u00215,s000011,LIKE,17,1,0,0,279,2025-09-01 08:32:39,mobile,US,a00156,classical
u00057,s000144,PLAY,1,0,0,0,8,2025-10-22 15:35:25,mobile,US,a00176,hip-hop
u00088,s000083,PLAY,15,0,0,0,307,2025-07-13 04:21:40,mobile,US,a00126,hip-hop
u00384,s000291,ADD_TO_PLAYLIST,11,1,0,0,350,2025-06-04 01:20:03,mobile,US,a00036,classical
u00465,s000465,skip,1,0,0,1,41,2025-08-20 06:31:13,mobile,US,a00012,edm
u00294,s000255,play,7,0,0,0,248,2025-07-12 08:25:57,mobile,US,a00010,pop
u00499,s000006,play,8,0,0,0,305,2025-12-23 05:21:15,mobile,US,a00199,hip-hop
u00958,s000414,like,7,1,0,0,281,2025-12-24 16:45:14,mobile,US,a00144,pop
u00390,s000013,ADD_TO_PLAYLIST,9,1,0,0,245,2025-07-19 13:09:24,mobile,US,a00154,jazz
u00827,s000091,skip,1,0,0,1,39,2025-08-18 04:46:04,mobile,US,a00039,indie
u00053,s000398,ADD_TO_PLAYLIST,17,1,0,0,307,2025-07-06 07:30:26,mobile,US,a00117,hip-hop
u00983,s000011,PLAY,18,0,0,0,238,2025-05-26 04:48:47,mobile,US,a00156,classical
u00481,s000012,like,16,1,0,0,391,2025-11-25 21:48:25,mobile,US,a00032,edm
u00241,s000063,PLAY,1,0,0,0,22,2025-11-11 19:25:36,mobile,US,a00199,classical
u00452,s000000,LIKE,5,1,0,0,397,2025-04-17 15:33:38,mobile,US,a00178,edm
u00282,s000033,ADD_TO_PLAYLIST,11,1,0,0,185,2025-01-26 14:19:12,mobile,US,a00158,edm
u00145,s000020,play,12,0,0,0,391,2025-01-26 21:04:42,mobile,US,a00182,indie
u00932,s000490,ADD_TO_PLAYLIST,6,1,0,0,367,2025-05-10 02:49:34,mobile,US,a00141,rock
u00315,s000018,PLAY,11,0,0,0,242,2025-01-30 12:14:04,mobile,US,a00096,latin
u00813,s000396,play,1,0,0,0,18,2025-12-21 20:55:49,mobile,US,a00148,jazz
u00685,s000339,like,17,1,0,0,240,2025-09-05 11:59:18,mobile,US,a00010,edm
u00388,s000021,PLAY,12,0,0,0,397,2025-12-17 10:57:28,mobile,US,a00032,rock
u00371,s000036,LIKE,10,1,0,0,191,2025-10-02 07:58:44,mobile,US,a00179,latin
u00013,s000039,ADD_TO_PLAYLIST,13,1,0,0,309,2025-04-28 18:24:35,mobile,US,a00156,jazz
u00461,s000011,play,10,0,0,0,349,2025-03-06 15:41:16,mobile,US,a00156,classical
u00733,s000447,PLAY,10,0,0,0,259,2025-04-09 22:23:51,mobile,US,a00107,latin
u00298,s000246,SKIP,1,0,0,1,47,2025-05-05 10:28:08,mobile,US,a00035,edm
u00000,s000087,SKIP,1,0,0,1,8,2025-06-16 14:36:29,mobile,US,a00121,latin
u00327,s000020,ADD_TO_PLAYLIST,16,1,0,0,183,2025-06-08 20:35:38,mobile,US,a00182,indie
u00800,s000032,LIKE,9,1,0,0,211,2025-01-01 13:25:32,mobile,US,a00140,rock
u00411,s000186,LIKE,12,1,0,0,339,2025-08-08 13:20:24,mobile,US,a00112,latin
u00224,s000427,play,1,0,0,0,7,2025-09-12 20:20:07,mobile,US,a00058,jazz
u00996,s000362,LIKE,11,1,0,0,341,2025-10-16 16:05:21,mobile,US,a00072,rock
u00405,s000008,PLAY,9,0,0,0,399,2025-06-11 12:02:28,mobile,US,a00191,hip-hop
u00982,s000059,like,16,1,0,0,232,2025-07-29 08:02:13,mobile,US,a00073,hip-hop
u00083,s000438,PLAY,10,0,0,0,283,2025-07-18 01:57:47,mobile,US,a00107,latin
u00523,s000162,PLAY,1,0,0,0,14,2025-03-24 19:20:08,mobile,US,a00103,pop
u00770,s000005,add_to_playlist,6,1,0,0,194,2025-08-16 17:20:36,mobile,US,a00178,classical
u00966,s000014,add_to_playlist,12,1,0,0,312,2025-07-01 12:12:15,mobile,US,a00163,classical
u00824,s000024,play,5,0,0,0,382,2025-06-03 11:40:39,mobile,US,a00065,latin
u00165,s000047,ADD_TO_PLAYLIST,12,1,0,0,387,2025-03-29 09:47:01,mobile,US,a00129,rock
u00952,s000007,like,13,1,0,0,366,2025-09-14 05:41:30,mobile,US,a00041,classical
u00026,s000025,PLAY,9,0,0,0,258,2025-11-21 20:02:38,mobile,US,a00009,edm
u00531,s000018,add_to_playlist,17,1,0,0,392,2025-08-12 04:39:59,mobile,US,a00096,latin
u00456,s000025,play,12,0,0,0,224,2025-07-29 04:00:48,mobile,US,a00009,edm
u00883,s000009,like,13,1,0,0,251,2025-09-16 06:39:38,mobile,US,a00014,latin
u00076,s000090,LIKE,15,1,0,0,326,2025-05-11 09:36:09,mobile,US,a00028,hip-hop
u00527,s000465,SKIP,1,0,0,1,46,2025-12-21 12:59:32,mobile,US,a00012,edm
u00930,s000279,PLAY,1,0,0,0,16,2025-05-16 10:52:02,mobile,US,a00008,hip-hop
u00996,s000032,ADD_TO_PLAYLIST,6,1,0,0,317,2025-07-01 15:32:10,mobile,US,a00140,rock
u00605,s000039,PLAY,9,0,0,0,374,2025-05-02 08:21:31,mobile,US,a00156,jazz
u00594,s000090,like,14,1,0,0,205,2025-04-04 08:37:36,mobile,US,a00028,hip-hop
u00289,s000177,play,10,0,0,0,289,2025-01-17 14:28:40,mobile,US,a00143,latin
u00311,s000001,play,15,0,0,0,312,2025-03-05 14:12:29,mobile,US,a00197,indie
u00096,s000026,add_to_playlist,10,1,0,0,335,2025-07-14 20:16:35,mobile,US,a00004,pop
u00304,s000469,SKIP,1,0,0,1,6,2025-05-18 13:12:38,mobile,US,a00095,rock
u00703,s000477,ADD_TO_PLAYLIST,10,1,0,0,299,2025-02-02 01:34:34,mobile,US,a00015,latin
u00408,s000381,LIKE,16,1,0,0,283,2025-06-30 15:50:56,mobile,US,a00100,hip-hop
u00284,s000280,PLAY,17,0,0,0,277,2025-05-31 17:40:40,mobile,US,a00039,pop
u00509,s000072,play,13,0,0,0,398,2025-07-16 23:34:44,mobile,US,a00189,pop
u00891,s000020,add_to_playlist,8,1,0,0,226,2025-10-29 06:52:28,mobile,US,a00182,indie
u00320,s000024,play,11,0,0,0,220,2025-07-31 13:21:08,mobile,US,a00065,latin
u00024,s000481,skip,1,0,0,1,58,2025-04-25 21:23:35,mobile,US,a00157,classical
u00385,s000018,LIKE,16,1,0,0,380,2025-10-22 13:25:11,mobile,US,a00096,latin
u00403,s000004,LIKE,12,1,0,0,242,2025-07-12 14:43:10,mobile,US,a00134,rock
u00922,s000003,like,18,1,0,0,355,2025-09-07 13:08:14,mobile,US,a00066,rock
u00375,s000116,SKIP,1,0,0,1,51,2025-11-24 15:12:09,mobile,US,a00056,indie
u00321,s000240,LIKE,6,1,0,0,214,2025-04-08 15:40:25,mobile,US,a00150,classical
u00597,s000001,ADD_TO_PLAYLIST,7,1,0,0,398,2025-12-30 12:38:16,mobile,US,a00197,indie
u00081,s000083,LIKE,10,1,0,0,395,2025-01-25 23:28:37,mobile,US,a00126,hip-hop
u00531,s000024,play,18,0,0,0,221,2025-07-24 11:31:19,mobile,US,a00065,latin
u00483,s000140,PLAY,5,0,0,0,330,2025-12-04 14:44:54,mobile,US,a00179,edm
u00235,s000083,play,6,0,0,0,262,2025-04-11 17:46:49,mobile,US,a00126,hip-hop
u00088,s000288,LIKE,12,1,0,0,387,2025-04-19 23:34:18,mobile,US,a00028,hip-hop
u00640,s000025,play,17,0,0,0,317,2025-09-07 17:02:51,mobile,US,a00009,edm
u00881,s000015,PLAY,9,0,0,0,249,2025-07-27 16:01:08,mobile,US,a00156,edm
u00130,s000410,play,6,0,0,0,340,2025-11-26 16:16:38,mobile,US,a00031,hip-hop
u00708,s000009,ADD_TO_PLAYLIST,19,1,0,0,189,2025-04-07 07:55:17,mobile,US,a00014,latin
u00852,s000010,play,11,0,0,0,291,2025-12-01 09:30:45,mobile,US,a00110,classical
u00611,s000016,ADD_TO_PLAYLIST,19,1,0,0,367,2025-07-07 02:13:33,mobile,US,a00037,pop
u00345,s000001,add_to_playlist,19,1,0,0,302,2025-06-12 18:59:39,mobile,US,a00197,indie
u00899,s000045,add_to_playlist,10,1,0,0,365,2025-09-10 11:48:50,mobile,US,a00075,jazz
u00935,s000109,SKIP,1,0,0,1,46,2025-07-29 05:45:26,mobile,US,a00167,jazz
u00009,s000023,play,11,0,0,0,342,2025-01-18 19:18:09,mobile,US,a00085,pop
u00681,s000382,PLAY,1,0,0,0,44,2025-11-25 05:15:19,mobile,US,a00043,jazz
u00403,s000003,ADD_TO_PLAYLIST,13,1,0,0,285,2025-04-16 23:25:56,mobile,US,a00066,rock
u00624,s000137,PLAY,1,0,0,0,48,2025-09-28 09:38:13,mobile,US,a00151,pop
u00525,s000224,play,1,0,0,0,21,2025-08-06 03:50:43,mobile,US,a00087,rock
u00239,s000284,play,1,0,0,0,33,2025-09-21 21:12:01,mobile,US,a00021,indie
u00302,s000013,PLAY,11,0,0,0,311,2025-01-07 10:20:15,mobile,US,a00154,jazz
u00134,s000068,SKIP,1,0,0,1,24,2025-10-12 21:35:12,mobile,US,a00106,classical
u00399,s000145,SKIP,1,0,0,1,16,2025-04-23 03:05:32,mobile,US,a00028,edm
u00153,s000444,play,18,0,0,0,277,2025-10-13 05:58:22,mobile,US,a00170,jazz
u00702,s000454,add_to_playlist,5,1,0,0,258,2025-10-21 09:58:31,mobile,US,a00140,rock
u00897,s000059,PLAY,19,0,0,0,286,2025-05-11 22:42:53,mobile,US,a00073,hip-hop
u00065,s000016,PLAY,10,0,0,0,382,2025-01-26 19:27:49,mobile,US,a00037,pop
u00141,s000003,LIKE,10,1,0,0,242,2025-11-21 04:14:45,mobile,US,a00066,rock
u00382,s000159,add_to_playlist,11,1,0,0,312,2025-01-11 03:43:49,mobile,US,a00085,hip-hop
u00422,s000033,like,14,1,0,0,351,2025-11-08 21:22:39,mobile,US,a00158,edm
u00334,s000015,play,6,0,0,0,300,2025-01-16 03:26:16,mobile,US,a00156,edm
u00927,s000090,like,19,1,0,0,316,2025-12-30 16:54:54,mobile,US,a00028,hip-hop
u00289,s000154,LIKE,10,1,0,0,227,2025-10-05 12:24:37,mobile,US,a00083,latin
u00900,s000102,play,1,0,0,0,14,2025-09-25 20:48:06,mobile,US,a00181,hip-hop
u00085,s000346,add_to_playlist,5,1,0,0,387,2025-01-17 21:09:48,mobile,US,a00053,jazz
u00594,s000217,skip,1,0,0,1,39,2025-12-05 14:38:00,mobile,US,a00050,pop
u00417,s000035,like,16,1,0,0,339,2025-06-21 12:55:45,mobile,US,a00108,pop
u00043,s000009,like,5,1,0,0,276,2025-06-21 00:20:50,mobile,US,a00014,latin
u00950,s000045,like,12,1,0,0,211,2025-04-30 03:21:24,mobile,US,a00075,jazz
u00129,s000277,skip,1,0,0,1,56,2025-01-23 22:10:45,mobile,US,a00114,indie
u00464,s000006,ADD_TO_PLAYLIST,11,1,0,0,212,2025-02-25 18:20:40,mobile,US,a00199,hip-hop
u00068,s000090,add_to_playlist,14,1,0,0,221,2025-04-14 13:41:09,mobile,US,a00028,hip-hop
u00418,s000031,PLAY,8,0,0,0,272,2025-01-27 01:42:30,mobile,US,a00037,latin
u00469,s000483,play,1,0,0,0,6,2025-09-10 17:46:22,mobile,US,a00102,rock
u00487,s000059,PLAY,8,0,0,0,390,2025-12-23 19:01:38,mobile,US,a00073,hip-hop
u00756,s000023,play,5,0,0,0,240,2025-02-27 08:13:04,mobile,US,a00085,pop
u00053,s000152,ADD_TO_PLAYLIST,14,1,0,0,372,2025-10-21 19:32:24,mobile,US,a00198,hip-hop
u00042,s000026,LIKE,9,1,0,0,319,2025-05-04 15:12:38,mobile,US,a00004,pop
u00991,s000433,LIKE,13,1,0,0,297,2025-01-18 10:41:58,mobile,US,a00102,hip-hop
u00255,s000346,play,13,0,0,0,295,2025-02-12 08:42:04,mobile,US,a00053,jazz
u00566,s000035,play,16,0,0,0,246,2025-09-27 12:43:45,mobile,US,a00108,pop
u00497,s000138,LIKE,14,1,0,0,242,2025-03-20 22:47:28,mobile,US,a00024,hip-hop
u00852,s000070,ADD_TO_PLAYLIST,5,1,0,0,192,2025-04-23 04:30:38,mobile,US,a00140,classical
u00269,s000017,LIKE,8,1,0,0,209,2025-10-10 06:33:52,mobile,US,a00184,jazz
u00731,s000021,LIKE,5,1,0,0,381,2025-01-13 05:07:43,mobile,US,a00032,rock
u00653,s000029,add_to_playlist,14,1,0,0,382,2025-10-31 00:03:36,mobile,US,a00096,classical
u00123,s000113,PLAY,10,0,0,0,215,2025-10-24 23:06:53,mobile,US,a00052,indie
u00001,s000060,PLAY,1,0,0,0,10,2025-07-20 08:23:50,mobile,US,a00103,rock
u00584,s000024,skip,1,0,0,1,6,2025-08-19 22:24:39,mobile,US,a00065,latin
u00463,s000038,ADD_TO_PLAYLIST,11,1,0,0,280,2025-09-03 08:10:10,mobile,US,a00014,rock
u00081,s000329,PLAY,1,0,0,0,49,2025-09-25 14:12:19,mobile,US,a00053,classical
u00392,s000358,skip,1,0,0,1,43,2025-06-04 02:14:49,mobile,US,a00189,hip-hop
u00188,s000080,skip,1,0,0,1,30,2025-05-17 20:00:17,mobile,US,a00119,jazz
u00120,s000450,play,17,0,0,0,272,2025-11-27 20:26:47,mobile,US,a00119,latin
u00107,s000008,PLAY,7,0,0,0,184,2025-02-03 03:39:03,mobile,US,a00191,hip-hop
u00772,s000032,like,11,1,0,0,277,2025-03-11 07:56:26,mobile,US,a00140,rock
u00251,s000416,PLAY,10,0,0,0,377,2025-11-03 23:22:40,mobile,US,a00025,rock
u00900,s000026,play,1,0,0,0,59,2025-10-07 17:10:49,mobile,US,a00004,pop
u00783,s000301,like,16,1,0,0,399,2025-03-31 23:15:05,mobile,US,a00033,hip-hop
u00460,s000035,play,11,0,0,0,193,2025-12-27 18:35:19,mobile,US,a00108,pop
u00766,s000451,like,18,1,0,0,203,2025-10-29 09:05:50,mobile,US,a00003,classical
u00757,s000017,play,6,0,0,0,184,2025-02-14 15:46:10,mobile,US,a00184,jazz
u00086,s000442,PLAY,1,0,0,0,34,2025-03-24 18:24:29,mobile,US,a00130,hip-hop
u00120,s000024,play,5,0,0,0,385,2025-04-17 12:20:17,mobile,US,a00065,latin
u00734,s000022,LIKE,13,1,0,0,359,2025-11-20 14:21:56,mobile,US,a00195,pop
u00163,s000385,like,18,1,0,0,347,2025-08-15 13:27:54,mobile,US,a00188,hip-hop
u00517,s000025,ADD_TO_PLAYLIST,7,1,0,0,253,2025-06-15 01:09:42,mobile,US,a00009,edm
u00325,s000393,add_to_playlist,10,1,0,0,203,2025-08-08 18:06:19,mobile,US,a00079,edm
u00731,s000032,play,18,0,0,0,378,2025-12-24 11:42:27,mobile,US,a00140,rock
u00465,s000001,like,12,1,0,0,290,2025-08-03 18:44:37,mobile,US,a00197,indie
u00042,s000120,LIKE,12,1,0,0,182,2025-07-27 10:50:26,mobile,US,a00034,pop
u00141,s000032,like,9,1,0,0,355,2025-03-12 18:00:50,mobile,US,a00140,rock
u00138,s000030,PLAY,8,0,0,0,284,2025-07-17 15:20:59,mobile,US,a00117,indie
u00129,s000090,play,8,0,0,0,331,2025-02-11 21:18:17,mobile,US,a00028,hip-hop
u00566,s000299,play,9,0,0,0,394,2025-09-23 15:17:56,mobile,US,a00040,pop
u00267,s000496,ADD_TO_PLAYLIST,10,1,0,0,255,2025-02-08 17:35:51,mobile,US,a00036,latin
u00157,s000016,play,9,0,0,0,223,2025-03-01 16:08:10,mobile,US,a00037,pop
u00243,s000032,PLAY,6,0,0,0,278,2025-07-26 23:12:55,mobile,US,a00140,rock
u00288,s000004,LIKE,5,1,0,0,347,2025-10-04 16:11:11,mobile,US,a00134,rock
u00301,s000004,PLAY,18,0,0,0,212,2025-11-11 04:37:16,mobile,US,a00134,rock
u00933,s000021,LIKE,14,1,0,0,244,2025-03-21 22:53:09,mobile,US,a00032,rock
u00922,s000004,play,8,0,0,0,244,2025-08-10 14:37:31,mobile,US,a00134,rock
u00527,s000373,play,13,0,0,0,316,2025-02-24 13:44:10,mobile,US,a00130,pop
u00065,s000035,PLAY,17,0,0,0,276,2025-05-19 02:09:51,mobile,US,a00108,pop
u00312,s000381,like,7,1,0,0,392,2025-05-17 12:44:31,mobile,US,a00100,hip-hop
u00699,s000039,LIKE,8,1,0,0,251,2025-12-16 22:17:50,mobile,US,a00156,jazz
u00406,s000033,ADD_TO_PLAYLIST,7,1,0,0,222,2025-07-10 04:00:21,mobile,US,a00158,edm
u00757,s000027,PLAY,11,0,0,0,217,2025-10-13 02:54:34,mobile,US,a00122,jazz
u00085,s000013,play,14,0,0,0,349,2025-01-15 10:08:19,mobile,US,a00154,jazz
u00261,s000303,PLAY,11,0,0,0,358,2025-12-12 18:08:16,mobile,US,a00164,edm
u00793,s000059,like,12,1,0,0,260,2025-10-11 06:05:52,mobile,US,a00073,hip-hop
u00582,s000082,skip,1,0,0,1,7,2025-06-11 05:59:12,mobile,US,a00071,classical
u00804,s000015,play,17,0,0,0,255,2025-05-25 16:15:21,mobile,US,a00156,edm
u00732,s000213,PLAY,1,0,0,0,50,2025-08-10 05:50:58,mobile,US,a00186,edm
u00916,s000026,add_to_playlist,11,1,0,0,202,2025-07-16 09:43:36,mobile,US,a00004,pop
u00386,s000013,play,9,0,0,0,250,2025-08-07 09:48:21,mobile,US,a00154,jazz
u00867,s000033,add_to_playlist,11,1,0,0,349,2025-08-04 09:31:41,mobile,US,a00158,edm
u00746,s000027,play,16,0,0,0,186,2025-12-02 15:07:13,mobile,US,a00122,jazz
u00433,s000024,PLAY,13,0,0,0,365,2025-01-10 09:38:24,mobile,US,a00065,latin
u00957,s000093,SKIP,1,0,0,1,32,2025-05-11 09:14:03,mobile,US,a00010,indie
u00004,s000346,like,14,1,0,0,364,2025-11-20 08:03:18,mobile,US,a00053,jazz
u00791,s000186,play,14,0,0,0,274,2025-07-06 02:38:32,mobile,US,a00112,latin
u00726,s000013,PLAY,19,0,0,0,348,2025-11-09 09:55:05,mobile,US,a00154,jazz
u00534,s000191,ADD_TO_PLAYLIST,14,1,0,0,393,2025-02-28 22:52:45,mobile,US,a00131,jazz
u00640,s000015,PLAY,13,0,0,0,322,2025-10-06 07:14:55,mobile,US,a00156,edm
u00150,s000045,PLAY,15,0,0,0,311,2025-01-31 11:12:39,mobile,US,a00075,jazz
u00488,s000003,ADD_TO_PLAYLIST,10,1,0,0,309,2025-06-20 08:22:43,mobile,US,a00066,rock
u00055,s000059,PLAY,19,0,0,0,351,2025-04-13 16:19:08,mobile,US,a00073,hip-hop
u00448,s000037,play,13,0,0,0,330,2025-04-10 02:13:36,mobile,US,a00183,indie
u00254,s000103,PLAY,12,0,0,0,235,2025-01-28 12:17:12,mobile,US,a00056,rock
u00102,s000035,play,12,0,0,0,264,2025-07-25 00:18:28,mobile,US,a00108,pop
u00568,s000030,play,13,0,0,0,373,2025-10-13 00:17:32,mobile,US,a00117,indie
u00909,s000015,like,15,1,0,0,207,2025-08-10 09:08:20,mobile,US,a00156,edm
u00012,s000296,like,5,1,0,0,292,2025-11-19 02:50:30,mobile,US,a00084,jazz
u00475,s000031,PLAY,6,0,0,0,382,2025-06-13 11:53:14,mobile,US,a00037,latin
u00226,s000190,skip,1,0,0,1,56,2025-08-15 07:17:59,mobile,US,a00062,jazz
u00795,s000370,play,9,0,0,0,251,2025-03-17 20:51:34,mobile,US,a00024,indie
u00037,s000054,add_to_playlist,13,1,0,0,386,2025-11-18 14:42:16,mobile,US,a00042,rock
u00471,s000018,PLAY,8,0,0,0,296,2025-08-24 13:06:28,mobile,US,a00096,latin
u00166,s000009,PLAY,16,0,0,0,358,2025-06-07 00:53:23,mobile,US,a00014,latin
u00335,s000018,like,12,1,0,0,387,2025-08-23 00:29:42,mobile,US,a00096,latin
u00129,s000006,play,12,0,0,0,203,2025-08-02 14:00:59,mobile,US,a00199,hip-hop
u00271,s000009,LIKE,8,1,0,0,254,2025-11-11 09:34:41,mobile,US,a00014,latin
u00706,s000398,LIKE,8,1,0,0,374,2025-06-02 04:04:12,mobile,US,a00117,hip-hop
u00463,s000004,ADD_TO_PLAYLIST,12,1,0,0,340,2025-03-29 21:14:05,mobile,US,a00134,rock
u00851,s000035,play,18,0,0,0,213,2025-07-26 14:24:38,mobile,US,a00108,pop
u00145,s000042,play,14,0,0,0,357,2025-09-23 23:07:44,mobile,US,a00156,indie
u00190,s000001,add_to_playlist,10,1,0,0,217,2025-05-21 02:06:40,mobile,US,a00197,indie
u00568,s000393,skip,1,0,0,1,5,2025-04-29 13:18:55,mobile,US,a00079,edm
u00080,s000001,play,12,0,0,0,289,2025-10-02 02:08:42,mobile,US,a00197,indie
u00736,s000006,LIKE,16,1,0,0,237,2025-07-24 20:23:24,mobile,US,a00199,hip-hop
u00463,s000004,LIKE,12,1,0,0,271,2025-08-23 01:41:21,mobile,US,a00134,rock
u00972,s000423,SKIP,1,0,0,1,10,2025-03-28 12:52:24,mobile,US,a00136,indie
u00080,s000030,play,14,0,0,0,269,2025-05-02 09:20:52,mobile,US,a00117,indie
u00578,s000026,ADD_TO_PLAYLIST,14,1,0,0,215,2025-03-12 01:21:24,mobile,US,a00004,pop
u00646,s000014,PLAY,9,0,0,0,299,2025-10-18 08:14:45,mobile,US,a00163,classical
u00806,s000103,PLAY,1,0,0,0,31,2025-02-27 09:37:44,mobile,US,a00056,rock
u00507,s000013,PLAY,18,0,0,0,302,2025-01-06 20:17:53,mobile,US,a00154,jazz
u00132,s000430,play,15,0,0,0,232,2025-07-28 14:47:54,mobile,US,a00166,rock
u00569,s000329,play,1,0,0,0,17,2025-04-05 01:34:23,mobile,US,a00053,classical
u00711,s000026,PLAY,11,0,0,0,284,2025-05-07 03:33:53,mobile,US,a00004,pop
u00504,s000020,ADD_TO_PLAYLIST,12,1,0,0,342,2025-12-08 08:27:46,mobile,US,a00182,indie
u00416,s000069,like,11,1,0,0,187,2025-05-20 19:58:55,mobile,US,a00139,classical
u00766,s000007,play,19,0,0,0,313,2025-08-02 09:09:16,mobile,US,a00041,classical
u00763,s000016,play,5,0,0,0,365,2025-07-24 21:25:35,mobile,US,a00037,pop
u00809,s000010,like,18,1,0,0,207,2025-07-03 18:38:16,mobile,US,a00110,classical
u00932,s000004,play,7,0,0,0,393,2025-08-04 15:44:54,mobile,US,a00134,rock
u00947,s000082,SKIP,1,0,0,1,17,2025-10-26 05:45:25,mobile,US,a00071,classical
u00241,s000230,LIKE,14,1,0,0,282,2025-04-20 17:13:03,mobile,US,a00195,indie
u00181,s000037,PLAY,17,0,0,0,248,2025-03-27 04:55:44,mobile,US,a00183,indie
u00156,s000286,play,1,0,0,0,19,2025-08-29 04:20:24,mobile,US,a00153,pop
u00268,s000053,like,6,1,0,0,336,2025-11-03 10:14:35,mobile,US,a00025,indie
u00726,s000177,play,1,0,0,0,49,2025-11-26 14:40:53,mobile,US,a00143,latin
u00430,s000021,ADD_TO_PLAYLIST,9,1,0,0,370,2025-05-18 12:40:14,mobile,US,a00032,rock
u00929,s000021,play,9,0,0,0,335,2025-05-30 20:46:36,mobile,US,a00032,rock
u00993,s000083,LIKE,19,1,0,0,276,2025-04-14 12:01:30,mobile,US,a00126,hip-hop
u00769,s000370,SKIP,1,0,0,1,23,2025-12-11 06:47:29,mobile,US,a00024,indie
u00356,s000192,SKIP,1,0,0,1,59,2025-05-26 11:41:38,mobile,US,a00128,classical
u00622,s000316,SKIP,1,0,0,1,15,2025-03-14 01:31:54,mobile,US,a00097,pop
u00195,s000411,like,16,1,0,0,379,2025-09-06 01:50:53,mobile,US,a00009,pop
u00237,s000319,skip,1,0,0,1,40,2025-03-18 06:59:56,mobile,US,a00198,jazz
u00179,s000481,skip,1,0,0,1,11,2025-04-27 14:15:48,mobile,US,a00157,classical
u00184,s000002,LIKE,18,1,0,0,213,2025-06-18 15:56:21,mobile,US,a00133,rock
u00114,s000037,add_to_playlist,12,1,0,0,229,2025-10-30 05:43:05,mobile,US,a00183,indie
u00081,s000090,add_to_playlist,5,1,0,0,366,2025-09-19 17:29:08,mobile,US,a00028,hip-hop
u00362,s000032,LIKE,18,1,0,0,298,2025-04-24 04:06:16,mobile,US,a00140,rock
u00965,s000355,SKIP,1,0,0,1,31,2025-01-06 10:36:33,mobile,US,a00035,hip-hop
u00703,s000009,play,8,0,0,0,324,2025-01-24 08:23:21,mobile,US,a00014,latin
u00554,s000021,like,8,1,0,0,365,2025-08-08 02:06:34,mobile,US,a00032,rock
u00932,s000032,PLAY,13,0,0,0,358,2025-09-05 19:13:57,mobile,US,a00140,rock
u00165,s000032,play,10,0,0,0,198,2025-10-13 11:25:21,mobile,US,a00140,rock
u00718,s000489,play,1,0,0,0,49,2025-10-17 20:38:11,mobile,US,a00172,rock
u00484,s000461,like,17,1,0,0,321,2025-05-10 21:28:53,mobile,US,a00054,classical
u00608,s000083,like,17,1,0,0,258,2025-03-27 13:03:57,mobile,US,a00126,hip-hop
u00569,s000001,LIKE,10,1,0,0,180,2025-01-21 21:38:10,mobile,US,a00197,indie
u00147,s000483,play,1,0,0,0,45,2025-04-22 10:34:31,mobile,US,a00102,rock
u00333,s000374,PLAY,15,0,0,0,378,2025-03-23 18:03:44,mobile,US,a00107,jazz
u00937,s000014,add_to_playlist,12,1,0,0,299,2025-01-16 17:40:54,mobile,US,a00163,classical
u00966,s000010,ADD_TO_PLAYLIST,14,1,0,0,198,2025-11-19 04:06:42,mobile,US,a00110,classical
u00760,s000090,add_to_playlist,9,1,0,0,190,2025-01-17 17:18:26,mobile,US,a00028,hip-hop
u00452,s000033,ADD_TO_PLAYLIST,6,1,0,0,239,2025-10-09 23:20:18,mobile,US,a00158,edm
u00255,s000017,ADD_TO_PLAYLIST,17,1,0,0,315,2025-05-20 07:14:05,mobile,US,a00184,jazz
u00915,s000221,SKIP,1,0,0,1,28,2025-01-25 02:01:23,mobile,US,a00161,pop
u00404,s000296,SKIP,1,0,0,1,50,2025-01-26 05:36:06,mobile,US,a00084,jazz
u00965,s000079,play,14,0,0,0,190,2025-01-17 10:30:52,mobile,US,a00132,rock
u00179,s000498,LIKE,17,1,0,0,185,2025-02-23 03:30:09,mobile,US,a00175,jazz
u00328,s000036,like,19,1,0,0,290,2025-09-08 08:28:03,mobile,US,a00179,latin
u00458,s000013,PLAY,8,0,0,0,189,2025-06-12 05:25:18,mobile,US,a00154,jazz
u00780,s000299,skip,1,0,0,1,56,2025-09-05 17:56:25,mobile,US,a00040,pop
u00998,s000031,LIKE,12,1,0,0,310,2025-07-20 16:04:44,mobile,US,a00037,latin
u00171,s000007,PLAY,16,0,0,0,392,2025-02-04 23:31:41,mobile,US,a00041,classical
u00119,s000028,add_to_playlist,5,1,0,0,307,2025-09-04 18:34:43,mobile,US,a00073,classical
u00038,s000021,LIKE,9,1,0,0,315,2025-11-06 05:12:08,mobile,US,a00032,rock
u00581,s000021,add_to_playlist,11,1,0,0,329,2025-04-11 04:40:08,mobile,US,a00032,rock
u00220,s000045,PLAY,12,0,0,0,392,2025-09-30 13:09:06,mobile,US,a00075,jazz
u00911,s000005,LIKE,19,1,0,0,245,2025-09-13 12:10:45,mobile,US,a00178,classical
u00187,s000020,like,13,1,0,0,371,2025-01-15 12:49:20,mobile,US,a00182,indie
u00354,s000031,add_to_playlist,16,1,0,0,225,2025-02-09 04:45:06,mobile,US,a00037,latin
u00118,s000024,LIKE,14,1,0,0,336,2025-03-12 12:16:30,mobile,US,a00065,latin
u00332,s000083,ADD_TO_PLAYLIST,13,1,0,0,360,2025-11-05 02:21:42,mobile,US,a00126,hip-hop
u00479,s000216,play,1,0,0,0,54,2025-08-17 11:32:48,mobile,US,a00066,edm
u00411,s000017,PLAY,1,0,0,0,25,2025-02-12 00:55:24,mobile,US,a00184,jazz
u00960,s000032,play,6,0,0,0,345,2025-01-12 13:18:20,mobile,US,a00140,rock
u00409,s000012,play,19,0,0,0,370,2025-11-24 08:16:51,mobile,US,a00032,edm
u00373,s000009,PLAY,10,0,0,0,315,2025-11-07 04:24:16,mobile,US,a00014,latin
u00506,s000298,SKIP,1,0,0,1,26,2025-05-06 10:10:42,mobile,US,a00099,classical
u00786,s000232,SKIP,1,0,0,1,8,2025-08-31 23:43:21,mobile,US,a00181,classical
u00514,s000016,play,11,0,0,0,398,2025-07-23 04:06:05,mobile,US,a00037,pop
u00611,s000026,add_to_playlist,8,1,0,0,240,2025-03-30 06:53:08,mobile,US,a00004,pop
u00138,s000020,PLAY,5,0,0,0,377,2025-12-13 22:21:35,mobile,US,a00182,indie
u00377,s000341,PLAY,1,0,0,0,49,2025-06-24 21:13:44,mobile,US,a00010,latin
u00721,s000017,PLAY,10,0,0,0,212,2025-12-19 21:00:29,mobile,US,a00184,jazz
u00423,s000045,PLAY,9,0,0,0,262,2025-02-19 06:14:22,mobile,US,a00075,jazz
u00024,s000006,play,8,0,0,0,232,2025-05-17 08:07:03,mobile,US,a00199,hip-hop
u00139,s000021,PLAY,8,0,0,0,294,2025-02-24 17:27:33,mobile,US,a00032,rock
u00955,s000046,add_to_playlist,7,1,0,0,206,2025-06-23 00:51:57,mobile,US,a00172,jazz
u00757,s000230,skip,1,0,0,1,21,2025-05-15 15:51:50,mobile,US,a00195,indie
u00806,s000009,PLAY,12,0,0,0,191,2025-09-08 03:02:25,mobile,US,a00014,latin
u00573,s000270,add_to_playlist,5,1,0,0,321,2025-05-31 14:04:45,mobile,US,a00023,pop
u00006,s000289,skip,1,0,0,1,6,2025-07-10 03:11:53,mobile,US,a00108,rock
u00428,s000368,PLAY,9,0,0,0,250,2025-10-09 07:00:16,mobile,US,a00103,rock
u00776,s000021,play,14,0,0,0,296,2025-06-06 19:26:05,mobile,US,a00032,rock
u00237,s000015,ADD_TO_PLAYLIST,5,1,0,0,381,2025-09-07 23:35:51,mobile,US,a00156,edm
u00338,s000059,PLAY,18,0,0,0,233,2025-11-18 05:01:54,mobile,US,a00073,hip-hop
u00652,s000042,like,13,1,0,0,330,2025-05-09 21:08:00,mobile,US,a00156,indie
u00918,s000059,like,18,1,0,0,363,2025-03-13 17:02:42,mobile,US,a00073,hip-hop
u00790,s000167,like,12,1,0,0,250,2025-01-10 20:36:48,mobile,US,a00178,edm
u00109,s000205,PLAY,1,0,0,0,30,2025-11-18 08:38:00,mobile,US,a00031,edm
u00890,s000305,LIKE,14,1,0,0,325,2025-07-09 19:32:40,mobile,US,a00121,indie
u00885,s000005,ADD_TO_PLAYLIST,11,1,0,0,240,2025-04-22 09:55:36,mobile,US,a00178,classical
u00206,s000140,PLAY,1,0,0,0,29,2025-09-21 20:10:39,mobile,US,a00179,edm
u00593,s000090,like,9,1,0,0,394,2025-07-16 13:53:40,mobile,US,a00028,hip-hop
u00393,s000036,LIKE,10,1,0,0,188,2025-10-17 10:13:33,mobile,US,a00179,latin
u00949,s000005,add_to_playlist,12,1,0,0,342,2025-12-22 07:24:38,mobile,US,a00178,classical
u00386,s000039,PLAY,10,0,0,0,360,2025-03-25 20:27:19,mobile,US,a00156,jazz
u00221,s000045,PLAY,12,0,0,0,309,2025-10-04 23:07:38,mobile,US,a00075,jazz
u00415,s000002,play,16,0,0,0,213,2025-03-03 07:47:45,mobile,US,a00133,rock
u00534,s000257,ADD_TO_PLAYLIST,16,1,0,0,269,2025-10-02 19:00:58,mobile,US,a00194,jazz
u00990,s000022,LIKE,17,1,0,0,299,2025-01-02 08:20:09,mobile,US,a00195,pop
u00686,s000225,play,15,0,0,0,385,2025-07-03 16:34:08,mobile,US,a00077,edm
u00427,s000292,ADD_TO_PLAYLIST,17,1,0,0,293,2025-12-07 04:24:01,mobile,US,a00074,hip-hop
u00677,s000036,like,15,1,0,0,251,2025-07-01 06:37:28,mobile,US,a00179,latin
u00401,s000006,ADD_TO_PLAYLIST,13,1,0,0,359,2025-05-22 01:22:10,mobile,US,a00199,hip-hop
u00796,s000011,add_to_playlist,7,1,0,0,189,2025-05-11 21:42:30,mobile,US,a00156,classical
u00090,s000036,LIKE,13,1,0,0,311,2025-10-25 20:14:25,mobile,US,a00179,latin
u00633,s000003,play,9,0,0,0,317,2025-01-19 16:11:23,mobile,US,a00066,rock
u00658,s000417,SKIP,1,0,0,1,19,2025-03-16 14:49:22,mobile,US,a00085,indie
u00765,s000013,PLAY,16,0,0,0,249,2025-09-22 22:48:31,mobile,US,a00154,jazz
u00871,s000031,ADD_TO_PLAYLIST,14,1,0,0,324,2025-11-23 12:45:31,mobile,US,a00037,latin
u00900,s000291,play,12,0,0,0,313,2025-06-17 09:04:23,mobile,US,a00036,classical
u00602,s000006,PLAY,14,0,0,0,352,2025-07-12 06:40:19,mobile,US,a00199,hip-hop
u00024,s000358,ADD_TO_PLAYLIST,13,1,0,0,349,2025-10-10 11:51:57,mobile,US,a00189,hip-hop
u00303,s000167,ADD_TO_PLAYLIST,16,1,0,0,363,2025-01-14 21:21:41,mobile,US,a00178,edm
u00261,s000098,ADD_TO_PLAYLIST,19,1,0,0,239,2025-05-13 13:31:40,mobile,US,a00148,edm
u00725,s000007,like,9,1,0,0,240,2025-03-18 06:27:30,mobile,US,a00041,classical
u00037,s000325,play,6,0,0,0,304,2025-11-16 00:45:29,mobile,US,a00121,rock
u00808,s000225,PLAY,18,0,0,0,369,2025-09-02 15:06:10,mobile,US,a00077,edm
u00398,s000475,PLAY,15,0,0,0,181,2025-03-16 13:03:27,mobile,US,a00061,latin
u00156,s000142,SKIP,1,0,0,1,14,2025-01-07 09:24:15,mobile,US,a00087,latin
u00472,s000027,add_to_playlist,16,1,0,0,255,2025-03-20 02:38:42,mobile,US,a00122,jazz
u00362,s000004,like,16,1,0,0,293,2025-10-19 05:16:35,mobile,US,a00134,rock
u00881,s000058,play,19,0,0,0,214,2025-04-09 10:29:00,mobile,US,a00010,edm
u00654,s000084,PLAY,17,0,0,0,184,2025-05-24 14:13:44,mobile,US,a00105,edm
u00695,s000315,play,5,0,0,0,273,2025-07-12 02:21:21,mobile,US,a00167,hip-hop
u00111,s000030,PLAY,12,0,0,0,342,2025-10-23 23:18:40,mobile,US,a00117,indie
u00803,s000004,PLAY,10,0,0,0,344,2025-12-19 16:59:55,mobile,US,a00134,rock
u00404,s000341,LIKE,5,1,0,0,296,2025-02-05 01:28:45,mobile,US,a00010,latin
u00017,s000167,skip,1,0,0,1,30,2025-02-22 17:32:10,mobile,US,a00178,edm
u00751,s000066,LIKE,15,1,0,0,233,2025-09-04 17:32:43,mobile,US,a00089,classical
u00679,s000253,play,6,0,0,0,384,2025-05-31 18:30:00,mobile,US,a00196,pop
u00188,s000042,like,15,1,0,0,373,2025-08-17 23:13:14,mobile,US,a00156,indie
u00029,s000383,add_to_playlist,5,1,0,0,346,2025-09-20 02:23:45,mobile,US,a00186,hip-hop
u00367,s000153,PLAY,15,0,0,0,249,2025-01-19 17:56:01,mobile,US,a00080,pop
u00309,s000000,play,17,0,0,0,202,2025-03-28 09:29:22,mobile,US,a00178,edm
u00320,s000006,skip,1,0,0,1,49,2025-04-22 13:45:57,mobile,US,a00199,hip-hop
u00830,s000005,play,9,0,0,0,326,2025-03-05 11:41:53,mobile,US,a00178,classical
u00818,s000059,play,15,0,0,0,392,2025-10-29 19:29:29,mobile,US,a00073,hip-hop
u00674,s000059,add_to_playlist,17,1,0,0,298,2025-03-10 14:37:04,mobile,US,a00073,hip-hop
u00801,s000328,PLAY,9,0,0,0,295,2025-05-06 16:11:50,mobile,US,a00129,edm
u00701,s000036,add_to_playlist,19,1,0,0,263,2025-08-14 17:29:50,mobile,US,a00179,latin
u00429,s000059,play,11,0,0,0,223,2025-05-15 06:01:36,mobile,US,a00073,hip-hop
u00741,s000033,add_to_playlist,14,1,0,0,333,2025-09-21 16:05:51,mobile,US,a00158,edm
u00367,s000035,PLAY,18,0,0,0,344,2025-05-09 21:34:29,mobile,US,a00108,pop
u00129,s000021,PLAY,1,0,0,0,50,2025-12-03 22:10:04,mobile,US,a00032,rock
u00612,s000059,play,8,0,0,0,222,2025-12-20 14:36:29,mobile,US,a00073,hip-hop
u00433,s000417,SKIP,1,0,0,1,14,2025-10-16 05:11:40,mobile,US,a00085,indie
u00818,s000006,PLAY,5,0,0,0,323,2025-06-26 08:37:28,mobile,US,a00199,hip-hop
u00634,s000026,like,9,1,0,0,227,2025-05-24 14:01:38,mobile,US,a00004,pop
u00149,s000496,LIKE,19,1,0,0,280,2025-06-10 05:00:02,mobile,US,a00036,latin
u00953,s000120,skip,1,0,0,1,33,2025-06-08 18:27:47,mobile,US,a00034,pop
u00616,s000021,add_to_playlist,13,1,0,0,201,2025-12-25 06:18:58,mobile,US,a00032,rock
u00288,s000236,PLAY,5,0,0,0,369,2025-11-28 03:32:10,mobile,US,a00006,rock
u00804,s000012,like,16,1,0,0,291,2025-01-27 20:44:50,mobile,US,a00032,edm
u00955,s000013,PLAY,8,0,0,0,196,2025-07-21 16:42:25,mobile,US,a00154,jazz
u00928,s000187,skip,1,0,0,1,20,2025-05-23 07:45:58,mobile,US,a00113,rock
u00246,s000032,add_to_playlist,14,1,0,0,230,2025-10-22 04:48:39,mobile,US,a00140,rock
u00067,s000282,play,6,0,0,0,231,2025-03-24 12:31:32,mobile,US,a00024,rock
u00591,s000009,PLAY,7,0,0,0,267,2025-06-12 03:36:43,mobile,US,a00014,latin
u00688,s000352,play,10,0,0,0,341,2025-12-23 11:07:59,mobile,US,a00068,indie
u00863,s000035,play,10,0,0,0,282,2025-07-08 21:41:41,mobile,US,a00108,pop
u00356,s000026,add_to_playlist,15,1,0,0,332,2025-06-15 22:26:26,mobile,US,a00004,pop
u00892,s000420,play,7,0,0,0,274,2025-11-23 13:13:11,mobile,US,a00078,rock
u00871,s000364,add_to_playlist,18,1,0,0,395,2025-01-12 17:35:00,mobile,US,a00016,latin
u00773,s000006,play,11,0,0,0,327,2025-12-03 10:47:40,mobile,US,a00199,hip-hop
u00806,s000142,like,11,1,0,0,194,2025-09-06 14:31:55,mobile,US,a00087,latin
u00099,s000014,play,6,0,0,0,245,2025-01-19 05:45:16,mobile,US,a00163,classical
u00504,s000241,PLAY,1,0,0,0,26,2025-10-03 19:37:41,mobile,US,a00084,hip-hop
u00877,s000072,play,9,0,0,0,358,2025-10-30 00:07:50,mobile,US,a00189,pop
u00676,s000288,LIKE,14,1,0,0,255,2025-07-12 08:10:14,mobile,US,a00028,hip-hop
u00514,s000026,ADD_TO_PLAYLIST,13,1,0,0,213,2025-03-25 17:18:15,mobile,US,a00004,pop
u00284,s000269,PLAY,6,0,0,0,292,2025-04-03 15:06:36,mobile,US,a00107,pop
u00811,s000045,add_to_playlist,10,1,0,0,310,2025-10-31 07:51:19,mobile,US,a00075,jazz
u00374,s000002,LIKE,6,1,0,0,304,2025-01-22 02:43:31,mobile,US,a00133,rock
u00234,s000006,play,14,0,0,0,358,2025-01-15 16:44:37,mobile,US,a00199,hip-hop
u00743,s000014,play,10,0,0,0,286,2025-03-23 04:48:44,mobile,US,a00163,classical
u00419,s000012,like,7,1,0,0,340,2025-07-12 16:46:50,mobile,US,a00032,edm
u00615,s000453,ADD_TO_PLAYLIST,11,1,0,0,194,2025-10-22 04:51:08,mobile,US,a00152,jazz
u00981,s000036,PLAY,14,0,0,0,221,2025-06-17 05:03:47,mobile,US,a00179,latin
u00685,s000000,LIKE,13,1,0,0,264,2025-08-20 15:28:28,mobile,US,a00178,edm
u00036,s000152,play,10,0,0,0,231,2025-05-14 10:15:08,mobile,US,a00198,hip-hop
u00411,s000421,play,1,0,0,0,17,2025-08-08 22:33:40,mobile,US,a00116,rock
u00594,s000083,LIKE,12,1,0,0,336,2025-02-14 15:17:53,mobile,US,a00126,hip-hop
u00203,s000492,skip,1,0,0,1,7,2025-07-02 00:12:06,mobile,US,a00157,indie
u00994,s000083,ADD_TO_PLAYLIST,12,1,0,0,341,2025-11-18 19:46:13,mobile,US,a00126,hip-hop
u00582,s000090,LIKE,5,1,0,0,390,2025-08-18 15:12:36,mobile,US,a00028,hip-hop
u00694,s000425,play,1,0,0,0,36,2025-10-15 19:33:06,mobile,US,a00175,edm
u00400,s000024,like,10,1,0,0,186,2025-03-31 02:34:27,mobile,US,a00065,latin
u00115,s000052,PLAY,1,0,0,0,36,2025-06-04 04:47:55,mobile,US,a00035,jazz
u00848,s000037,PLAY,6,0,0,0,371,2025-08-02 16:38:43,mobile,US,a00183,indie
u00308,s000474,PLAY,14,0,0,0,393,2025-04-22 23:39:15,mobile,US,a00189,latin
u00021,s000014,LIKE,12,1,0,0,261,2025-03-20 18:16:17,mobile,US,a00163,classical
u00812,s000308,like,16,1,0,0,349,2025-05-03 11:14:45,mobile,US,a00116,rock
u00818,s000059,PLAY,5,0,0,0,396,2025-11-30 21:22:24,mobile,US,a00073,hip-hop
u00148,s000203,skip,1,0,0,1,22,2025-01-01 04:59:03,mobile,US,a00086,pop
u00544,s000002,LIKE,13,1,0,0,379,2025-04-11 00:14:26,mobile,US,a00133,rock
u00699,s000013,ADD_TO_PLAYLIST,9,1,0,0,240,2025-02-10 12:15:44,mobile,US,a00154,jazz
u00815,s000204,like,14,1,0,0,324,2025-07-26 21:13:01,mobile,US,a00054,classical
u00445,s000480,PLAY,14,0,0,0,281,2025-10-18 13:20:46,mobile,US,a00009,jazz
u00073,s000023,play,8,0,0,0,217,2025-08-18 11:17:47,mobile,US,a00085,pop
u00172,s000045,PLAY,8,0,0,0,311,2025-08-14 02:19:00,mobile,US,a00075,jazz
u00007,s000365,SKIP,1,0,0,1,16,2025-05-28 20:29:23,mobile,US,a00128,edm
u00556,s000010,SKIP,1,0,0,1,29,2025-05-04 10:28:18,mobile,US,a00110,classical
u00211,s000001,add_to_playlist,8,1,0,0,285,2025-09-02 07:53:37,mobile,US,a00197,indie
u00053,s000090,LIKE,17,1,0,0,311,2025-09-03 09:33:12,mobile,US,a00028,hip-hop
u00007,s000418,play,11,0,0,0,215,2025-11-14 02:36:53,mobile,US,a00134,classical
u00236,s000216,LIKE,19,1,0,0,251,2025-08-22 16:11:40,mobile,US,a00066,edm
u00717,s000083,PLAY,19,0,0,0,340,2025-01-09 16:47:33,mobile,US,a00126,hip-hop
u00452,s000015,play,16,0,0,0,185,2025-07-21 06:16:56,mobile,US,a00156,edm
u00603,s000015,PLAY,7,0,0,0,281,2025-08-15 16:00:30,mobile,US,a00156,edm
u00313,s000302,LIKE,10,1,0,0,300,2025-01-14 04:49:00,mobile,US,a00016,indie
u00387,s000030,play,8,0,0,0,373,2025-03-04 12:52:40,mobile,US,a00117,indie
u00558,s000009,ADD_TO_PLAYLIST,10,1,0,0,278,2025-03-23 19:06:22,mobile,US,a00014,latin
u00419,s000104,ADD_TO_PLAYLIST,9,1,0,0,331,2025-07-01 07:56:32,mobile,US,a00000,edm
u00170,s000258,play,17,0,0,0,322,2025-06-15 09:43:34,mobile,US,a00118,latin
u00928,s000314,like,7,1,0,0,279,2025-08-05 19:08:06,mobile,US,a00133,edm
u00470,s000268,PLAY,9,0,0,0,261,2025-07-08 04:30:35,mobile,US,a00085,classical
u00484,s000468,SKIP,1,0,0,1,32,2025-06-22 23:15:25,mobile,US,a00159,hip-hop
u00576,s000005,play,11,0,0,0,225,2025-11-19 01:05:47,mobile,US,a00178,classical
u00502,s000418,ADD_TO_PLAYLIST,14,1,0,0,299,2025-05-31 05:32:09,mobile,US,a00134,classical
u00087,s000216,skip,1,0,0,1,56,2025-05-25 18:15:18,mobile,US,a00066,edm
u00843,s000489,SKIP,1,0,0,1,35,2025-07-09 16:39:34,mobile,US,a00172,rock
u00991,s000006,PLAY,19,0,0,0,297,2025-04-02 21:29:02,mobile,US,a00199,hip-hop
u00182,s000025,ADD_TO_PLAYLIST,17,1,0,0,335,2025-01-22 14:19:36,mobile,US,a00009,edm
u00944,s000361,skip,1,0,0,1,13,2025-09-17 14:04:53,mobile,US,a00193,edm
u00376,s000259,play,1,0,0,0,28,2025-04-05 21:53:51,mobile,US,a00139,jazz
u00182,s000225,add_to_playlist,14,1,0,0,362,2025-06-18 21:46:20,mobile,US,a00077,edm
u00405,s000083,LIKE,15,1,0,0,371,2025-02-21 09:19:40,mobile,US,a00126,hip-hop
u00130,s000185,LIKE,16,1,0,0,286,2025-10-05 19:29:48,mobile,US,a00193,hip-hop
u00083,s000024,play,7,0,0,0,355,2025-03-26 03:20:08,mobile,US,a00065,latin
u00406,s000132,PLAY,7,0,0,0,374,2025-11-12 03:59:51,mobile,US,a00170,edm
u00276,s000032,play,17,0,0,0,289,2025-03-12 02:03:57,mobile,US,a00140,rock
u00182,s000025,LIKE,8,1,0,0,341,2025-09-26 19:59:16,mobile,US,a00009,edm
u00055,s000059,ADD_TO_PLAYLIST,12,1,0,0,265,2025-01-23 15:45:21,mobile,US,a00073,hip-hop
u00263,s000419,ADD_TO_PLAYLIST,6,1,0,0,287,2025-05-04 22:04:36,mobile,US,a00013,rock
u00129,s000299,PLAY,1,0,0,0,46,2025-02-23 13:32:22,mobile,US,a00040,pop
u00576,s000011,LIKE,12,1,0,0,246,2025-04-18 04:00:57,mobile,US,a00156,classical
u00240,s000472,skip,1,0,0,1,19,2025-08-22 12:49:51,mobile,US,a00045,rock
u00440,s000121,PLAY,1,0,0,0,51,2025-07-07 09:43:08,mobile,US,a00062,jazz
u00653,s000313,PLAY,5,0,0,0,245,2025-04-06 16:52:29,mobile,US,a00030,classical
u00569,s000082,PLAY,1,0,0,0,5,2025-10-10 10:36:17,mobile,US,a00071,classical
u00636,s000002,like,5,1,0,0,371,2025-10-31 07:15:28,mobile,US,a00133,rock
u00037,s000170,play,1,0,0,0,44,2025-01-09 19:00:39,mobile,US,a00061,latin
u00221,s000162,SKIP,1,0,0,1,8,2025-04-07 16:37:03,mobile,US,a00103,pop
u00321,s000014,PLAY,16,0,0,0,184,2025-05-22 04:28:52,mobile,US,a00163,classical
u00772,s000004,play,12,0,0,0,270,2025-12-26 12:59:59,mobile,US,a00134,rock
u00854,s000037,like,12,1,0,0,261,2025-07-08 10:04:20,mobile,US,a00183,indie
u00477,s000018,LIKE,8,1,0,0,198,2025-07-22 18:04:00,mobile,US,a00096,latin
u00411,s000018,add_to_playlist,14,1,0,0,386,2025-02-28 03:19:58,mobile,US,a00096,latin
u00385,s000024,play,12,0,0,0,225,2025-01-28 21:22:15,mobile,US,a00065,latin
u00604,s000020,play,18,0,0,0,273,2025-08-08 17:22:43,mobile,US,a00182,indie
u00915,s000033,like,14,1,0,0,360,2025-12-01 17:53:02,mobile,US,a00158,edm
u00618,s000300,ADD_TO_PLAYLIST,12,1,0,0,344,2025-10-29 13:19:56,mobile,US,a00165,indie
u00141,s000004,LIKE,15,1,0,0,351,2025-11-29 08:55:57,mobile,US,a00134,rock
u00928,s000058,LIKE,15,1,0,0,219,2025-12-01 14:30:01,mobile,US,a00010,edm
u00872,s000210,PLAY,1,0,0,0,51,2025-02-26 04:45:50,mobile,US,a00064,rock
u00076,s000231,PLAY,1,0,0,0,57,2025-05-18 11:06:36,mobile,US,a00164,latin
u00232,s000387,like,18,1,0,0,303,2025-02-15 00:06:00,mobile,US,a00073,hip-hop
u00063,s000032,ADD_TO_PLAYLIST,14,1,0,0,280,2025-01-26 03:24:23,mobile,US,a00140,rock
u00130,s000083,LIKE,14,1,0,0,271,2025-02-23 19:23:23,mobile,US,a00126,hip-hop
u00074,s000005,play,9,0,0,0,234,2025-10-26 18:09:24,mobile,US,a00178,classical
u00278,s000002,LIKE,17,1,0,0,334,2025-07-28 23:22:42,mobile,US,a00133,rock
u00304,s000022,PLAY,17,0,0,0,239,2025-09-15 00:50:49,mobile,US,a00195,pop
u00941,s000070,PLAY,17,0,0,0,334,2025-08-31 19:37:14,mobile,US,a00140,classical
u00489,s000014,PLAY,14,0,0,0,238,2025-11-07 22:18:04,mobile,US,a00163,classical
u00266,s000244,skip,1,0,0,1,31,2025-03-17 04:07:28,mobile,US,a00124,indie
u00488,s000002,PLAY,8,0,0,0,353,2025-09-01 09:11:06,mobile,US,a00133,rock
u00360,s000293,PLAY,1,0,0,0,49,2025-08-07 15:35:18,mobile,US,a00069,rock
u00845,s000418,ADD_TO_PLAYLIST,16,1,0,0,341,2025-06-13 21:22:04,mobile,US,a00134,classical
u00854,s000332,add_to_playlist,8,1,0,0,212,2025-09-24 10:31:00,mobile,US,a00050,indie
u00186,s000035,like,13,1,0,0,395,2025-02-18 19:49:54,mobile,US,a00108,pop
u00648,s000424,like,11,1,0,0,282,2025-04-14 11:55:53,mobile,US,a00114,latin
u00319,s000000,add_to_playlist,16,1,0,0,380,2025-03-16 03:25:59,mobile,US,a00178,edm
u00424,s000036,PLAY,17,0,0,0,314,2025-10-20 21:17:43,mobile,US,a00179,latin
u00645,s000014,PLAY,5,0,0,0,267,2025-09-29 21:17:10,mobile,US,a00163,classical
u00928,s000238,SKIP,1,0,0,1,52,2025-12-11 01:57:32,mobile,US,a00006,rock
u00129,s000008,PLAY,19,0,0,0,200,2025-04-21 13:27:43,mobile,US,a00191,hip-hop
u00008,s000426,ADD_TO_PLAYLIST,10,1,0,0,180,2025-09-10 02:23:00,mobile,US,a00071,indie
u00228,s000281,skip,1,0,0,1,33,2025-04-03 10:49:12,mobile,US,a00193,indie
u00978,s000404,SKIP,1,0,0,1,26,2025-11-14 23:53:41,mobile,US,a00142,pop
u00924,s000359,SKIP,1,0,0,1,15,2025-12-24 13:46:08,mobile,US,a00108,indie
u00408,s000090,play,9,0,0,0,379,2025-08-12 01:03:28,mobile,US,a00028,hip-hop
u00074,s000011,PLAY,16,0,0,0,308,2025-10-21 01:10:09,mobile,US,a00156,classical
u00544,s000155,play,5,0,0,0,294,2025-01-13 13:40:15,mobile,US,a00104,rock
u00914,s000457,like,14,1,0,0,389,2025-07-07 21:47:14,mobile,US,a00169,hip-hop
u00459,s000073,PLAY,17,0,0,0,395,2025-07-20 03:00:29,mobile,US,a00110,jazz
u00321,s000014,like,10,1,0,0,212,2025-05-23 07:21:16,mobile,US,a00163,classical
u00988,s000022,play,15,0,0,0,325,2025-05-21 13:20:25,mobile,US,a00195,pop
u00713,s000059,PLAY,17,0,0,0,200,2025-09-09 07:02:26,mobile,US,a00073,hip-hop
u00012,s000464,ADD_TO_PLAYLIST,13,1,0,0,217,2025-10-15 17:30:13,mobile,US,a00157,jazz
u00142,s000090,PLAY,12,0,0,0,222,2025-07-22 13:25:40,mobile,US,a00028,hip-hop
u00845,s000029,like,7,1,0,0,305,2025-04-02 04:48:09,mobile,US,a00096,classical
u00314,s000079,play,1,0,0,0,32,2025-07-04 02:02:42,mobile,US,a00132,rock
u00413,s000002,add_to_playlist,11,1,0,0,299,2025-07-15 15:41:21,mobile,US,a00133,rock
u00862,s000022,like,7,1,0,0,364,2025-07-06 17:25:15,mobile,US,a00195,pop
u00481,s000033,add_to_playlist,9,1,0,0,367,2025-12-19 17:42:56,mobile,US,a00158,edm
u00678,s000381,skip,1,0,0,1,58,2025-08-13 20:52:16,mobile,US,a00100,hip-hop
u00522,s000339,play,16,0,0,0,337,2025-06-04 06:18:51,mobile,US,a00010,edm
u00357,s000036,ADD_TO_PLAYLIST,12,1,0,0,249,2025-11-08 21:20:48,mobile,US,a00179,latin
u00039,s000027,play,11,0,0,0,263,2025-09-18 15:18:00,mobile,US,a00122,jazz
u00718,s000036,play,9,0,0,0,375,2025-05-18 04:09:50,mobile,US,a00179,latin
u00831,s000007,ADD_TO_PLAYLIST,9,1,0,0,320,2025-01-19 10:16:27,mobile,US,a00041,classical
u00114,s000037,ADD_TO_PLAYLIST,13,1,0,0,305,2025-03-12 18:04:40,mobile,US,a00183,indie
u00310,s000036,ADD_TO_PLAYLIST,8,1,0,0,370,2025-04-02 05:06:33,mobile,US,a00179,latin
u00756,s000392,SKIP,1,0,0,1,16,2025-09-12 17:27:18,mobile,US,a00061,latin
u00246,s000309,PLAY,1,0,0,0,7,2025-01-23 17:59:32,mobile,US,a00105,hip-hop
u00567,s000031,PLAY,17,0,0,0,240,2025-05-07 01:48:12,mobile,US,a00037,latin
u00523,s000020,LIKE,10,1,0,0,372,2025-08-17 17:35:11,mobile,US,a00182,indie
u00577,s000033,play,14,0,0,0,316,2025-03-18 16:01:22,mobile,US,a00158,edm
u00035,s000019,add_to_playlist,18,1,0,0,279,2025-11-22 16:48:47,mobile,US,a00154,classical
u00035,s000007,PLAY,11,0,0,0,366,2025-03-10 09:33:39,mobile,US,a00041,classical
u00306,s000350,play,11,0,0,0,227,2025-05-03 10:07:10,mobile,US,a00151,hip-hop
u00061,s000037,LIKE,8,1,0,0,182,2025-08-20 01:59:11,mobile,US,a00183,indie
u00866,s000014,play,11,0,0,0,319,2025-03-11 00:18:17,mobile,US,a00163,classical
u00801,s000015,LIKE,7,1,0,0,302,2025-01-22 12:05:04,mobile,US,a00156,edm
u00680,s000009,PLAY,7,0,0,0,346,2025-10-22 00:06:28,mobile,US,a00014,latin
u00072,s000283,play,5,0,0,0,311,2025-01-19 04:32:24,mobile,US,a00102,rock
u00697,s000023,PLAY,5,0,0,0,268,2025-03-08 19:49:22,mobile,US,a00085,pop
u00902,s000000,play,9,0,0,0,334,2025-09-05 17:50:09,mobile,US,a00178,edm
u00741,s000000,LIKE,13,1,0,0,273,2025-01-22 07:19:08,mobile,US,a00178,edm
u00390,s000017,ADD_TO_PLAYLIST,15,1,0,0,190,2025-04-09 00:01:20,mobile,US,a00184,jazz
u00310,s000018,play,15,0,0,0,390,2025-02-11 08:02:32,mobile,US,a00096,latin
u00179,s000027,add_to_playlist,13,1,0,0,368,2025-04-08 11:35:42,mobile,US,a00122,jazz
u00213,s000001,PLAY,10,0,0,0,348,2025-06-16 19:30:16,mobile,US,a00197,indie
u00407,s000009,play,10,0,0,0,188,2025-07-29 11:15:35,mobile,US,a00014,latin
u00689,s000035,play,17,0,0,0,273,2025-10-07 02:26:55,mobile,US,a00108,pop
u00139,s000021,play,9,0,0,0,202,2025-05-29 22:46:33,mobile,US,a00032,rock
u00930,s000030,PLAY,11,0,0,0,391,2025-06-16 00:12:54,mobile,US,a00117,indie
u00458,s000121,PLAY,13,0,0,0,290,2025-10-29 17:33:25,mobile,US,a00062,jazz
u00728,s000011,ADD_TO_PLAYLIST,10,1,0,0,366,2025-06-25 19:18:14,mobile,US,a00156,classical
u00369,s000422,skip,1,0,0,1,45,2025-03-17 09:22:41,mobile,US,a00006,jazz
u00101,s000035,PLAY,15,0,0,0,335,2025-06-10 06:36:57,mobile,US,a00108,pop
u00794,s000260,play,1,0,0,0,36,2025-09-25 09:49:48,mobile,US,a00019,indie
u00384,s000206,PLAY,5,0,0,0,367,2025-09-27 14:14:53,mobile,US,a00177,classical
u00823,s000359,add_to_playlist,8,1,0,0,342,2025-02-12 18:34:30,mobile,US,a00108,indie
u00168,s000499,like,12,1,0,0,182,2025-08-15 06:15:47,mobile,US,a00192,indie
u00328,s000018,add_to_playlist,6,1,0,0,210,2025-11-20 07:51:36,mobile,US,a00096,latin
u00147,s000229,like,18,1,0,0,308,2025-09-03 21:38:16,mobile,US,a00143,jazz
u00176,s000486,SKIP,1,0,0,1,29,2025-01-06 21:05:38,mobile,US,a00064,indie
u00252,s000469,SKIP,1,0,0,1,12,2025-11-14 00:31:58,mobile,US,a00095,rock
u00406,s000123,play,1,0,0,0,13,2025-03-09 17:53:41,mobile,US,a00089,indie
u00759,s000020,play,9,0,0,0,246,2025-01-15 23:08:09,mobile,US,a00182,indie
u00093,s000033,like,11,1,0,0,287,2025-01-29 15:54:01,mobile,US,a00158,edm
u00173,s000457,PLAY,16,0,0,0,235,2025-06-24 09:37:17,mobile,US,a00169,hip-hop
u00534,s000227,SKIP,1,0,0,1,51,2025-04-30 23:43:10,mobile,US,a00119,latin
u00213,s000001,PLAY,12,0,0,0,199,2025-11-04 06:23:32,mobile,US,a00197,indie
u00356,s000032,SKIP,1,0,0,1,26,2025-07-25 18:08:40,mobile,US,a00140,rock
u00684,s000116,skip,1,0,0,1,13,2025-05-04 23:02:58,mobile,US,a00056,indie
u00785,s000032,like,16,1,0,0,297,2025-12-19 00:26:08,mobile,US,a00140,rock
u00453,s000025,add_to_playlist,19,1,0,0,357,2025-12-29 16:27:09,mobile,US,a00009,edm
u00449,s000021,SKIP,1,0,0,1,12,2025-02-23 23:31:47,mobile,US,a00032,rock
u00467,s000333,skip,1,0,0,1,39,2025-03-21 06:46:13,mobile,US,a00180,latin
u00750,s000382,skip,1,0,0,1,35,2025-11-19 02:01:26,mobile,US,a00043,jazz
u00179,s000411,skip,1,0,0,1,44,2025-10-05 21:46:24,mobile,US,a00009,pop
u00643,s000003,play,14,0,0,0,266,2025-03-15 10:56:28,mobile,US,a00066,rock
u00355,s000042,ADD_TO_PLAYLIST,17,1,0,0,209,2025-01-24 05:39:18,mobile,US,a00156,indie
u00352,s000430,LIKE,11,1,0,0,381,2025-05-04 11:34:54,mobile,US,a00166,rock
u00406,s000025,like,10,1,0,0,347,2025-09-27 07:24:52,mobile,US,a00009,edm
u00907,s000027,play,16,0,0,0,386,2025-01-15 09:31:31,mobile,US,a00122,jazz
u00830,s000462,ADD_TO_PLAYLIST,15,1,0,0,302,2025-02-22 10:43:51,mobile,US,a00169,classical
u00439,s000039,ADD_TO_PLAYLIST,11,1,0,0,393,2025-06-15 11:31:39,mobile,US,a00156,jazz
u00227,s000000,like,13,1,0,0,346,2025-02-04 15:01:14,mobile,US,a00178,edm
u00676,s000235,LIKE,18,1,0,0,383,2025-04-25 07:07:50,mobile,US,a00175,hip-hop
u00358,s000187,ADD_TO_PLAYLIST,17,1,0,0,219,2025-10-22 04:10:53,mobile,US,a00113,rock
u00940,s000059,add_to_playlist,10,1,0,0,236,2025-03-22 14:20:25,mobile,US,a00073,hip-hop
u00446,s000013,play,7,0,0,0,209,2025-01-30 15:05:43,mobile,US,a00154,jazz
u00053,s000008,play,17,0,0,0,266,2025-05-20 06:53:06,mobile,US,a00191,hip-hop
u00023,s000018,ADD_TO_PLAYLIST,6,1,0,0,213,2025-12-14 13:30:27,mobile,US,a00096,latin
u00291,s000153,SKIP,1,0,0,1,53,2025-08-08 04:29:53,mobile,US,a00080,pop
u00269,s000045,PLAY,14,0,0,0,290,2025-01-10 00:56:05,mobile,US,a00075,jazz
u00148,s000021,PLAY,18,0,0,0,247,2025-05-28 19:49:06,mobile,US,a00032,rock
u00665,s000010,ADD_TO_PLAYLIST,6,1,0,0,326,2025-04-23 00:19:39,mobile,US,a00110,classical
u00514,s000026,LIKE,14,1,0,0,236,2025-01-28 05:24:06,mobile,US,a00004,pop
u00533,s000021,ADD_TO_PLAYLIST,16,1,0,0,345,2025-12-11 02:00:28,mobile,US,a00032,rock
u00816,s000238,ADD_TO_PLAYLIST,19,1,0,0,335,2025-05-11 17:44:51,mobile,US,a00006,rock
u00911,s000461,PLAY,6,0,0,0,299,2025-12-26 03:51:47,mobile,US,a00054,classical
u00283,s000001,LIKE,17,1,0,0,287,2025-10-10 22:46:01,mobile,US,a00197,indie
u00460,s000295,like,8,1,0,0,309,2025-02-02 23:30:36,mobile,US,a00127,pop
u00491,s000010,LIKE,11,1,0,0,357,2025-12-11 06:44:22,mobile,US,a00110,classical
u00993,s000104,play,1,0,0,0,14,2025-05-19 12:01:19,mobile,US,a00000,edm
u00408,s000309,play,14,0,0,0,204,2025-08-31 14:32:24,mobile,US,a00105,hip-hop
u00537,s000001,ADD_TO_PLAYLIST,12,1,0,0,209,2025-04-01 23:47:34,mobile,US,a00197,indie
u00129,s000210,PLAY,1,0,0,0,24,2025-05-01 23:36:30,mobile,US,a00064,rock
u00195,s000123,SKIP,1,0,0,1,37,2025-02-10 18:54:08,mobile,US,a00089,indie
u00967,s000128,play,12,0,0,0,180,2025-02-11 09:46:57,mobile,US,a00161,edm
u00967,s000033,play,14,0,0,0,251,2025-06-13 02:29:22,mobile,US,a00158,edm
u00962,s000458,play,16,0,0,0,210,2025-11-04 12:26:48,mobile,US,a00107,edm
u00602,s000279,add_to_playlist,18,1,0,0,228,2025-06-15 23:28:01,mobile,US,a00008,hip-hop
u00924,s000409,PLAY,1,0,0,0,59,2025-08-24 13:28:37,mobile,US,a00046,pop
u00867,s000467,like,9,1,0,0,304,2025-03-05 02:59:48,mobile,US,a00017,edm
u00119,s000007,PLAY,8,0,0,0,324,2025-03-09 15:58:07,mobile,US,a00041,classical
u00285,s000039,play,14,0,0,0,399,2025-09-05 01:41:47,mobile,US,a00156,jazz
u00530,s000003,PLAY,14,0,0,0,209,2025-03-11 20:00:19,mobile,US,a00066,rock
u00913,s000280,like,12,1,0,0,350,2025-12-15 08:09:13,mobile,US,a00039,pop
u00146,s000045,add_to_playlist,10,1,0,0,378,2025-06-30 06:19:51,mobile,US,a00075,jazz
u00519,s000035,like,8,1,0,0,312,2025-02-23 14:40:22,mobile,US,a00108,pop
u00530,s000002,PLAY,16,0,0,0,289,2025-02-04 09:02:46,mobile,US,a00133,rock
u00799,s000027,add_to_playlist,9,1,0,0,382,2025-07-03 17:14:25,mobile,US,a00122,jazz
u00161,s000049,ADD_TO_PLAYLIST,16,1,0,0,348,2025-08-23 11:48:55,mobile,US,a00094,rock
u00192,s000004,PLAY,13,0,0,0,222,2025-02-09 13:36:13,mobile,US,a00134,rock
u00858,s000035,LIKE,7,1,0,0,303,2025-03-30 00:03:36,mobile,US,a00108,pop
u00521,s000133,play,15,0,0,0,382,2025-07-30 23:46:26,mobile,US,a00186,indie
u00227,s000433,SKIP,1,0,0,1,24,2025-05-10 17:54:18,mobile,US,a00102,hip-hop
u00186,s000338,play,1,0,0,0,5,2025-03-07 15:54:33,mobile,US,a00148,edm
u00551,s000008,like,14,1,0,0,398,2025-01-02 15:14:26,mobile,US,a00191,hip-hop
u00726,s000229,play,11,0,0,0,392,2025-12-30 22:23:00,mobile,US,a00143,jazz
u00817,s000046,LIKE,15,1,0,0,261,2025-11-05 23:38:39,mobile,US,a00172,jazz
u00139,s000293,add_to_playlist,7,1,0,0,394,2025-11-10 17:25:24,mobile,US,a00069,rock
u00540,s000042,PLAY,11,0,0,0,328,2025-01-28 18:12:20,mobile,US,a00156,indie
u00445,s000027,play,8,0,0,0,312,2025-07-23 05:00:44,mobile,US,a00122,jazz
u00544,s000032,play,19,0,0,0,302,2025-07-06 06:26:47,mobile,US,a00140,rock
u00784,s000234,PLAY,7,0,0,0,207,2025-04-13 17:52:51,mobile,US,a00054,pop
u00220,s000027,like,18,1,0,0,361,2025-06-01 18:16:54,mobile,US,a00122,jazz
u00274,s000021,play,12,0,0,0,300,2025-12-06 01:22:05,mobile,US,a00032,rock
u00957,s000481,SKIP,1,0,0,1,30,2025-08-20 15:29:11,mobile,US,a00157,classical
u00847,s000026,like,9,1,0,0,378,2025-07-05 15:25:02,mobile,US,a00004,pop
u00945,s000409,play,1,0,0,0,59,2025-01-28 18:30:26,mobile,US,a00046,pop
u00712,s000060,play,11,0,0,0,278,2025-04-26 12:53:10,mobile,US,a00103,rock
u00420,s000022,PLAY,10,0,0,0,269,2025-04-16 23:25:35,mobile,US,a00195,pop
u00479,s000358,ADD_TO_PLAYLIST,11,1,0,0,307,2025-10-05 05:45:16,mobile,US,a00189,hip-hop
u00745,s000221,PLAY,10,0,0,0,183,2025-06-05 10:50:35,mobile,US,a00161,pop
u00185,s000161,add_to_playlist,13,1,0,0,257,2025-10-02 23:18:03,mobile,US,a00188,classical
u00896,s000025,PLAY,8,0,0,0,216,2025-01-03 15:30:21,mobile,US,a00009,edm
u00912,s000005,like,12,1,0,0,182,2025-03-12 14:07:22,mobile,US,a00178,classical
u00392,s000024,ADD_TO_PLAYLIST,11,1,0,0,271,2025-07-30 22:32:35,mobile,US,a00065,latin
u00541,s000023,play,9,0,0,0,239,2025-08-18 01:00:32,mobile,US,a00085,pop
u00014,s000123,play,1,0,0,0,29,2025-08-19 08:47:31,mobile,US,a00089,indie
u00771,s000011,play,6,0,0,0,392,2025-10-29 23:41:03,mobile,US,a00156,classical
u00165,s000110,add_to_playlist,13,1,0,0,268,2025-07-03 13:38:08,mobile,US,a00142,rock
u00693,s000008,PLAY,7,0,0,0,260,2025-03-15 06:20:55,mobile,US,a00191,hip-hop
u00612,s000006,ADD_TO_PLAYLIST,5,1,0,0,379,2025-09-03 03:14:26,mobile,US,a00199,hip-hop
u00970,s000036,ADD_TO_PLAYLIST,16,1,0,0,259,2025-02-05 00:54:30,mobile,US,a00179,latin
u00148,s000002,like,16,1,0,0,389,2025-02-24 07:20:37,mobile,US,a00133,rock
u00643,s000384,LIKE,18,1,0,0,232,2025-07-20 22:59:03,mobile,US,a00048,rock
u00985,s000022,PLAY,5,0,0,0,395,2025-12-23 05:29:56,mobile,US,a00195,pop
u00509,s000035,add_to_playlist,7,1,0,0,368,2025-04-05 00:50:07,mobile,US,a00108,pop
u00557,s000084,add_to_playlist,18,1,0,0,354,2025-03-25 15:15:46,mobile,US,a00105,edm
u00930,s000279,skip,1,0,0,1,53,2025-03-14 00:37:32,mobile,US,a00008,hip-hop
u00567,s000024,PLAY,18,0,0,0,314,2025-03-25 17:48:51,mobile,US,a00065,latin
u00895,s000059,play,13,0,0,0,362,2025-07-01 13:44:29,mobile,US,a00073,hip-hop
u00194,s000030,play,18,0,0,0,218,2025-09-08 19:40:56,mobile,US,a00117,indie
u00764,s000104,PLAY,1,0,0,0,9,2025-10-05 07:02:27,mobile,US,a00000,edm
u00525,s000305,ADD_TO_PLAYLIST,16,1,0,0,328,2025-02-09 18:44:28,mobile,US,a00121,indie
u00863,s000311,play,19,0,0,0,252,2025-01-12 21:41:57,mobile,US,a00026,pop
u00657,s000296,play,16,0,0,0,215,2025-06-23 03:16:15,mobile,US,a00084,jazz
u00962,s000012,PLAY,5,0,0,0,286,2025-10-24 21:18:25,mobile,US,a00032,edm
u00972,s000126,PLAY,1,0,0,0,21,2025-07-26 13:02:32,mobile,US,a00129,hip-hop
u00439,s000039,add_to_playlist,15,1,0,0,392,2025-09-03 00:33:07,mobile,US,a00156,jazz
u00673,s000000,PLAY,13,0,0,0,321,2025-11-04 15:40:17,mobile,US,a00178,edm
u00721,s000397,play,1,0,0,0,24,2025-08-13 18:41:20,mobile,US,a00080,indie
u00240,s000137,PLAY,9,0,0,0,320,2025-08-18 21:16:30,mobile,US,a00151,pop
u00049,s000167,play,7,0,0,0,255,2025-10-13 16:19:25,mobile,US,a00178,edm
u00361,s000128,SKIP,1,0,0,1,51,2025-06-04 20:42:01,mobile,US,a00161,edm
u00627,s000000,like,11,1,0,0,220,2025-01-31 00:14:21,mobile,US,a00178,edm
u00188,s000001,PLAY,5,0,0,0,181,2025-10-02 07:01:47,mobile,US,a00197,indie
u00971,s000020,PLAY,14,0,0,0,279,2025-07-04 22:05:48,mobile,US,a00182,indie
u00052,s000459,PLAY,5,0,0,0,318,2025-05-28 00:22:25,mobile,US,a00125,jazz
u00877,s000026,add_to_playlist,10,1,0,0,322,2025-09-03 16:35:01,mobile,US,a00004,pop
u00301,s000210,play,5,0,0,0,348,2025-08-26 14:02:21,mobile,US,a00064,rock
u00854,s000030,PLAY,15,0,0,0,314,2025-07-01 11:05:11,mobile,US,a00117,indie
u00931,s000090,like,9,1,0,0,231,2025-08-18 08:11:30,mobile,US,a00028,hip-hop
u00544,s000201,SKIP,1,0,0,1,53,2025-03-25 03:06:06,mobile,US,a00161,pop
u00392,s000024,LIKE,15,1,0,0,191,2025-07-04 04:37:36,mobile,US,a00065,latin
u00775,s000017,PLAY,1,0,0,0,14,2025-06-01 16:29:31,mobile,US,a00184,jazz
u00043,s000024,LIKE,7,1,0,0,200,2025-02-09 05:53:43,mobile,US,a00065,latin
u00823,s000037,add_to_playlist,14,1,0,0,225,2025-08-01 08:38:46,mobile,US,a00183,indie
u00531,s000421,SKIP,1,0,0,1,38,2025-03-22 08:58:22,mobile,US,a00116,rock
u00803,s000472,like,13,1,0,0,383,2025-07-03 05:06:44,mobile,US,a00045,rock
u00528,s000214,play,10,0,0,0,281,2025-07-18 05:13:48,mobile,US,a00071,pop
u00244,s000030,like,17,1,0,0,231,2025-03-16 17:19:53,mobile,US,a00117,indie
u00018,s000036,play,15,0,0,0,284,2025-09-27 00:32:15,mobile,US,a00179,latin
u00278,s000155,like,14,1,0,0,309,2025-06-21 03:07:02,mobile,US,a00104,rock
u00831,s000412,PLAY,16,0,0,0,217,2025-08-16 09:24:59,mobile,US,a00015,classical
u00432,s000007,PLAY,8,0,0,0,250,2025-10-02 06:40:54,mobile,US,a00041,classical
u00548,s000016,play,19,0,0,0,278,2025-11-11 17:36:33,mobile,US,a00037,pop
u00568,s000020,play,6,0,0,0,208,2025-03-26 07:20:27,mobile,US,a00182,indie
u00550,s000055,play,1,0,0,0,31,2025-11-14 16:52:22,mobile,US,a00026,classical
u00682,s000020,play,9,0,0,0,260,2025-07-04 13:15:35,mobile,US,a00182,indie
u00554,s000239,skip,1,0,0,1,21,2025-12-08 20:56:38,mobile,US,a00160,jazz
u00681,s000007,PLAY,7,0,0,0,232,2025-01-15 06:27:45,mobile,US,a00041,classical
u00061,s000274,PLAY,12,0,0,0,248,2025-03-17 04:26:16,mobile,US,a00058,indie
u00128,s000136,SKIP,1,0,0,1,19,2025-09-06 15:51:01,mobile,US,a00181,indie
u00175,s000052,SKIP,1,0,0,1,23,2025-09-21 21:47:27,mobile,US,a00035,jazz
u00442,s000032,ADD_TO_PLAYLIST,11,1,0,0,342,2025-04-16 05:30:51,mobile,US,a00140,rock
u00432,s000209,LIKE,17,1,0,0,240,2025-03-17 05:47:37,mobile,US,a00007,classical
u00980,s000008,ADD_TO_PLAYLIST,13,1,0,0,195,2025-10-02 06:42:57,mobile,US,a00191,hip-hop
u00552,s000412,ADD_TO_PLAYLIST,18,1,0,0,279,2025-09-18 07:19:13,mobile,US,a00015,classical
u00753,s000022,ADD_TO_PLAYLIST,11,1,0,0,233,2025-05-23 06:20:42,mobile,US,a00195,pop
u00259,s000045,like,9,1,0,0,215,2025-09-08 21:11:57,mobile,US,a00075,jazz
u00366,s000380,LIKE,9,1,0,0,372,2025-05-21 10:35:02,mobile,US,a00018,edm
u00651,s000009,play,17,0,0,0,278,2025-07-19 15:55:30,mobile,US,a00014,latin
u00472,s000039,PLAY,5,0,0,0,341,2025-02-19 12:47:16,mobile,US,a00156,jazz
u00538,s000005,play,15,0,0,0,334,2025-11-29 05:17:19,mobile,US,a00178,classical
u00601,s000024,PLAY,12,0,0,0,267,2025-07-24 11:20:11,mobile,US,a00065,latin
u00924,s000032,PLAY,14,0,0,0,365,2025-11-05 00:07:24,mobile,US,a00140,rock
u00105,s000299,ADD_TO_PLAYLIST,5,1,0,0,262,2025-03-06 14:56:30,mobile,US,a00040,pop
u00737,s000007,play,10,0,0,0,295,2025-05-28 17:24:59,mobile,US,a00041,classical
u00235,s000457,ADD_TO_PLAYLIST,16,1,0,0,271,2025-10-01 23:53:54,mobile,US,a00169,hip-hop
u00493,s000012,PLAY,6,0,0,0,352,2025-06-05 13:42:47,mobile,US,a00032,edm
u00357,s000405,ADD_TO_PLAYLIST,8,1,0,0,384,2025-03-04 23:42:10,mobile,US,a00058,latin
u00023,s000009,PLAY,18,0,0,0,325,2025-04-02 09:19:38,mobile,US,a00014,latin
u00456,s000128,play,18,0,0,0,226,2025-08-06 08:06:06,mobile,US,a00161,edm
u00914,s000148,skip,1,0,0,1,59,2025-06-29 09:04:41,mobile,US,a00153,jazz
u00164,s000153,play,14,0,0,0,395,2025-04-16 00:28:37,mobile,US,a00080,pop
u00371,s000036,ADD_TO_PLAYLIST,13,1,0,0,286,2025-12-24 21:24:40,mobile,US,a00179,latin
u00322,s000083,PLAY,6,0,0,0,371,2025-07-22 19:06:58,mobile,US,a00126,hip-hop
u00659,s000023,LIKE,16,1,0,0,362,2025-09-02 03:32:03,mobile,US,a00085,pop
u00659,s000016,play,7,0,0,0,346,2025-01-02 04:41:51,mobile,US,a00037,pop
u00204,s000334,like,13,1,0,0,257,2025-05-16 15:39:31,mobile,US,a00035,hip-hop
u00101,s000039,skip,1,0,0,1,46,2025-04-16 13:35:18,mobile,US,a00156,jazz
u00980,s000183,like,12,1,0,0,326,2025-10-24 00:03:47,mobile,US,a00114,hip-hop
u00645,s000055,like,15,1,0,0,347,2025-03-30 03:33:14,mobile,US,a00026,classical
u00345,s000243,like,10,1,0,0,361,2025-09-27 03:58:31,mobile,US,a00111,indie
u00940,s000287,SKIP,1,0,0,1,22,2025-07-14 01:22:10,mobile,US,a00185,edm
u00779,s000275,play,1,0,0,0,35,2025-08-29 15:36:44,mobile,US,a00127,latin
u00455,s000122,PLAY,18,0,0,0,217,2025-12-30 13:43:37,mobile,US,a00024,jazz
u00466,s000009,play,17,0,0,0,183,2025-08-28 20:52:14,mobile,US,a00014,latin
u00467,s000454,PLAY,10,0,0,0,248,2025-05-25 21:09:27,mobile,US,a00140,rock
u00226,s000029,PLAY,8,0,0,0,186,2025-04-29 19:29:08,mobile,US,a00096,classical
u00481,s000033,like,19,1,0,0,354,2025-10-10 11:31:34,mobile,US,a00158,edm
u00049,s000000,LIKE,18,1,0,0,248,2025-05-13 15:38:37,mobile,US,a00178,edm
u00393,s000018,LIKE,18,1,0,0,318,2025-05-15 20:42:57,mobile,US,a00096,latin
u00545,s000024,PLAY,8,0,0,0,186,2025-01-11 16:59:36,mobile,US,a00065,latin
u00804,s000025,PLAY,12,0,0,0,259,2025-11-20 12:45:28,mobile,US,a00009,edm
u00031,s000289,add_to_playlist,12,1,0,0,232,2025-04-24 19:29:26,mobile,US,a00108,rock
u00848,s000042,add_to_playlist,9,1,0,0,314,2025-04-15 00:25:36,mobile,US,a00156,indie
u00059,s000007,ADD_TO_PLAYLIST,18,1,0,0,298,2025-06-13 19:24:54,mobile,US,a00041,classical
u00928,s000015,play,6,0,0,0,321,2025-05-06 22:59:29,mobile,US,a00156,edm
u00393,s000009,like,6,1,0,0,355,2025-07-02 11:18:08,mobile,US,a00014,latin
u00130,s000477,play,1,0,0,0,36,2025-07-22 01:36:10,mobile,US,a00015,latin
u00355,s000482,play,1,0,0,0,52,2025-05-03 21:00:11,mobile,US,a00152,edm
u00657,s000449,skip,1,0,0,1,26,2025-02-01 20:34:41,mobile,US,a00014,hip-hop
u00559,s000361,play,13,0,0,0,272,2025-08-23 10:35:30,mobile,US,a00193,edm
u00080,s000433,skip,1,0,0,1,37,2025-02-28 18:59:09,mobile,US,a00102,hip-hop
u00593,s000288,LIKE,14,1,0,0,366,2025-05-22 04:44:40,mobile,US,a00028,hip-hop
u00787,s000024,PLAY,5,0,0,0,345,2025-06-23 22:34:01,mobile,US,a00065,latin
u00152,s000003,PLAY,17,0,0,0,342,2025-10-20 11:54:09,mobile,US,a00066,rock
u00249,s000013,ADD_TO_PLAYLIST,13,1,0,0,271,2025-02-10 21:41:41,mobile,US,a00154,jazz
u00441,s000031,play,8,0,0,0,315,2025-05-22 15:14:22,mobile,US,a00037,latin
u00349,s000001,play,18,0,0,0,218,2025-12-17 01:40:01,mobile,US,a00197,indie
u00377,s000004,like,7,1,0,0,354,2025-10-25 00:36:49,mobile,US,a00134,rock
u00170,s000189,play,13,0,0,0,261,2025-10-15 11:59:14,mobile,US,a00178,latin
u00688,s000385,PLAY,1,0,0,0,42,2025-02-25 09:07:35,mobile,US,a00188,hip-hop
u00827,s000022,LIKE,17,1,0,0,394,2025-07-25 17:51:06,mobile,US,a00195,pop
u00591,s000364,add_to_playlist,10,1,0,0,304,2025-07-21 21:18:56,mobile,US,a00016,latin
u00089,s000196,play,13,0,0,0,204,2025-07-11 01:26:35,mobile,US,a00102,pop
u00432,s000011,PLAY,9,0,0,0,200,2025-08-03 23:17:50,mobile,US,a00156,classical
u00828,s000202,SKIP,1,0,0,1,52,2025-09-08 07:45:28,mobile,US,a00123,hip-hop
u00929,s000021,LIKE,9,1,0,0,249,2025-03-29 16:46:21,mobile,US,a00032,rock
u00147,s000223,play,1,0,0,0,35,2025-06-27 07:39:48,mobile,US,a00095,indie
u00199,s000045,ADD_TO_PLAYLIST,7,1,0,0,299,2025-12-21 03:45:17,mobile,US,a00075,jazz
u00416,s000010,like,7,1,0,0,185,2025-09-07 22:27:23,mobile,US,a00110,classical
u00964,s000042,add_to_playlist,13,1,0,0,278,2025-06-20 17:49:43,mobile,US,a00156,indie
u00199,s000421,skip,1,0,0,1,42,2025-04-04 17:51:52,mobile,US,a00116,rock
u00084,s000042,PLAY,14,0,0,0,236,2025-06-09 11:52:17,mobile,US,a00156,indie
u00570,s000033,play,7,0,0,0,276,2025-05-27 10:31:46,mobile,US,a00158,edm
u00035,s000007,ADD_TO_PLAYLIST,18,1,0,0,334,2025-03-13 21:14:17,mobile,US,a00041,classical
u00041,s000175,play,11,0,0,0,220,2025-01-08 00:47:27,mobile,US,a00172,indie
u00818,s000235,play,19,0,0,0,281,2025-05-24 18:52:32,mobile,US,a00175,hip-hop
u00017,s000001,skip,1,0,0,1,30,2025-03-25 23:21:18,mobile,US,a00197,indie
u00527,s000130,ADD_TO_PLAYLIST,10,1,0,0,208,2025-04-12 16:08:07,mobile,US,a00016,pop
u00269,s000310,ADD_TO_PLAYLIST,9,1,0,0,313,2025-05-25 11:47:42,mobile,US,a00085,jazz
u00545,s000024,LIKE,14,1,0,0,372,2025-02-24 13:17:48,mobile,US,a00065,latin
u00026,s000205,PLAY,17,0,0,0,356,2025-12-13 13:28:13,mobile,US,a00031,edm
u00432,s000010,add_to_playlist,9,1,0,0,232,2025-10-23 11:24:53,mobile,US,a00110,classical
u00873,s000003,play,18,0,0,0,267,2025-07-10 15:29:46,mobile,US,a00066,rock
u00709,s000018,like,16,1,0,0,351,2025-07-03 08:19:59,mobile,US,a00096,latin
u00144,s000364,like,5,1,0,0,299,2025-06-20 01:33:12,mobile,US,a00016,latin
u00030,s000474,SKIP,1,0,0,1,58,2025-01-08 15:12:19,mobile,US,a00189,latin
u00567,s000149,SKIP,1,0,0,1,39,2025-05-19 04:34:31,mobile,US,a00155,rock
u00270,s000000,ADD_TO_PLAYLIST,7,1,0,0,326,2025-09-30 22:36:00,mobile,US,a00178,edm
u00991,s000059,play,14,0,0,0,292,2025-05-01 23:58:27,mobile,US,a00073,hip-hop
u00345,s000030,PLAY,6,0,0,0,277,2025-12-28 04:56:53,mobile,US,a00117,indie
u00535,s000315,play,1,0,0,0,40,2025-04-21 23:41:40,mobile,US,a00167,hip-hop
u00155,s000308,SKIP,1,0,0,1,47,2025-12-08 22:13:20,mobile,US,a00116,rock
u00359,s000045,LIKE,15,1,0,0,384,2025-09-14 04:53:46,mobile,US,a00075,jazz
u00415,s000021,play,6,0,0,0,313,2025-11-14 23:52:48,mobile,US,a00032,rock
u00678,s000026,PLAY,5,0,0,0,208,2025-07-05 22:38:12,mobile,US,a00004,pop
u00614,s000012,PLAY,5,0,0,0,238,2025-05-17 12:29:33,mobile,US,a00032,edm
u00889,s000004,like,8,1,0,0,308,2025-07-29 18:31:26,mobile,US,a00134,rock
u00906,s000023,LIKE,8,1,0,0,381,2025-05-04 02:32:11,mobile,US,a00085,pop
u00060,s000382,ADD_TO_PLAYLIST,19,1,0,0,194,2025-05-30 05:48:40,mobile,US,a00043,jazz
u00116,s000032,add_to_playlist,7,1,0,0,344,2025-11-05 03:45:48,mobile,US,a00140,rock
u00154,s000407,play,5,0,0,0,274,2025-11-10 20:50:58,mobile,US,a00108,classical
u00291,s000089,play,1,0,0,0,35,2025-01-27 04:50:19,mobile,US,a00050,pop
u00248,s000002,play,19,0,0,0,220,2025-03-18 12:07:16,mobile,US,a00133,rock
u00902,s000366,skip,1,0,0,1,47,2025-09-26 23:43:27,mobile,US,a00060,jazz
u00461,s000007,PLAY,12,0,0,0,374,2025-01-18 12:15:53,mobile,US,a00041,classical
u00701,s000009,PLAY,13,0,0,0,200,2025-04-30 16:49:40,mobile,US,a00014,latin
u00936,s000363,like,11,1,0,0,281,2025-09-04 13:14:54,mobile,US,a00039,edm
u00647,s000002,like,9,1,0,0,259,2025-12-05 19:34:16,mobile,US,a00133,rock
u00138,s000120,skip,1,0,0,1,34,2025-07-13 01:42:03,mobile,US,a00034,pop
u00497,s000008,like,17,1,0,0,388,2025-02-06 05:44:41,mobile,US,a00191,hip-hop
u00653,s000077,play,1,0,0,0,48,2025-03-10 04:32:28,mobile,US,a00099,rock
u00108,s000033,like,15,1,0,0,288,2025-07-16 19:38:13,mobile,US,a00158,edm
u00263,s000016,SKIP,1,0,0,1,57,2025-07-12 06:46:23,mobile,US,a00037,pop
u00620,s000060,play,1,0,0,0,31,2025-01-06 02:44:43,mobile,US,a00103,rock
u00645,s000014,play,16,0,0,0,279,2025-04-15 13:00:58,mobile,US,a00163,classical
u00853,s000039,PLAY,13,0,0,0,192,2025-08-14 07:21:44,mobile,US,a00156,jazz
u00314,s000045,ADD_TO_PLAYLIST,12,1,0,0,377,2025-11-05 08:10:13,mobile,US,a00075,jazz
u00645,s000042,SKIP,1,0,0,1,29,2025-01-02 03:59:19,mobile,US,a00156,indie
u00702,s000003,ADD_TO_PLAYLIST,8,1,0,0,330,2025-03-15 22:20:15,mobile,US,a00066,rock
u00306,s000352,SKIP,1,0,0,1,18,2025-06-24 10:38:07,mobile,US,a00068,indie
u00927,s000083,PLAY,15,0,0,0,360,2025-01-25 08:56:14,mobile,US,a00126,hip-hop
u00794,s000004,ADD_TO_PLAYLIST,10,1,0,0,247,2025-03-10 14:31:54,mobile,US,a00134,rock
u00782,s000031,LIKE,10,1,0,0,333,2025-10-19 10:38:23,mobile,US,a00037,latin
u00276,s000021,play,15,0,0,0,253,2025-05-13 01:37:21,mobile,US,a00032,rock
u00879,s000451,add_to_playlist,14,1,0,0,182,2025-08-26 16:01:31,mobile,US,a00003,classical
u00361,s000157,PLAY,15,0,0,0,370,2025-02-14 16:31:27,mobile,US,a00147,rock
u00657,s000013,LIKE,9,1,0,0,252,2025-12-25 03:52:55,mobile,US,a00154,jazz
u00440,s000110,play,16,0,0,0,379,2025-05-31 17:55:00,mobile,US,a00142,rock
u00482,s000299,PLAY,1,0,0,0,43,2025-02-08 23:15:50,mobile,US,a00040,pop
u00186,s000022,PLAY,11,0,0,0,373,2025-04-06 02:57:05,mobile,US,a00195,pop
u00474,s000013,PLAY,5,0,0,0,345,2025-02-02 00:31:42,mobile,US,a00154,jazz
u00379,s000021,play,17,0,0,0,244,2025-05-13 17:35:28,mobile,US,a00032,rock
u00097,s000294,like,14,1,0,0,373,2025-01-11 19:32:38,mobile,US,a00145,hip-hop
u00641,s000000,add_to_playlist,12,1,0,0,383,2025-05-30 10:42:31,mobile,US,a00178,edm
u00092,s000022,play,17,0,0,0,338,2025-04-28 11:05:53,mobile,US,a00195,pop
u00518,s000496,ADD_TO_PLAYLIST,6,1,0,0,368,2025-01-06 16:18:17,mobile,US,a00036,latin
u00912,s000011,add_to_playlist,10,1,0,0,237,2025-07-21 22:12:04,mobile,US,a00156,classical
u00265,s000016,like,13,1,0,0,383,2025-05-25 20:38:30,mobile,US,a00037,pop
u00504,s000030,LIKE,8,1,0,0,207,2025-09-12 14:05:23,mobile,US,a00117,indie
u00948,s000015,PLAY,5,0,0,0,232,2025-02-16 13:23:01,mobile,US,a00156,edm
u00755,s000012,ADD_TO_PLAYLIST,7,1,0,0,231,2025-12-26 13:08:33,mobile,US,a00032,edm
u00106,s000119,PLAY,6,0,0,0,388,2025-04-17 02:52:20,mobile,US,a00168,edm
u00887,s000033,add_to_playlist,10,1,0,0,371,2025-05-11 01:25:54,mobile,US,a00158,edm
u00772,s000021,add_to_playlist,5,1,0,0,331,2025-01-28 01:52:18,mobile,US,a00032,rock
u00428,s000009,SKIP,1,0,0,1,27,2025-03-06 11:49:20,mobile,US,a00014,latin
u00761,s000016,ADD_TO_PLAYLIST,19,1,0,0,347,2025-04-08 22:39:12,mobile,US,a00037,pop
u00985,s000022,PLAY,6,0,0,0,302,2025-01-15 18:42:52,mobile,US,a00195,pop
u00986,s000090,PLAY,5,0,0,0,280,2025-06-10 19:54:49,mobile,US,a00028,hip-hop
u00349,s000001,ADD_TO_PLAYLIST,14,1,0,0,328,2025-06-18 01:01:17,mobile,US,a00197,indie
u00037,s000004,ADD_TO_PLAYLIST,18,1,0,0,236,2025-12-08 14:36:50,mobile,US,a00134,rock
u00278,s000002,play,17,0,0,0,180,2025-09-09 17:21:55,mobile,US,a00133,rock
u00009,s000035,PLAY,17,0,0,0,319,2025-11-10 20:57:41,mobile,US,a00108,pop
u00884,s000024,play,15,0,0,0,393,2025-07-26 01:44:04,mobile,US,a00065,latin
u00790,s000154,SKIP,1,0,0,1,24,2025-11-14 14:21:55,mobile,US,a00083,latin
u00028,s000024,add_to_playlist,5,1,0,0,275,2025-05-14 15:15:48,mobile,US,a00065,latin
u00204,s000054,SKIP,1,0,0,1,48,2025-12-12 16:50:33,mobile,US,a00042,rock
u00508,s000286,play,1,0,0,0,16,2025-10-07 22:54:43,mobile,US,a00153,pop
u00759,s000114,play,16,0,0,0,305,2025-03-14 07:07:18,mobile,US,a00136,indie
u00969,s000169,PLAY,12,0,0,0,309,2025-11-02 16:40:42,mobile,US,a00183,jazz
u00599,s000025,like,13,1,0,0,204,2025-04-08 20:06:25,mobile,US,a00009,edm
u00694,s000021,skip,1,0,0,1,31,2025-01-29 06:31:41,mobile,US,a00032,rock
u00077,s000277,play,1,0,0,0,37,2025-01-20 19:31:42,mobile,US,a00114,indie
u00273,s000036,PLAY,6,0,0,0,314,2025-11-03 01:50:59,mobile,US,a00179,latin
u00684,s000419,play,8,0,0,0,316,2025-03-20 12:47:10,mobile,US,a00013,rock
u00116,s000004,play,14,0,0,0,224,2025-11-23 20:08:57,mobile,US,a00134,rock
u00027,s000026,ADD_TO_PLAYLIST,9,1,0,0,338,2025-06-12 04:36:49,mobile,US,a00004,pop
u00322,s000008,PLAY,9,0,0,0,189,2025-08-30 18:44:40,mobile,US,a00191,hip-hop
u00691,s000308,SKIP,1,0,0,1,47,2025-04-10 11:28:56,mobile,US,a00116,rock
u00791,s000392,add_to_playlist,11,1,0,0,256,2025-01-18 06:07:31,mobile,US,a00061,latin
u00075,s000336,SKIP,1,0,0,1,20,2025-03-11 16:43:32,mobile,US,a00025,jazz
u00397,s000033,ADD_TO_PLAYLIST,6,1,0,0,215,2025-04-24 02:13:01,mobile,US,a00158,edm
u00300,s000032,like,13,1,0,0,357,2025-09-30 07:52:14,mobile,US,a00140,rock
u00160,s000062,like,15,1,0,0,343,2025-01-21 02:19:53,mobile,US,a00133,indie
u00944,s000014,play,18,0,0,0,374,2025-03-26 17:19:05,mobile,US,a00163,classical
u00323,s000023,PLAY,11,0,0,0,394,2025-10-21 06:51:09,mobile,US,a00085,pop
u00187,s000042,ADD_TO_PLAYLIST,11,1,0,0,356,2025-03-27 16:26:57,mobile,US,a00156,indie
u00969,s000400,like,19,1,0,0,264,2025-11-22 17:48:40,mobile,US,a00199,jazz
u00860,s000008,ADD_TO_PLAYLIST,13,1,0,0,214,2025-11-03 21:06:34,mobile,US,a00191,hip-hop
u00938,s000330,play,13,0,0,0,332,2025-11-04 22:47:29,mobile,US,a00106,edm
u00576,s000014,ADD_TO_PLAYLIST,8,1,0,0,194,2025-06-17 14:58:16,mobile,US,a00163,classical
u00817,s000017,PLAY,13,0,0,0,342,2025-05-27 01:01:32,mobile,US,a00184,jazz
u00240,s000016,ADD_TO_PLAYLIST,16,1,0,0,278,2025-06-21 16:38:07,mobile,US,a00037,pop
u00676,s000090,play,6,0,0,0,191,2025-11-14 18:44:41,mobile,US,a00028,hip-hop
u00115,s000202,play,17,0,0,0,372,2025-03-02 19:08:06,mobile,US,a00123,hip-hop
u00404,s000024,PLAY,9,0,0,0,316,2025-03-01 06:52:10,mobile,US,a00065,latin
u00476,s000003,PLAY,19,0,0,0,282,2025-09-13 04:04:20,mobile,US,a00066,rock
u00557,s000000,play,17,0,0,0,231,2025-11-09 18:48:31,mobile,US,a00178,edm
u00023,s000024,like,12,1,0,0,284,2025-04-05 05:27:07,mobile,US,a00065,latin
u00674,s000008,ADD_TO_PLAYLIST,5,1,0,0,388,2025-07-03 21:33:22,mobile,US,a00191,hip-hop
u00496,s000453,PLAY,8,0,0,0,219,2025-10-24 18:50:28,mobile,US,a00152,jazz
u00821,s000083,like,18,1,0,0,287,2025-02-11 15:44:21,mobile,US,a00126,hip-hop
u00427,s000090,LIKE,9,1,0,0,396,2025-05-15 17:03:01,mobile,US,a00028,hip-hop
u00342,s000148,ADD_TO_PLAYLIST,13,1,0,0,351,2025-01-26 05:39:50,mobile,US,a00153,jazz
u00439,s000045,play,11,0,0,0,303,2025-02-17 10:02:13,mobile,US,a00075,jazz
u00146,s000017,ADD_TO_PLAYLIST,15,1,0,0,314,2025-11-10 07:25:43,mobile,US,a00184,jazz
u00503,s000024,LIKE,8,1,0,0,250,2025-08-18 14:27:03,mobile,US,a00065,latin
u00644,s000009,play,6,0,0,0,194,2025-01-20 16:18:42,mobile,US,a00014,latin
u00437,s000471,SKIP,1,0,0,1,38,2025-02-09 11:58:18,mobile,US,a00038,pop
u00753,s000304,play,13,0,0,0,378,2025-11-28 14:01:29,mobile,US,a00152,pop
u00329,s000112,play,14,0,0,0,398,2025-10-12 12:55:28,mobile,US,a00174,latin
u00992,s000022,PLAY,15,0,0,0,180,2025-06-06 06:24:14,mobile,US,a00195,pop
u00079,s000006,play,15,0,0,0,318,2025-07-22 04:42:25,mobile,US,a00199,hip-hop
u00171,s000007,PLAY,17,0,0,0,339,2025-07-01 12:20:03,mobile,US,a00041,classical
u00731,s000004,like,16,1,0,0,329,2025-02-25 13:37:54,mobile,US,a00134,rock
u00705,s000010,play,10,0,0,0,348,2025-09-11 03:34:06,mobile,US,a00110,classical
u00955,s000039,play,6,0,0,0,345,2025-04-07 10:36:00,mobile,US,a00156,jazz
u00988,s000045,play,1,0,0,0,19,2025-08-30 06:41:52,mobile,US,a00075,jazz
u00265,s000023,PLAY,6,0,0,0,275,2025-11-22 04:49:56,mobile,US,a00085,pop
u00833,s000006,PLAY,16,0,0,0,232,2025-01-27 08:24:30,mobile,US,a00199,hip-hop
u00178,s000308,like,17,1,0,0,251,2025-10-22 15:19:14,mobile,US,a00116,rock
u00205,s000007,PLAY,8,0,0,0,314,2025-02-20 22:17:58,mobile,US,a00041,classical
u00547,s000222,PLAY,1,0,0,0,5,2025-06-04 16:14:20,mobile,US,a00034,rock
u00581,s000421,play,17,0,0,0,310,2025-09-09 03:48:11,mobile,US,a00116,rock
u00191,s000169,LIKE,5,1,0,0,208,2025-02-11 13:02:37,mobile,US,a00183,jazz
u00551,s000138,play,11,0,0,0,220,2025-08-18 15:04:31,mobile,US,a00024,hip-hop
u00973,s000045,play,19,0,0,0,222,2025-02-21 23:07:08,mobile,US,a00075,jazz
u00438,s000001,LIKE,6,1,0,0,344,2025-08-14 12:36:20,mobile,US,a00197,indie
u00301,s000047,PLAY,12,0,0,0,211,2025-02-11 01:20:12,mobile,US,a00129,rock
u00706,s000006,add_to_playlist,7,1,0,0,285,2025-07-25 22:03:18,mobile,US,a00199,hip-hop
u00843,s000359,PLAY,9,0,0,0,352,2025-09-10 22:29:53,mobile,US,a00108,indie
u00267,s000494,play,1,0,0,0,36,2025-12-22 10:16:16,mobile,US,a00145,edm
u00389,s000174,add_to_playlist,17,1,0,0,351,2025-01-13 23:46:02,mobile,US,a00048,rock
u00484,s000011,like,5,1,0,0,195,2025-02-21 00:01:25,mobile,US,a00156,classical
u00741,s000012,PLAY,12,0,0,0,252,2025-07-04 05:05:24,mobile,US,a00032,edm
u00882,s000401,play,9,0,0,0,396,2025-06-17 10:47:39,mobile,US,a00024,jazz
u00001,s000158,play,14,0,0,0,264,2025-01-29 20:12:38,mobile,US,a00117,hip-hop
u00867,s000012,play,16,0,0,0,206,2025-12-19 04:24:35,mobile,US,a00032,edm
u00674,s000083,play,6,0,0,0,215,2025-04-14 01:48:44,mobile,US,a00126,hip-hop
u00522,s000494,PLAY,10,0,0,0,325,2025-08-29 08:24:56,mobile,US,a00145,edm
u00113,s000303,PLAY,12,0,0,0,223,2025-05-23 23:33:39,mobile,US,a00164,edm
u00747,s000030,PLAY,14,0,0,0,398,2025-05-07 05:19:38,mobile,US,a00117,indie
u00502,s000066,play,15,0,0,0,377,2025-01-07 22:45:28,mobile,US,a00089,classical
u00568,s000037,add_to_playlist,12,1,0,0,259,2025-08-05 19:19:30,mobile,US,a00183,indie
u00245,s000356,SKIP,1,0,0,1,48,2025-01-27 20:00:34,mobile,US,a00147,hip-hop
u00322,s000006,play,15,0,0,0,209,2025-06-14 17:27:57,mobile,US,a00199,hip-hop
u00234,s000083,LIKE,16,1,0,0,356,2025-03-09 03:12:54,mobile,US,a00126,hip-hop
u00536,s000024,play,15,0,0,0,362,2025-02-04 02:04:40,mobile,US,a00065,latin
u00510,s000021,PLAY,16,0,0,0,225,2025-09-30 16:33:58,mobile,US,a00032,rock
u00015,s000005,add_to_playlist,6,1,0,0,201,2025-06-30 10:48:47,mobile,US,a00178,classical
u00183,s000400,PLAY,13,0,0,0,282,2025-08-14 03:46:28,mobile,US,a00199,jazz
u00704,s000046,skip,1,0,0,1,43,2025-10-11 17:22:41,mobile,US,a00172,jazz
u00119,s000005,play,18,0,0,0,182,2025-04-25 17:13:32,mobile,US,a00178,classical
u00769,s000004,ADD_TO_PLAYLIST,6,1,0,0,249,2025-06-29 15:39:36,mobile,US,a00134,rock
u00048,s000140,ADD_TO_PLAYLIST,6,1,0,0,238,2025-02-07 10:47:04,mobile,US,a00179,edm
u00402,s000009,SKIP,1,0,0,1,31,2025-06-12 20:58:59,mobile,US,a00014,latin
u00155,s000035,PLAY,19,0,0,0,352,2025-01-07 23:06:33,mobile,US,a00108,pop
u00293,s000023,PLAY,11,0,0,0,184,2025-02-05 16:55:18,mobile,US,a00085,pop
u00798,s000180,SKIP,1,0,0,1,26,2025-05-14 17:22:11,mobile,US,a00017,edm
u00064,s000397,add_to_playlist,12,1,0,0,330,2025-04-16 21:13:34,mobile,US,a00080,indie
u00764,s000010,PLAY,6,0,0,0,283,2025-07-03 09:56:03,mobile,US,a00110,classical
u00593,s000008,ADD_TO_PLAYLIST,10,1,0,0,399,2025-10-23 10:23:49,mobile,US,a00191,hip-hop
u00867,s000015,LIKE,15,1,0,0,288,2025-08-22 13:47:18,mobile,US,a00156,edm
u00407,s000031,PLAY,19,0,0,0,214,2025-12-25 10:32:35,mobile,US,a00037,latin
u00462,s000048,PLAY,1,0,0,0,25,2025-11-25 15:39:34,mobile,US,a00154,classical
u00311,s000020,PLAY,12,0,0,0,315,2025-03-28 07:50:43,mobile,US,a00182,indie
u00269,s000480,add_to_playlist,17,1,0,0,209,2025-01-03 04:31:09,mobile,US,a00009,jazz
u00815,s000011,ADD_TO_PLAYLIST,7,1,0,0,317,2025-08-01 16:29:05,mobile,US,a00156,classical
u00428,s000021,PLAY,11,0,0,0,394,2025-12-14 13:50:59,mobile,US,a00032,rock
u00298,s000011,PLAY,11,0,0,0,373,2025-12-21 07:49:09,mobile,US,a00156,classical
u00332,s000083,LIKE,16,1,0,0,307,2025-07-08 15:53:41,mobile,US,a00126,hip-hop
u00241,s000042,play,9,0,0,0,181,2025-10-17 01:45:56,mobile,US,a00156,indie
u00294,s000437,SKIP,1,0,0,1,22,2025-03-23 12:50:48,mobile,US,a00151,classical
u00039,s000017,PLAY,10,0,0,0,342,2025-07-06 00:28:25,mobile,US,a00184,jazz
u00458,s000198,add_to_playlist,15,1,0,0,276,2025-01-15 13:57:39,mobile,US,a00031,jazz
u00389,s000004,PLAY,5,0,0,0,356,2025-11-04 01:06:41,mobile,US,a00134,rock
u00061,s000030,LIKE,6,1,0,0,341,2025-08-16 21:54:51,mobile,US,a00117,indie
u00398,s000358,play,1,0,0,0,51,2025-02-13 21:28:07,mobile,US,a00189,hip-hop
u00933,s000308,LIKE,16,1,0,0,297,2025-07-22 00:08:33,mobile,US,a00116,rock
u00131,s000010,ADD_TO_PLAYLIST,18,1,0,0,356,2025-02-17 22:28:29,mobile,US,a00110,classical
u00422,s000033,play,15,0,0,0,183,2025-06-30 15:19:00,mobile,US,a00158,edm
u00846,s000026,LIKE,15,1,0,0,306,2025-03-29 11:23:46,mobile,US,a00004,pop
u00197,s000090,add_to_playlist,10,1,0,0,292,2025-06-22 15:28:09,mobile,US,a00028,hip-hop
u00463,s000021,add_to_playlist,9,1,0,0,389,2025-05-07 19:07:29,mobile,US,a00032,rock
u00447,s000025,PLAY,19,0,0,0,297,2025-01-13 23:14:28,mobile,US,a00009,edm
u00584,s000025,play,15,0,0,0,362,2025-05-25 01:57:40,mobile,US,a00009,edm
u00997,s000152,play,8,0,0,0,311,2025-04-29 19:46:31,mobile,US,a00198,hip-hop
u00469,s000059,LIKE,5,1,0,0,247,2025-01-28 19:03:48,mobile,US,a00073,hip-hop
u00402,s000027,PLAY,13,0,0,0,186,2025-02-07 00:14:56,mobile,US,a00122,jazz
u00167,s000037,LIKE,17,1,0,0,382,2025-12-05 16:07:15,mobile,US,a00183,indie
u00315,s000485,skip,1,0,0,1,38,2025-11-18 17:41:16,mobile,US,a00132,indie
u00449,s000449,play,1,0,0,0,12,2025-05-04 13:52:44,mobile,US,a00014,hip-hop
u00782,s000036,play,6,0,0,0,232,2025-01-22 16:35:47,mobile,US,a00179,latin
u00957,s000021,add_to_playlist,18,1,0,0,259,2025-07-26 12:51:51,mobile,US,a00032,rock
u00733,s000405,like,16,1,0,0,378,2025-04-24 13:18:15,mobile,US,a00058,latin
u00884,s000024,play,17,0,0,0,186,2025-03-08 19:29:10,mobile,US,a00065,latin
u00539,s000336,play,1,0,0,0,25,2025-11-18 04:48:35,mobile,US,a00025,jazz
u00883,s000018,PLAY,10,0,0,0,330,2025-12-26 17:38:48,mobile,US,a00096,latin
u00815,s000005,add_to_playlist,14,1,0,0,363,2025-12-24 18:38:15,mobile,US,a00178,classical
u00398,s000227,play,19,0,0,0,297,2025-06-21 13:37:40,mobile,US,a00119,latin
u00329,s000018,add_to_playlist,9,1,0,0,349,2025-12-18 19:06:59,mobile,US,a00096,latin
u00407,s000036,PLAY,10,0,0,0,210,2025-07-20 09:04:12,mobile,US,a00179,latin
u00304,s000035,like,7,1,0,0,251,2025-11-10 21:29:11,mobile,US,a00108,pop
u00760,s000059,LIKE,14,1,0,0,397,2025-05-02 13:13:22,mobile,US,a00073,hip-hop
u00252,s000288,ADD_TO_PLAYLIST,9,1,0,0,303,2025-08-04 12:46:02,mobile,US,a00028,hip-hop
u00083,s000009,play,7,0,0,0,384,2025-10-30 10:25:58,mobile,US,a00014,latin
u00139,s000004,PLAY,11,0,0,0,183,2025-04-12 21:09:19,mobile,US,a00134,rock
u00508,s000024,LIKE,9,1,0,0,243,2025-08-20 03:22:56,mobile,US,a00065,latin
u00722,s000385,PLAY,5,0,0,0,224,2025-05-21 08:07:13,mobile,US,a00188,hip-hop
u00441,s000257,PLAY,1,0,0,0,38,2025-08-16 02:09:23,mobile,US,a00194,jazz
u00271,s000063,play,1,0,0,0,31,2025-03-15 21:52:12,mobile,US,a00199,classical
u00551,s000008,PLAY,14,0,0,0,392,2025-02-24 02:35:30,mobile,US,a00191,hip-hop
u00458,s000442,SKIP,1,0,0,1,37,2025-11-30 06:23:13,mobile,US,a00130,hip-hop
u00380,s000018,ADD_TO_PLAYLIST,5,1,0,0,259,2025-09-30 07:10:01,mobile,US,a00096,latin
u00255,s000027,like,11,1,0,0,206,2025-12-30 09:32:07,mobile,US,a00122,jazz
u00079,s000059,PLAY,16,0,0,0,309,2025-01-17 22:14:15,mobile,US,a00073,hip-hop
u00577,s000058,LIKE,6,1,0,0,250,2025-07-30 22:20:24,mobile,US,a00010,edm
u00381,s000012,PLAY,11,0,0,0,243,2025-08-08 22:06:53,mobile,US,a00032,edm
u00938,s000033,like,15,1,0,0,207,2025-09-10 18:49:42,mobile,US,a00158,edm
u00123,s000189,skip,1,0,0,1,37,2025-11-28 23:56:12,mobile,US,a00178,latin
u00592,s000208,SKIP,1,0,0,1,53,2025-03-04 03:11:53,mobile,US,a00092,rock
u00790,s000000,add_to_playlist,15,1,0,0,238,2025-01-16 09:56:21,mobile,US,a00178,edm
u00690,s000023,PLAY,6,0,0,0,384,2025-01-31 13:32:55,mobile,US,a00085,pop
u00331,s000232,play,1,0,0,0,25,2025-01-03 23:16:42,mobile,US,a00181,classical
u00856,s000198,add_to_playlist,12,1,0,0,255,2025-11-08 16:53:36,mobile,US,a00031,jazz
u00853,s000039,LIKE,6,1,0,0,260,2025-10-06 12:04:50,mobile,US,a00156,jazz
u00351,s000272,PLAY,1,0,0,0,55,2025-05-14 05:27:11,mobile,US,a00157,jazz
u00015,s000066,like,8,1,0,0,295,2025-04-14 07:09:37,mobile,US,a00089,classical
u00735,s000171,LIKE,16,1,0,0,278,2025-08-20 05:50:13,mobile,US,a00031,jazz
u00835,s000090,like,15,1,0,0,299,2025-11-21 04:52:59,mobile,US,a00028,hip-hop
u00123,s000030,ADD_TO_PLAYLIST,5,1,0,0,324,2025-11-04 06:07:32,mobile,US,a00117,indie
u00926,s000014,ADD_TO_PLAYLIST,9,1,0,0,345,2025-06-04 07:25:16,mobile,US,a00163,classical
u00671,s000000,LIKE,18,1,0,0,312,2025-10-09 02:26:49,mobile,US,a00178,edm
u00904,s000039,play,10,0,0,0,368,2025-02-05 12:57:47,mobile,US,a00156,jazz
u00113,s000478,like,16,1,0,0,199,2025-11-05 00:30:37,mobile,US,a00183,edm
u00884,s000018,PLAY,6,0,0,0,258,2025-10-17 10:20:34,mobile,US,a00096,latin
u00650,s000001,LIKE,15,1,0,0,315,2025-09-13 10:36:03,mobile,US,a00197,indie
u00843,s000020,ADD_TO_PLAYLIST,11,1,0,0,247,2025-12-14 16:58:16,mobile,US,a00182,indie
u00750,s000009,ADD_TO_PLAYLIST,14,1,0,0,384,2025-06-21 07:23:03,mobile,US,a00014,latin
u00942,s000454,play,1,0,0,0,44,2025-01-28 22:26:14,mobile,US,a00140,rock
u00678,s000395,PLAY,1,0,0,0,23,2025-09-24 12:10:51,mobile,US,a00007,edm
u00603,s000128,LIKE,9,1,0,0,316,2025-02-20 04:55:13,mobile,US,a00161,edm
u00521,s000020,play,15,0,0,0,233,2025-01-27 19:49:18,mobile,US,a00182,indie
u00744,s000045,play,6,0,0,0,233,2025-03-01 09:13:20,mobile,US,a00075,jazz
u00778,s000009,play,19,0,0,0,382,2025-02-06 11:40:03,mobile,US,a00014,latin
u00276,s000397,play,1,0,0,0,9,2025-07-20 01:37:19,mobile,US,a00080,indie
u00187,s000030,LIKE,7,1,0,0,187,2025-04-15 19:11:17,mobile,US,a00117,indie
u00656,s000020,play,16,0,0,0,396,2025-08-13 16:45:46,mobile,US,a00182,indie
u00649,s000011,like,15,1,0,0,202,2025-01-01 19:46:28,mobile,US,a00156,classical
u00897,s000394,skip,1,0,0,1,13,2025-01-17 12:03:24,mobile,US,a00082,classical
u00300,s000032,LIKE,14,1,0,0,350,2025-06-09 02:41:15,mobile,US,a00140,rock
u00479,s000008,LIKE,5,1,0,0,199,2025-03-24 18:59:49,mobile,US,a00191,hip-hop
u00311,s000266,PLAY,6,0,0,0,224,2025-06-07 19:24:53,mobile,US,a00171,indie
u00554,s000445,ADD_TO_PLAYLIST,5,1,0,0,256,2025-09-15 06:54:32,mobile,US,a00167,rock
u00140,s000224,PLAY,1,0,0,0,18,2025-01-29 13:40:50,mobile,US,a00087,rock
u00794,s000252,skip,1,0,0,1,47,2025-08-17 08:54:55,mobile,US,a00046,latin
u00155,s000035,play,14,0,0,0,295,2025-11-25 08:59:38,mobile,US,a00108,pop
u00708,s000018,LIKE,6,1,0,0,293,2025-08-30 18:18:30,mobile,US,a00096,latin
u00570,s000000,PLAY,17,0,0,0,262,2025-11-06 20:41:13,mobile,US,a00178,edm
u00232,s000006,add_to_playlist,7,1,0,0,290,2025-08-05 21:55:10,mobile,US,a00199,hip-hop
u00685,s000000,add_to_playlist,5,1,0,0,395,2025-02-03 04:48:38,mobile,US,a00178,edm
u00073,s000023,add_to_playlist,7,1,0,0,236,2025-09-23 21:33:24,mobile,US,a00085,pop
u00123,s000226,LIKE,6,1,0,0,204,2025-01-09 08:33:33,mobile,US,a00031,indie
u00804,s000449,PLAY,1,0,0,0,44,2025-11-11 08:33:09,mobile,US,a00014,hip-hop
u00970,s000307,ADD_TO_PLAYLIST,13,1,0,0,335,2025-01-11 22:03:40,mobile,US,a00086,latin
u00891,s000042,play,9,0,0,0,213,2025-06-16 00:13:30,mobile,US,a00156,indie
u00095,s000354,SKIP,1,0,0,1,27,2025-09-28 01:51:06,mobile,US,a00032,pop
u00865,s000032,play,19,0,0,0,204,2025-06-10 09:37:03,mobile,US,a00140,rock
u00709,s000031,play,8,0,0,0,376,2025-01-12 03:56:27,mobile,US,a00037,latin
u00656,s000001,play,12,0,0,0,371,2025-09-13 12:01:53,mobile,US,a00197,indie
u00635,s000035,LIKE,9,1,0,0,265,2025-09-16 17:29:43,mobile,US,a00108,pop
u00826,s000027,ADD_TO_PLAYLIST,6,1,0,0,295,2025-03-24 22:24:06,mobile,US,a00122,jazz
u00532,s000297,PLAY,12,0,0,0,393,2025-08-31 13:33:31,mobile,US,a00041,rock
u00064,s000042,add_to_playlist,15,1,0,0,387,2025-11-23 03:58:51,mobile,US,a00156,indie
u00694,s000290,skip,1,0,0,1,7,2025-10-20 02:27:51,mobile,US,a00097,rock
u00053,s000279,LIKE,11,1,0,0,183,2025-12-07 02:09:33,mobile,US,a00008,hip-hop
u00255,s000027,play,9,0,0,0,180,2025-12-12 21:34:10,mobile,US,a00122,jazz
u00913,s000026,PLAY,19,0,0,0,243,2025-07-30 08:26:24,mobile,US,a00004,pop
u00578,s000201,like,18,1,0,0,211,2025-08-04 21:48:00,mobile,US,a00161,pop
u00173,s000083,PLAY,16,0,0,0,250,2025-03-15 19:54:12,mobile,US,a00126,hip-hop
u00422,s000000,play,19,0,0,0,349,2025-11-13 12:27:01,mobile,US,a00178,edm
u00493,s000444,play,1,0,0,0,56,2025-02-23 05:14:06,mobile,US,a00170,jazz
u00052,s000013,PLAY,14,0,0,0,263,2025-07-01 00:32:55,mobile,US,a00154,jazz
u00803,s000032,PLAY,9,0,0,0,352,2025-03-30 12:38:07,mobile,US,a00140,rock
u00107,s000006,play,17,0,0,0,332,2025-05-02 19:46:26,mobile,US,a00199,hip-hop
u00641,s000015,like,5,1,0,0,187,2025-11-12 18:18:12,mobile,US,a00156,edm
u00711,s000399,skip,1,0,0,1,15,2025-03-08 00:28:18,mobile,US,a00197,classical
u00209,s000011,play,13,0,0,0,245,2025-03-31 00:04:11,mobile,US,a00156,classical
u00606,s000226,play,6,0,0,0,335,2025-04-04 15:45:21,mobile,US,a00031,indie
u00312,s000090,add_to_playlist,10,1,0,0,218,2025-03-14 07:51:13,mobile,US,a00028,hip-hop
u00467,s000004,PLAY,13,0,0,0,204,2025-07-25 04:21:39,mobile,US,a00134,rock
u00035,s000239,play,1,0,0,0,31,2025-02-13 10:16:35,mobile,US,a00160,jazz
u00730,s000027,like,5,1,0,0,235,2025-04-17 00:57:26,mobile,US,a00122,jazz
u00977,s000024,like,15,1,0,0,395,2025-01-16 23:58:04,mobile,US,a00065,latin
u00922,s000111,PLAY,6,0,0,0,185,2025-05-06 13:51:34,mobile,US,a00148,rock
u00916,s000026,play,14,0,0,0,254,2025-08-04 21:16:08,mobile,US,a00004,pop
u00463,s000366,SKIP,1,0,0,1,8,2025-04-06 07:16:35,mobile,US,a00060,jazz
u00206,s000024,like,14,1,0,0,270,2025-04-01 13:35:38,mobile,US,a00065,latin
u00626,s000014,PLAY,14,0,0,0,270,2025-11-01 06:30:03,mobile,US,a00163,classical
u00648,s000252,play,10,0,0,0,390,2025-08-08 04:22:17,mobile,US,a00046,latin
u00944,s000106,play,12,0,0,0,361,2025-12-01 02:06:42,mobile,US,a00181,classical
u00957,s000003,play,13,0,0,0,344,2025-02-15 01:45:01,mobile,US,a00066,rock
u00867,s000108,like,17,1,0,0,359,2025-06-14 04:49:14,mobile,US,a00114,edm
u00014,s000018,PLAY,18,0,0,0,380,2025-10-23 00:39:33,mobile,US,a00096,latin
u00170,s000018,LIKE,10,1,0,0,380,2025-05-30 14:16:52,mobile,US,a00096,latin
u00782,s000160,PLAY,17,0,0,0,213,2025-09-30 21:51:10,mobile,US,a00062,latin
u00230,s000033,LIKE,13,1,0,0,245,2025-10-31 21:20:33,mobile,US,a00158,edm
u00508,s000036,PLAY,17,0,0,0,326,2025-11-19 03:24:40,mobile,US,a00179,latin
u00905,s000255,PLAY,10,0,0,0,378,2025-06-01 04:51:21,mobile,US,a00010,pop
u00554,s000003,PLAY,16,0,0,0,331,2025-05-26 19:59:41,mobile,US,a00066,rock
u00441,s000245,play,17,0,0,0,281,2025-04-25 20:14:03,mobile,US,a00146,latin
u00904,s000027,PLAY,6,0,0,0,242,2025-03-11 01:02:12,mobile,US,a00122,jazz
u00512,s000030,like,16,1,0,0,281,2025-10-10 12:24:16,mobile,US,a00117,indie
u00688,s000320,SKIP,1,0,0,1,30,2025-06-24 19:49:22,mobile,US,a00137,latin
u00636,s000157,play,14,0,0,0,363,2025-07-14 07:34:32,mobile,US,a00147,rock
u00516,s000064,play,1,0,0,0,20,2025-03-10 00:38:48,mobile,US,a00022,edm
u00908,s000001,PLAY,11,0,0,0,399,2025-12-07 17:55:44,mobile,US,a00197,indie
u00948,s000000,add_to_playlist,9,1,0,0,328,2025-09-21 07:39:55,mobile,US,a00178,edm
u00431,s000000,play,11,0,0,0,254,2025-03-24 12:56:30,mobile,US,a00178,edm
u00271,s000186,ADD_TO_PLAYLIST,7,1,0,0,293,2025-07-13 18:54:14,mobile,US,a00112,latin
u00759,s000042,LIKE,7,1,0,0,274,2025-06-21 20:48:46,mobile,US,a00156,indie
u00117,s000319,skip,1,0,0,1,57,2025-04-19 10:01:46,mobile,US,a00198,jazz
u00197,s000376,play,6,0,0,0,379,2025-06-22 13:18:39,mobile,US,a00178,hip-hop
u00845,s000007,PLAY,14,0,0,0,381,2025-12-20 19:44:32,mobile,US,a00041,classical
u00141,s000290,play,8,0,0,0,347,2025-05-30 03:08:53,mobile,US,a00097,rock
u00207,s000008,LIKE,17,1,0,0,385,2025-08-07 07:31:00,mobile,US,a00191,hip-hop
u00837,s000166,play,10,0,0,0,295,2025-12-27 21:54:11,mobile,US,a00140,classical
u00197,s000083,PLAY,11,0,0,0,364,2025-11-27 00:19:24,mobile,US,a00126,hip-hop
u00435,s000009,add_to_playlist,5,1,0,0,215,2025-02-01 06:03:11,mobile,US,a00014,latin
u00180,s000011,add_to_playlist,7,1,0,0,300,2025-12-12 23:03:45,mobile,US,a00156,classical
u00510,s000003,like,6,1,0,0,247,2025-02-27 23:36:45,mobile,US,a00066,rock
u00957,s000236,play,14,0,0,0,288,2025-07-09 06:35:22,mobile,US,a00006,rock
u00824,s000477,add_to_playlist,7,1,0,0,308,2025-02-23 02:52:10,mobile,US,a00015,latin
u00493,s000258,SKIP,1,0,0,1,54,2025-08-21 15:35:17,mobile,US,a00118,latin
u00513,s000271,LIKE,19,1,0,0,238,2025-06-24 14:51:11,mobile,US,a00080,edm
u00023,s000009,PLAY,11,0,0,0,276,2025-10-09 19:53:42,mobile,US,a00014,latin
u00719,s000008,play,6,0,0,0,240,2025-09-17 16:35:42,mobile,US,a00191,hip-hop
u00251,s000021,ADD_TO_PLAYLIST,17,1,0,0,210,2025-07-20 13:30:06,mobile,US,a00032,rock
u00446,s000017,play,9,0,0,0,334,2025-04-18 06:09:27,mobile,US,a00184,jazz
u00536,s000018,LIKE,10,1,0,0,324,2025-04-25 17:52:18,mobile,US,a00096,latin
u00593,s000305,SKIP,1,0,0,1,47,2025-06-30 23:42:41,mobile,US,a00121,indie
u00210,s000001,PLAY,17,0,0,0,185,2025-09-16 19:41:03,mobile,US,a00197,indie
u00843,s000020,ADD_TO_PLAYLIST,5,1,0,0,364,2025-05-01 02:05:23,mobile,US,a00182,indie
u00064,s000001,like,7,1,0,0,265,2025-03-22 17:35:42,mobile,US,a00197,indie
u00134,s000344,add_to_playlist,10,1,0,0,231,2025-09-28 18:17:42,mobile,US,a00186,indie
u00782,s000081,PLAY,1,0,0,0,15,2025-01-27 06:27:03,mobile,US,a00036,classical
u00146,s000013,play,8,0,0,0,303,2025-02-17 14:23:51,mobile,US,a00154,jazz
u00461,s000240,PLAY,14,0,0,0,389,2025-12-20 22:10:53,mobile,US,a00150,classical
u00757,s000447,skip,1,0,0,1,52,2025-07-17 00:03:41,mobile,US,a00107,latin
u00761,s000026,play,11,0,0,0,304,2025-06-24 13:22:38,mobile,US,a00004,pop
u00211,s000223,play,9,0,0,0,258,2025-11-05 07:26:25,mobile,US,a00095,indie
u00171,s000005,LIKE,16,1,0,0,335,2025-03-08 18:23:32,mobile,US,a00178,classical
u00310,s000031,add_to_playlist,17,1,0,0,355,2025-01-18 01:36:45,mobile,US,a00037,latin
u00804,s000000,like,5,1,0,0,229,2025-04-18 07:45:51,mobile,US,a00178,edm
u00697,s000026,play,12,0,0,0,203,2025-08-03 16:20:12,mobile,US,a00004,pop
u00490,s000036,play,10,0,0,0,257,2025-08-26 18:32:36,mobile,US,a00179,latin
u00098,s000077,skip,1,0,0,1,23,2025-05-03 18:14:26,mobile,US,a00099,rock
u00668,s000481,LIKE,15,1,0,0,260,2025-12-06 13:31:31,mobile,US,a00157,classical
u00828,s000030,PLAY,6,0,0,0,368,2025-05-09 07:51:49,mobile,US,a00117,indie
u00386,s000221,PLAY,1,0,0,0,43,2025-09-22 20:43:44,mobile,US,a00161,pop
u00149,s000372,play,7,0,0,0,207,2025-03-19 09:21:33,mobile,US,a00034,latin
u00487,s000253,SKIP,1,0,0,1,29,2025-03-25 15:49:53,mobile,US,a00196,pop
u00166,s000036,play,8,0,0,0,201,2025-03-03 04:29:14,mobile,US,a00179,latin
u00020,s000353,LIKE,19,1,0,0,207,2025-11-28 13:14:16,mobile,US,a00055,edm
u00992,s000022,play,17,0,0,0,340,2025-03-04 11:09:01,mobile,US,a00195,pop
u00141,s000003,PLAY,14,0,0,0,340,2025-01-26 10:41:28,mobile,US,a00066,rock
u00411,s000024,add_to_playlist,13,1,0,0,279,2025-01-08 14:40:25,mobile,US,a00065,latin
u00353,s000036,add_to_playlist,17,1,0,0,199,2025-09-28 11:36:57,mobile,US,a00179,latin
u00394,s000250,SKIP,1,0,0,1,17,2025-05-18 04:58:34,mobile,US,a00001,indie
u00811,s000422,add_to_playlist,6,1,0,0,370,2025-08-24 03:39:33,mobile,US,a00006,jazz
u00779,s000013,PLAY,12,0,0,0,328,2025-09-10 05:58:35,mobile,US,a00154,jazz
u00600,s000015,PLAY,1,0,0,0,38,2025-03-18 13:08:23,mobile,US,a00156,edm
u00986,s000204,skip,1,0,0,1,47,2025-10-17 16:25:45,mobile,US,a00054,classical
u00567,s000018,PLAY,5,0,0,0,308,2025-03-08 04:26:31,mobile,US,a00096,latin
u00087,s000021,LIKE,15,1,0,0,224,2025-11-01 08:18:47,mobile,US,a00032,rock
u00043,s000031,PLAY,18,0,0,0,210,2025-10-17 00:19:12,mobile,US,a00037,latin
u00324,s000025,ADD_TO_PLAYLIST,10,1,0,0,323,2025-09-13 11:31:02,mobile,US,a00009,edm
u00508,s000036,ADD_TO_PLAYLIST,11,1,0,0,236,2025-06-21 14:15:29,mobile,US,a00179,latin
u00005,s000018,like,13,1,0,0,365,2025-04-19 06:12:50,mobile,US,a00096,latin
u00309,s000145,PLAY,11,0,0,0,312,2025-12-14 00:24:12,mobile,US,a00028,edm
u00373,s000031,like,7,1,0,0,328,2025-01-08 22:09:47,mobile,US,a00037,latin
u00312,s000090,add_to_playlist,7,1,0,0,380,2025-10-25 15:20:34,mobile,US,a00028,hip-hop
u00344,s000039,PLAY,17,0,0,0,282,2025-01-17 07:14:09,mobile,US,a00156,jazz
u00522,s000365,like,7,1,0,0,181,2025-01-05 07:12:13,mobile,US,a00128,edm
u00303,s000128,LIKE,18,1,0,0,322,2025-04-08 05:46:58,mobile,US,a00161,edm
u00853,s000039,ADD_TO_PLAYLIST,11,1,0,0,201,2025-07-06 14:06:21,mobile,US,a00156,jazz
u00124,s000063,PLAY,6,0,0,0,380,2025-09-14 15:29:30,mobile,US,a00199,classical
u00815,s000005,PLAY,5,0,0,0,275,2025-01-04 23:56:15,mobile,US,a00178,classical
u00792,s000014,PLAY,5,0,0,0,354,2025-03-27 04:17:28,mobile,US,a00163,classical
u00337,s000039,PLAY,19,0,0,0,275,2025-01-06 15:16:38,mobile,US,a00156,jazz
u00130,s000059,play,13,0,0,0,239,2025-11-19 16:28:07,mobile,US,a00073,hip-hop
u00808,s000000,play,14,0,0,0,276,2025-10-16 21:53:38,mobile,US,a00178,edm
u00377,s000430,play,7,0,0,0,188,2025-01-15 09:09:45,mobile,US,a00166,rock
u00964,s000030,PLAY,6,0,0,0,322,2025-10-18 04:34:46,mobile,US,a00117,indie
u00434,s000090,like,11,1,0,0,181,2025-10-04 15:37:46,mobile,US,a00028,hip-hop
u00563,s000093,play,14,0,0,0,233,2025-10-15 19:35:20,mobile,US,a00010,indie
u00147,s000279,skip,1,0,0,1,35,2025-04-20 12:19:25,mobile,US,a00008,hip-hop
u00914,s000158,play,7,0,0,0,204,2025-12-19 06:26:21,mobile,US,a00117,hip-hop
u00583,s000026,add_to_playlist,19,1,0,0,319,2025-08-10 05:10:41,mobile,US,a00004,pop
u00867,s000363,play,15,0,0,0,246,2025-09-14 00:17:54,mobile,US,a00039,edm
u00360,s000059,ADD_TO_PLAYLIST,9,1,0,0,348,2025-01-21 11:13:28,mobile,US,a00073,hip-hop
u00029,s000185,like,8,1,0,0,356,2025-11-21 16:59:01,mobile,US,a00193,hip-hop
u00294,s000316,ADD_TO_PLAYLIST,13,1,0,0,214,2025-08-08 13:37:57,mobile,US,a00097,pop
u00164,s000276,SKIP,1,0,0,1,5,2025-03-14 20:53:48,mobile,US,a00113,rock
u00723,s000440,play,15,0,0,0,189,2025-05-20 00:27:50,mobile,US,a00044,rock
u00546,s000192,add_to_playlist,6,1,0,0,204,2025-12-29 01:47:38,mobile,US,a00128,classical
u00465,s000340,LIKE,14,1,0,0,358,2025-02-17 23:06:05,mobile,US,a00039,indie
u00791,s000452,ADD_TO_PLAYLIST,11,1,0,0,264,2025-04-18 14:26:12,mobile,US,a00092,latin
u00884,s000112,like,10,1,0,0,313,2025-06-07 18:49:28,mobile,US,a00174,latin
u00631,s000083,play,19,0,0,0,260,2025-12-02 23:11:52,mobile,US,a00126,hip-hop
u00620,s000059,LIKE,16,1,0,0,325,2025-08-10 16:52:28,mobile,US,a00073,hip-hop
u00457,s000018,add_to_playlist,13,1,0,0,291,2025-02-17 16:48:43,mobile,US,a00096,latin
u00191,s000197,play,11,0,0,0,370,2025-01-25 22:40:11,mobile,US,a00130,jazz
u00858,s000022,play,6,0,0,0,339,2025-03-01 19:01:32,mobile,US,a00195,pop
u00917,s000267,play,14,0,0,0,314,2025-06-21 00:14:33,mobile,US,a00098,hip-hop
u00381,s000025,play,5,0,0,0,210,2025-07-13 14:43:51,mobile,US,a00009,edm
u00282,s000000,add_to_playlist,16,1,0,0,258,2025-04-23 19:36:20,mobile,US,a00178,edm
u00887,s000015,play,14,0,0,0,288,2025-08-29 03:25:23,mobile,US,a00156,edm
u00723,s000004,LIKE,19,1,0,0,339,2025-04-09 22:03:52,mobile,US,a00134,rock
u00557,s000012,LIKE,18,1,0,0,343,2025-03-23 13:34:57,mobile,US,a00032,edm
u00361,s000002,like,17,1,0,0,392,2025-09-20 04:28:01,mobile,US,a00133,rock
u00832,s000039,ADD_TO_PLAYLIST,16,1,0,0,268,2025-11-20 06:16:04,mobile,US,a00156,jazz
u00773,s000105,play,16,0,0,0,285,2025-03-12 00:53:45,mobile,US,a00062,hip-hop
u00659,s000201,play,17,0,0,0,209,2025-08-27 21:09:00,mobile,US,a00161,pop
u00661,s000027,play,7,0,0,0,337,2025-10-03 14:56:55,mobile,US,a00122,jazz
u00776,s000490,like,5,1,0,0,258,2025-10-15 23:10:14,mobile,US,a00141,rock
u00208,s000015,add_to_playlist,6,1,0,0,374,2025-03-18 14:22:05,mobile,US,a00156,edm
u00973,s000027,like,13,1,0,0,343,2025-06-27 21:45:39,mobile,US,a00122,jazz
u00084,s000001,LIKE,13,1,0,0,209,2025-09-22 04:55:19,mobile,US,a00197,indie
u00823,s000042,play,5,0,0,0,324,2025-11-02 16:36:02,mobile,US,a00156,indie
u00601,s000036,LIKE,15,1,0,0,190,2025-06-03 17:48:08,mobile,US,a00179,latin
u00249,s000013,like,13,1,0,0,247,2025-07-30 13:11:18,mobile,US,a00154,jazz
u00856,s000045,like,14,1,0,0,266,2025-11-07 11:55:34,mobile,US,a00075,jazz
u00515,s000373,play,1,0,0,0,14,2025-08-15 17:57:58,mobile,US,a00130,pop
u00228,s000326,PLAY,19,0,0,0,365,2025-10-08 01:58:34,mobile,US,a00045,rock
u00207,s000383,play,17,0,0,0,278,2025-06-28 00:28:30,mobile,US,a00186,hip-hop
u00860,s000458,SKIP,1,0,0,1,19,2025-08-29 09:20:06,mobile,US,a00107,edm
u00336,s000014,PLAY,14,0,0,0,196,2025-05-13 16:57:22,mobile,US,a00163,classical
u00083,s000070,play,1,0,0,0,43,2025-06-18 11:55:17,mobile,US,a00140,classical
u00615,s000073,PLAY,14,0,0,0,232,2025-10-08 13:53:42,mobile,US,a00110,jazz
u00117,s000264,PLAY,14,0,0,0,221,2025-02-10 04:26:07,mobile,US,a00136,edm
u00038,s000302,PLAY,1,0,0,0,52,2025-09-03 02:38:18,mobile,US,a00016,indie
u00938,s000209,PLAY,1,0,0,0,51,2025-11-26 02:57:13,mobile,US,a00007,classical
u00450,s000000,PLAY,8,0,0,0,376,2025-11-24 17:03:46,mobile,US,a00178,edm
u00403,s000032,play,12,0,0,0,199,2025-07-26 21:58:16,mobile,US,a00140,rock
u00165,s000032,LIKE,5,1,0,0,260,2025-06-09 15:54:33,mobile,US,a00140,rock
u00456,s000015,add_to_playlist,17,1,0,0,299,2025-01-13 21:15:15,mobile,US,a00156,edm
u00266,s000006,ADD_TO_PLAYLIST,6,1,0,0,396,2025-08-19 01:32:06,mobile,US,a00199,hip-hop
u00572,s000430,PLAY,8,0,0,0,352,2025-03-03 19:12:34,mobile,US,a00166,rock
u00621,s000023,LIKE,16,1,0,0,221,2025-09-24 02:07:31,mobile,US,a00085,pop
u00810,s000242,play,1,0,0,0,54,2025-08-29 10:22:15,mobile,US,a00146,indie
u00972,s000002,like,13,1,0,0,214,2025-08-05 13:12:10,mobile,US,a00133,rock
u00451,s000158,play,1,0,0,0,36,2025-07-25 06:17:33,mobile,US,a00117,hip-hop
u00178,s000488,play,7,0,0,0,233,2025-12-23 18:24:17,mobile,US,a00002,rock
u00638,s000458,skip,1,0,0,1,53,2025-06-16 19:29:38,mobile,US,a00107,edm
u00835,s000449,play,9,0,0,0,259,2025-02-05 02:59:09,mobile,US,a00014,hip-hop
u00992,s000071,ADD_TO_PLAYLIST,10,1,0,0,378,2025-07-04 02:54:03,mobile,US,a00103,pop
u00889,s000032,PLAY,7,0,0,0,399,2025-08-31 12:58:18,mobile,US,a00140,rock
u00922,s000476,SKIP,1,0,0,1,37,2025-12-15 11:51:48,mobile,US,a00184,indie
u00649,s000470,LIKE,19,1,0,0,221,2025-01-09 15:44:18,mobile,US,a00122,classical
u00846,s000035,play,19,0,0,0,378,2025-05-18 14:22:34,mobile,US,a00108,pop
u00049,s000012,add_to_playlist,5,1,0,0,348,2025-02-28 18:56:55,mobile,US,a00032,edm
u00022,s000282,SKIP,1,0,0,1,26,2025-01-29 11:38:37,mobile,US,a00024,rock
u00834,s000492,skip,1,0,0,1,46,2025-04-02 07:58:39,mobile,US,a00157,indie
u00951,s000185,like,10,1,0,0,345,2025-09-11 00:19:35,mobile,US,a00193,hip-hop
u00872,s000484,skip,1,0,0,1,25,2025-10-22 11:10:55,mobile,US,a00083,indie
u00140,s000392,ADD_TO_PLAYLIST,12,1,0,0,284,2025-11-08 05:00:49,mobile,US,a00061,latin
u00484,s000011,PLAY,5,0,0,0,262,2025-08-13 09:11:57,mobile,US,a00156,classical
u00625,s000026,like,13,1,0,0,353,2025-06-25 03:03:30,mobile,US,a00004,pop
u00609,s000156,PLAY,1,0,0,0,24,2025-01-25 10:45:47,mobile,US,a00176,pop
u00814,s000237,play,1,0,0,0,29,2025-10-27 00:34:50,mobile,US,a00073,latin
u00440,s000146,play,1,0,0,0,50,2025-03-19 11:26:18,mobile,US,a00062,indie
u00013,s000039,LIKE,6,1,0,0,268,2025-12-31 13:37:24,mobile,US,a00156,jazz
u00244,s000093,PLAY,10,0,0,0,322,2025-04-14 22:30:54,mobile,US,a00010,indie
u00573,s000026,play,17,0,0,0,197,2025-08-08 23:27:39,mobile,US,a00004,pop
u00934,s000036,PLAY,12,0,0,0,296,2025-10-22 10:05:18,mobile,US,a00179,latin
u00743,s000199,PLAY,19,0,0,0,338,2025-04-18 13:48:22,mobile,US,a00009,classical
u00735,s000053,PLAY,1,0,0,0,6,2025-11-21 20:00:05,mobile,US,a00025,indie
u00421,s000404,play,14,0,0,0,180,2025-04-28 20:41:54,mobile,US,a00142,pop
u00028,s000009,ADD_TO_PLAYLIST,12,1,0,0,311,2025-05-15 15:15:29,mobile,US,a00014,latin
u00324,s000015,PLAY,15,0,0,0,359,2025-08-03 15:48:54,mobile,US,a00156,edm
u00145,s000093,like,9,1,0,0,385,2025-04-18 05:46:37,mobile,US,a00010,indie
u00653,s000005,ADD_TO_PLAYLIST,11,1,0,0,356,2025-12-02 15:43:42,mobile,US,a00178,classical
u00653,s000014,PLAY,5,0,0,0,216,2025-12-12 02:31:43,mobile,US,a00163,classical
u00472,s000027,PLAY,9,0,0,0,264,2025-01-26 19:00:09,mobile,US,a00122,jazz
u00028,s000024,LIKE,9,1,0,0,324,2025-01-31 14:28:59,mobile,US,a00065,latin
u00113,s000000,LIKE,12,1,0,0,309,2025-02-07 00:00:03,mobile,US,a00178,edm
u00052,s000013,PLAY,11,0,0,0,231,2025-02-18 17:29:59,mobile,US,a00154,jazz
u00189,s000167,ADD_TO_PLAYLIST,8,1,0,0,213,2025-11-23 19:50:22,mobile,US,a00178,edm
u00244,s000001,like,6,1,0,0,242,2025-11-08 16:31:51,mobile,US,a00197,indie
u00329,s000320,add_to_playlist,8,1,0,0,357,2025-12-23 12:39:00,mobile,US,a00137,latin
u00965,s000139,play,9,0,0,0,235,2025-03-26 01:36:30,mobile,US,a00198,rock
u00868,s000030,play,10,0,0,0,325,2025-06-23 08:13:16,mobile,US,a00117,indie
u00123,s000331,PLAY,1,0,0,0,11,2025-11-29 10:31:39,mobile,US,a00192,edm
u00829,s000009,ADD_TO_PLAYLIST,19,1,0,0,251,2025-01-26 12:29:13,mobile,US,a00014,latin
u00423,s000027,PLAY,11,0,0,0,292,2025-09-04 18:57:21,mobile,US,a00122,jazz
u00337,s000039,PLAY,11,0,0,0,343,2025-12-08 15:42:31,mobile,US,a00156,jazz
u00179,s000045,play,18,0,0,0,275,2025-01-13 03:49:44,mobile,US,a00075,jazz
u00789,s000449,play,1,0,0,0,41,2025-12-09 16:52:37,mobile,US,a00014,hip-hop
u00064,s000359,play,13,0,0,0,315,2025-11-14 22:42:29,mobile,US,a00108,indie
u00496,s000374,like,16,1,0,0,280,2025-02-07 13:59:44,mobile,US,a00107,jazz
u00639,s000396,SKIP,1,0,0,1,22,2025-10-26 19:29:36,mobile,US,a00148,jazz
u00373,s000348,ADD_TO_PLAYLIST,15,1,0,0,302,2025-09-06 09:15:40,mobile,US,a00054,latin
u00187,s000037,PLAY,11,0,0,0,250,2025-02-02 09:48:00,mobile,US,a00183,indie
u00677,s000018,PLAY,15,0,0,0,218,2025-04-09 12:20:49,mobile,US,a00096,latin
u00600,s000152,skip,1,0,0,1,55,2025-05-23 17:16:39,mobile,US,a00198,hip-hop
u00480,s000183,PLAY,17,0,0,0,304,2025-09-04 00:48:15,mobile,US,a00114,hip-hop
u00358,s000181,SKIP,1,0,0,1,21,2025-08-12 17:29:41,mobile,US,a00000,latin
u00222,s000000,PLAY,12,0,0,0,370,2025-03-03 14:20:03,mobile,US,a00178,edm
u00976,s000036,add_to_playlist,8,1,0,0,292,2025-10-30 19:14:07,mobile,US,a00179,latin
u00305,s000377,LIKE,16,1,0,0,279,2025-04-26 01:46:51,mobile,US,a00101,classical
u00210,s000020,ADD_TO_PLAYLIST,17,1,0,0,387,2025-07-13 11:07:10,mobile,US,a00182,indie
u00832,s000427,PLAY,11,0,0,0,358,2025-10-15 07:11:59,mobile,US,a00058,jazz
u00600,s000011,PLAY,11,0,0,0,248,2025-02-15 16:46:57,mobile,US,a00156,classical
u00870,s000010,LIKE,16,1,0,0,300,2025-09-08 06:07:48,mobile,US,a00110,classical
u00253,s000002,skip,1,0,0,1,34,2025-10-04 11:04:01,mobile,US,a00133,rock
u00156,s000300,like,7,1,0,0,329,2025-01-26 09:00:32,mobile,US,a00165,indie
u00179,s000371,ADD_TO_PLAYLIST,5,1,0,0,186,2025-06-16 09:10:54,mobile,US,a00038,jazz
u00899,s000027,ADD_TO_PLAYLIST,5,1,0,0,274,2025-01-13 22:20:21,mobile,US,a00122,jazz
u00365,s000091,LIKE,17,1,0,0,372,2025-08-18 01:00:54,mobile,US,a00039,indie
u00333,s000345,LIKE,7,1,0,0,262,2025-01-18 12:05:46,mobile,US,a00038,jazz
u00491,s000010,play,13,0,0,0,261,2025-02-15 06:47:24,mobile,US,a00110,classical
u00739,s000059,ADD_TO_PLAYLIST,7,1,0,0,367,2025-08-30 06:40:26,mobile,US,a00073,hip-hop
u00258,s000031,LIKE,13,1,0,0,216,2025-11-29 16:07:50,mobile,US,a00037,latin
u00299,s000009,PLAY,13,0,0,0,335,2025-06-26 22:47:14,mobile,US,a00014,latin
u00603,s000251,like,9,1,0,0,220,2025-01-28 01:20:14,mobile,US,a00128,edm
u00220,s000027,play,9,0,0,0,231,2025-05-27 00:02:25,mobile,US,a00122,jazz
u00838,s000418,SKIP,1,0,0,1,45,2025-04-26 14:27:12,mobile,US,a00134,classical
u00139,s000003,play,6,0,0,0,394,2025-06-13 17:03:58,mobile,US,a00066,rock
u00044,s000387,PLAY,19,0,0,0,328,2025-08-03 10:51:30,mobile,US,a00073,hip-hop
u00765,s000464,play,16,0,0,0,319,2025-05-21 14:09:12,mobile,US,a00157,jazz
u00786,s000042,LIKE,9,1,0,0,391,2025-12-29 09:22:09,mobile,US,a00156,indie
u00042,s000023,PLAY,8,0,0,0,370,2025-06-28 08:15:35,mobile,US,a00085,pop
u00901,s000124,PLAY,1,0,0,0,37,2025-10-25 06:50:51,mobile,US,a00074,edm
u00170,s000031,like,19,1,0,0,240,2025-04-14 12:40:09,mobile,US,a00037,latin
u00224,s000016,PLAY,5,0,0,0,227,2025-03-21 11:40:19,mobile,US,a00037,pop
u00598,s000006,play,5,0,0,0,244,2025-09-27 03:46:05,mobile,US,a00199,hip-hop
u00911,s000007,like,13,1,0,0,248,2025-01-19 16:12:47,mobile,US,a00041,classical
u00215,s000069,PLAY,14,0,0,0,290,2025-04-05 06:27:43,mobile,US,a00139,classical
u00917,s000059,like,7,1,0,0,205,2025-12-14 02:17:52,mobile,US,a00073,hip-hop
u00413,s000297,like,13,1,0,0,355,2025-08-16 18:59:17,mobile,US,a00041,rock
u00498,s000487,ADD_TO_PLAYLIST,18,1,0,0,209,2025-12-08 11:41:53,mobile,US,a00176,rock
u00303,s000088,PLAY,1,0,0,0,15,2025-02-11 13:45:15,mobile,US,a00136,latin
u00164,s000201,PLAY,13,0,0,0,294,2025-08-08 10:35:36,mobile,US,a00161,pop
u00495,s000030,add_to_playlist,16,1,0,0,337,2025-04-24 00:37:00,mobile,US,a00117,indie
u00728,s000014,LIKE,10,1,0,0,383,2025-02-07 18:51:53,mobile,US,a00163,classical
u00286,s000276,PLAY,12,0,0,0,339,2025-03-18 17:14:26,mobile,US,a00113,rock
u00207,s000008,play,17,0,0,0,231,2025-10-26 21:51:29,mobile,US,a00191,hip-hop
u00444,s000059,like,9,1,0,0,305,2025-01-03 05:06:11,mobile,US,a00073,hip-hop
u00043,s000252,LIKE,19,1,0,0,346,2025-07-02 11:47:01,mobile,US,a00046,latin
u00318,s000484,PLAY,13,0,0,0,203,2025-08-05 12:03:31,mobile,US,a00083,indie
u00757,s000259,play,6,0,0,0,361,2025-12-29 15:07:30,mobile,US,a00139,jazz
u00963,s000042,like,12,1,0,0,214,2025-12-30 06:13:32,mobile,US,a00156,indie
u00533,s000289,like,19,1,0,0,234,2025-05-24 22:55:25,mobile,US,a00108,rock
u00590,s000004,add_to_playlist,9,1,0,0,216,2025-03-16 04:26:58,mobile,US,a00134,rock
u00235,s000444,SKIP,1,0,0,1,34,2025-06-22 04:15:00,mobile,US,a00170,jazz
u00616,s000032,like,15,1,0,0,383,2025-04-06 22:54:54,mobile,US,a00140,rock
u00694,s000400,PLAY,1,0,0,0,37,2025-11-11 00:45:54,mobile,US,a00199,jazz
u00862,s000022,LIKE,19,1,0,0,324,2025-03-19 13:20:38,mobile,US,a00195,pop
u00672,s000448,ADD_TO_PLAYLIST,19,1,0,0,210,2025-01-01 13:21:11,mobile,US,a00038,edm
u00198,s000014,PLAY,13,0,0,0,184,2025-02-25 18:06:53,mobile,US,a00163,classical
u00271,s000024,play,9,0,0,0,243,2025-10-30 06:46:28,mobile,US,a00065,latin
u00712,s000297,PLAY,19,0,0,0,264,2025-04-13 12:16:49,mobile,US,a00041,rock
u00340,s000017,ADD_TO_PLAYLIST,9,1,0,0,181,2025-01-14 10:28:17,mobile,US,a00184,jazz
u00582,s000356,like,6,1,0,0,298,2025-03-03 02:53:12,mobile,US,a00147,hip-hop
u00676,s000059,play,15,0,0,0,273,2025-03-21 21:57:22,mobile,US,a00073,hip-hop
u00405,s000376,like,6,1,0,0,191,2025-02-10 21:35:52,mobile,US,a00178,hip-hop
u00863,s000050,play,15,0,0,0,333,2025-10-21 07:24:00,mobile,US,a00114,pop
u00704,s000166,PLAY,10,0,0,0,231,2025-01-13 15:26:09,mobile,US,a00140,classical
u00292,s000233,LIKE,18,1,0,0,398,2025-12-19 14:56:50,mobile,US,a00141,rock
u00111,s000262,play,6,0,0,0,303,2025-06-22 19:41:25,mobile,US,a00036,indie
u00126,s000016,like,15,1,0,0,189,2025-07-30 09:47:36,mobile,US,a00037,pop
u00064,s000352,ADD_TO_PLAYLIST,15,1,0,0,292,2025-06-14 03:42:05,mobile,US,a00068,indie
u00086,s000033,like,8,1,0,0,339,2025-06-26 16:33:29,mobile,US,a00158,edm
u00420,s000016,play,14,0,0,0,329,2025-12-08 12:36:22,mobile,US,a00037,pop
u00370,s000006,ADD_TO_PLAYLIST,12,1,0,0,354,2025-01-10 02:48:45,mobile,US,a00199,hip-hop
u00711,s000153,add_to_playlist,6,1,0,0,352,2025-05-29 23:36:57,mobile,US,a00080,pop
u00229,s000005,LIKE,19,1,0,0,196,2025-04-01 06:18:57,mobile,US,a00178,classical
u00698,s000026,ADD_TO_PLAYLIST,17,1,0,0,357,2025-02-13 16:11:56,mobile,US,a00004,pop
u00037,s000147,SKIP,1,0,0,1,39,2025-11-16 17:04:25,mobile,US,a00149,pop
u00785,s000021,LIKE,5,1,0,0,223,2025-04-11 10:08:00,mobile,US,a00032,rock
u00280,s000059,LIKE,7,1,0,0,352,2025-02-23 15:13:54,mobile,US,a00073,hip-hop
u00681,s000007,ADD_TO_PLAYLIST,7,1,0,0,208,2025-01-28 05:36:14,mobile,US,a00041,classical
u00095,s000025,add_to_playlist,6,1,0,0,187,2025-11-28 06:10:52,mobile,US,a00009,edm
u00060,s000039,LIKE,13,1,0,0,291,2025-08-04 20:37:43,mobile,US,a00156,jazz
u00571,s000310,PLAY,16,0,0,0,231,2025-11-04 09:24:56,mobile,US,a00085,jazz
u00163,s000006,PLAY,12,0,0,0,349,2025-06-21 11:51:01,mobile,US,a00199,hip-hop
u00153,s000179,PLAY,17,0,0,0,214,2025-08-01 09:43:03,mobile,US,a00018,jazz
u00107,s000059,add_to_playlist,10,1,0,0,194,2025-12-19 16:28:20,mobile,US,a00073,hip-hop
u00700,s000299,PLAY,8,0,0,0,328,2025-11-13 23:23:58,mobile,US,a00040,pop
u00341,s000090,ADD_TO_PLAYLIST,15,1,0,0,307,2025-03-04 13:07:54,mobile,US,a00028,hip-hop
u00691,s000146,play,1,0,0,0,40,2025-06-18 20:08:13,mobile,US,a00062,indie
u00096,s000023,play,16,0,0,0,273,2025-05-08 08:00:43,mobile,US,a00085,pop
u00938,s000033,PLAY,10,0,0,0,256,2025-01-14 00:11:17,mobile,US,a00158,edm
u00606,s000037,PLAY,8,0,0,0,234,2025-07-30 10:35:34,mobile,US,a00183,indie
u00352,s000085,PLAY,10,0,0,0,360,2025-07-26 07:26:48,mobile,US,a00091,rock
u00002,s000291,like,12,1,0,0,316,2025-01-02 06:32:49,mobile,US,a00036,classical
u00777,s000450,PLAY,7,0,0,0,296,2025-02-01 21:59:20,mobile,US,a00119,latin
u00499,s000083,LIKE,9,1,0,0,265,2025-09-15 13:56:20,mobile,US,a00126,hip-hop
u00956,s000331,play,1,0,0,0,37,2025-11-02 08:11:47,mobile,US,a00192,edm
u00986,s000059,ADD_TO_PLAYLIST,9,1,0,0,265,2025-07-22 15:48:10,mobile,US,a00073,hip-hop
u00069,s000261,play,1,0,0,0,29,2025-05-03 05:29:41,mobile,US,a00004,jazz
u00766,s000418,like,18,1,0,0,290,2025-09-10 13:22:14,mobile,US,a00134,classical
u00437,s000060,play,1,0,0,0,32,2025-05-31 02:52:18,mobile,US,a00103,rock
u00750,s000031,play,18,0,0,0,356,2025-05-09 13:47:18,mobile,US,a00037,latin
u00666,s000287,ADD_TO_PLAYLIST,15,1,0,0,214,2025-03-03 21:35:47,mobile,US,a00185,edm
u00068,s000049,PLAY,1,0,0,0,11,2025-06-17 23:18:50,mobile,US,a00094,rock
u00325,s000025,PLAY,13,0,0,0,347,2025-10-27 00:34:03,mobile,US,a00009,edm
u00177,s000265,ADD_TO_PLAYLIST,17,1,0,0,217,2025-08-23 23:12:36,mobile,US,a00052,jazz
u00340,s000027,play,8,0,0,0,209,2025-05-06 04:01:19,mobile,US,a00122,jazz
u00796,s000011,LIKE,5,1,0,0,370,2025-05-21 06:45:03,mobile,US,a00156,classical
u00999,s000439,play,16,0,0,0,220,2025-11-04 17:17:56,mobile,US,a00187,jazz
u00033,s000493,like,16,1,0,0,201,2025-08-13 22:45:25,mobile,US,a00067,pop
u00547,s000356,PLAY,12,0,0,0,375,2025-03-09 07:53:14,mobile,US,a00147,hip-hop
u00946,s000161,PLAY,15,0,0,0,312,2025-03-01 04:41:23,mobile,US,a00188,classical
u00991,s000292,PLAY,10,0,0,0,244,2025-04-08 12:29:40,mobile,US,a00074,hip-hop
u00146,s000013,PLAY,11,0,0,0,306,2025-10-20 18:38:42,mobile,US,a00154,jazz
u00638,s000023,like,5,1,0,0,360,2025-01-04 04:38:45,mobile,US,a00085,pop
u00426,s000403,PLAY,1,0,0,0,37,2025-08-25 07:29:38,mobile,US,a00011,edm
u00459,s000480,PLAY,9,0,0,0,207,2025-08-22 06:40:31,mobile,US,a00009,jazz
u00196,s000131,like,10,1,0,0,321,2025-02-27 19:53:38,mobile,US,a00127,pop
u00394,s000023,SKIP,1,0,0,1,22,2025-03-09 14:52:09,mobile,US,a00085,pop
u00796,s000007,ADD_TO_PLAYLIST,13,1,0,0,297,2025-10-02 04:07:46,mobile,US,a00041,classical
u00309,s000247,ADD_TO_PLAYLIST,15,1,0,0,269,2025-03-31 18:29:51,mobile,US,a00028,edm
u00899,s000459,PLAY,5,0,0,0,321,2025-08-07 21:12:04,mobile,US,a00125,jazz
u00236,s000465,play,18,0,0,0,277,2025-06-14 06:28:52,mobile,US,a00012,edm
u00794,s000002,play,19,0,0,0,217,2025-03-21 10:32:04,mobile,US,a00133,rock
u00442,s000499,play,1,0,0,0,30,2025-05-30 04:39:38,mobile,US,a00192,indie
u00534,s000017,like,17,1,0,0,311,2025-03-23 08:20:57,mobile,US,a00184,jazz
u00750,s000475,ADD_TO_PLAYLIST,17,1,0,0,236,2025-03-10 21:26:34,mobile,US,a00061,latin
u00928,s000260,PLAY,1,0,0,0,7,2025-10-01 15:32:15,mobile,US,a00019,indie
u00441,s000252,add_to_playlist,14,1,0,0,336,2025-05-06 20:44:02,mobile,US,a00046,latin
u00115,s000059,ADD_TO_PLAYLIST,17,1,0,0,328,2025-12-25 03:23:44,mobile,US,a00073,hip-hop
u00232,s000008,like,6,1,0,0,332,2025-07-18 08:11:55,mobile,US,a00191,hip-hop
u00379,s000002,PLAY,18,0,0,0,373,2025-05-15 07:40:16,mobile,US,a00133,rock
u00580,s000025,PLAY,16,0,0,0,288,2025-03-26 01:33:16,mobile,US,a00009,edm
u00796,s000010,play,12,0,0,0,220,2025-05-18 05:05:57,mobile,US,a00110,classical
u00089,s000022,play,5,0,0,0,287,2025-03-17 02:53:52,mobile,US,a00195,pop
u00475,s000031,PLAY,14,0,0,0,259,2025-09-04 20:36:27,mobile,US,a00037,latin
u00437,s000009,PLAY,5,0,0,0,384,2025-12-21 09:10:03,mobile,US,a00014,latin
u00857,s000027,PLAY,16,0,0,0,302,2025-10-20 07:29:50,mobile,US,a00122,jazz
u00798,s000303,skip,1,0,0,1,21,2025-02-15 14:54:48,mobile,US,a00164,edm
u00453,s000015,ADD_TO_PLAYLIST,10,1,0,0,343,2025-12-13 02:50:15,mobile,US,a00156,edm
u00053,s000008,add_to_playlist,16,1,0,0,234,2025-01-24 07:13:54,mobile,US,a00191,hip-hop
u00508,s000036,LIKE,13,1,0,0,227,2025-01-28 04:43:26,mobile,US,a00179,latin
u00851,s000265,play,1,0,0,0,51,2025-11-27 01:18:36,mobile,US,a00052,jazz
u00830,s000278,PLAY,14,0,0,0,233,2025-05-19 21:43:32,mobile,US,a00013,classical
u00573,s000022,play,11,0,0,0,225,2025-12-10 21:11:55,mobile,US,a00195,pop
u00377,s000003,play,6,0,0,0,212,2025-12-15 10:08:31,mobile,US,a00066,rock
u00369,s000030,PLAY,15,0,0,0,324,2025-12-13 23:53:20,mobile,US,a00117,indie
u00509,s000016,play,17,0,0,0,341,2025-10-13 05:57:09,mobile,US,a00037,pop
u00769,s000016,play,1,0,0,0,22,2025-07-18 04:07:55,mobile,US,a00037,pop
u00179,s000045,PLAY,8,0,0,0,371,2025-10-10 18:58:55,mobile,US,a00075,jazz
u00106,s000015,PLAY,16,0,0,0,245,2025-01-05 13:37:06,mobile,US,a00156,edm
u00386,s000027,LIKE,8,1,0,0,388,2025-02-13 01:30:22,mobile,US,a00122,jazz
u00934,s000009,PLAY,5,0,0,0,322,2025-09-26 12:33:31,mobile,US,a00014,latin
u00015,s000005,like,18,1,0,0,386,2025-02-11 01:08:33,mobile,US,a00178,classical
u00493,s000025,PLAY,7,0,0,0,323,2025-09-25 08:40:28,mobile,US,a00009,edm
u00240,s000035,ADD_TO_PLAYLIST,5,1,0,0,396,2025-05-15 14:48:56,mobile,US,a00108,pop
u00077,s000008,PLAY,17,0,0,0,356,2025-04-18 07:36:34,mobile,US,a00191,hip-hop
u00309,s000025,LIKE,9,1,0,0,397,2025-09-28 17:37:19,mobile,US,a00009,edm
u00912,s000014,PLAY,16,0,0,0,251,2025-04-12 02:57:49,mobile,US,a00163,classical
u00583,s000026,PLAY,14,0,0,0,393,2025-07-16 19:33:15,mobile,US,a00004,pop
u00571,s000013,play,16,0,0,0,180,2025-02-13 19:55:57,mobile,US,a00154,jazz
u00667,s000059,LIKE,6,1,0,0,267,2025-01-13 07:10:57,mobile,US,a00073,hip-hop
u00709,s000177,like,18,1,0,0,206,2025-03-05 18:31:30,mobile,US,a00143,latin
u00242,s000006,play,18,0,0,0,363,2025-04-23 21:56:50,mobile,US,a00199,hip-hop
u00298,s000014,PLAY,8,0,0,0,220,2025-05-09 19:02:00,mobile,US,a00163,classical
u00716,s000382,add_to_playlist,16,1,0,0,207,2025-04-11 05:30:05,mobile,US,a00043,jazz
u00650,s000439,SKIP,1,0,0,1,12,2025-05-08 03:49:29,mobile,US,a00187,jazz
u00118,s000435,play,1,0,0,0,56,2025-01-17 15:42:57,mobile,US,a00013,pop
u00795,s000037,like,14,1,0,0,343,2025-03-07 23:37:33,mobile,US,a00183,indie
u00883,s000132,PLAY,1,0,0,0,54,2025-07-11 03:57:39,mobile,US,a00170,edm
u00452,s000360,PLAY,17,0,0,0,312,2025-07-09 21:50:34,mobile,US,a00153,edm
u00722,s000059,play,19,0,0,0,284,2025-06-23 21:10:08,mobile,US,a00073,hip-hop
u00311,s000246,SKIP,1,0,0,1,10,2025-04-14 13:19:22,mobile,US,a00035,edm
u00592,s000007,PLAY,12,0,0,0,315,2025-03-31 21:00:46,mobile,US,a00041,classical
u00723,s000002,add_to_playlist,18,1,0,0,239,2025-10-01 23:54:52,mobile,US,a00133,rock
u00053,s000006,like,8,1,0,0,313,2025-09-07 12:32:50,mobile,US,a00199,hip-hop
u00130,s000006,ADD_TO_PLAYLIST,9,1,0,0,294,2025-03-04 07:08:56,mobile,US,a00199,hip-hop
u00508,s000031,PLAY,6,0,0,0,203,2025-09-05 18:52:29,mobile,US,a00037,latin
u00125,s000024,LIKE,13,1,0,0,185,2025-12-16 12:31:49,mobile,US,a00065,latin
u00716,s000229,play,8,0,0,0,378,2025-05-02 07:35:46,mobile,US,a00143,jazz
u00974,s000083,LIKE,5,1,0,0,307,2025-12-23 11:57:22,mobile,US,a00126,hip-hop
u00191,s000039,play,6,0,0,0,365,2025-11-14 00:59:46,mobile,US,a00156,jazz
u00681,s000005,play,15,0,0,0,210,2025-11-14 07:59:35,mobile,US,a00178,classical
u00562,s000376,skip,1,0,0,1,40,2025-10-27 16:06:00,mobile,US,a00178,hip-hop
u00218,s000113,skip,1,0,0,1,31,2025-04-04 11:08:41,mobile,US,a00052,indie
u00303,s000107,ADD_TO_PLAYLIST,18,1,0,0,385,2025-09-21 03:04:59,mobile,US,a00054,edm
u00862,s000023,add_to_playlist,9,1,0,0,236,2025-02-11 18:57:15,mobile,US,a00085,pop
u00457,s000258,play,7,0,0,0,286,2025-03-30 16:45:00,mobile,US,a00118,latin
u00500,s000020,PLAY,12,0,0,0,215,2025-01-24 01:04:02,mobile,US,a00182,indie
u00811,s000498,PLAY,12,0,0,0,240,2025-05-20 15:01:07,mobile,US,a00175,jazz
u00798,s000021,like,5,1,0,0,392,2025-06-12 02:46:51,mobile,US,a00032,rock
u00593,s000083,play,5,0,0,0,239,2025-04-25 01:40:23,mobile,US,a00126,hip-hop
u00913,s000405,PLAY,1,0,0,0,13,2025-06-13 18:35:33,mobile,US,a00058,latin
u00992,s000016,like,8,1,0,0,326,2025-01-09 00:15:40,mobile,US,a00037,pop
u00474,s000017,LIKE,6,1,0,0,370,2025-08-18 17:01:09,mobile,US,a00184,jazz
u00091,s000394,skip,1,0,0,1,40,2025-09-11 10:03:38,mobile,US,a00082,classical
u00453,s000338,ADD_TO_PLAYLIST,6,1,0,0,391,2025-12-03 12:42:42,mobile,US,a00148,edm
u00411,s000148,play,1,0,0,0,54,2025-10-05 18:57:06,mobile,US,a00153,jazz
u00448,s000001,add_to_playlist,5,1,0,0,386,2025-10-27 16:16:58,mobile,US,a00197,indie
u00481,s000000,ADD_TO_PLAYLIST,13,1,0,0,274,2025-04-02 10:03:25,mobile,US,a00178,edm
u00193,s000042,add_to_playlist,16,1,0,0,381,2025-03-21 00:17:35,mobile,US,a00156,indie
u00061,s000299,skip,1,0,0,1,27,2025-04-01 12:48:49,mobile,US,a00040,pop
u00897,s000059,like,11,1,0,0,380,2025-05-05 18:40:16,mobile,US,a00073,hip-hop
u00160,s000244,add_to_playlist,9,1,0,0,396,2025-10-19 04:31:39,mobile,US,a00124,indie
u00842,s000021,LIKE,10,1,0,0,368,2025-07-28 05:54:32,mobile,US,a00032,rock
u00488,s000421,LIKE,7,1,0,0,212,2025-08-11 12:59:44,mobile,US,a00116,rock
u00355,s000020,play,10,0,0,0,227,2025-05-16 21:37:28,mobile,US,a00182,indie
u00408,s000059,add_to_playlist,19,1,0,0,369,2025-11-12 16:35:31,mobile,US,a00073,hip-hop
u00027,s000094,add_to_playlist,10,1,0,0,260,2025-03-06 04:22:03,mobile,US,a00150,pop
u00132,s000162,skip,1,0,0,1,18,2025-10-31 07:36:21,mobile,US,a00103,pop
u00876,s000022,ADD_TO_PLAYLIST,6,1,0,0,304,2025-03-28 01:40:49,mobile,US,a00195,pop
u00216,s000090,add_to_playlist,9,1,0,0,208,2025-05-19 13:20:56,mobile,US,a00028,hip-hop
u00302,s000135,ADD_TO_PLAYLIST,6,1,0,0,391,2025-08-08 16:15:08,mobile,US,a00178,jazz
u00190,s000428,play,1,0,0,0,39,2025-06-26 16:56:47,mobile,US,a00081,edm
u00993,s000126,PLAY,5,0,0,0,302,2025-11-13 15:39:59,mobile,US,a00129,hip-hop
u00762,s000005,PLAY,17,0,0,0,189,2025-10-17 12:22:03,mobile,US,a00178,classical
u00574,s000037,add_to_playlist,18,1,0,0,298,2025-10-03 18:30:49,mobile,US,a00183,indie
u00281,s000442,PLAY,8,0,0,0,324,2025-06-10 22:14:04,mobile,US,a00130,hip-hop
u00703,s000018,add_to_playlist,6,1,0,0,287,2025-03-09 02:26:30,mobile,US,a00096,latin
u00539,s000022,PLAY,11,0,0,0,206,2025-04-10 08:39:17,mobile,US,a00195,pop
u00634,s000026,ADD_TO_PLAYLIST,10,1,0,0,274,2025-05-23 06:15:41,mobile,US,a00004,pop
u00902,s000391,LIKE,11,1,0,0,308,2025-02-12 10:28:20,mobile,US,a00011,edm
u00031,s000047,ADD_TO_PLAYLIST,12,1,0,0,284,2025-10-08 06:41:54,mobile,US,a00129,rock
u00848,s000452,play,1,0,0,0,6,2025-04-19 11:00:10,mobile,US,a00092,latin
u00817,s000013,ADD_TO_PLAYLIST,18,1,0,0,257,2025-10-22 12:32:24,mobile,US,a00154,jazz
u00205,s000061,PLAY,12,0,0,0,228,2025-12-25 09:44:58,mobile,US,a00037,classical
u00957,s000312,play,10,0,0,0,336,2025-08-20 14:24:40,mobile,US,a00056,rock
u00235,s000385,like,19,1,0,0,196,2025-01-30 15:46:32,mobile,US,a00188,hip-hop
u00523,s000001,LIKE,16,1,0,0,234,2025-06-26 00:05:02,mobile,US,a00197,indie
u00962,s000033,PLAY,17,0,0,0,399,2025-03-14 03:14:06,mobile,US,a00158,edm
u00129,s000006,play,16,0,0,0,260,2025-09-23 09:19:50,mobile,US,a00199,hip-hop
u00375,s000083,LIKE,10,1,0,0,295,2025-03-23 21:55:29,mobile,US,a00126,hip-hop
u00994,s000355,ADD_TO_PLAYLIST,15,1,0,0,254,2025-11-04 11:31:28,mobile,US,a00035,hip-hop
u00515,s000013,play,9,0,0,0,319,2025-02-21 08:56:30,mobile,US,a00154,jazz
u00142,s000387,PLAY,19,0,0,0,309,2025-03-23 08:34:12,mobile,US,a00073,hip-hop
u00943,s000014,LIKE,6,1,0,0,368,2025-09-07 04:47:06,mobile,US,a00163,classical
u00040,s000039,add_to_playlist,17,1,0,0,274,2025-07-14 11:32:23,mobile,US,a00156,jazz
u00444,s000369,PLAY,1,0,0,0,55,2025-07-03 18:29:15,mobile,US,a00041,pop
u00921,s000020,play,6,0,0,0,398,2025-09-27 02:05:04,mobile,US,a00182,indie
u00812,s000004,PLAY,5,0,0,0,339,2025-05-20 23:42:51,mobile,US,a00134,rock
u00733,s000009,LIKE,8,1,0,0,259,2025-10-07 05:29:51,mobile,US,a00014,latin
u00153,s000013,play,14,0,0,0,181,2025-07-08 06:56:53,mobile,US,a00154,jazz
u00404,s000024,play,9,0,0,0,344,2025-10-03 08:21:06,mobile,US,a00065,latin
u00567,s000231,PLAY,16,0,0,0,211,2025-09-12 05:22:54,mobile,US,a00164,latin
u00828,s000423,add_to_playlist,8,1,0,0,344,2025-07-20 12:21:55,mobile,US,a00136,indie
u00782,s000009,play,5,0,0,0,244,2025-11-25 13:56:24,mobile,US,a00014,latin
u00508,s000009,like,17,1,0,0,333,2025-12-07 18:45:27,mobile,US,a00014,latin
u00359,s000080,add_to_playlist,7,1,0,0,329,2025-05-09 12:26:13,mobile,US,a00119,jazz
u00262,s000007,add_to_playlist,9,1,0,0,386,2025-12-23 06:55:46,mobile,US,a00041,classical
u00260,s000021,like,14,1,0,0,197,2025-03-10 09:50:59,mobile,US,a00032,rock
u00452,s000033,like,6,1,0,0,322,2025-10-13 08:37:00,mobile,US,a00158,edm
u00339,s000006,ADD_TO_PLAYLIST,8,1,0,0,199,2025-09-13 19:18:38,mobile,US,a00199,hip-hop
u00824,s000215,SKIP,1,0,0,1,19,2025-05-12 23:23:01,mobile,US,a00053,rock
u00304,s000022,ADD_TO_PLAYLIST,19,1,0,0,207,2025-08-31 08:53:43,mobile,US,a00195,pop
u00672,s000098,PLAY,15,0,0,0,252,2025-12-20 23:38:52,mobile,US,a00148,edm
u00070,s000473,play,7,0,0,0,203,2025-09-28 23:56:36,mobile,US,a00028,pop
u00213,s000344,like,9,1,0,0,255,2025-11-10 20:53:37,mobile,US,a00186,indie
u00006,s000011,play,8,0,0,0,183,2025-01-15 03:47:12,mobile,US,a00156,classical
u00546,s000005,PLAY,19,0,0,0,276,2025-04-03 18:11:48,mobile,US,a00178,classical
u00352,s000003,add_to_playlist,19,1,0,0,386,2025-01-07 07:09:33,mobile,US,a00066,rock
u00742,s000327,SKIP,1,0,0,1,27,2025-07-28 23:50:57,mobile,US,a00063,classical
u00654,s000180,PLAY,18,0,0,0,251,2025-02-18 07:38:17,mobile,US,a00017,edm
u00780,s000032,ADD_TO_PLAYLIST,16,1,0,0,198,2025-11-26 18:16:04,mobile,US,a00140,rock
u00704,s000161,play,18,0,0,0,232,2025-01-08 18:16:08,mobile,US,a00188,classical
u00452,s000012,add_to_playlist,18,1,0,0,297,2025-03-24 16:21:49,mobile,US,a00032,edm
u00540,s000020,PLAY,12,0,0,0,188,2025-06-16 13:40:59,mobile,US,a00182,indie
u00204,s000008,PLAY,14,0,0,0,236,2025-06-10 11:43:20,mobile,US,a00191,hip-hop
u00676,s000108,skip,1,0,0,1,22,2025-06-23 02:04:39,mobile,US,a00114,edm
u00729,s000454,skip,1,0,0,1,41,2025-01-09 15:35:11,mobile,US,a00140,rock
u00314,s000401,ADD_TO_PLAYLIST,5,1,0,0,254,2025-04-17 19:21:15,mobile,US,a00024,jazz
u00087,s000068,SKIP,1,0,0,1,53,2025-02-21 02:18:02,mobile,US,a00106,classical
u00785,s000430,LIKE,19,1,0,0,208,2025-10-14 22:15:42,mobile,US,a00166,rock
u00237,s000000,add_to_playlist,12,1,0,0,327,2025-08-03 20:54:25,mobile,US,a00178,edm
u00768,s000059,PLAY,19,0,0,0,231,2025-03-21 10:03:40,mobile,US,a00073,hip-hop
u00906,s000187,skip,1,0,0,1,57,2025-03-17 11:17:18,mobile,US,a00113,rock
u00686,s000104,play,6,0,0,0,199,2025-10-26 04:24:47,mobile,US,a00000,edm
u00194,s000030,LIKE,11,1,0,0,310,2025-06-12 06:18:26,mobile,US,a00117,indie
u00120,s000392,play,9,0,0,0,272,2025-01-20 09:29:28,mobile,US,a00061,latin
u00596,s000010,play,10,0,0,0,284,2025-08-06 09:53:47,mobile,US,a00110,classical
u00069,s000012,play,19,0,0,0,240,2025-03-01 15:22:03,mobile,US,a00032,edm
u00184,s000440,like,19,1,0,0,300,2025-06-19 06:00:22,mobile,US,a00044,rock
u00665,s000394,ADD_TO_PLAYLIST,13,1,0,0,252,2025-06-09 09:28:37,mobile,US,a00082,classical
u00899,s000045,PLAY,17,0,0,0,267,2025-09-07 22:36:00,mobile,US,a00075,jazz
u00746,s000017,play,8,0,0,0,352,2025-05-02 21:33:21,mobile,US,a00184,jazz
u00578,s000023,PLAY,5,0,0,0,264,2025-03-30 21:52:00,mobile,US,a00085,pop
u00864,s000008,PLAY,12,0,0,0,227,2025-05-07 02:23:36,mobile,US,a00191,hip-hop
u00931,s000008,play,15,0,0,0,207,2025-12-03 18:09:51,mobile,US,a00191,hip-hop
u00698,s000022,add_to_playlist,14,1,0,0,206,2025-09-15 22:17:57,mobile,US,a00195,pop
u00430,s000487,add_to_playlist,6,1,0,0,277,2025-10-11 03:20:29,mobile,US,a00176,rock
u00113,s000488,PLAY,1,0,0,0,26,2025-05-24 10:57:20,mobile,US,a00002,rock
u00608,s000090,play,15,0,0,0,254,2025-09-14 16:28:17,mobile,US,a00028,hip-hop
u00802,s000002,ADD_TO_PLAYLIST,15,1,0,0,256,2025-08-07 17:24:59,mobile,US,a00133,rock
u00379,s000003,play,11,0,0,0,234,2025-03-06 03:47:23,mobile,US,a00066,rock
u00202,s000020,like,6,1,0,0,334,2025-10-02 19:02:55,mobile,US,a00182,indie
u00056,s000245,like,11,1,0,0,188,2025-12-10 16:10:54,mobile,US,a00146,latin
u00231,s000008,play,6,0,0,0,327,2025-05-06 22:23:08,mobile,US,a00191,hip-hop
u00995,s000014,PLAY,6,0,0,0,339,2025-12-27 08:09:13,mobile,US,a00163,classical
u00095,s000000,add_to_playlist,15,1,0,0,196,2025-02-26 02:58:21,mobile,US,a00178,edm
u00350,s000301,LIKE,14,1,0,0,370,2025-07-04 20:41:30,mobile,US,a00033,hip-hop
u00203,s000365,SKIP,1,0,0,1,53,2025-03-07 13:53:22,mobile,US,a00128,edm
u00020,s000033,play,12,0,0,0,186,2025-04-10 09:11:46,mobile,US,a00158,edm
u00698,s000022,PLAY,16,0,0,0,287,2025-12-23 10:13:41,mobile,US,a00195,pop
u00987,s000083,play,15,0,0,0,330,2025-03-22 08:11:20,mobile,US,a00126,hip-hop
u00399,s000003,LIKE,10,1,0,0,348,2025-08-27 23:08:37,mobile,US,a00066,rock
u00339,s000006,PLAY,12,0,0,0,203,2025-11-27 00:22:08,mobile,US,a00199,hip-hop
u00584,s000033,like,19,1,0,0,300,2025-10-03 05:22:16,mobile,US,a00158,edm
u00345,s000390,skip,1,0,0,1,22,2025-01-03 09:00:07,mobile,US,a00046,pop
u00950,s000017,play,18,0,0,0,369,2025-08-12 08:34:16,mobile,US,a00184,jazz
u00867,s000108,like,18,1,0,0,315,2025-05-05 23:40:41,mobile,US,a00114,edm
u00881,s000486,SKIP,1,0,0,1,12,2025-09-21 02:01:24,mobile,US,a00064,indie
u00329,s000009,add_to_playlist,17,1,0,0,241,2025-01-17 14:50:22,mobile,US,a00014,latin
u00927,s000006,LIKE,13,1,0,0,347,2025-04-11 19:09:54,mobile,US,a00199,hip-hop
u00099,s000014,play,7,0,0,0,202,2025-08-14 03:24:50,mobile,US,a00163,classical
u00224,s000023,ADD_TO_PLAYLIST,19,1,0,0,378,2025-09-07 23:48:33,mobile,US,a00085,pop
u00143,s000024,play,19,0,0,0,253,2025-07-31 09:36:08,mobile,US,a00065,latin
u00859,s000394,skip,1,0,0,1,6,2025-02-13 13:01:07,mobile,US,a00082,classical
u00876,s000023,play,17,0,0,0,262,2025-12-10 23:13:30,mobile,US,a00085,pop
u00349,s000347,play,10,0,0,0,371,2025-10-20 19:38:45,mobile,US,a00097,indie
u00930,s000001,ADD_TO_PLAYLIST,13,1,0,0,196,2025-11-13 15:41:12,mobile,US,a00197,indie
u00673,s000015,like,9,1,0,0,227,2025-10-30 13:45:40,mobile,US,a00156,edm
u00695,s000465,skip,1,0,0,1,11,2025-03-04 02:25:12,mobile,US,a00012,edm
u00215,s000005,play,7,0,0,0,236,2025-11-14 05:44:40,mobile,US,a00178,classical
u00364,s000365,skip,1,0,0,1,27,2025-10-21 14:31:29,mobile,US,a00128,edm
u00811,s000427,like,13,1,0,0,224,2025-05-30 09:20:51,mobile,US,a00058,jazz
u00392,s000452,add_to_playlist,6,1,0,0,272,2025-06-03 06:42:27,mobile,US,a00092,latin
u00534,s000235,skip,1,0,0,1,27,2025-08-02 07:04:20,mobile,US,a00175,hip-hop
u00290,s000002,PLAY,6,0,0,0,365,2025-09-28 17:45:12,mobile,US,a00133,rock
u00867,s000329,SKIP,1,0,0,1,52,2025-04-17 00:54:42,mobile,US,a00053,classical
u00029,s000395,PLAY,1,0,0,0,51,2025-06-27 03:39:45,mobile,US,a00007,edm
u00333,s000230,SKIP,1,0,0,1,38,2025-01-26 08:50:42,mobile,US,a00195,indie
u00126,s000026,play,10,0,0,0,271,2025-04-02 15:53:48,mobile,US,a00004,pop
u00348,s000224,SKIP,1,0,0,1,50,2025-08-13 06:16:45,mobile,US,a00087,rock
u00824,s000333,PLAY,5,0,0,0,281,2025-09-16 21:42:30,mobile,US,a00180,latin
u00958,s000178,play,1,0,0,0,37,2025-03-27 00:51:50,mobile,US,a00167,indie
u00795,s000020,LIKE,15,1,0,0,385,2025-10-31 12:10:07,mobile,US,a00182,indie
u00088,s000090,add_to_playlist,14,1,0,0,233,2025-11-04 09:35:02,mobile,US,a00028,hip-hop
u00305,s000014,play,16,0,0,0,248,2025-04-26 14:07:38,mobile,US,a00163,classical
u00470,s000005,PLAY,18,0,0,0,278,2025-08-20 11:10:05,mobile,US,a00178,classical
u00688,s000020,play,14,0,0,0,270,2025-02-13 09:19:14,mobile,US,a00182,indie
u00436,s000351,LIKE,19,1,0,0,261,2025-01-16 05:17:59,mobile,US,a00149,latin
u00658,s000383,PLAY,8,0,0,0,284,2025-07-10 10:22:00,mobile,US,a00186,hip-hop
u00214,s000029,skip,1,0,0,1,46,2025-05-15 01:55:42,mobile,US,a00096,classical
u00857,s000314,SKIP,1,0,0,1,56,2025-06-02 12:35:56,mobile,US,a00133,edm
u00321,s000415,SKIP,1,0,0,1,59,2025-02-14 05:15:34,mobile,US,a00150,hip-hop
u00318,s000030,LIKE,11,1,0,0,224,2025-05-26 10:40:06,mobile,US,a00117,indie
u00699,s000167,SKIP,1,0,0,1,56,2025-02-26 12:02:39,mobile,US,a00178,edm
u00689,s000122,play,1,0,0,0,52,2025-05-01 06:54:41,mobile,US,a00024,jazz
u00752,s000023,PLAY,16,0,0,0,339,2025-01-14 06:30:13,mobile,US,a00085,pop
u00198,s000128,play,1,0,0,0,15,2025-07-04 22:14:46,mobile,US,a00161,edm
u00753,s000016,like,9,1,0,0,316,2025-08-01 13:26:31,mobile,US,a00037,pop
u00954,s000345,add_to_playlist,19,1,0,0,319,2025-12-05 13:41:48,mobile,US,a00038,jazz
u00149,s000009,LIKE,18,1,0,0,308,2025-10-08 02:30:43,mobile,US,a00014,latin
u00598,s000006,like,9,1,0,0,340,2025-12-03 04:34:37,mobile,US,a00199,hip-hop
u00898,s000158,SKIP,1,0,0,1,21,2025-04-09 22:07:10,mobile,US,a00117,hip-hop
u00118,s000413,ADD_TO_PLAYLIST,9,1,0,0,362,2025-11-06 13:34:37,mobile,US,a00198,latin
u00281,s000083,PLAY,12,0,0,0,233,2025-09-08 04:23:58,mobile,US,a00126,hip-hop
u00939,s000026,like,10,1,0,0,345,2025-06-23 22:46:34,mobile,US,a00004,pop
u00566,s000026,PLAY,15,0,0,0,390,2025-07-22 08:13:30,mobile,US,a00004,pop
u00972,s000032,play,15,0,0,0,318,2025-12-26 19:07:21,mobile,US,a00140,rock
u00153,s000017,play,8,0,0,0,270,2025-03-02 02:15:02,mobile,US,a00184,jazz
u00438,s000020,PLAY,16,0,0,0,383,2025-12-04 09:37:11,mobile,US,a00182,indie
u00317,s000021,play,6,0,0,0,247,2025-01-10 07:22:33,mobile,US,a00032,rock
u00992,s000406,play,8,0,0,0,320,2025-05-24 19:12:59,mobile,US,a00153,pop
u00717,s000059,LIKE,15,1,0,0,182,2025-09-05 17:05:09,mobile,US,a00073,hip-hop
u00951,s000006,PLAY,17,0,0,0,326,2025-09-06 06:19:29,mobile,US,a00199,hip-hop
u00096,s000295,PLAY,11,0,0,0,289,2025-11-20 14:41:41,mobile,US,a00127,pop
u00584,s000000,PLAY,10,0,0,0,234,2025-06-28 03:30:17,mobile,US,a00178,edm
u00949,s000218,play,10,0,0,0,278,2025-11-04 08:29:06,mobile,US,a00096,classical
u00610,s000011,play,18,0,0,0,299,2025-11-27 11:51:02,mobile,US,a00156,classical
u00232,s000008,ADD_TO_PLAYLIST,5,1,0,0,389,2025-05-19 04:28:39,mobile,US,a00191,hip-hop
u00758,s000021,play,8,0,0,0,227,2025-11-25 13:34:00,mobile,US,a00032,rock
u00750,s000009,PLAY,14,0,0,0,386,2025-08-29 02:24:22,mobile,US,a00014,latin
u00988,s000100,PLAY,1,0,0,0,11,2025-04-23 22:19:11,mobile,US,a00109,jazz
u00072,s000021,play,7,0,0,0,345,2025-04-08 09:40:02,mobile,US,a00032,rock
u00363,s000022,play,19,0,0,0,309,2025-05-25 14:05:15,mobile,US,a00195,pop
u00328,s000438,play,14,0,0,0,358,2025-05-12 17:55:09,mobile,US,a00107,latin
u00985,s000189,PLAY,1,0,0,0,12,2025-01-07 04:30:11,mobile,US,a00178,latin
u00041,s000020,play,5,0,0,0,324,2025-09-24 22:10:27,mobile,US,a00182,indie
u00519,s000016,LIKE,19,1,0,0,290,2025-11-17 20:46:55,mobile,US,a00037,pop
u00691,s000059,SKIP,1,0,0,1,43,2025-05-07 07:47:17,mobile,US,a00073,hip-hop
u00855,s000005,PLAY,9,0,0,0,300,2025-08-02 07:49:25,mobile,US,a00178,classical
u00569,s000327,skip,1,0,0,1,23,2025-06-22 14:16:17,mobile,US,a00063,classical
u00230,s000033,PLAY,5,0,0,0,284,2025-08-06 16:39:16,mobile,US,a00158,edm
u00125,s000433,SKIP,1,0,0,1,17,2025-01-08 02:52:22,mobile,US,a00102,hip-hop
u00382,s000006,add_to_playlist,5,1,0,0,395,2025-04-08 09:39:39,mobile,US,a00199,hip-hop
u00802,s000489,LIKE,6,1,0,0,377,2025-11-19 15:26:56,mobile,US,a00172,rock
u00662,s000005,play,14,0,0,0,206,2025-05-23 22:18:09,mobile,US,a00178,classical
u00135,s000005,play,6,0,0,0,375,2025-08-12 05:05:43,mobile,US,a00178,classical
u00941,s000437,play,19,0,0,0,334,2025-02-21 14:03:36,mobile,US,a00151,classical
u00418,s000434,skip,1,0,0,1,56,2025-07-20 09:15:55,mobile,US,a00016,hip-hop
u00614,s000279,skip,1,0,0,1,15,2025-11-14 07:15:59,mobile,US,a00008,hip-hop
u00287,s000095,play,1,0,0,0,44,2025-09-30 02:27:24,mobile,US,a00000,pop
u00383,s000007,add_to_playlist,16,1,0,0,255,2025-11-06 21:51:51,mobile,US,a00041,classical
u00634,s000022,ADD_TO_PLAYLIST,6,1,0,0,367,2025-06-20 22:18:56,mobile,US,a00195,pop
u00570,s000000,PLAY,9,0,0,0,201,2025-03-25 05:52:31,mobile,US,a00178,edm
u00288,s000260,SKIP,1,0,0,1,42,2025-09-02 02:36:24,mobile,US,a00019,indie
u00211,s000062,PLAY,18,0,0,0,253,2025-03-14 16:06:57,mobile,US,a00133,indie
u00698,s000466,LIKE,17,1,0,0,272,2025-03-13 09:02:35,mobile,US,a00140,pop
u00133,s000014,add_to_playlist,5,1,0,0,331,2025-02-26 21:09:31,mobile,US,a00163,classical
u00824,s000024,LIKE,19,1,0,0,316,2025-01-10 03:42:45,mobile,US,a00065,latin
u00398,s000479,ADD_TO_PLAYLIST,19,1,0,0,226,2025-04-06 09:30:59,mobile,US,a00120,latin
u00665,s000007,add_to_playlist,15,1,0,0,379,2025-04-17 07:07:23,mobile,US,a00041,classical
u00849,s000025,play,13,0,0,0,320,2025-06-05 09:45:36,mobile,US,a00009,edm
u00631,s000282,play,1,0,0,0,13,2025-12-11 03:26:50,mobile,US,a00024,rock
u00024,s000008,PLAY,5,0,0,0,201,2025-08-22 23:15:22,mobile,US,a00191,hip-hop
u00106,s000000,play,13,0,0,0,193,2025-09-14 11:00:07,mobile,US,a00178,edm
u00022,s000035,add_to_playlist,5,1,0,0,200,2025-08-13 04:21:11,mobile,US,a00108,pop
u00101,s000035,ADD_TO_PLAYLIST,16,1,0,0,364,2025-12-09 23:03:51,mobile,US,a00108,pop
u00999,s000197,PLAY,18,0,0,0,297,2025-01-12 08:38:17,mobile,US,a00130,jazz
u00581,s000060,LIKE,9,1,0,0,281,2025-03-22 03:20:34,mobile,US,a00103,rock
u00830,s000014,like,10,1,0,0,327,2025-04-13 04:00:04,mobile,US,a00163,classical
u00940,s000083,play,16,0,0,0,313,2025-12-04 12:12:48,mobile,US,a00126,hip-hop
u00083,s000253,skip,1,0,0,1,33,2025-11-30 03:49:27,mobile,US,a00196,pop
u00097,s000350,ADD_TO_PLAYLIST,19,1,0,0,256,2025-03-02 10:36:41,mobile,US,a00151,hip-hop
u00409,s000015,PLAY,13,0,0,0,321,2025-08-25 18:50:00,mobile,US,a00156,edm
u00526,s000172,play,15,0,0,0,188,2025-07-12 01:03:10,mobile,US,a00157,jazz
u00474,s000017,LIKE,9,1,0,0,364,2025-01-19 21:51:14,mobile,US,a00184,jazz
u00733,s000018,LIKE,11,1,0,0,376,2025-11-15 00:20:52,mobile,US,a00096,latin
u00335,s000009,play,9,0,0,0,316,2025-08-15 14:31:48,mobile,US,a00014,latin
u00683,s000059,play,6,0,0,0,344,2025-02-11 16:24:03,mobile,US,a00073,hip-hop
u00207,s000108,SKIP,1,0,0,1,39,2025-10-13 00:54:08,mobile,US,a00114,edm
u00108,s000033,play,16,0,0,0,302,2025-06-27 23:32:36,mobile,US,a00158,edm
u00000,s000136,PLAY,15,0,0,0,248,2025-05-05 13:06:50,mobile,US,a00181,indie
u00468,s000005,play,16,0,0,0,390,2025-12-08 19:06:58,mobile,US,a00178,classical
u00761,s000234,play,12,0,0,0,313,2025-09-28 19:04:42,mobile,US,a00054,pop
u00475,s000031,play,15,0,0,0,232,2025-08-09 09:19:06,mobile,US,a00037,latin
u00238,s000017,LIKE,19,1,0,0,216,2025-12-03 06:36:06,mobile,US,a00184,jazz
u00298,s000014,add_to_playlist,19,1,0,0,332,2025-03-24 23:16:15,mobile,US,a00163,classical
u00966,s000010,like,10,1,0,0,189,2025-03-07 05:49:19,mobile,US,a00110,classical
u00411,s000214,SKIP,1,0,0,1,14,2025-06-10 06:01:28,mobile,US,a00071,pop
u00926,s000014,play,14,0,0,0,357,2025-05-26 17:52:06,mobile,US,a00163,classical
u00723,s000002,PLAY,17,0,0,0,355,2025-04-01 16:03:48,mobile,US,a00133,rock
u00297,s000485,ADD_TO_PLAYLIST,13,1,0,0,363,2025-04-03 08:39:08,mobile,US,a00132,indie
u00668,s000007,PLAY,16,0,0,0,199,2025-07-13 01:08:33,mobile,US,a00041,classical
u00711,s000016,PLAY,14,0,0,0,268,2025-08-04 14:11:48,mobile,US,a00037,pop
u00015,s000005,PLAY,12,0,0,0,262,2025-03-25 18:07:13,mobile,US,a00178,classical
u00776,s000254,skip,1,0,0,1,55,2025-08-11 04:33:22,mobile,US,a00147,classical
u00317,s000004,add_to_playlist,13,1,0,0,324,2025-07-05 13:42:32,mobile,US,a00134,rock
u00196,s000026,LIKE,18,1,0,0,322,2025-07-09 11:14:12,mobile,US,a00004,pop
u00811,s000039,PLAY,16,0,0,0,356,2025-05-18 22:33:50,mobile,US,a00156,jazz
u00586,s000246,play,15,0,0,0,276,2025-03-30 14:01:01,mobile,US,a00035,edm
u00997,s000008,PLAY,19,0,0,0,337,2025-10-30 16:31:55,mobile,US,a00191,hip-hop
u00031,s000004,ADD_TO_PLAYLIST,13,1,0,0,333,2025-12-12 18:37:51,mobile,US,a00134,rock
u00157,s000035,LIKE,7,1,0,0,372,2025-07-03 01:02:00,mobile,US,a00108,pop
u00007,s000010,LIKE,18,1,0,0,317,2025-01-19 18:48:30,mobile,US,a00110,classical
u00650,s000136,play,8,0,0,0,301,2025-11-18 03:42:06,mobile,US,a00181,indie
u00955,s000439,like,18,1,0,0,279,2025-04-27 20:50:13,mobile,US,a00187,jazz
u00911,s000007,add_to_playlist,9,1,0,0,193,2025-03-26 15:00:23,mobile,US,a00041,classical
u00644,s000024,add_to_playlist,14,1,0,0,197,2025-06-05 16:14:09,mobile,US,a00065,latin
u00431,s000285,ADD_TO_PLAYLIST,16,1,0,0,369,2025-09-21 19:27:45,mobile,US,a00003,edm
u00132,s000002,PLAY,9,0,0,0,182,2025-07-07 06:35:15,mobile,US,a00133,rock
u00111,s000001,LIKE,13,1,0,0,329,2025-02-02 20:27:20,mobile,US,a00197,indie
u00419,s000119,play,16,0,0,0,380,2025-01-18 10:32:02,mobile,US,a00168,edm
u00083,s000036,PLAY,16,0,0,0,237,2025-05-29 12:19:53,mobile,US,a00179,latin
u00763,s000023,play,8,0,0,0,243,2025-02-17 02:34:02,mobile,US,a00085,pop
u00134,s000030,play,6,0,0,0,308,2025-12-16 03:59:07,mobile,US,a00117,indie
u00830,s000011,play,16,0,0,0,378,2025-05-20 05:34:30,mobile,US,a00156,classical
u00855,s000014,add_to_playlist,5,1,0,0,227,2025-08-24 13:39:24,mobile,US,a00163,classical
u00977,s000018,play,11,0,0,0,392,2025-04-08 08:19:24,mobile,US,a00096,latin
u00387,s000037,play,8,0,0,0,262,2025-05-03 23:56:24,mobile,US,a00183,indie
u00208,s000058,LIKE,5,1,0,0,206,2025-11-03 06:48:53,mobile,US,a00010,edm
u00085,s000059,play,1,0,0,0,20,2025-02-03 06:56:32,mobile,US,a00073,hip-hop
u00400,s000450,LIKE,13,1,0,0,238,2025-07-12 07:31:50,mobile,US,a00119,latin
u00753,s000354,PLAY,8,0,0,0,288,2025-10-16 15:05:12,mobile,US,a00032,pop
u00428,s000004,PLAY,14,0,0,0,183,2025-07-02 08:02:06,mobile,US,a00134,rock
u00516,s000009,ADD_TO_PLAYLIST,11,1,0,0,242,2025-12-06 18:36:56,mobile,US,a00014,latin
u00425,s000476,SKIP,1,0,0,1,26,2025-09-26 12:17:49,mobile,US,a00184,indie
u00093,s000012,PLAY,10,0,0,0,320,2025-01-23 13:43:25,mobile,US,a00032,edm
u00756,s000346,PLAY,1,0,0,0,19,2025-08-20 09:38:46,mobile,US,a00053,jazz
u00675,s000007,play,8,0,0,0,242,2025-02-26 15:07:21,mobile,US,a00041,classical
u00012,s000229,play,9,0,0,0,335,2025-03-25 00:00:42,mobile,US,a00143,jazz
u00197,s000156,skip,1,0,0,1,19,2025-10-11 01:34:50,mobile,US,a00176,pop
u00061,s000030,PLAY,18,0,0,0,279,2025-02-02 01:47:50,mobile,US,a00117,indie
u00539,s000022,PLAY,8,0,0,0,360,2025-03-09 10:55:20,mobile,US,a00195,pop
u00531,s000009,PLAY,7,0,0,0,334,2025-06-30 19:37:47,mobile,US,a00014,latin
u00027,s000035,ADD_TO_PLAYLIST,5,1,0,0,264,2025-05-26 02:37:14,mobile,US,a00108,pop
u00893,s000294,SKIP,1,0,0,1,34,2025-12-24 20:21:11,mobile,US,a00145,hip-hop
u00212,s000014,LIKE,10,1,0,0,276,2025-07-29 17:03:19,mobile,US,a00163,classical
u00866,s000160,play,1,0,0,0,16,2025-09-23 12:05:32,mobile,US,a00062,latin
u00005,s000031,LIKE,14,1,0,0,382,2025-03-21 22:41:45,mobile,US,a00037,latin
u00683,s000090,play,7,0,0,0,265,2025-06-24 05:23:26,mobile,US,a00028,hip-hop
u00923,s000001,play,6,0,0,0,381,2025-10-21 16:07:51,mobile,US,a00197,indie
u00174,s000125,play,15,0,0,0,297,2025-08-25 23:23:45,mobile,US,a00037,latin
u00691,s000225,add_to_playlist,7,1,0,0,333,2025-07-31 20:28:32,mobile,US,a00077,edm
u00167,s000277,like,18,1,0,0,331,2025-10-23 06:38:21,mobile,US,a00114,indie
u00467,s000021,ADD_TO_PLAYLIST,9,1,0,0,183,2025-10-08 17:38:44,mobile,US,a00032,rock
u00392,s000223,play,1,0,0,0,51,2025-09-11 22:39:45,mobile,US,a00095,indie
u00077,s000102,add_to_playlist,10,1,0,0,294,2025-01-20 11:26:56,mobile,US,a00181,hip-hop
u00113,s000109,PLAY,1,0,0,0,29,2025-12-09 15:17:34,mobile,US,a00167,jazz
u00041,s000134,SKIP,1,0,0,1,33,2025-10-24 16:45:05,mobile,US,a00107,jazz
u00077,s000006,ADD_TO_PLAYLIST,9,1,0,0,323,2025-10-08 03:26:04,mobile,US,a00199,hip-hop
u00313,s000226,play,11,0,0,0,302,2025-06-15 14:32:39,mobile,US,a00031,indie
u00001,s000008,play,15,0,0,0,238,2025-01-21 17:50:20,mobile,US,a00191,hip-hop
u00048,s000453,PLAY,1,0,0,0,14,2025-01-07 17:17:15,mobile,US,a00152,jazz
u00092,s000022,play,16,0,0,0,311,2025-09-25 02:27:27,mobile,US,a00195,pop
u00699,s000027,LIKE,13,1,0,0,243,2025-11-23 12:39:41,mobile,US,a00122,jazz
u00481,s000012,like,16,1,0,0,359,2025-11-05 15:38:56,mobile,US,a00032,edm
u00391,s000045,LIKE,15,1,0,0,387,2025-05-16 11:27:31,mobile,US,a00075,jazz
u00008,s000302,play,18,0,0,0,336,2025-09-05 18:24:21,mobile,US,a00016,indie
u00287,s000409,PLAY,1,0,0,0,24,2025-03-29 03:51:04,mobile,US,a00046,pop
u00322,s000008,play,10,0,0,0,370,2025-12-11 18:25:16,mobile,US,a00191,hip-hop
u00800,s000032,PLAY,14,0,0,0,272,2025-07-17 11:17:02,mobile,US,a00140,rock
u00267,s000024,play,17,0,0,0,189,2025-04-29 21:34:44,mobile,US,a00065,latin
u00237,s000367,LIKE,12,1,0,0,375,2025-04-17 15:44:46,mobile,US,a00170,edm
u00720,s000304,PLAY,19,0,0,0,391,2025-12-13 19:45:33,mobile,US,a00152,pop
u00344,s000017,like,5,1,0,0,249,2025-09-27 08:18:42,mobile,US,a00184,jazz
u00598,s000059,play,15,0,0,0,187,2025-09-29 05:29:58,mobile,US,a00073,hip-hop
u00479,s000008,ADD_TO_PLAYLIST,13,1,0,0,359,2025-12-24 23:20:01,mobile,US,a00191,hip-hop
u00033,s000026,add_to_playlist,10,1,0,0,295,2025-02-03 20:48:29,mobile,US,a00004,pop
u00594,s000292,LIKE,15,1,0,0,272,2025-11-18 18:03:03,mobile,US,a00074,hip-hop
u00338,s000387,add_to_playlist,18,1,0,0,255,2025-01-18 08:25:50,mobile,US,a00073,hip-hop
u00848,s000020,PLAY,13,0,0,0,229,2025-08-09 10:07:06,mobile,US,a00182,indie
u00345,s000165,play,1,0,0,0,22,2025-07-25 17:51:23,mobile,US,a00000,pop
u00267,s000031,ADD_TO_PLAYLIST,10,1,0,0,281,2025-08-21 10:15:05,mobile,US,a00037,latin
u00066,s000301,play,14,0,0,0,274,2025-08-09 15:12:57,mobile,US,a00033,hip-hop
u00533,s000032,add_to_playlist,7,1,0,0,341,2025-03-22 00:04:37,mobile,US,a00140,rock
u00471,s000018,play,19,0,0,0,349,2025-10-30 09:23:40,mobile,US,a00096,latin
u00409,s000033,ADD_TO_PLAYLIST,7,1,0,0,186,2025-06-03 00:19:34,mobile,US,a00158,edm
u00271,s000024,play,8,0,0,0,308,2025-05-03 22:02:58,mobile,US,a00065,latin
u00096,s000331,skip,1,0,0,1,23,2025-05-13 13:58:48,mobile,US,a00192,edm
u00290,s000276,PLAY,18,0,0,0,344,2025-07-27 13:36:55,mobile,US,a00113,rock
u00571,s000030,skip,1,0,0,1,11,2025-09-07 05:06:55,mobile,US,a00117,indie
u00358,s000047,like,18,1,0,0,313,2025-03-11 20:25:08,mobile,US,a00129,rock
u00590,s000210,like,17,1,0,0,364,2025-10-08 16:48:23,mobile,US,a00064,rock
u00606,s000020,LIKE,11,1,0,0,314,2025-03-09 20:18:31,mobile,US,a00182,indie
u00671,s000025,LIKE,11,1,0,0,319,2025-02-01 12:19:10,mobile,US,a00009,edm
u00528,s000191,PLAY,1,0,0,0,32,2025-05-22 08:17:21,mobile,US,a00131,jazz
u00109,s000042,LIKE,11,1,0,0,314,2025-12-02 06:20:53,mobile,US,a00156,indie
u00494,s000011,PLAY,11,0,0,0,352,2025-07-25 08:36:38,mobile,US,a00156,classical
u00039,s000039,PLAY,14,0,0,0,276,2025-09-04 10:03:18,mobile,US,a00156,jazz
u00439,s000013,LIKE,5,1,0,0,267,2025-01-11 12:21:43,mobile,US,a00154,jazz
u00771,s000313,PLAY,17,0,0,0,336,2025-01-02 20:06:58,mobile,US,a00030,classical
u00368,s000422,ADD_TO_PLAYLIST,5,1,0,0,279,2025-12-02 04:13:18,mobile,US,a00006,jazz
u00239,s000036,add_to_playlist,6,1,0,0,261,2025-11-21 03:01:25,mobile,US,a00179,latin
u00796,s000224,SKIP,1,0,0,1,36,2025-11-03 19:37:19,mobile,US,a00087,rock
u00825,s000090,ADD_TO_PLAYLIST,11,1,0,0,195,2025-09-20 16:34:14,mobile,US,a00028,hip-hop
u00013,s000039,add_to_playlist,11,1,0,0,311,2025-10-25 17:30:16,mobile,US,a00156,jazz
u00405,s000465,SKIP,1,0,0,1,27,2025-07-19 07:20:35,mobile,US,a00012,edm
u00273,s000245,play,9,0,0,0,272,2025-02-08 14:59:54,mobile,US,a00146,latin
u00095,s000015,PLAY,19,0,0,0,270,2025-05-24 05:50:40,mobile,US,a00156,edm
u00614,s000207,play,7,0,0,0,377,2025-01-12 21:23:52,mobile,US,a00134,edm
u00097,s000008,like,13,1,0,0,330,2025-06-28 13:30:01,mobile,US,a00191,hip-hop
u00594,s000442,play,15,0,0,0,396,2025-02-11 17:30:07,mobile,US,a00130,hip-hop
u00096,s000350,play,1,0,0,0,40,2025-12-22 03:32:20,mobile,US,a00151,hip-hop
u00725,s000010,LIKE,10,1,0,0,225,2025-12-25 14:59:36,mobile,US,a00110,classical
u00278,s000032,like,11,1,0,0,396,2025-04-23 18:48:04,mobile,US,a00140,rock
u00765,s000374,play,13,0,0,0,313,2025-08-15 20:34:29,mobile,US,a00107,jazz
u00504,s000020,play,8,0,0,0,292,2025-03-21 18:42:00,mobile,US,a00182,indie
u00784,s000385,skip,1,0,0,1,59,2025-02-23 08:40:26,mobile,US,a00188,hip-hop
u00355,s000437,SKIP,1,0,0,1,33,2025-06-22 14:39:41,mobile,US,a00151,classical
u00608,s000006,like,19,1,0,0,196,2025-10-02 20:34:50,mobile,US,a00199,hip-hop
u00863,s000137,PLAY,15,0,0,0,357,2025-08-02 09:57:34,mobile,US,a00151,pop
u00670,s000004,add_to_playlist,10,1,0,0,335,2025-04-08 13:24:48,mobile,US,a00134,rock
u00113,s000428,like,5,1,0,0,369,2025-01-27 21:30:17,mobile,US,a00081,edm
u00486,s000039,like,16,1,0,0,227,2025-09-29 03:44:52,mobile,US,a00156,jazz
u00217,s000011,play,16,0,0,0,332,2025-02-19 08:08:52,mobile,US,a00156,classical
u00249,s000017,PLAY,5,0,0,0,183,2025-02-12 00:34:40,mobile,US,a00184,jazz
u00700,s000026,like,6,1,0,0,355,2025-10-18 14:54:42,mobile,US,a00004,pop
u00751,s000014,PLAY,14,0,0,0,370,2025-01-01 09:15:21,mobile,US,a00163,classical
u00094,s000108,PLAY,12,0,0,0,273,2025-08-02 21:23:30,mobile,US,a00114,edm
u00975,s000035,ADD_TO_PLAYLIST,17,1,0,0,333,2025-12-13 08:02:46,mobile,US,a00108,pop
u00046,s000474,play,11,0,0,0,395,2025-09-23 15:35:08,mobile,US,a00189,latin
u00320,s000009,LIKE,8,1,0,0,308,2025-11-04 21:10:23,mobile,US,a00014,latin
u00574,s000223,LIKE,11,1,0,0,180,2025-05-11 03:25:12,mobile,US,a00095,indie
u00131,s000268,LIKE,11,1,0,0,350,2025-08-20 02:31:44,mobile,US,a00085,classical
u00635,s000026,ADD_TO_PLAYLIST,14,1,0,0,359,2025-09-20 12:13:33,mobile,US,a00004,pop
u00302,s000310,LIKE,17,1,0,0,361,2025-06-11 22:49:39,mobile,US,a00085,jazz
u00360,s000294,play,6,0,0,0,378,2025-09-10 15:26:47,mobile,US,a00145,hip-hop
u00048,s000078,play,9,0,0,0,215,2025-03-16 16:09:54,mobile,US,a00067,edm
u00967,s000425,like,12,1,0,0,298,2025-01-16 00:13:48,mobile,US,a00175,edm
u00093,s000025,PLAY,9,0,0,0,237,2025-10-20 12:10:28,mobile,US,a00009,edm
u00017,s000165,SKIP,1,0,0,1,52,2025-06-17 02:54:11,mobile,US,a00000,pop
u00815,s000322,ADD_TO_PLAYLIST,14,1,0,0,194,2025-11-06 12:46:22,mobile,US,a00144,classical
u00398,s000009,ADD_TO_PLAYLIST,13,1,0,0,394,2025-11-15 11:16:31,mobile,US,a00014,latin
u00438,s000001,PLAY,13,0,0,0,388,2025-05-12 04:46:55,mobile,US,a00197,indie
u00094,s000015,LIKE,5,1,0,0,335,2025-11-13 04:40:07,mobile,US,a00156,edm
u00101,s000022,LIKE,16,1,0,0,276,2025-03-02 06:09:16,mobile,US,a00195,pop
u00312,s000197,skip,1,0,0,1,8,2025-07-31 22:50:57,mobile,US,a00130,jazz
u00268,s000001,play,14,0,0,0,307,2025-02-20 11:47:34,mobile,US,a00197,indie
u00115,s000083,PLAY,12,0,0,0,227,2025-04-26 15:46:01,mobile,US,a00126,hip-hop
u00782,s000148,SKIP,1,0,0,1,11,2025-02-07 21:19:56,mobile,US,a00153,jazz
u00597,s000140,SKIP,1,0,0,1,26,2025-04-30 02:06:26,mobile,US,a00179,edm
u00642,s000143,SKIP,1,0,0,1,6,2025-06-02 03:01:57,mobile,US,a00160,indie
u00023,s000184,PLAY,15,0,0,0,235,2025-05-03 21:04:01,mobile,US,a00174,latin
u00077,s000006,play,12,0,0,0,193,2025-06-14 03:19:23,mobile,US,a00199,hip-hop
u00276,s000002,ADD_TO_PLAYLIST,11,1,0,0,278,2025-11-06 12:31:31,mobile,US,a00133,rock
u00111,s000020,play,10,0,0,0,382,2025-02-06 12:31:35,mobile,US,a00182,indie
u00029,s000383,PLAY,18,0,0,0,290,2025-07-17 10:21:14,mobile,US,a00186,hip-hop
u00363,s000022,add_to_playlist,10,1,0,0,308,2025-11-11 19:49:27,mobile,US,a00195,pop
u00007,s000014,like,18,1,0,0,290,2025-03-14 07:30:20,mobile,US,a00163,classical
u00488,s000047,play,19,0,0,0,301,2025-09-21 04:03:20,mobile,US,a00129,rock
u00103,s000358,like,12,1,0,0,311,2025-09-11 19:18:06,mobile,US,a00189,hip-hop
u00865,s000002,LIKE,6,1,0,0,310,2025-01-02 17:40:17,mobile,US,a00133,rock
u00064,s000323,skip,1,0,0,1,48,2025-08-08 15:59:09,mobile,US,a00153,edm
u00297,s000042,play,17,0,0,0,361,2025-05-02 12:55:20,mobile,US,a00156,indie
u00468,s000330,skip,1,0,0,1,9,2025-10-12 03:58:39,mobile,US,a00106,edm
u00861,s000002,PLAY,13,0,0,0,311,2025-08-23 19:30:56,mobile,US,a00133,rock
u00747,s000037,LIKE,8,1,0,0,219,2025-04-20 18:48:46,mobile,US,a00183,indie
u00371,s000009,like,10,1,0,0,390,2025-04-19 09:20:43,mobile,US,a00014,latin
u00924,s000491,play,1,0,0,0,13,2025-12-21 14:57:20,mobile,US,a00119,indie
u00001,s000008,ADD_TO_PLAYLIST,16,1,0,0,329,2025-02-24 11:28:08,mobile,US,a00191,hip-hop
u00881,s000000,ADD_TO_PLAYLIST,13,1,0,0,284,2025-04-15 15:50:00,mobile,US,a00178,edm
u00364,s000243,play,18,0,0,0,288,2025-09-20 23:02:44,mobile,US,a00111,indie
u00838,s000102,LIKE,16,1,0,0,396,2025-02-01 14:38:16,mobile,US,a00181,hip-hop
u00533,s000032,LIKE,14,1,0,0,295,2025-09-08 23:49:07,mobile,US,a00140,rock
u00615,s000013,ADD_TO_PLAYLIST,15,1,0,0,399,2025-09-05 13:29:44,mobile,US,a00154,jazz
u00877,s000023,play,11,0,0,0,216,2025-08-10 03:40:43,mobile,US,a00085,pop
u00314,s000190,play,11,0,0,0,264,2025-11-29 01:02:22,mobile,US,a00062,jazz
u00560,s000449,like,8,1,0,0,345,2025-12-16 21:06:20,mobile,US,a00014,hip-hop
u00732,s000468,PLAY,1,0,0,0,47,2025-11-02 00:29:14,mobile,US,a00159,hip-hop
u00567,s000031,LIKE,9,1,0,0,304,2025-03-10 13:13:26,mobile,US,a00037,latin
u00969,s000261,LIKE,19,1,0,0,191,2025-03-19 00:11:33,mobile,US,a00004,jazz
u00545,s000398,skip,1,0,0,1,42,2025-06-22 14:47:15,mobile,US,a00117,hip-hop
u00277,s000019,SKIP,1,0,0,1,50,2025-08-28 19:20:22,mobile,US,a00154,classical
u00435,s000160,PLAY,14,0,0,0,286,2025-02-07 03:12:04,mobile,US,a00062,latin
u00203,s000157,ADD_TO_PLAYLIST,6,1,0,0,350,2025-08-04 11:14:52,mobile,US,a00147,rock
u00792,s000014,LIKE,16,1,0,0,352,2025-04-26 01:15:05,mobile,US,a00163,classical
u00596,s000010,PLAY,11,0,0,0,241,2025-04-06 19:57:21,mobile,US,a00110,classical
u00943,s000007,PLAY,17,0,0,0,359,2025-10-02 06:45:57,mobile,US,a00041,classical
u00987,s000457,PLAY,7,0,0,0,380,2025-04-21 02:17:15,mobile,US,a00169,hip-hop
u00515,s000109,PLAY,7,0,0,0,302,2025-06-20 12:00:26,mobile,US,a00167,jazz
u00401,s000090,LIKE,11,1,0,0,224,2025-07-05 19:23:49,mobile,US,a00028,hip-hop
u00048,s000012,ADD_TO_PLAYLIST,5,1,0,0,218,2025-01-31 04:41:23,mobile,US,a00032,edm
u00269,s000273,add_to_playlist,7,1,0,0,344,2025-04-23 02:56:58,mobile,US,a00119,jazz
u00774,s000129,PLAY,18,0,0,0,358,2025-10-30 22:06:59,mobile,US,a00090,pop
u00213,s000034,SKIP,1,0,0,1,36,2025-02-27 06:17:02,mobile,US,a00046,rock
u00216,s000008,LIKE,16,1,0,0,299,2025-12-08 03:05:51,mobile,US,a00191,hip-hop
u00130,s000230,skip,1,0,0,1,36,2025-02-28 08:39:12,mobile,US,a00195,indie
u00514,s000124,play,1,0,0,0,24,2025-07-27 15:05:41,mobile,US,a00074,edm
u00731,s000393,play,1,0,0,0,13,2025-07-18 06:29:52,mobile,US,a00079,edm
u00585,s000057,play,14,0,0,0,206,2025-12-29 09:26:35,mobile,US,a00147,indie
u00194,s000001,add_to_playlist,11,1,0,0,225,2025-11-07 03:10:58,mobile,US,a00197,indie
u00759,s000434,PLAY,1,0,0,0,24,2025-09-27 11:06:16,mobile,US,a00016,hip-hop
u00268,s000030,add_to_playlist,16,1,0,0,276,2025-02-23 17:04:42,mobile,US,a00117,indie
u00760,s000090,PLAY,18,0,0,0,276,2025-07-07 01:13:26,mobile,US,a00028,hip-hop
u00310,s000252,PLAY,9,0,0,0,307,2025-02-18 14:58:43,mobile,US,a00046,latin
u00488,s000312,play,7,0,0,0,258,2025-03-01 05:10:11,mobile,US,a00056,rock
u00910,s000027,play,8,0,0,0,218,2025-05-08 18:52:09,mobile,US,a00122,jazz
u00311,s000042,LIKE,11,1,0,0,216,2025-08-28 04:17:56,mobile,US,a00156,indie
u00911,s000010,like,16,1,0,0,243,2025-08-18 06:09:24,mobile,US,a00110,classical
u00004,s000027,play,13,0,0,0,319,2025-09-21 13:35:47,mobile,US,a00122,jazz
u00382,s000417,skip,1,0,0,1,20,2025-11-01 18:11:59,mobile,US,a00085,indie
u00624,s000052,PLAY,1,0,0,0,17,2025-01-08 09:16:17,mobile,US,a00035,jazz
u00224,s000061,PLAY,1,0,0,0,21,2025-05-26 08:59:59,mobile,US,a00037,classical
u00228,s000021,LIKE,19,1,0,0,260,2025-12-12 16:29:18,mobile,US,a00032,rock
u00477,s000036,like,16,1,0,0,186,2025-08-15 09:13:11,mobile,US,a00179,latin
u00828,s000001,PLAY,14,0,0,0,342,2025-10-08 09:05:05,mobile,US,a00197,indie
u00280,s000241,ADD_TO_PLAYLIST,12,1,0,0,217,2025-12-02 10:40:33,mobile,US,a00084,hip-hop
u00342,s000384,SKIP,1,0,0,1,52,2025-02-20 23:02:22,mobile,US,a00048,rock
u00255,s000039,PLAY,7,0,0,0,211,2025-04-05 21:51:24,mobile,US,a00156,jazz
u00521,s000329,play,1,0,0,0,51,2025-07-08 19:00:39,mobile,US,a00053,classical
u00608,s000083,play,17,0,0,0,287,2025-04-27 11:47:51,mobile,US,a00126,hip-hop
u00001,s000059,ADD_TO_PLAYLIST,13,1,0,0,284,2025-01-14 05:59:31,mobile,US,a00073,hip-hop
u00961,s000002,PLAY,17,0,0,0,302,2025-12-02 06:33:28,mobile,US,a00133,rock
u00569,s000042,PLAY,8,0,0,0,261,2025-06-15 00:52:37,mobile,US,a00156,indie
u00228,s000303,skip,1,0,0,1,8,2025-09-11 17:17:09,mobile,US,a00164,edm
u00170,s000307,play,16,0,0,0,240,2025-01-30 20:42:38,mobile,US,a00086,latin
u00274,s000227,skip,1,0,0,1,55,2025-02-06 19:06:16,mobile,US,a00119,latin
u00905,s000023,PLAY,8,0,0,0,354,2025-04-04 23:34:31,mobile,US,a00085,pop
u00329,s000024,play,11,0,0,0,185,2025-03-30 06:31:48,mobile,US,a00065,latin
u00924,s000002,PLAY,16,0,0,0,287,2025-01-01 09:33:25,mobile,US,a00133,rock
u00684,s000293,play,13,0,0,0,351,2025-03-18 07:49:38,mobile,US,a00069,rock
u00485,s000000,like,5,1,0,0,281,2025-11-20 11:23:22,mobile,US,a00178,edm
u00137,s000002,PLAY,13,0,0,0,340,2025-04-05 20:59:03,mobile,US,a00133,rock
u00431,s000254,SKIP,1,0,0,1,54,2025-06-10 22:37:25,mobile,US,a00147,classical
u00155,s000023,add_to_playlist,19,1,0,0,304,2025-05-31 11:33:33,mobile,US,a00085,pop
u00020,s000025,PLAY,17,0,0,0,344,2025-01-24 01:42:19,mobile,US,a00009,edm
u00800,s000004,add_to_playlist,7,1,0,0,393,2025-06-29 01:13:58,mobile,US,a00134,rock
u00779,s000045,play,10,0,0,0,311,2025-07-17 06:29:58,mobile,US,a00075,jazz
u00901,s000006,PLAY,16,0,0,0,300,2025-03-03 00:21:08,mobile,US,a00199,hip-hop
u00971,s000491,LIKE,19,1,0,0,334,2025-07-18 04:10:19,mobile,US,a00119,indie
u00324,s000015,play,14,0,0,0,320,2025-01-11 23:13:37,mobile,US,a00156,edm
u00052,s000027,like,10,1,0,0,328,2025-04-11 18:57:08,mobile,US,a00122,jazz
u00258,s000341,add_to_playlist,19,1,0,0,253,2025-04-22 09:09:25,mobile,US,a00010,latin
u00495,s000385,skip,1,0,0,1,36,2025-06-09 19:47:47,mobile,US,a00188,hip-hop
u00915,s000025,ADD_TO_PLAYLIST,15,1,0,0,260,2025-11-19 06:43:52,mobile,US,a00009,edm
u00584,s000119,LIKE,14,1,0,0,194,2025-05-31 17:15:36,mobile,US,a00168,edm
u00484,s000028,like,7,1,0,0,353,2025-09-02 18:05:47,mobile,US,a00073,classical
u00735,s000065,like,6,1,0,0,281,2025-05-13 17:51:26,mobile,US,a00046,jazz
u00998,s000009,add_to_playlist,16,1,0,0,278,2025-04-02 00:46:15,mobile,US,a00014,latin
u00685,s000025,ADD_TO_PLAYLIST,7,1,0,0,205,2025-07-15 23:04:17,mobile,US,a00009,edm
u00229,s000010,play,13,0,0,0,249,2025-04-14 10:50:38,mobile,US,a00110,classical
u00775,s000014,ADD_TO_PLAYLIST,10,1,0,0,319,2025-08-19 21:26:54,mobile,US,a00163,classical
u00261,s000033,play,18,0,0,0,276,2025-03-24 13:57:38,mobile,US,a00158,edm
u00741,s000025,ADD_TO_PLAYLIST,19,1,0,0,314,2025-04-19 18:36:45,mobile,US,a00009,edm
u00702,s000021,PLAY,10,0,0,0,254,2025-04-15 15:42:45,mobile,US,a00032,rock
u00827,s000269,PLAY,12,0,0,0,396,2025-10-29 05:03:40,mobile,US,a00107,pop
u00588,s000410,add_to_playlist,5,1,0,0,359,2025-09-26 05:51:46,mobile,US,a00031,hip-hop
u00899,s000017,play,8,0,0,0,379,2025-05-25 23:31:13,mobile,US,a00184,jazz
u00593,s000385,play,13,0,0,0,341,2025-01-10 22:05:36,mobile,US,a00188,hip-hop
u00353,s000062,SKIP,1,0,0,1,38,2025-03-16 08:34:55,mobile,US,a00133,indie
u00036,s000090,play,16,0,0,0,330,2025-03-14 12:01:24,mobile,US,a00028,hip-hop
u00202,s000347,play,6,0,0,0,241,2025-02-22 13:36:45,mobile,US,a00097,indie
u00153,s000443,add_to_playlist,10,1,0,0,368,2025-11-03 22:02:49,mobile,US,a00036,jazz
u00174,s000031,ADD_TO_PLAYLIST,11,1,0,0,376,2025-12-13 23:15:44,mobile,US,a00037,latin
u00663,s000025,LIKE,9,1,0,0,261,2025-02-21 06:39:32,mobile,US,a00009,edm
u00048,s000365,ADD_TO_PLAYLIST,19,1,0,0,356,2025-07-12 22:50:22,mobile,US,a00128,edm
u00486,s000017,play,14,0,0,0,360,2025-11-30 14:53:20,mobile,US,a00184,jazz
u00649,s000007,play,12,0,0,0,180,2025-09-15 19:05:36,mobile,US,a00041,classical
u00450,s000338,add_to_playlist,11,1,0,0,347,2025-11-17 08:42:50,mobile,US,a00148,edm
u00867,s000167,play,9,0,0,0,275,2025-07-17 16:36:32,mobile,US,a00178,edm
u00945,s000042,LIKE,14,1,0,0,198,2025-04-20 22:57:31,mobile,US,a00156,indie
u00235,s000006,play,19,0,0,0,280,2025-09-19 12:59:47,mobile,US,a00199,hip-hop
u00086,s000000,add_to_playlist,9,1,0,0,310,2025-11-06 21:38:25,mobile,US,a00178,edm
u00374,s000003,ADD_TO_PLAYLIST,8,1,0,0,186,2025-05-23 01:05:16,mobile,US,a00066,rock
u00442,s000003,LIKE,16,1,0,0,184,2025-04-26 08:22:01,mobile,US,a00066,rock
u00447,s000012,PLAY,8,0,0,0,241,2025-11-04 18:02:02,mobile,US,a00032,edm
u00341,s000279,ADD_TO_PLAYLIST,13,1,0,0,209,2025-03-19 20:04:22,mobile,US,a00008,hip-hop
u00192,s000174,ADD_TO_PLAYLIST,19,1,0,0,193,2025-12-28 15:41:42,mobile,US,a00048,rock
u00469,s000202,PLAY,8,0,0,0,287,2025-11-23 02:25:28,mobile,US,a00123,hip-hop
u00703,s000024,like,11,1,0,0,250,2025-05-04 10:59:20,mobile,US,a00065,latin
u00705,s000007,PLAY,19,0,0,0,254,2025-01-29 10:45:04,mobile,US,a00041,classical
u00029,s000059,PLAY,13,0,0,0,365,2025-09-21 14:48:06,mobile,US,a00073,hip-hop
u00655,s000324,like,17,1,0,0,261,2025-06-24 10:35:42,mobile,US,a00189,classical
u00012,s000045,like,15,1,0,0,242,2025-01-11 09:30:35,mobile,US,a00075,jazz
u00302,s000427,like,10,1,0,0,209,2025-04-14 07:30:50,mobile,US,a00058,jazz
u00084,s000352,LIKE,10,1,0,0,334,2025-09-01 18:14:27,mobile,US,a00068,indie
u00857,s000013,PLAY,7,0,0,0,261,2025-02-09 23:40:36,mobile,US,a00154,jazz
u00910,s000045,ADD_TO_PLAYLIST,6,1,0,0,366,2025-10-31 09:04:44,mobile,US,a00075,jazz
u00350,s000122,skip,1,0,0,1,25,2025-04-16 08:55:03,mobile,US,a00024,jazz
u00228,s000032,like,15,1,0,0,279,2025-07-26 19:33:23,mobile,US,a00140,rock
u00727,s000204,SKIP,1,0,0,1,24,2025-07-30 03:30:12,mobile,US,a00054,classical
u00290,s000021,PLAY,8,0,0,0,368,2025-02-13 22:57:18,mobile,US,a00032,rock
u00205,s000327,like,8,1,0,0,210,2025-04-11 23:51:10,mobile,US,a00063,classical
u00973,s000188,ADD_TO_PLAYLIST,7,1,0,0,352,2025-07-19 07:46:45,mobile,US,a00165,jazz
u00263,s000032,PLAY,14,0,0,0,278,2025-05-02 23:37:47,mobile,US,a00140,rock
u00565,s000016,PLAY,7,0,0,0,279,2025-10-21 22:34:55,mobile,US,a00037,pop
u00916,s000165,like,19,1,0,0,297,2025-09-23 05:20:42,mobile,US,a00000,pop
u00416,s000010,PLAY,15,0,0,0,317,2025-07-30 06:51:37,mobile,US,a00110,classical
u00748,s000343,PLAY,14,0,0,0,342,2025-01-13 03:07:13,mobile,US,a00112,rock
u00886,s000002,play,13,0,0,0,388,2025-07-25 23:14:39,mobile,US,a00133,rock
u00024,s000360,play,1,0,0,0,23,2025-10-13 09:30:55,mobile,US,a00153,edm
u00463,s000141,play,9,0,0,0,279,2025-07-16 13:55:03,mobile,US,a00197,rock
u00318,s000038,PLAY,1,0,0,0,12,2025-11-01 19:57:38,mobile,US,a00014,rock
u00571,s000273,LIKE,16,1,0,0,276,2025-12-31 02:36:43,mobile,US,a00119,jazz
u00444,s000358,like,9,1,0,0,304,2025-05-05 21:58:40,mobile,US,a00189,hip-hop
u00548,s000412,skip,1,0,0,1,30,2025-11-25 11:53:16,mobile,US,a00015,classical
u00645,s000007,PLAY,7,0,0,0,192,2025-10-03 05:19:04,mobile,US,a00041,classical
u00082,s000005,PLAY,17,0,0,0,276,2025-06-27 01:38:06,mobile,US,a00178,classical
u00899,s000027,PLAY,16,0,0,0,262,2025-11-14 18:23:13,mobile,US,a00122,jazz
u00737,s000110,play,1,0,0,0,8,2025-04-21 13:20:27,mobile,US,a00142,rock
u00202,s000263,like,16,1,0,0,369,2025-06-24 23:50:16,mobile,US,a00165,indie
u00744,s000401,PLAY,12,0,0,0,272,2025-06-27 02:03:07,mobile,US,a00024,jazz
u00669,s000020,add_to_playlist,11,1,0,0,212,2025-02-01 08:17:24,mobile,US,a00182,indie
u00994,s000083,play,13,0,0,0,320,2025-02-14 01:37:18,mobile,US,a00126,hip-hop
u00287,s000235,play,1,0,0,0,59,2025-12-19 20:59:40,mobile,US,a00175,hip-hop
u00551,s000083,PLAY,18,0,0,0,286,2025-10-02 08:14:31,mobile,US,a00126,hip-hop
u00915,s000012,like,18,1,0,0,227,2025-03-28 23:58:51,mobile,US,a00032,edm
u00455,s000298,skip,1,0,0,1,31,2025-01-09 01:01:41,mobile,US,a00099,classical
u00831,s000007,play,10,0,0,0,399,2025-01-07 04:19:23,mobile,US,a00041,classical
u00369,s000423,play,18,0,0,0,362,2025-06-15 11:10:37,mobile,US,a00136,indie
u00563,s000225,play,1,0,0,0,15,2025-08-30 18:08:49,mobile,US,a00077,edm
u00700,s000212,add_to_playlist,17,1,0,0,267,2025-09-13 23:03:02,mobile,US,a00066,pop
u00975,s000072,play,7,0,0,0,359,2025-04-30 00:01:13,mobile,US,a00189,pop
u00255,s000039,add_to_playlist,13,1,0,0,289,2025-09-29 18:05:28,mobile,US,a00156,jazz
u00090,s000036,PLAY,11,0,0,0,315,2025-03-15 17:10:35,mobile,US,a00179,latin
u00296,s000274,skip,1,0,0,1,12,2025-10-07 15:48:22,mobile,US,a00058,indie
u00468,s000013,skip,1,0,0,1,28,2025-06-19 00:55:51,mobile,US,a00154,jazz
u00757,s000013,play,9,0,0,0,273,2025-10-26 09:00:05,mobile,US,a00154,jazz
u00361,s000002,PLAY,16,0,0,0,231,2025-06-23 14:34:22,mobile,US,a00133,rock
u00251,s000220,play,6,0,0,0,368,2025-01-25 06:36:50,mobile,US,a00007,rock
u00080,s000037,like,13,1,0,0,210,2025-08-08 03:51:05,mobile,US,a00183,indie
u00569,s000157,SKIP,1,0,0,1,23,2025-07-21 10:48:59,mobile,US,a00147,rock
u00812,s000003,add_to_playlist,5,1,0,0,335,2025-07-27 15:09:15,mobile,US,a00066,rock
u00283,s000447,SKIP,1,0,0,1,34,2025-05-29 06:27:21,mobile,US,a00107,latin
u00136,s000002,PLAY,17,0,0,0,313,2025-01-28 11:17:15,mobile,US,a00133,rock
u00842,s000032,LIKE,18,1,0,0,234,2025-04-24 00:56:47,mobile,US,a00140,rock
u00520,s000024,ADD_TO_PLAYLIST,9,1,0,0,262,2025-01-07 08:33:30,mobile,US,a00065,latin
u00116,s000004,add_to_playlist,13,1,0,0,390,2025-01-25 07:34:46,mobile,US,a00134,rock
u00239,s000009,PLAY,16,0,0,0,309,2025-03-05 08:42:43,mobile,US,a00014,latin
u00316,s000013,play,6,0,0,0,322,2025-09-14 19:15:53,mobile,US,a00154,jazz
u00413,s000003,add_to_playlist,10,1,0,0,276,2025-11-28 01:52:20,mobile,US,a00066,rock
u00448,s000064,PLAY,1,0,0,0,19,2025-06-28 09:09:14,mobile,US,a00022,edm
u00408,s000144,play,13,0,0,0,365,2025-01-03 05:11:18,mobile,US,a00176,hip-hop
u00085,s000027,PLAY,10,0,0,0,284,2025-06-11 18:48:54,mobile,US,a00122,jazz
u00594,s000222,skip,1,0,0,1,57,2025-07-09 19:00:18,mobile,US,a00034,rock
u00402,s000428,skip,1,0,0,1,58,2025-10-21 12:13:32,mobile,US,a00081,edm
u00712,s000004,add_to_playlist,15,1,0,0,331,2025-06-07 13:27:58,mobile,US,a00134,rock
u00666,s000173,SKIP,1,0,0,1,39,2025-05-03 02:42:36,mobile,US,a00028,indie
u00312,s000090,LIKE,6,1,0,0,200,2025-07-31 12:37:33,mobile,US,a00028,hip-hop
u00820,s000217,SKIP,1,0,0,1,19,2025-09-08 17:32:31,mobile,US,a00050,pop
u00504,s000042,PLAY,16,0,0,0,181,2025-04-18 21:25:26,mobile,US,a00156,indie
u00747,s000037,ADD_TO_PLAYLIST,5,1,0,0,182,2025-06-05 01:54:44,mobile,US,a00183,indie
u00230,s000000,add_to_playlist,9,1,0,0,250,2025-07-02 02:57:11,mobile,US,a00178,edm
u00275,s000152,PLAY,10,0,0,0,377,2025-08-17 09:16:57,mobile,US,a00198,hip-hop
u00167,s000030,like,10,1,0,0,201,2025-08-17 02:05:36,mobile,US,a00117,indie
u00948,s000390,skip,1,0,0,1,26,2025-02-04 12:51:07,mobile,US,a00046,pop
u00981,s000018,like,18,1,0,0,204,2025-04-16 20:16:47,mobile,US,a00096,latin
u00550,s000032,play,15,0,0,0,299,2025-12-16 17:05:02,mobile,US,a00140,rock
u00565,s000022,LIKE,16,1,0,0,306,2025-07-03 00:59:45,mobile,US,a00195,pop
u00071,s000023,PLAY,13,0,0,0,181,2025-01-07 19:06:44,mobile,US,a00085,pop
u00470,s000313,PLAY,19,0,0,0,337,2025-05-19 20:08:18,mobile,US,a00030,classical
u00370,s000008,ADD_TO_PLAYLIST,12,1,0,0,217,2025-06-17 12:27:48,mobile,US,a00191,hip-hop
u00783,s000202,like,14,1,0,0,261,2025-05-04 10:38:32,mobile,US,a00123,hip-hop
u00821,s000410,LIKE,6,1,0,0,214,2025-08-15 21:57:30,mobile,US,a00031,hip-hop
u00567,s000428,PLAY,1,0,0,0,50,2025-06-05 10:43:02,mobile,US,a00081,edm
u00739,s000008,PLAY,9,0,0,0,339,2025-11-27 09:23:46,mobile,US,a00191,hip-hop
u00248,s000444,SKIP,1,0,0,1,38,2025-01-28 14:44:31,mobile,US,a00170,jazz
u00930,s000469,skip,1,0,0,1,42,2025-08-18 14:46:04,mobile,US,a00095,rock
u00547,s000059,like,5,1,0,0,388,2025-11-06 13:38:20,mobile,US,a00073,hip-hop
u00260,s000034,add_to_playlist,10,1,0,0,232,2025-03-11 01:46:14,mobile,US,a00046,rock
u00111,s000405,skip,1,0,0,1,11,2025-03-31 16:58:01,mobile,US,a00058,latin
u00024,s000263,PLAY,1,0,0,0,32,2025-05-26 00:39:30,mobile,US,a00165,indie
u00171,s000394,PLAY,19,0,0,0,350,2025-04-13 14:20:29,mobile,US,a00082,classical
u00289,s000398,SKIP,1,0,0,1,31,2025-06-15 07:05:44,mobile,US,a00117,hip-hop
u00024,s000214,PLAY,1,0,0,0,14,2025-09-05 00:07:40,mobile,US,a00071,pop
u00323,s000280,play,7,0,0,0,260,2025-06-03 19:04:36,mobile,US,a00039,pop
u00263,s000032,add_to_playlist,16,1,0,0,198,2025-11-06 05:16:49,mobile,US,a00140,rock
u00527,s000022,PLAY,11,0,0,0,380,2025-12-31 18:29:18,mobile,US,a00195,pop
u00009,s000035,play,6,0,0,0,348,2025-07-17 12:04:23,mobile,US,a00108,pop
u00694,s000023,PLAY,11,0,0,0,361,2025-09-27 06:52:15,mobile,US,a00085,pop
u00317,s000032,LIKE,8,1,0,0,297,2025-01-15 13:30:50,mobile,US,a00140,rock
u00754,s000016,add_to_playlist,13,1,0,0,391,2025-09-19 15:08:28,mobile,US,a00037,pop
u00576,s000407,play,18,0,0,0,288,2025-12-17 01:36:05,mobile,US,a00108,classical
u00244,s000001,add_to_playlist,13,1,0,0,196,2025-03-07 21:41:30,mobile,US,a00197,indie
u00133,s000223,PLAY,1,0,0,0,15,2025-08-12 10:02:47,mobile,US,a00095,indie
u00887,s000314,play,17,0,0,0,231,2025-04-14 17:24:38,mobile,US,a00133,edm
u00772,s000032,add_to_playlist,8,1,0,0,272,2025-04-17 18:36:40,mobile,US,a00140,rock
u00102,s000016,add_to_playlist,6,1,0,0,307,2025-02-11 14:52:51,mobile,US,a00037,pop
u00152,s000488,PLAY,11,0,0,0,299,2025-06-25 11:33:47,mobile,US,a00002,rock
u00775,s000418,like,9,1,0,0,326,2025-02-17 16:43:38,mobile,US,a00134,classical
u00434,s000008,PLAY,10,0,0,0,215,2025-05-23 19:24:59,mobile,US,a00191,hip-hop
u00539,s000023,like,13,1,0,0,384,2025-04-15 23:16:09,mobile,US,a00085,pop
u00281,s000090,like,14,1,0,0,205,2025-11-12 02:33:33,mobile,US,a00028,hip-hop
u00989,s000018,add_to_playlist,14,1,0,0,398,2025-06-21 21:10:03,mobile,US,a00096,latin
u00728,s000005,play,11,0,0,0,261,2025-12-27 18:55:39,mobile,US,a00178,classical
u00496,s000018,skip,1,0,0,1,8,2025-09-02 12:23:59,mobile,US,a00096,latin
u00952,s000011,play,6,0,0,0,219,2025-04-24 20:21:21,mobile,US,a00156,classical
u00320,s000018,play,18,0,0,0,369,2025-08-11 23:29:53,mobile,US,a00096,latin
u00674,s000059,ADD_TO_PLAYLIST,5,1,0,0,329,2025-12-13 04:25:42,mobile,US,a00073,hip-hop
u00918,s000398,play,9,0,0,0,209,2025-10-31 13:18:32,mobile,US,a00117,hip-hop
u00887,s000391,add_to_playlist,9,1,0,0,325,2025-11-25 11:39:52,mobile,US,a00011,edm
u00477,s000263,skip,1,0,0,1,56,2025-01-06 13:50:12,mobile,US,a00165,indie
u00559,s000044,LIKE,18,1,0,0,276,2025-03-28 08:22:38,mobile,US,a00067,edm
u00868,s000484,play,16,0,0,0,271,2025-04-01 20:09:50,mobile,US,a00083,indie
u00774,s000478,skip,1,0,0,1,52,2025-05-11 22:23:11,mobile,US,a00183,edm
u00609,s000031,like,6,1,0,0,383,2025-10-23 17:54:50,mobile,US,a00037,latin
u00500,s000020,ADD_TO_PLAYLIST,14,1,0,0,191,2025-07-24 19:11:11,mobile,US,a00182,indie
u00003,s000091,play,9,0,0,0,189,2025-04-02 09:54:52,mobile,US,a00039,indie
u00016,s000358,play,19,0,0,0,312,2025-12-11 03:20:18,mobile,US,a00189,hip-hop
u00622,s000003,SKIP,1,0,0,1,22,2025-12-01 00:47:43,mobile,US,a00066,rock
u00062,s000204,LIKE,7,1,0,0,294,2025-01-23 11:09:17,mobile,US,a00054,classical
u00142,s000006,play,6,0,0,0,342,2025-02-23 21:58:20,mobile,US,a00199,hip-hop
u00369,s000492,play,14,0,0,0,344,2025-01-07 16:01:21,mobile,US,a00157,indie
u00924,s000021,add_to_playlist,18,1,0,0,257,2025-10-17 16:59:01,mobile,US,a00032,rock
u00776,s000032,like,5,1,0,0,206,2025-03-12 22:41:09,mobile,US,a00140,rock
u00820,s000116,PLAY,8,0,0,0,276,2025-02-26 13:58:57,mobile,US,a00056,indie
u00287,s000014,play,16,0,0,0,337,2025-12-19 21:51:55,mobile,US,a00163,classical
u00346,s000045,ADD_TO_PLAYLIST,6,1,0,0,343,2025-04-30 01:28:41,mobile,US,a00075,jazz
u00445,s000169,PLAY,7,0,0,0,351,2025-10-08 11:06:22,mobile,US,a00183,jazz
u00298,s000425,PLAY,1,0,0,0,8,2025-08-08 02:08:37,mobile,US,a00175,edm
u00712,s000004,LIKE,16,1,0,0,238,2025-01-13 22:08:40,mobile,US,a00134,rock
u00785,s000002,LIKE,12,1,0,0,230,2025-06-17 02:08:48,mobile,US,a00133,rock
u00124,s000347,skip,1,0,0,1,54,2025-07-20 07:07:49,mobile,US,a00097,indie
u00522,s000012,ADD_TO_PLAYLIST,10,1,0,0,258,2025-01-13 08:08:19,mobile,US,a00032,edm
u00954,s000017,ADD_TO_PLAYLIST,15,1,0,0,322,2025-08-12 02:12:43,mobile,US,a00184,jazz
u00686,s000403,LIKE,19,1,0,0,183,2025-02-09 03:15:07,mobile,US,a00011,edm
u00155,s000016,like,7,1,0,0,225,2025-02-17 18:41:32,mobile,US,a00037,pop
u00131,s000005,ADD_TO_PLAYLIST,15,1,0,0,291,2025-12-30 04:25:54,mobile,US,a00178,classical
u00956,s000089,skip,1,0,0,1,31,2025-04-13 12:09:09,mobile,US,a00050,pop
u00960,s000002,PLAY,13,0,0,0,361,2025-01-27 06:42:19,mobile,US,a00133,rock
u00000,s000030,add_to_playlist,7,1,0,0,256,2025-06-30 04:00:46,mobile,US,a00117,indie
u00124,s000005,like,15,1,0,0,189,2025-05-11 08:01:02,mobile,US,a00178,classical
u00176,s000017,PLAY,8,0,0,0,342,2025-01-16 20:47:00,mobile,US,a00184,jazz
u00389,s000004,ADD_TO_PLAYLIST,18,1,0,0,290,2025-04-03 06:47:39,mobile,US,a00134,rock
u00012,s000273,PLAY,11,0,0,0,384,2025-03-25 00:01:51,mobile,US,a00119,jazz
u00825,s000083,like,6,1,0,0,378,2025-11-18 22:56:07,mobile,US,a00126,hip-hop
u00881,s000015,play,5,0,0,0,293,2025-05-23 16:20:26,mobile,US,a00156,edm
u00412,s000420,skip,1,0,0,1,18,2025-02-01 16:50:57,mobile,US,a00078,rock
u00618,s000243,PLAY,9,0,0,0,228,2025-02-28 21:19:01,mobile,US,a00111,indie
u00600,s000007,add_to_playlist,16,1,0,0,206,2025-04-18 08:50:43,mobile,US,a00041,classical
u00867,s000104,play,17,0,0,0,217,2025-02-05 11:56:17,mobile,US,a00000,edm
u00057,s000003,like,8,1,0,0,275,2025-05-11 07:46:16,mobile,US,a00066,rock
u00330,s000220,LIKE,12,1,0,0,216,2025-12-17 15:20:18,mobile,US,a00007,rock
u00056,s000024,add_to_playlist,19,1,0,0,319,2025-08-16 08:35:38,mobile,US,a00065,latin
u00505,s000394,PLAY,1,0,0,0,22,2025-11-09 09:15:05,mobile,US,a00082,classical
u00215,s000014,add_to_playlist,8,1,0,0,297,2025-02-23 23:00:01,mobile,US,a00163,classical
u00445,s000394,PLAY,1,0,0,0,20,2025-10-05 20:34:29,mobile,US,a00082,classical
u00127,s000452,SKIP,1,0,0,1,16,2025-08-04 22:01:28,mobile,US,a00092,latin
u00385,s000231,play,16,0,0,0,342,2025-11-17 10:13:38,mobile,US,a00164,latin
u00490,s000009,ADD_TO_PLAYLIST,14,1,0,0,365,2025-03-11 04:57:43,mobile,US,a00014,latin
u00871,s000236,PLAY,1,0,0,0,46,2025-04-07 03:20:59,mobile,US,a00006,rock
u00111,s000037,like,15,1,0,0,342,2025-12-20 12:25:58,mobile,US,a00183,indie
u00807,s000021,like,5,1,0,0,347,2025-06-12 01:49:12,mobile,US,a00032,rock
u00253,s000151,PLAY,18,0,0,0,350,2025-04-11 07:50:37,mobile,US,a00048,classical
u00720,s000022,play,10,0,0,0,265,2025-11-22 17:43:23,mobile,US,a00195,pop
u00595,s000001,skip,1,0,0,1,38,2025-02-14 08:19:01,mobile,US,a00197,indie
u00205,s000068,ADD_TO_PLAYLIST,15,1,0,0,312,2025-11-25 00:10:14,mobile,US,a00106,classical
u00892,s000293,LIKE,18,1,0,0,262,2025-06-18 16:31:28,mobile,US,a00069,rock
u00173,s000415,play,18,0,0,0,327,2025-12-24 18:08:29,mobile,US,a00150,hip-hop
u00988,s000023,like,5,1,0,0,335,2025-10-29 18:14:19,mobile,US,a00085,pop
u00263,s000004,add_to_playlist,11,1,0,0,318,2025-12-22 02:25:57,mobile,US,a00134,rock
u00969,s000272,LIKE,16,1,0,0,387,2025-05-28 14:02:43,mobile,US,a00157,jazz
u00732,s000021,add_to_playlist,19,1,0,0,264,2025-05-25 08:27:32,mobile,US,a00032,rock
u00942,s000392,ADD_TO_PLAYLIST,9,1,0,0,337,2025-06-19 17:58:13,mobile,US,a00061,latin
u00951,s000059,PLAY,12,0,0,0,360,2025-07-13 05:54:13,mobile,US,a00073,hip-hop
u00404,s000024,like,17,1,0,0,237,2025-10-14 15:31:42,mobile,US,a00065,latin
u00376,s000083,PLAY,9,0,0,0,310,2025-10-02 10:28:32,mobile,US,a00126,hip-hop
u00917,s000008,add_to_playlist,16,1,0,0,347,2025-12-28 09:27:40,mobile,US,a00191,hip-hop
u00171,s000010,ADD_TO_PLAYLIST,5,1,0,0,371,2025-09-25 16:22:20,mobile,US,a00110,classical
u00252,s000059,add_to_playlist,10,1,0,0,218,2025-09-20 14:48:18,mobile,US,a00073,hip-hop
u00817,s000013,play,8,0,0,0,356,2025-02-18 20:45:45,mobile,US,a00154,jazz
u00686,s000143,PLAY,1,0,0,0,32,2025-04-16 19:43:38,mobile,US,a00160,indie
u00361,s000002,LIKE,15,1,0,0,274,2025-04-07 03:27:29,mobile,US,a00133,rock
u00940,s000185,LIKE,18,1,0,0,287,2025-09-24 10:04:35,mobile,US,a00193,hip-hop
u00512,s000042,like,13,1,0,0,234,2025-09-03 17:01:03,mobile,US,a00156,indie
u00750,s000036,PLAY,18,0,0,0,279,2025-06-03 06:44:04,mobile,US,a00179,latin
u00126,s000348,PLAY,1,0,0,0,5,2025-11-16 01:02:35,mobile,US,a00054,latin
u00835,s000008,play,8,0,0,0,226,2025-11-17 20:43:15,mobile,US,a00191,hip-hop
u00538,s000011,PLAY,7,0,0,0,265,2025-08-04 14:45:36,mobile,US,a00156,classical
u00278,s000060,LIKE,11,1,0,0,373,2025-05-15 13:35:57,mobile,US,a00103,rock
u00200,s000001,PLAY,7,0,0,0,396,2025-12-07 15:31:01,mobile,US,a00197,indie
u00755,s000015,ADD_TO_PLAYLIST,15,1,0,0,384,2025-10-26 14:46:32,mobile,US,a00156,edm
u00583,s000016,add_to_playlist,13,1,0,0,320,2025-04-11 06:42:32,mobile,US,a00037,pop
u00645,s000007,LIKE,7,1,0,0,190,2025-10-29 20:36:56,mobile,US,a00041,classical
u00056,s000009,ADD_TO_PLAYLIST,18,1,0,0,321,2025-11-29 08:15:04,mobile,US,a00014,latin
u00112,s000193,LIKE,19,1,0,0,377,2025-11-29 11:07:33,mobile,US,a00007,latin
u00155,s000016,LIKE,9,1,0,0,202,2025-02-22 12:24:32,mobile,US,a00037,pop
u00410,s000039,LIKE,16,1,0,0,204,2025-03-21 07:08:43,mobile,US,a00156,jazz
u00633,s000004,like,12,1,0,0,327,2025-08-08 09:57:15,mobile,US,a00134,rock
u00739,s000090,ADD_TO_PLAYLIST,12,1,0,0,277,2025-05-09 09:49:24,mobile,US,a00028,hip-hop
u00857,s000013,add_to_playlist,8,1,0,0,312,2025-05-29 16:12:11,mobile,US,a00154,jazz
u00785,s000021,PLAY,10,0,0,0,372,2025-06-29 12:49:25,mobile,US,a00032,rock
u00751,s000007,LIKE,6,1,0,0,235,2025-06-10 22:06:16,mobile,US,a00041,classical
u00947,s000351,add_to_playlist,10,1,0,0,224,2025-05-18 17:10:40,mobile,US,a00149,latin
u00741,s000084,like,15,1,0,0,377,2025-03-16 16:09:51,mobile,US,a00105,edm
u00549,s000030,ADD_TO_PLAYLIST,16,1,0,0,221,2025-07-17 21:12:36,mobile,US,a00117,indie
u00534,s000045,PLAY,6,0,0,0,234,2025-09-10 00:08:46,mobile,US,a00075,jazz
u00449,s000010,SKIP,1,0,0,1,24,2025-11-12 14:25:20,mobile,US,a00110,classical
u00196,s000022,LIKE,8,1,0,0,192,2025-02-07 16:58:53,mobile,US,a00195,pop
u00318,s000157,skip,1,0,0,1,26,2025-02-21 15:46:15,mobile,US,a00147,rock
u00732,s000003,PLAY,5,0,0,0,280,2025-07-02 11:13:40,mobile,US,a00066,rock
u00132,s000489,LIKE,7,1,0,0,353,2025-12-06 11:57:13,mobile,US,a00172,rock
u00193,s000091,ADD_TO_PLAYLIST,19,1,0,0,329,2025-07-05 07:09:37,mobile,US,a00039,indie
u00447,s000012,ADD_TO_PLAYLIST,8,1,0,0,362,2025-08-22 14:11:43,mobile,US,a00032,edm
u00427,s000083,ADD_TO_PLAYLIST,5,1,0,0,309,2025-10-20 06:12:12,mobile,US,a00126,hip-hop
u00736,s000059,PLAY,9,0,0,0,259,2025-12-18 12:31:32,mobile,US,a00073,hip-hop
u00897,s000059,play,15,0,0,0,231,2025-09-26 21:29:03,mobile,US,a00073,hip-hop
u00335,s000450,play,8,0,0,0,232,2025-07-10 16:26:58,mobile,US,a00119,latin
u00175,s000000,play,14,0,0,0,370,2025-09-02 01:12:05,mobile,US,a00178,edm
u00723,s000032,LIKE,12,1,0,0,307,2025-06-20 07:42:31,mobile,US,a00140,rock
u00764,s000016,SKIP,1,0,0,1,31,2025-07-12 14:44:37,mobile,US,a00037,pop
u00517,s000147,SKIP,1,0,0,1,23,2025-07-22 01:41:16,mobile,US,a00149,pop
u00684,s000003,PLAY,19,0,0,0,238,2025-06-27 13:55:53,mobile,US,a00066,rock
u00220,s000013,PLAY,8,0,0,0,198,2025-04-22 19:53:58,mobile,US,a00154,jazz
u00282,s000025,like,17,1,0,0,257,2025-10-01 09:49:11,mobile,US,a00009,edm
u00854,s000042,PLAY,15,0,0,0,274,2025-11-10 16:21:25,mobile,US,a00156,indie
u00075,s000023,ADD_TO_PLAYLIST,11,1,0,0,363,2025-02-26 20:33:03,mobile,US,a00085,pop
u00588,s000008,add_to_playlist,18,1,0,0,270,2025-10-18 01:48:51,mobile,US,a00191,hip-hop
u00454,s000007,ADD_TO_PLAYLIST,7,1,0,0,182,2025-05-21 03:50:45,mobile,US,a00041,classical
u00160,s000030,like,17,1,0,0,229,2025-10-25 23:52:11,mobile,US,a00117,indie
u00241,s000020,play,13,0,0,0,364,2025-09-28 09:11:21,mobile,US,a00182,indie
u00695,s000059,play,9,0,0,0,250,2025-07-15 20:10:41,mobile,US,a00073,hip-hop
u00312,s000083,play,17,0,0,0,244,2025-08-02 17:52:57,mobile,US,a00126,hip-hop
u00706,s000083,play,11,0,0,0,307,2025-07-18 01:16:32,mobile,US,a00126,hip-hop
u00115,s000292,ADD_TO_PLAYLIST,14,1,0,0,230,2025-06-23 09:09:02,mobile,US,a00074,hip-hop
u00524,s000120,like,13,1,0,0,221,2025-09-06 09:06:54,mobile,US,a00034,pop
u00730,s000045,ADD_TO_PLAYLIST,18,1,0,0,290,2025-04-15 10:11:53,mobile,US,a00075,jazz
u00575,s000269,SKIP,1,0,0,1,51,2025-12-18 16:14:57,mobile,US,a00107,pop
u00242,s000008,add_to_playlist,18,1,0,0,188,2025-04-01 16:49:27,mobile,US,a00191,hip-hop
u00960,s000004,like,8,1,0,0,394,2025-07-05 06:41:54,mobile,US,a00134,rock
u00159,s000242,PLAY,1,0,0,0,37,2025-08-09 17:52:44,mobile,US,a00146,indie
u00317,s000032,LIKE,12,1,0,0,188,2025-10-14 03:46:46,mobile,US,a00140,rock
u00299,s000075,SKIP,1,0,0,1,28,2025-04-23 01:45:48,mobile,US,a00059,classical
u00610,s000014,add_to_playlist,8,1,0,0,342,2025-06-25 11:30:33,mobile,US,a00163,classical
u00549,s000020,add_to_playlist,12,1,0,0,354,2025-02-27 06:23:21,mobile,US,a00182,indie
u00538,s000171,SKIP,1,0,0,1,10,2025-02-03 23:08:47,mobile,US,a00031,jazz
u00911,s000499,PLAY,1,0,0,0,44,2025-03-04 02:29:14,mobile,US,a00192,indie
u00628,s000037,PLAY,19,0,0,0,379,2025-07-28 17:38:54,mobile,US,a00183,indie
u00759,s000042,LIKE,6,1,0,0,337,2025-08-01 04:07:23,mobile,US,a00156,indie
u00244,s000020,add_to_playlist,19,1,0,0,301,2025-01-02 05:12:40,mobile,US,a00182,indie
u00886,s000002,like,16,1,0,0,378,2025-02-10 14:02:42,mobile,US,a00133,rock
u00133,s000082,play,17,0,0,0,279,2025-06-11 12:58:31,mobile,US,a00071,classical
u00192,s000002,like,6,1,0,0,193,2025-12-10 11:09:22,mobile,US,a00133,rock
u00460,s000035,LIKE,12,1,0,0,336,2025-04-13 17:15:18,mobile,US,a00108,pop
u00800,s000004,LIKE,12,1,0,0,350,2025-07-09 18:01:27,mobile,US,a00134,rock
u00825,s000383,like,13,1,0,0,313,2025-07-22 11:55:39,mobile,US,a00186,hip-hop
u00437,s000036,add_to_playlist,11,1,0,0,336,2025-03-04 05:29:59,mobile,US,a00179,latin
u00636,s000025,skip,1,0,0,1,26,2025-03-12 05:33:49,mobile,US,a00009,edm
u00377,s000265,SKIP,1,0,0,1,59,2025-07-24 20:38:49,mobile,US,a00052,jazz
u00381,s000025,play,12,0,0,0,222,2025-09-01 17:53:27,mobile,US,a00009,edm
u00493,s000436,like,14,1,0,0,245,2025-10-03 23:41:20,mobile,US,a00158,edm
u00440,s000093,SKIP,1,0,0,1,34,2025-12-23 08:30:40,mobile,US,a00010,indie
u00112,s000189,add_to_playlist,5,1,0,0,197,2025-03-04 13:08:27,mobile,US,a00178,latin
u00158,s000021,ADD_TO_PLAYLIST,15,1,0,0,234,2025-09-12 14:21:28,mobile,US,a00032,rock
u00155,s000138,skip,1,0,0,1,56,2025-09-30 16:27:09,mobile,US,a00024,hip-hop
u00218,s000239,SKIP,1,0,0,1,27,2025-09-27 20:34:06,mobile,US,a00160,jazz
u00886,s000021,PLAY,14,0,0,0,233,2025-08-03 06:43:00,mobile,US,a00032,rock
u00861,s000004,PLAY,8,0,0,0,316,2025-07-31 10:45:29,mobile,US,a00134,rock
u00628,s000020,LIKE,19,1,0,0,286,2025-03-24 10:37:17,mobile,US,a00182,indie
u00996,s000003,PLAY,12,0,0,0,242,2025-12-05 19:03:44,mobile,US,a00066,rock
u00488,s000419,add_to_playlist,15,1,0,0,204,2025-07-02 14:50:19,mobile,US,a00013,rock
u00123,s000001,ADD_TO_PLAYLIST,18,1,0,0,301,2025-02-15 14:53:25,mobile,US,a00197,indie
u00016,s000059,PLAY,15,0,0,0,200,2025-02-09 12:07:08,mobile,US,a00073,hip-hop
u00534,s000045,LIKE,19,1,0,0,396,2025-01-11 13:12:04,mobile,US,a00075,jazz
u00299,s000018,ADD_TO_PLAYLIST,9,1,0,0,255,2025-06-08 12:32:29,mobile,US,a00096,latin
u00274,s000234,play,1,0,0,0,16,2025-06-15 14:46:07,mobile,US,a00054,pop
u00839,s000312,SKIP,1,0,0,1,31,2025-08-02 01:41:43,mobile,US,a00056,rock
u00447,s000000,like,15,1,0,0,288,2025-05-26 13:47:09,mobile,US,a00178,edm
u00118,s000317,LIKE,16,1,0,0,362,2025-08-03 00:32:54,mobile,US,a00011,latin
u00172,s000013,LIKE,12,1,0,0,234,2025-05-07 22:08:33,mobile,US,a00154,jazz
u00553,s000008,play,8,0,0,0,347,2025-01-14 13:28:30,mobile,US,a00191,hip-hop
u00762,s000011,like,8,1,0,0,339,2025-12-26 06:08:13,mobile,US,a00156,classical
u00468,s000244,skip,1,0,0,1,43,2025-08-29 18:03:17,mobile,US,a00124,indie
u00152,s000421,add_to_playlist,9,1,0,0,182,2025-09-02 17:42:03,mobile,US,a00116,rock
u00708,s000450,PLAY,11,0,0,0,390,2025-06-20 01:32:53,mobile,US,a00119,latin
u00807,s000110,LIKE,13,1,0,0,183,2025-06-08 11:27:58,mobile,US,a00142,rock
u00431,s000257,skip,1,0,0,1,52,2025-11-17 16:38:38,mobile,US,a00194,jazz
u00818,s000006,LIKE,7,1,0,0,354,2025-04-21 07:29:19,mobile,US,a00199,hip-hop
u00319,s000000,add_to_playlist,17,1,0,0,333,2025-12-19 00:30:38,mobile,US,a00178,edm
u00531,s000024,LIKE,16,1,0,0,232,2025-01-07 13:17:32,mobile,US,a00065,latin
u00833,s000102,add_to_playlist,12,1,0,0,364,2025-05-16 09:23:23,mobile,US,a00181,hip-hop
u00943,s000007,ADD_TO_PLAYLIST,17,1,0,0,260,2025-10-26 12:23:34,mobile,US,a00041,classical
u00396,s000031,play,14,0,0,0,303,2025-04-05 18:36:02,mobile,US,a00037,latin
u00373,s000036,play,8,0,0,0,329,2025-08-19 11:15:51,mobile,US,a00179,latin
u00171,s000014,LIKE,12,1,0,0,341,2025-04-18 20:44:34,mobile,US,a00163,classical
u00292,s000032,like,15,1,0,0,240,2025-05-02 16:58:59,mobile,US,a00140,rock
u00710,s000386,SKIP,1,0,0,1,54,2025-12-16 18:34:22,mobile,US,a00016,rock
u00141,s000038,PLAY,17,0,0,0,280,2025-07-24 01:27:15,mobile,US,a00014,rock
u00096,s000404,add_to_playlist,19,1,0,0,186,2025-03-19 18:39:29,mobile,US,a00142,pop
u00010,s000017,ADD_TO_PLAYLIST,5,1,0,0,298,2025-07-05 19:57:46,mobile,US,a00184,jazz
u00029,s000434,like,6,1,0,0,331,2025-12-19 16:07:32,mobile,US,a00016,hip-hop
u00826,s000027,add_to_playlist,19,1,0,0,363,2025-12-15 08:05:20,mobile,US,a00122,jazz
u00201,s000009,LIKE,15,1,0,0,255,2025-08-11 13:03:37,mobile,US,a00014,latin
u00770,s000014,add_to_playlist,11,1,0,0,290,2025-08-01 05:35:00,mobile,US,a00163,classical
u00572,s000002,PLAY,19,0,0,0,335,2025-08-19 15:49:11,mobile,US,a00133,rock
u00607,s000036,ADD_TO_PLAYLIST,5,1,0,0,182,2025-07-02 17:09:40,mobile,US,a00179,latin
u00909,s000015,like,12,1,0,0,396,2025-03-12 18:29:09,mobile,US,a00156,edm
u00352,s000003,add_to_playlist,7,1,0,0,333,2025-01-20 05:21:58,mobile,US,a00066,rock
u00421,s000299,ADD_TO_PLAYLIST,17,1,0,0,261,2025-10-05 08:52:44,mobile,US,a00040,pop
u00900,s000225,skip,1,0,0,1,31,2025-08-05 01:36:01,mobile,US,a00077,edm
u00466,s000373,play,1,0,0,0,48,2025-08-29 03:59:58,mobile,US,a00130,pop
u00014,s000009,add_to_playlist,17,1,0,0,313,2025-07-15 10:21:02,mobile,US,a00014,latin
u00327,s000123,PLAY,6,0,0,0,350,2025-12-09 12:43:17,mobile,US,a00089,indie
u00101,s000026,PLAY,5,0,0,0,186,2025-06-13 08:56:03,mobile,US,a00004,pop
u00402,s000045,play,9,0,0,0,181,2025-08-17 12:59:11,mobile,US,a00075,jazz
u00238,s000169,add_to_playlist,15,1,0,0,239,2025-01-09 06:38:13,mobile,US,a00183,jazz
u00154,s000011,like,15,1,0,0,375,2025-02-16 15:22:32,mobile,US,a00156,classical
u00814,s000009,play,1,0,0,0,32,2025-01-22 02:39:27,mobile,US,a00014,latin
u00247,s000002,like,13,1,0,0,219,2025-06-07 03:27:20,mobile,US,a00133,rock
u00137,s000312,like,15,1,0,0,295,2025-01-26 22:20:31,mobile,US,a00056,rock
u00368,s000359,SKIP,1,0,0,1,21,2025-01-22 11:14:14,mobile,US,a00108,indie
u00054,s000031,SKIP,1,0,0,1,36,2025-09-30 03:03:09,mobile,US,a00037,latin
u00694,s000095,LIKE,15,1,0,0,215,2025-11-25 19:38:49,mobile,US,a00000,pop
u00489,s000011,play,18,0,0,0,338,2025-09-29 20:17:45,mobile,US,a00156,classical
u00831,s000014,play,16,0,0,0,350,2025-07-02 03:49:52,mobile,US,a00163,classical
u00196,s000022,add_to_playlist,7,1,0,0,208,2025-06-17 19:45:27,mobile,US,a00195,pop
u00855,s000368,skip,1,0,0,1,59,2025-08-24 23:48:58,mobile,US,a00103,rock
u00246,s000499,SKIP,1,0,0,1,54,2025-11-01 20:04:41,mobile,US,a00192,indie
u00645,s000010,play,7,0,0,0,261,2025-05-26 11:32:25,mobile,US,a00110,classical
u00867,s000025,PLAY,5,0,0,0,333,2025-04-08 02:23:33,mobile,US,a00009,edm
u00035,s000014,PLAY,12,0,0,0,347,2025-01-06 01:31:51,mobile,US,a00163,classical
u00230,s000378,play,17,0,0,0,221,2025-06-06 04:15:23,mobile,US,a00097,edm
u00329,s000031,play,12,0,0,0,318,2025-12-29 08:55:11,mobile,US,a00037,latin
u00645,s000150,play,15,0,0,0,249,2025-05-12 13:08:37,mobile,US,a00113,classical
u00212,s000151,ADD_TO_PLAYLIST,7,1,0,0,374,2025-12-14 04:09:45,mobile,US,a00048,classical
u00065,s000022,add_to_playlist,17,1,0,0,398,2025-02-19 06:15:30,mobile,US,a00195,pop
u00046,s000009,play,18,0,0,0,396,2025-07-07 08:18:26,mobile,US,a00014,latin
u00102,s000234,ADD_TO_PLAYLIST,15,1,0,0,261,2025-09-20 16:05:11,mobile,US,a00054,pop
u00878,s000023,SKIP,1,0,0,1,56,2025-02-11 01:39:37,mobile,US,a00085,pop
u00495,s000042,play,10,0,0,0,209,2025-11-03 12:21:30,mobile,US,a00156,indie
u00723,s000042,play,1,0,0,0,27,2025-07-29 23:34:24,mobile,US,a00156,indie
u00489,s000380,play,1,0,0,0,20,2025-03-10 21:51:04,mobile,US,a00018,edm
u00333,s000017,like,14,1,0,0,245,2025-05-24 03:35:04,mobile,US,a00184,jazz
u00450,s000012,like,8,1,0,0,258,2025-05-16 04:29:09,mobile,US,a00032,edm
u00676,s000351,SKIP,1,0,0,1,54,2025-02-04 10:27:42,mobile,US,a00149,latin
u00987,s000008,like,10,1,0,0,271,2025-12-30 22:19:04,mobile,US,a00191,hip-hop
u00598,s000294,add_to_playlist,11,1,0,0,267,2025-08-20 13:39:02,mobile,US,a00145,hip-hop
u00317,s000003,LIKE,9,1,0,0,295,2025-12-21 14:04:27,mobile,US,a00066,rock
u00813,s000309,play,12,0,0,0,205,2025-11-19 20:24:31,mobile,US,a00105,hip-hop
u00511,s000026,add_to_playlist,7,1,0,0,243,2025-08-03 23:22:17,mobile,US,a00004,pop
u00120,s000231,play,14,0,0,0,259,2025-04-28 02:37:23,mobile,US,a00164,latin
u00953,s000090,add_to_playlist,19,1,0,0,202,2025-02-14 22:24:00,mobile,US,a00028,hip-hop
u00627,s000033,LIKE,17,1,0,0,325,2025-06-01 21:18:41,mobile,US,a00158,edm
u00297,s000067,LIKE,10,1,0,0,382,2025-12-28 04:54:53,mobile,US,a00045,indie
u00781,s000080,ADD_TO_PLAYLIST,7,1,0,0,278,2025-12-15 06:09:16,mobile,US,a00119,jazz
u00813,s000008,PLAY,7,0,0,0,204,2025-07-30 03:16:00,mobile,US,a00191,hip-hop
u00623,s000026,LIKE,14,1,0,0,289,2025-05-18 07:00:06,mobile,US,a00004,pop
u00213,s000188,play,1,0,0,0,41,2025-02-15 18:30:51,mobile,US,a00165,jazz
u00063,s000364,play,1,0,0,0,25,2025-03-30 03:45:17,mobile,US,a00016,latin
u00882,s000013,play,17,0,0,0,346,2025-10-29 06:50:56,mobile,US,a00154,jazz
u00216,s000059,like,5,1,0,0,325,2025-08-30 01:27:28,mobile,US,a00073,hip-hop
u00764,s000014,PLAY,8,0,0,0,372,2025-07-02 19:07:39,mobile,US,a00163,classical
u00569,s000485,play,16,0,0,0,318,2025-04-24 04:15:31,mobile,US,a00132,indie
u00770,s000418,like,12,1,0,0,189,2025-11-18 00:11:26,mobile,US,a00134,classical
u00693,s000006,play,11,0,0,0,229,2025-05-28 07:44:53,mobile,US,a00199,hip-hop
u00194,s000005,play,1,0,0,0,19,2025-05-03 14:54:34,mobile,US,a00178,classical
u00489,s000011,PLAY,15,0,0,0,231,2025-11-05 16:30:17,mobile,US,a00156,classical
u00815,s000007,PLAY,9,0,0,0,349,2025-09-27 20:08:02,mobile,US,a00041,classical
u00708,s000002,SKIP,1,0,0,1,40,2025-05-13 17:44:16,mobile,US,a00133,rock
u00166,s000031,add_to_playlist,6,1,0,0,297,2025-03-09 07:54:54,mobile,US,a00037,latin
u00388,s000032,play,11,0,0,0,267,2025-10-25 10:44:12,mobile,US,a00140,rock
u00990,s000317,skip,1,0,0,1,51,2025-04-11 06:49:20,mobile,US,a00011,latin
u00068,s000083,LIKE,17,1,0,0,186,2025-08-25 10:26:34,mobile,US,a00126,hip-hop
u00896,s000015,add_to_playlist,11,1,0,0,340,2025-03-18 12:14:26,mobile,US,a00156,edm
u00162,s000096,PLAY,1,0,0,0,9,2025-10-12 15:42:01,mobile,US,a00045,pop
u00250,s000012,ADD_TO_PLAYLIST,11,1,0,0,364,2025-04-16 15:56:24,mobile,US,a00032,edm
u00908,s000037,play,5,0,0,0,311,2025-11-18 22:02:01,mobile,US,a00183,indie
u00961,s000361,play,1,0,0,0,6,2025-04-02 17:23:38,mobile,US,a00193,edm
u00590,s000002,PLAY,6,0,0,0,201,2025-08-24 10:04:42,mobile,US,a00133,rock
u00459,s000013,play,13,0,0,0,389,2025-04-27 05:48:15,mobile,US,a00154,jazz
u00284,s000332,PLAY,1,0,0,0,12,2025-01-12 08:37:37,mobile,US,a00050,indie
u00212,s000005,add_to_playlist,12,1,0,0,328,2025-03-22 11:36:09,mobile,US,a00178,classical
u00442,s000440,add_to_playlist,8,1,0,0,336,2025-04-02 07:51:06,mobile,US,a00044,rock
u00753,s000022,like,6,1,0,0,318,2025-12-25 18:59:59,mobile,US,a00195,pop
u00545,s000062,play,1,0,0,0,53,2025-04-13 19:14:58,mobile,US,a00133,indie
u00360,s000090,ADD_TO_PLAYLIST,12,1,0,0,190,2025-05-14 00:02:55,mobile,US,a00028,hip-hop
u00333,s000027,ADD_TO_PLAYLIST,10,1,0,0,201,2025-12-20 03:13:29,mobile,US,a00122,jazz
u00626,s000451,PLAY,17,0,0,0,300,2025-06-20 18:56:20,mobile,US,a00003,classical
u00526,s000117,skip,1,0,0,1,46,2025-10-18 18:13:55,mobile,US,a00116,classical
u00703,s000031,PLAY,13,0,0,0,335,2025-06-03 02:20:11,mobile,US,a00037,latin
u00012,s000191,play,7,0,0,0,251,2025-11-02 15:35:08,mobile,US,a00131,jazz
u00250,s000104,add_to_playlist,5,1,0,0,314,2025-09-18 21:52:57,mobile,US,a00000,edm
u00989,s000036,like,12,1,0,0,255,2025-02-20 11:29:34,mobile,US,a00179,latin
u00534,s000182,skip,1,0,0,1,19,2025-06-17 22:17:36,mobile,US,a00077,latin
u00266,s000090,play,12,0,0,0,210,2025-02-22 11:12:44,mobile,US,a00028,hip-hop
u00834,s000021,like,5,1,0,0,328,2025-07-03 03:20:39,mobile,US,a00032,rock
u00359,s000017,play,13,0,0,0,382,2025-06-16 10:04:58,mobile,US,a00184,jazz
u00087,s000032,ADD_TO_PLAYLIST,9,1,0,0,212,2025-11-03 23:15:48,mobile,US,a00140,rock
u00692,s000377,LIKE,10,1,0,0,258,2025-10-15 16:39:27,mobile,US,a00101,classical
u00548,s000304,play,12,0,0,0,277,2025-08-03 04:17:26,mobile,US,a00152,pop
u00962,s000349,skip,1,0,0,1,58,2025-04-25 23:44:37,mobile,US,a00110,classical
u00713,s000356,ADD_TO_PLAYLIST,8,1,0,0,322,2025-01-28 07:24:06,mobile,US,a00147,hip-hop
u00954,s000346,play,6,0,0,0,320,2025-09-17 22:07:46,mobile,US,a00053,jazz
u00009,s000248,LIKE,5,1,0,0,363,2025-09-02 20:40:20,mobile,US,a00187,pop
u00366,s000085,PLAY,1,0,0,0,34,2025-12-17 07:54:38,mobile,US,a00091,rock
u00876,s000022,LIKE,13,1,0,0,240,2025-06-06 00:25:03,mobile,US,a00195,pop
u00567,s000018,LIKE,15,1,0,0,201,2025-01-17 21:17:32,mobile,US,a00096,latin
u00393,s000009,play,6,0,0,0,299,2025-01-12 08:07:37,mobile,US,a00014,latin
u00831,s000291,add_to_playlist,18,1,0,0,390,2025-08-10 01:59:44,mobile,US,a00036,classical
u00957,s000002,play,8,0,0,0,357,2025-06-05 22:52:48,mobile,US,a00133,rock
u00860,s000334,play,16,0,0,0,205,2025-01-13 02:08:34,mobile,US,a00035,hip-hop
u00589,s000278,like,7,1,0,0,340,2025-10-16 16:54:09,mobile,US,a00013,classical
u00652,s000476,add_to_playlist,15,1,0,0,228,2025-03-05 04:50:32,mobile,US,a00184,indie
u00381,s000033,play,7,0,0,0,340,2025-07-12 20:50:58,mobile,US,a00158,edm
u00724,s000032,LIKE,19,1,0,0,283,2025-10-27 09:42:43,mobile,US,a00140,rock
u00744,s000045,PLAY,15,0,0,0,340,2025-09-08 10:38:54,mobile,US,a00075,jazz
u00549,s000408,LIKE,8,1,0,0,327,2025-08-25 05:23:04,mobile,US,a00025,indie
u00448,s000300,like,18,1,0,0,241,2025-09-17 11:50:19,mobile,US,a00165,indie
u00104,s000022,add_to_playlist,12,1,0,0,380,2025-02-11 19:53:52,mobile,US,a00195,pop
u00607,s000413,play,15,0,0,0,198,2025-11-02 21:30:05,mobile,US,a00198,latin
u00076,s000008,LIKE,8,1,0,0,316,2025-05-25 03:52:52,mobile,US,a00191,hip-hop
u00859,s000042,like,17,1,0,0,224,2025-03-23 05:20:33,mobile,US,a00156,indie
u00196,s000022,LIKE,11,1,0,0,216,2025-01-03 07:55:01,mobile,US,a00195,pop
u00830,s000014,LIKE,15,1,0,0,269,2025-02-20 14:49:51,mobile,US,a00163,classical
u00852,s000014,play,16,0,0,0,216,2025-07-17 23:24:01,mobile,US,a00163,classical
u00058,s000013,PLAY,15,0,0,0,357,2025-09-06 14:57:11,mobile,US,a00154,jazz
u00180,s000010,like,12,1,0,0,327,2025-11-29 19:08:49,mobile,US,a00110,classical
u00709,s000018,play,10,0,0,0,295,2025-09-11 16:51:31,mobile,US,a00096,latin
u00860,s000006,PLAY,7,0,0,0,296,2025-10-29 14:03:02,mobile,US,a00199,hip-hop
u00365,s000001,ADD_TO_PLAYLIST,8,1,0,0,205,2025-02-22 12:30:51,mobile,US,a00197,indie
u00719,s000008,LIKE,17,1,0,0,252,2025-04-03 08:38:01,mobile,US,a00191,hip-hop
u00861,s000038,PLAY,15,0,0,0,185,2025-09-30 02:08:39,mobile,US,a00014,rock
u00474,s000276,skip,1,0,0,1,49,2025-02-05 05:05:35,mobile,US,a00113,rock
u00267,s000036,PLAY,9,0,0,0,224,2025-01-04 10:22:48,mobile,US,a00179,latin
u00807,s000004,play,14,0,0,0,366,2025-09-30 16:36:13,mobile,US,a00134,rock
u00294,s000023,add_to_playlist,13,1,0,0,398,2025-11-11 19:29:43,mobile,US,a00085,pop
u00971,s000486,PLAY,13,0,0,0,208,2025-06-30 11:04:22,mobile,US,a00064,indie
u00288,s000003,LIKE,17,1,0,0,367,2025-02-17 18:08:05,mobile,US,a00066,rock
u00654,s000119,ADD_TO_PLAYLIST,5,1,0,0,230,2025-09-14 16:05:39,mobile,US,a00168,edm
u00916,s000035,play,14,0,0,0,336,2025-08-16 00:01:18,mobile,US,a00108,pop
u00171,s000195,LIKE,12,1,0,0,255,2025-11-28 08:25:37,mobile,US,a00054,classical
u00744,s000039,LIKE,5,1,0,0,300,2025-02-07 21:30:39,mobile,US,a00156,jazz
u00384,s000010,add_to_playlist,15,1,0,0,351,2025-11-29 00:28:04,mobile,US,a00110,classical
u00893,s000005,PLAY,5,0,0,0,299,2025-09-29 05:52:42,mobile,US,a00178,classical
u00112,s000493,SKIP,1,0,0,1,44,2025-07-13 09:49:37,mobile,US,a00067,pop
u00364,s000332,add_to_playlist,18,1,0,0,219,2025-12-23 22:17:36,mobile,US,a00050,indie
u00473,s000008,ADD_TO_PLAYLIST,11,1,0,0,367,2025-04-19 23:20:32,mobile,US,a00191,hip-hop
u00350,s000070,play,1,0,0,0,31,2025-03-25 18:05:50,mobile,US,a00140,classical
u00161,s000021,play,13,0,0,0,375,2025-09-24 05:25:00,mobile,US,a00032,rock
u00091,s000468,LIKE,15,1,0,0,366,2025-03-06 02:11:03,mobile,US,a00159,hip-hop
u00655,s000019,PLAY,12,0,0,0,266,2025-04-03 05:34:13,mobile,US,a00154,classical
u00604,s000020,PLAY,18,0,0,0,390,2025-04-15 22:56:40,mobile,US,a00182,indie
u00121,s000470,add_to_playlist,11,1,0,0,271,2025-02-24 19:20:15,mobile,US,a00122,classical
u00819,s000032,LIKE,18,1,0,0,188,2025-09-04 16:12:38,mobile,US,a00140,rock
u00104,s000026,PLAY,7,0,0,0,243,2025-09-21 07:02:48,mobile,US,a00004,pop
u00864,s000042,skip,1,0,0,1,37,2025-01-30 05:18:45,mobile,US,a00156,indie
u00743,s000451,PLAY,16,0,0,0,388,2025-11-26 19:25:14,mobile,US,a00003,classical
u00619,s000017,PLAY,17,0,0,0,291,2025-01-08 08:02:31,mobile,US,a00184,jazz
u00968,s000033,ADD_TO_PLAYLIST,13,1,0,0,360,2025-06-15 23:45:30,mobile,US,a00158,edm
u00256,s000116,ADD_TO_PLAYLIST,15,1,0,0,316,2025-07-19 09:31:03,mobile,US,a00056,indie
u00100,s000103,play,1,0,0,0,48,2025-10-05 10:24:28,mobile,US,a00056,rock
u00566,s000424,skip,1,0,0,1,7,2025-01-19 06:04:51,mobile,US,a00114,latin
u00235,s000385,like,9,1,0,0,237,2025-02-04 19:01:35,mobile,US,a00188,hip-hop
u00735,s000330,PLAY,1,0,0,0,33,2025-09-03 05:29:30,mobile,US,a00106,edm
u00950,s000257,add_to_playlist,16,1,0,0,181,2025-07-10 18:04:24,mobile,US,a00194,jazz
u00639,s000024,PLAY,19,0,0,0,285,2025-11-19 18:29:37,mobile,US,a00065,latin
u00971,s000037,PLAY,12,0,0,0,397,2025-09-12 13:07:27,mobile,US,a00183,indie
u00623,s000016,play,15,0,0,0,283,2025-11-06 23:00:16,mobile,US,a00037,pop
u00076,s000144,play,15,0,0,0,209,2025-02-26 18:14:53,mobile,US,a00176,hip-hop
u00516,s000009,PLAY,8,0,0,0,198,2025-12-06 20:51:34,mobile,US,a00014,latin
u00678,s000022,like,10,1,0,0,198,2025-11-02 18:14:01,mobile,US,a00195,pop
u00658,s000090,ADD_TO_PLAYLIST,12,1,0,0,309,2025-03-19 20:44:28,mobile,US,a00028,hip-hop
u00672,s000105,SKIP,1,0,0,1,43,2025-12-05 03:49:35,mobile,US,a00062,hip-hop
u00198,s000010,PLAY,14,0,0,0,206,2025-04-06 08:26:58,mobile,US,a00110,classical
u00967,s000012,ADD_TO_PLAYLIST,6,1,0,0,384,2025-08-06 09:49:12,mobile,US,a00032,edm
u00618,s000178,play,5,0,0,0,366,2025-09-20 22:18:13,mobile,US,a00167,indie
u00519,s000016,ADD_TO_PLAYLIST,18,1,0,0,366,2025-12-02 04:28:35,mobile,US,a00037,pop
u00901,s000059,LIKE,13,1,0,0,259,2025-01-31 20:58:49,mobile,US,a00073,hip-hop
u00935,s000442,SKIP,1,0,0,1,56,2025-06-11 04:28:52,mobile,US,a00130,hip-hop
u00675,s000011,LIKE,16,1,0,0,210,2025-11-11 09:15:24,mobile,US,a00156,classical
u00390,s000321,like,11,1,0,0,357,2025-08-27 22:52:16,mobile,US,a00172,jazz
u00042,s000050,like,19,1,0,0,246,2025-02-12 07:16:22,mobile,US,a00114,pop
u00106,s000025,PLAY,18,0,0,0,357,2025-12-22 14:44:34,mobile,US,a00009,edm
u00558,s000438,play,8,0,0,0,243,2025-05-16 00:10:19,mobile,US,a00107,latin
u00882,s000013,play,18,0,0,0,315,2025-07-12 13:11:08,mobile,US,a00154,jazz
u00326,s000319,like,15,1,0,0,346,2025-04-27 05:12:00,mobile,US,a00198,jazz
u00833,s000249,ADD_TO_PLAYLIST,17,1,0,0,247,2025-02-11 16:46:27,mobile,US,a00081,hip-hop
u00075,s000248,like,5,1,0,0,249,2025-07-20 11:51:11,mobile,US,a00187,pop
u00938,s000025,PLAY,11,0,0,0,254,2025-06-02 00:32:12,mobile,US,a00009,edm
u00092,s000270,ADD_TO_PLAYLIST,16,1,0,0,237,2025-10-13 06:06:34,mobile,US,a00023,pop
u00369,s000042,add_to_playlist,16,1,0,0,308,2025-07-05 12:49:47,mobile,US,a00156,indie
u00987,s000090,play,15,0,0,0,278,2025-01-20 01:38:15,mobile,US,a00028,hip-hop
u00257,s000015,play,18,0,0,0,311,2025-09-13 15:49:56,mobile,US,a00156,edm
u00874,s000023,like,11,1,0,0,261,2025-05-06 09:59:02,mobile,US,a00085,pop
u00584,s000321,SKIP,1,0,0,1,45,2025-09-26 23:05:35,mobile,US,a00172,jazz
u00567,s000304,skip,1,0,0,1,57,2025-11-20 23:34:17,mobile,US,a00152,pop
u00822,s000033,PLAY,13,0,0,0,252,2025-01-03 05:19:48,mobile,US,a00158,edm
u00671,s000395,like,16,1,0,0,383,2025-01-03 04:36:25,mobile,US,a00007,edm
u00929,s000002,add_to_playlist,17,1,0,0,316,2025-07-12 09:02:39,mobile,US,a00133,rock
u00208,s000000,PLAY,12,0,0,0,357,2025-08-08 19:46:47,mobile,US,a00178,edm
u00477,s000231,play,13,0,0,0,331,2025-08-10 01:27:40,mobile,US,a00164,latin
u00740,s000030,LIKE,13,1,0,0,310,2025-10-16 04:58:13,mobile,US,a00117,indie
u00713,s000158,PLAY,16,0,0,0,260,2025-09-15 15:19:12,mobile,US,a00117,hip-hop
u00455,s000182,play,1,0,0,0,35,2025-07-23 07:31:03,mobile,US,a00077,latin
u00638,s000026,PLAY,9,0,0,0,190,2025-08-31 07:48:54,mobile,US,a00004,pop
u00085,s000039,PLAY,12,0,0,0,360,2025-12-17 00:55:44,mobile,US,a00156,jazz
u00893,s000364,SKIP,1,0,0,1,53,2025-12-26 11:36:15,mobile,US,a00016,latin
u00692,s000375,play,11,0,0,0,275,2025-06-29 21:52:04,mobile,US,a00171,classical
u00886,s000497,SKIP,1,0,0,1,35,2025-10-28 14:02:26,mobile,US,a00152,latin
u00136,s000003,add_to_playlist,10,1,0,0,241,2025-12-16 00:56:52,mobile,US,a00066,rock
u00586,s000033,ADD_TO_PLAYLIST,8,1,0,0,292,2025-08-26 05:36:36,mobile,US,a00158,edm
u00538,s000055,like,8,1,0,0,282,2025-03-07 23:56:26,mobile,US,a00026,classical
u00763,s000023,play,11,0,0,0,244,2025-08-27 10:41:22,mobile,US,a00085,pop
u00349,s000036,SKIP,1,0,0,1,15,2025-03-22 15:29:44,mobile,US,a00179,latin
u00821,s000387,add_to_playlist,15,1,0,0,241,2025-10-30 23:18:55,mobile,US,a00073,hip-hop
u00215,s000005,like,19,1,0,0,317,2025-11-13 16:14:15,mobile,US,a00178,classical
u00155,s000026,ADD_TO_PLAYLIST,8,1,0,0,249,2025-04-19 10:53:31,mobile,US,a00004,pop
u00914,s000006,PLAY,5,0,0,0,397,2025-02-05 13:51:44,mobile,US,a00199,hip-hop
u00652,s000020,PLAY,6,0,0,0,209,2025-09-09 01:21:36,mobile,US,a00182,indie
u00763,s000026,ADD_TO_PLAYLIST,6,1,0,0,283,2025-10-06 21:40:50,mobile,US,a00004,pop
u00480,s000006,play,12,0,0,0,197,2025-07-20 12:58:15,mobile,US,a00199,hip-hop
u00148,s000003,like,19,1,0,0,240,2025-11-27 20:00:03,mobile,US,a00066,rock
u00440,s000371,SKIP,1,0,0,1,33,2025-07-22 15:59:19,mobile,US,a00038,jazz
u00514,s000016,PLAY,8,0,0,0,183,2025-01-06 19:57:20,mobile,US,a00037,pop
u00010,s000017,PLAY,14,0,0,0,361,2025-07-16 15:50:59,mobile,US,a00184,jazz
u00474,s000013,ADD_TO_PLAYLIST,12,1,0,0,295,2025-02-18 15:08:32,mobile,US,a00154,jazz
u00114,s000332,play,7,0,0,0,202,2025-05-05 16:16:47,mobile,US,a00050,indie
u00307,s000023,ADD_TO_PLAYLIST,15,1,0,0,222,2025-02-08 19:44:36,mobile,US,a00085,pop
u00152,s000003,play,11,0,0,0,258,2025-05-22 01:51:24,mobile,US,a00066,rock
u00476,s000032,play,5,0,0,0,329,2025-04-26 19:35:23,mobile,US,a00140,rock
u00528,s000035,PLAY,19,0,0,0,189,2025-12-10 07:16:39,mobile,US,a00108,pop
u00299,s000031,LIKE,18,1,0,0,212,2025-02-11 18:06:16,mobile,US,a00037,latin
u00452,s000335,PLAY,13,0,0,0,319,2025-11-05 16:07:53,mobile,US,a00114,edm
u00459,s000017,ADD_TO_PLAYLIST,5,1,0,0,189,2025-09-17 22:13:52,mobile,US,a00184,jazz
u00036,s000173,SKIP,1,0,0,1,50,2025-12-04 17:23:32,mobile,US,a00028,indie
u00918,s000083,PLAY,15,0,0,0,371,2025-02-20 10:20:44,mobile,US,a00126,hip-hop
u00548,s000022,LIKE,15,1,0,0,341,2025-09-28 09:06:11,mobile,US,a00195,pop
u00475,s000024,ADD_TO_PLAYLIST,8,1,0,0,273,2025-10-08 11:22:36,mobile,US,a00065,latin
u00909,s000078,PLAY,6,0,0,0,181,2025-07-09 13:01:31,mobile,US,a00067,edm
u00750,s000447,like,15,1,0,0,337,2025-06-09 23:21:18,mobile,US,a00107,latin
u00702,s000156,SKIP,1,0,0,1,19,2025-02-17 09:30:03,mobile,US,a00176,pop
u00212,s000007,like,17,1,0,0,267,2025-11-09 20:10:07,mobile,US,a00041,classical
u00196,s000270,play,16,0,0,0,263,2025-07-23 17:46:18,mobile,US,a00023,pop
u00524,s000035,LIKE,13,1,0,0,312,2025-08-31 06:40:48,mobile,US,a00108,pop
u00095,s000000,PLAY,9,0,0,0,298,2025-07-13 01:22:27,mobile,US,a00178,edm
u00903,s000057,PLAY,6,0,0,0,220,2025-01-21 04:33:24,mobile,US,a00147,indie
u00073,s000234,LIKE,19,1,0,0,289,2025-08-31 03:00:00,mobile,US,a00054,pop
u00017,s000405,LIKE,6,1,0,0,317,2025-05-25 10:13:59,mobile,US,a00058,latin
u00965,s000004,PLAY,8,0,0,0,262,2025-07-31 00:50:01,mobile,US,a00134,rock
u00053,s000006,PLAY,18,0,0,0,265,2025-09-23 09:07:01,mobile,US,a00199,hip-hop
u00534,s000080,play,19,0,0,0,335,2025-11-09 19:47:54,mobile,US,a00119,jazz
u00133,s000010,like,7,1,0,0,249,2025-07-06 23:40:42,mobile,US,a00110,classical
u00902,s000000,play,10,0,0,0,376,2025-09-04 23:18:41,mobile,US,a00178,edm
u00315,s000056,add_to_playlist,12,1,0,0,305,2025-07-01 01:12:08,mobile,US,a00068,latin
u00929,s000002,like,16,1,0,0,244,2025-02-20 16:49:36,mobile,US,a00133,rock
u00875,s000027,play,7,0,0,0,293,2025-12-01 12:16:20,mobile,US,a00122,jazz
u00635,s000217,PLAY,15,0,0,0,221,2025-04-02 16:40:42,mobile,US,a00050,pop
u00916,s000221,LIKE,11,1,0,0,192,2025-08-17 17:55:37,mobile,US,a00161,pop
u00457,s000160,PLAY,6,0,0,0,347,2025-07-26 21:43:52,mobile,US,a00062,latin
u00117,s000025,ADD_TO_PLAYLIST,8,1,0,0,288,2025-04-09 09:41:36,mobile,US,a00009,edm
u00610,s000010,play,9,0,0,0,331,2025-04-20 03:26:09,mobile,US,a00110,classical
u00503,s000031,play,5,0,0,0,257,2025-12-12 03:46:38,mobile,US,a00037,latin
u00950,s000463,PLAY,7,0,0,0,294,2025-05-25 00:57:31,mobile,US,a00033,jazz
u00615,s000039,add_to_playlist,17,1,0,0,311,2025-02-02 17:09:46,mobile,US,a00156,jazz
u00437,s000258,play,14,0,0,0,253,2025-07-26 02:54:25,mobile,US,a00118,latin
u00493,s000285,like,5,1,0,0,388,2025-06-19 21:35:58,mobile,US,a00003,edm
u00605,s000017,add_to_playlist,7,1,0,0,215,2025-07-04 04:45:54,mobile,US,a00184,jazz
u00770,s000014,add_to_playlist,5,1,0,0,387,2025-11-24 04:55:41,mobile,US,a00163,classical
u00044,s000006,LIKE,15,1,0,0,266,2025-06-17 08:33:48,mobile,US,a00199,hip-hop
u00263,s000003,ADD_TO_PLAYLIST,13,1,0,0,338,2025-10-28 07:41:24,mobile,US,a00066,rock
u00458,s000027,PLAY,5,0,0,0,266,2025-11-22 08:22:27,mobile,US,a00122,jazz
u00355,s000037,play,8,0,0,0,388,2025-09-28 10:48:30,mobile,US,a00183,indie
u00522,s000015,LIKE,11,1,0,0,277,2025-12-22 23:02:07,mobile,US,a00156,edm
u00715,s000438,play,5,0,0,0,194,2025-03-10 03:24:09,mobile,US,a00107,latin
u00709,s000024,play,10,0,0,0,297,2025-10-08 23:37:46,mobile,US,a00065,latin
u00525,s000467,skip,1,0,0,1,13,2025-08-19 21:54:50,mobile,US,a00017,edm
u00485,s000033,PLAY,12,0,0,0,386,2025-02-20 05:26:06,mobile,US,a00158,edm
u00792,s000014,PLAY,5,0,0,0,290,2025-04-24 01:08:30,mobile,US,a00163,classical
u00745,s000129,PLAY,14,0,0,0,251,2025-06-11 09:42:18,mobile,US,a00090,pop
u00657,s000039,like,17,1,0,0,387,2025-05-12 11:28:11,mobile,US,a00156,jazz
u00264,s000017,add_to_playlist,5,1,0,0,186,2025-05-18 02:33:50,mobile,US,a00184,jazz
u00993,s000090,play,5,0,0,0,272,2025-10-09 13:57:48,mobile,US,a00028,hip-hop
u00360,s000159,PLAY,16,0,0,0,275,2025-07-11 14:44:26,mobile,US,a00085,hip-hop
u00381,s000025,like,18,1,0,0,332,2025-10-23 15:00:17,mobile,US,a00009,edm
u00467,s000181,play,1,0,0,0,27,2025-06-25 17:59:22,mobile,US,a00000,latin
u00978,s000031,add_to_playlist,12,1,0,0,382,2025-01-28 03:39:28,mobile,US,a00037,latin
u00091,s000158,like,9,1,0,0,385,2025-02-10 09:50:06,mobile,US,a00117,hip-hop
u00979,s000025,add_to_playlist,19,1,0,0,399,2025-02-16 09:02:55,mobile,US,a00009,edm
u00451,s000015,PLAY,17,0,0,0,188,2025-07-20 03:11:19,mobile,US,a00156,edm
u00627,s000025,ADD_TO_PLAYLIST,13,1,0,0,203,2025-07-05 22:06:32,mobile,US,a00009,edm
u00963,s000408,LIKE,9,1,0,0,297,2025-11-18 18:00:52,mobile,US,a00025,indie
u00254,s000032,ADD_TO_PLAYLIST,6,1,0,0,271,2025-12-27 13:18:30,mobile,US,a00140,rock
u00239,s000031,PLAY,15,0,0,0,265,2025-02-04 02:22:39,mobile,US,a00037,latin
u00068,s000481,play,1,0,0,0,27,2025-03-24 15:16:08,mobile,US,a00157,classical
u00920,s000041,SKIP,1,0,0,1,11,2025-10-03 11:12:40,mobile,US,a00004,pop
u00712,s000002,add_to_playlist,16,1,0,0,326,2025-08-06 21:51:05,mobile,US,a00133,rock
u00803,s000297,PLAY,19,0,0,0,217,2025-12-03 23:52:33,mobile,US,a00041,rock
u00765,s000427,PLAY,10,0,0,0,380,2025-04-28 20:10:04,mobile,US,a00058,jazz
u00042,s000035,add_to_playlist,19,1,0,0,367,2025-09-03 10:09:08,mobile,US,a00108,pop
u00257,s000025,ADD_TO_PLAYLIST,17,1,0,0,199,2025-03-07 10:04:12,mobile,US,a00009,edm
u00418,s000088,PLAY,7,0,0,0,358,2025-08-27 22:49:29,mobile,US,a00136,latin
u00179,s000324,PLAY,1,0,0,0,5,2025-07-04 20:57:03,mobile,US,a00189,classical
u00822,s000000,ADD_TO_PLAYLIST,9,1,0,0,245,2025-03-14 09:01:17,mobile,US,a00178,edm
u00014,s000036,ADD_TO_PLAYLIST,17,1,0,0,385,2025-03-07 04:54:17,mobile,US,a00179,latin
u00487,s000488,SKIP,1,0,0,1,39,2025-08-25 19:32:42,mobile,US,a00002,rock
u00199,s000039,PLAY,13,0,0,0,208,2025-05-10 16:30:05,mobile,US,a00156,jazz
u00165,s000310,skip,1,0,0,1,39,2025-08-29 00:19:55,mobile,US,a00085,jazz
u00880,s000011,like,19,1,0,0,218,2025-02-03 00:40:40,mobile,US,a00156,classical
u00083,s000125,like,11,1,0,0,194,2025-12-03 23:54:10,mobile,US,a00037,latin
u00060,s000027,PLAY,16,0,0,0,346,2025-04-02 09:36:57,mobile,US,a00122,jazz
u00447,s000012,LIKE,7,1,0,0,315,2025-07-23 05:22:59,mobile,US,a00032,edm
u00325,s000025,play,19,0,0,0,330,2025-09-13 03:56:40,mobile,US,a00009,edm
u00712,s000406,PLAY,1,0,0,0,11,2025-11-10 15:30:10,mobile,US,a00153,pop
u00902,s000232,SKIP,1,0,0,1,8,2025-05-25 06:23:56,mobile,US,a00181,classical
u00361,s000038,play,16,0,0,0,356,2025-11-28 19:47:04,mobile,US,a00014,rock
u00707,s000018,like,12,1,0,0,276,2025-07-07 08:07:01,mobile,US,a00096,latin
u00615,s000188,play,18,0,0,0,379,2025-02-15 15:33:47,mobile,US,a00165,jazz
u00588,s000008,PLAY,5,0,0,0,255,2025-01-26 02:24:11,mobile,US,a00191,hip-hop
u00139,s000032,LIKE,13,1,0,0,295,2025-12-16 03:15:10,mobile,US,a00140,rock
u00238,s000013,PLAY,14,0,0,0,188,2025-06-26 20:09:36,mobile,US,a00154,jazz
u00241,s000178,play,18,0,0,0,321,2025-07-09 13:15:39,mobile,US,a00167,indie
u00855,s000014,LIKE,13,1,0,0,396,2025-08-14 13:44:41,mobile,US,a00163,classical
u00424,s000009,ADD_TO_PLAYLIST,15,1,0,0,390,2025-11-19 08:07:41,mobile,US,a00014,latin
u00867,s000012,add_to_playlist,17,1,0,0,387,2025-10-18 07:14:41,mobile,US,a00032,edm
u00590,s000233,PLAY,19,0,0,0,282,2025-06-27 06:15:56,mobile,US,a00141,rock
u00398,s000497,play,13,0,0,0,363,2025-11-06 18:08:37,mobile,US,a00152,latin
u00052,s000013,PLAY,15,0,0,0,278,2025-11-15 01:47:10,mobile,US,a00154,jazz
u00585,s000341,SKIP,1,0,0,1,27,2025-07-02 16:40:07,mobile,US,a00010,latin
u00829,s000009,LIKE,17,1,0,0,218,2025-01-20 19:18:48,mobile,US,a00014,latin
u00493,s000482,PLAY,15,0,0,0,397,2025-05-26 18:51:36,mobile,US,a00152,edm
u00172,s000427,like,7,1,0,0,354,2025-05-08 12:54:21,mobile,US,a00058,jazz
u00746,s000045,PLAY,11,0,0,0,344,2025-06-01 11:07:41,mobile,US,a00075,jazz
u00570,s000449,PLAY,1,0,0,0,35,2025-07-23 21:29:09,mobile,US,a00014,hip-hop
u00633,s000032,PLAY,18,0,0,0,254,2025-04-26 11:48:09,mobile,US,a00140,rock
u00009,s000022,PLAY,7,0,0,0,329,2025-09-25 03:42:50,mobile,US,a00195,pop
u00793,s000090,ADD_TO_PLAYLIST,7,1,0,0,337,2025-01-21 00:41:43,mobile,US,a00028,hip-hop
u00919,s000477,LIKE,13,1,0,0,298,2025-11-06 01:54:32,mobile,US,a00015,latin
u00617,s000024,play,10,0,0,0,302,2025-12-04 08:10:01,mobile,US,a00065,latin
u00071,s000035,PLAY,13,0,0,0,200,2025-04-27 04:29:06,mobile,US,a00108,pop
u00248,s000032,LIKE,8,1,0,0,211,2025-07-05 07:35:51,mobile,US,a00140,rock
u00431,s000012,LIKE,11,1,0,0,368,2025-10-14 06:32:01,mobile,US,a00032,edm
u00123,s000030,ADD_TO_PLAYLIST,18,1,0,0,182,2025-01-03 23:40:57,mobile,US,a00117,indie
u00578,s000035,PLAY,14,0,0,0,227,2025-03-04 13:29:16,mobile,US,a00108,pop
u00832,s000039,play,11,0,0,0,283,2025-12-11 09:52:36,mobile,US,a00156,jazz
u00216,s000202,LIKE,14,1,0,0,360,2025-05-17 02:25:53,mobile,US,a00123,hip-hop
u00284,s000023,ADD_TO_PLAYLIST,10,1,0,0,286,2025-02-13 23:41:16,mobile,US,a00085,pop
u00659,s000023,play,16,0,0,0,341,2025-04-01 16:16:51,mobile,US,a00085,pop
u00204,s000090,PLAY,13,0,0,0,332,2025-08-13 08:35:45,mobile,US,a00028,hip-hop
u00259,s000427,ADD_TO_PLAYLIST,19,1,0,0,227,2025-01-06 01:10:29,mobile,US,a00058,jazz
u00882,s000045,play,14,0,0,0,366,2025-06-15 12:01:29,mobile,US,a00075,jazz
u00713,s000090,play,19,0,0,0,315,2025-09-01 08:16:28,mobile,US,a00028,hip-hop
u00158,s000003,LIKE,14,1,0,0,197,2025-08-11 07:19:00,mobile,US,a00066,rock
u00348,s000322,skip,1,0,0,1,13,2025-06-29 02:20:45,mobile,US,a00144,classical
u00827,s000493,LIKE,15,1,0,0,382,2025-09-13 02:16:10,mobile,US,a00067,pop
u00087,s000224,play,11,0,0,0,254,2025-09-14 06:53:13,mobile,US,a00087,rock
u00580,s000436,like,14,1,0,0,314,2025-09-27 10:54:07,mobile,US,a00158,edm
u00590,s000085,ADD_TO_PLAYLIST,10,1,0,0,346,2025-03-08 05:16:31,mobile,US,a00091,rock
u00510,s000004,add_to_playlist,18,1,0,0,273,2025-05-31 00:22:32,mobile,US,a00134,rock
u00666,s000000,add_to_playlist,11,1,0,0,320,2025-08-23 13:37:25,mobile,US,a00178,edm
u00273,s000005,skip,1,0,0,1,56,2025-01-06 18:40:02,mobile,US,a00178,classical
u00912,s000005,add_to_playlist,5,1,0,0,318,2025-08-29 18:17:47,mobile,US,a00178,classical
u00167,s000300,PLAY,19,0,0,0,223,2025-06-26 06:42:28,mobile,US,a00165,indie
u00515,s000013,add_to_playlist,6,1,0,0,260,2025-11-17 15:53:42,mobile,US,a00154,jazz
u00138,s000284,like,11,1,0,0,230,2025-03-04 02:42:08,mobile,US,a00021,indie
u00920,s000014,LIKE,19,1,0,0,329,2025-03-01 21:14:47,mobile,US,a00163,classical
u00905,s000299,play,11,0,0,0,237,2025-03-06 04:55:08,mobile,US,a00040,pop
u00738,s000014,ADD_TO_PLAYLIST,17,1,0,0,234,2025-08-18 21:33:05,mobile,US,a00163,classical
u00409,s000015,play,8,0,0,0,263,2025-12-28 11:38:51,mobile,US,a00156,edm
u00448,s000441,PLAY,1,0,0,0,25,2025-07-28 13:14:08,mobile,US,a00097,pop
u00101,s000016,add_to_playlist,19,1,0,0,374,2025-01-31 13:36:29,mobile,US,a00037,pop
u00483,s000012,add_to_playlist,10,1,0,0,198,2025-11-02 01:31:34,mobile,US,a00032,edm
u00432,s000007,PLAY,16,0,0,0,197,2025-10-15 20:09:34,mobile,US,a00041,classical
u00739,s000008,ADD_TO_PLAYLIST,14,1,0,0,288,2025-01-10 12:21:27,mobile,US,a00191,hip-hop
u00108,s000015,LIKE,9,1,0,0,273,2025-12-10 08:16:31,mobile,US,a00156,edm
u00018,s000036,PLAY,18,0,0,0,338,2025-02-01 18:29:21,mobile,US,a00179,latin
u00678,s000194,like,16,1,0,0,220,2025-11-12 23:48:48,mobile,US,a00156,pop
u00805,s000059,play,10,0,0,0,222,2025-12-17 06:42:32,mobile,US,a00073,hip-hop
u00726,s000257,play,9,0,0,0,269,2025-06-07 03:47:21,mobile,US,a00194,jazz
u00953,s000008,play,14,0,0,0,251,2025-10-28 19:08:57,mobile,US,a00191,hip-hop
u00684,s000445,like,12,1,0,0,199,2025-08-11 19:21:41,mobile,US,a00167,rock
u00296,s000015,PLAY,10,0,0,0,354,2025-12-16 13:24:25,mobile,US,a00156,edm
u00786,s000020,ADD_TO_PLAYLIST,17,1,0,0,199,2025-10-27 11:37:26,mobile,US,a00182,indie
u00963,s000001,PLAY,9,0,0,0,304,2025-05-23 11:33:50,mobile,US,a00197,indie
u00173,s000318,play,1,0,0,0,18,2025-03-28 12:46:11,mobile,US,a00052,pop
u00500,s000001,play,19,0,0,0,263,2025-12-01 03:59:42,mobile,US,a00197,indie
u00798,s000225,SKIP,1,0,0,1,8,2025-05-26 10:42:41,mobile,US,a00077,edm
u00773,s000090,PLAY,15,0,0,0,363,2025-03-31 07:49:19,mobile,US,a00028,hip-hop
u00930,s000037,PLAY,5,0,0,0,322,2025-05-05 00:24:02,mobile,US,a00183,indie
u00122,s000089,LIKE,8,1,0,0,315,2025-12-12 13:20:07,mobile,US,a00050,pop
u00140,s000024,play,16,0,0,0,348,2025-07-27 08:25:27,mobile,US,a00065,latin
u00331,s000004,play,18,0,0,0,379,2025-07-20 21:20:07,mobile,US,a00134,rock
u00414,s000197,play,17,0,0,0,284,2025-05-28 02:51:23,mobile,US,a00130,jazz
u00569,s000042,play,8,0,0,0,313,2025-04-07 18:16:53,mobile,US,a00156,indie
u00190,s000426,PLAY,8,0,0,0,274,2025-07-30 23:01:00,mobile,US,a00071,indie
u00633,s000164,skip,1,0,0,1,7,2025-02-18 05:40:25,mobile,US,a00070,classical
u00733,s000018,play,6,0,0,0,333,2025-11-21 13:40:07,mobile,US,a00096,latin
u00611,s000023,add_to_playlist,7,1,0,0,254,2025-03-14 03:00:50,mobile,US,a00085,pop
u00324,s000033,add_to_playlist,15,1,0,0,277,2025-01-04 09:48:47,mobile,US,a00158,edm
u00484,s000010,play,19,0,0,0,333,2025-07-04 20:06:01,mobile,US,a00110,classical
u00312,s000224,play,1,0,0,0,11,2025-04-03 09:49:25,mobile,US,a00087,rock
u00943,s000164,PLAY,10,0,0,0,365,2025-04-04 00:40:40,mobile,US,a00070,classical
u00107,s000008,LIKE,11,1,0,0,300,2025-07-03 00:37:41,mobile,US,a00191,hip-hop
u00527,s000214,PLAY,14,0,0,0,297,2025-02-12 15:06:24,mobile,US,a00071,pop
u00507,s000290,skip,1,0,0,1,41,2025-05-23 05:35:11,mobile,US,a00097,rock
u00729,s000288,PLAY,11,0,0,0,350,2025-11-13 18:18:13,mobile,US,a00028,hip-hop
u00155,s000409,like,5,1,0,0,349,2025-03-17 13:15:30,mobile,US,a00046,pop
u00357,s000031,play,15,0,0,0,219,2025-04-28 12:14:40,mobile,US,a00037,latin
u00921,s000344,PLAY,16,0,0,0,225,2025-12-17 05:30:18,mobile,US,a00186,indie
u00987,s000008,like,15,1,0,0,394,2025-01-27 09:39:00,mobile,US,a00191,hip-hop
u00859,s000020,like,17,1,0,0,321,2025-11-06 19:53:15,mobile,US,a00182,indie
u00759,s000115,play,10,0,0,0,194,2025-12-14 07:13:49,mobile,US,a00179,indie
u00176,s000227,skip,1,0,0,1,40,2025-10-16 15:45:09,mobile,US,a00119,latin
u00381,s000015,PLAY,6,0,0,0,255,2025-01-23 03:32:20,mobile,US,a00156,edm
u00233,s000090,ADD_TO_PLAYLIST,14,1,0,0,268,2025-08-23 14:41:56,mobile,US,a00028,hip-hop
u00293,s000026,like,11,1,0,0,381,2025-05-19 16:54:54,mobile,US,a00004,pop
u00836,s000229,play,6,0,0,0,278,2025-12-29 23:38:03,mobile,US,a00143,jazz
u00933,s000021,play,10,0,0,0,368,2025-09-07 23:47:10,mobile,US,a00032,rock
u00118,s000036,LIKE,13,1,0,0,324,2025-08-27 03:34:54,mobile,US,a00179,latin
u00921,s000020,PLAY,17,0,0,0,246,2025-05-19 20:37:34,mobile,US,a00182,indie
u00306,s000381,play,7,0,0,0,233,2025-12-07 11:20:33,mobile,US,a00100,hip-hop
u00928,s000018,skip,1,0,0,1,25,2025-07-27 07:36:37,mobile,US,a00096,latin
u00128,s000090,PLAY,10,0,0,0,356,2025-11-27 07:25:38,mobile,US,a00028,hip-hop
u00081,s000461,SKIP,1,0,0,1,31,2025-03-31 18:07:07,mobile,US,a00054,classical
u00234,s000083,play,5,0,0,0,334,2025-10-10 22:47:05,mobile,US,a00126,hip-hop
u00869,s000033,LIKE,10,1,0,0,377,2025-05-26 04:16:03,mobile,US,a00158,edm
u00033,s000230,skip,1,0,0,1,31,2025-08-18 11:46:28,mobile,US,a00195,indie
u00565,s000023,like,18,1,0,0,333,2025-01-01 20:27:51,mobile,US,a00085,pop
u00883,s000031,PLAY,9,0,0,0,323,2025-06-08 00:03:04,mobile,US,a00037,latin
u00165,s000002,play,9,0,0,0,261,2025-11-22 21:14:59,mobile,US,a00133,rock
u00501,s000455,like,19,1,0,0,293,2025-08-25 04:50:46,mobile,US,a00160,classical
u00926,s000007,LIKE,7,1,0,0,216,2025-02-02 14:46:41,mobile,US,a00041,classical
u00638,s000215,SKIP,1,0,0,1,27,2025-03-20 08:34:57,mobile,US,a00053,rock
u00165,s000348,skip,1,0,0,1,8,2025-07-02 02:56:57,mobile,US,a00054,latin
u00810,s000017,PLAY,19,0,0,0,383,2025-02-24 06:47:56,mobile,US,a00184,jazz
u00386,s000039,PLAY,8,0,0,0,387,2025-10-27 10:47:20,mobile,US,a00156,jazz
u00070,s000041,like,8,1,0,0,197,2025-10-08 20:43:27,mobile,US,a00004,pop
u00920,s000011,LIKE,12,1,0,0,239,2025-04-10 09:50:50,mobile,US,a00156,classical
u00166,s000009,add_to_playlist,19,1,0,0,381,2025-02-24 06:23:45,mobile,US,a00014,latin
u00738,s000478,play,1,0,0,0,50,2025-04-09 14:13:29,mobile,US,a00183,edm
u00109,s000347,add_to_playlist,19,1,0,0,334,2025-01-20 18:11:19,mobile,US,a00097,indie
u00648,s000475,add_to_playlist,6,1,0,0,370,2025-01-04 23:55:29,mobile,US,a00061,latin
u00115,s000442,ADD_TO_PLAYLIST,18,1,0,0,383,2025-03-14 22:58:41,mobile,US,a00130,hip-hop
u00148,s000003,like,9,1,0,0,317,2025-11-04 06:12:31,mobile,US,a00066,rock
u00574,s000020,play,12,0,0,0,337,2025-03-30 00:11:50,mobile,US,a00182,indie
u00029,s000090,play,18,0,0,0,298,2025-05-16 22:42:19,mobile,US,a00028,hip-hop
u00073,s000035,play,19,0,0,0,359,2025-09-30 23:14:53,mobile,US,a00108,pop
u00006,s000005,PLAY,7,0,0,0,208,2025-10-22 08:11:13,mobile,US,a00178,classical
u00903,s000001,PLAY,9,0,0,0,380,2025-10-19 02:48:21,mobile,US,a00197,indie
u00624,s000014,play,9,0,0,0,346,2025-10-04 21:32:41,mobile,US,a00163,classical
u00696,s000250,add_to_playlist,15,1,0,0,304,2025-02-14 22:25:45,mobile,US,a00001,indie
u00035,s000010,play,14,0,0,0,273,2025-06-04 17:06:09,mobile,US,a00110,classical
u00127,s000303,play,1,0,0,0,7,2025-04-25 07:01:46,mobile,US,a00164,edm
u00397,s000015,PLAY,19,0,0,0,395,2025-08-14 18:17:33,mobile,US,a00156,edm
u00478,s000032,PLAY,19,0,0,0,212,2025-05-27 16:19:27,mobile,US,a00140,rock
u00084,s000236,play,1,0,0,0,17,2025-02-13 19:16:58,mobile,US,a00006,rock
u00956,s000083,PLAY,19,0,0,0,346,2025-09-06 03:11:03,mobile,US,a00126,hip-hop
u00512,s000464,play,1,0,0,0,7,2025-10-15 03:32:37,mobile,US,a00157,jazz
u00234,s000138,add_to_playlist,17,1,0,0,361,2025-03-05 21:33:57,mobile,US,a00024,hip-hop
u00618,s000001,LIKE,15,1,0,0,201,2025-05-17 19:09:00,mobile,US,a00197,indie
u00048,s000339,ADD_TO_PLAYLIST,18,1,0,0,375,2025-05-26 16:35:03,mobile,US,a00010,edm
u00214,s000017,play,11,0,0,0,330,2025-12-22 08:40:08,mobile,US,a00184,jazz
u00410,s000017,ADD_TO_PLAYLIST,19,1,0,0,240,2025-11-12 23:24:08,mobile,US,a00184,jazz
u00784,s000222,skip,1,0,0,1,56,2025-08-07 18:59:06,mobile,US,a00034,rock
u00255,s000017,play,7,0,0,0,195,2025-08-27 18:23:35,mobile,US,a00184,jazz
u00039,s000017,LIKE,10,1,0,0,184,2025-05-25 19:40:27,mobile,US,a00184,jazz
u00293,s000016,play,5,0,0,0,358,2025-02-07 13:12:30,mobile,US,a00037,pop
u00018,s000009,add_to_playlist,15,1,0,0,299,2025-04-17 05:57:48,mobile,US,a00014,latin
u00341,s000008,ADD_TO_PLAYLIST,6,1,0,0,261,2025-07-09 09:49:36,mobile,US,a00191,hip-hop
u00374,s000004,play,13,0,0,0,352,2025-02-27 12:31:42,mobile,US,a00134,rock
u00031,s000003,ADD_TO_PLAYLIST,10,1,0,0,264,2025-07-25 18:31:04,mobile,US,a00066,rock
u00449,s000015,like,17,1,0,0,293,2025-04-18 18:04:30,mobile,US,a00156,edm
u00825,s000253,SKIP,1,0,0,1,49,2025-01-07 04:46:19,mobile,US,a00196,pop
u00315,s000036,play,18,0,0,0,204,2025-06-18 09:56:54,mobile,US,a00179,latin
u00640,s000015,PLAY,13,0,0,0,330,2025-09-28 05:42:07,mobile,US,a00156,edm
u00219,s000042,play,5,0,0,0,344,2025-03-19 02:52:17,mobile,US,a00156,indie
u00787,s000031,PLAY,11,0,0,0,220,2025-05-13 15:36:33,mobile,US,a00037,latin
u00519,s000016,PLAY,14,0,0,0,250,2025-11-05 05:42:46,mobile,US,a00037,pop
u00173,s000008,PLAY,16,0,0,0,332,2025-01-04 17:08:22,mobile,US,a00191,hip-hop
u00277,s000025,play,10,0,0,0,348,2025-06-21 14:41:18,mobile,US,a00009,edm
u00511,s000023,like,7,1,0,0,328,2025-03-29 13:07:32,mobile,US,a00085,pop
u00343,s000016,play,6,0,0,0,284,2025-02-08 10:07:55,mobile,US,a00037,pop
u00331,s000141,PLAY,9,0,0,0,341,2025-08-05 16:01:44,mobile,US,a00197,rock
u00523,s000042,like,6,1,0,0,313,2025-08-10 17:38:06,mobile,US,a00156,indie
u00689,s000406,PLAY,17,0,0,0,254,2025-11-20 02:11:54,mobile,US,a00153,pop
u00068,s000015,SKIP,1,0,0,1,37,2025-11-28 18:26:12,mobile,US,a00156,edm
u00935,s000021,play,15,0,0,0,372,2025-12-07 20:07:16,mobile,US,a00032,rock
u00261,s000251,ADD_TO_PLAYLIST,17,1,0,0,246,2025-12-23 16:17:15,mobile,US,a00128,edm
u00293,s000063,SKIP,1,0,0,1,59,2025-01-08 18:40:20,mobile,US,a00199,classical
u00589,s000209,play,5,0,0,0,300,2025-10-28 06:38:30,mobile,US,a00007,classical
u00856,s000172,play,5,0,0,0,301,2025-09-06 03:47:26,mobile,US,a00157,jazz
u00017,s000031,like,19,1,0,0,268,2025-05-16 09:08:53,mobile,US,a00037,latin
u00237,s000058,like,16,1,0,0,269,2025-10-14 00:12:28,mobile,US,a00010,edm
u00891,s000042,PLAY,19,0,0,0,366,2025-03-14 08:07:01,mobile,US,a00156,indie
u00278,s000034,play,11,0,0,0,322,2025-12-21 10:43:50,mobile,US,a00046,rock
u00347,s000102,like,7,1,0,0,377,2025-08-28 13:13:32,mobile,US,a00181,hip-hop
u00339,s000090,add_to_playlist,10,1,0,0,318,2025-10-24 07:59:36,mobile,US,a00028,hip-hop
u00077,s000083,LIKE,18,1,0,0,253,2025-04-02 02:47:31,mobile,US,a00126,hip-hop
u00814,s000383,play,19,0,0,0,263,2025-12-20 01:22:41,mobile,US,a00186,hip-hop
u00844,s000005,like,7,1,0,0,393,2025-01-19 13:57:56,mobile,US,a00178,classical
u00461,s000407,ADD_TO_PLAYLIST,5,1,0,0,253,2025-12-10 18:11:09,mobile,US,a00108,classical
u00918,s000059,play,13,0,0,0,250,2025-09-05 02:34:35,mobile,US,a00073,hip-hop
u00393,s000018,like,11,1,0,0,342,2025-03-30 06:52:38,mobile,US,a00096,latin
u00757,s000027,play,18,0,0,0,251,2025-05-28 23:49:39,mobile,US,a00122,jazz
u00800,s000002,play,19,0,0,0,185,2025-01-14 13:50:06,mobile,US,a00133,rock
u00801,s000012,play,7,0,0,0,380,2025-05-16 00:14:59,mobile,US,a00032,edm
u00849,s000000,play,11,0,0,0,244,2025-05-12 08:18:10,mobile,US,a00178,edm
u00342,s000039,PLAY,16,0,0,0,383,2025-07-08 13:12:07,mobile,US,a00156,jazz
u00471,s000022,play,1,0,0,0,51,2025-07-04 04:11:03,mobile,US,a00195,pop
u00032,s000185,like,6,1,0,0,367,2025-03-17 15:15:26,mobile,US,a00193,hip-hop
u00147,s000045,like,5,1,0,0,323,2025-03-07 21:22:07,mobile,US,a00075,jazz
u00331,s000032,ADD_TO_PLAYLIST,10,1,0,0,365,2025-03-06 07:35:25,mobile,US,a00140,rock
u00073,s000023,PLAY,5,0,0,0,195,2025-07-02 00:08:57,mobile,US,a00085,pop
u00188,s000042,ADD_TO_PLAYLIST,11,1,0,0,342,2025-05-16 17:24:40,mobile,US,a00156,indie
u00128,s000463,PLAY,1,0,0,0,16,2025-12-10 11:06:02,mobile,US,a00033,jazz
u00503,s000454,play,1,0,0,0,15,2025-11-21 00:13:44,mobile,US,a00140,rock
u00551,s000083,ADD_TO_PLAYLIST,5,1,0,0,273,2025-04-13 03:42:22,mobile,US,a00126,hip-hop
u00292,s000004,add_to_playlist,14,1,0,0,208,2025-09-09 03:49:51,mobile,US,a00134,rock
u00873,s000002,play,13,0,0,0,196,2025-05-24 07:50:15,mobile,US,a00133,rock
u00022,s000035,PLAY,18,0,0,0,277,2025-04-16 04:40:51,mobile,US,a00108,pop
u00208,s000033,PLAY,18,0,0,0,301,2025-01-27 12:37:40,mobile,US,a00158,edm
u00387,s000266,PLAY,17,0,0,0,247,2025-06-14 15:59:35,mobile,US,a00171,indie
u00306,s000350,like,16,1,0,0,348,2025-01-22 17:11:11,mobile,US,a00151,hip-hop
u00822,s000033,play,11,0,0,0,373,2025-04-06 16:01:19,mobile,US,a00158,edm
u00774,s000255,add_to_playlist,9,1,0,0,272,2025-06-26 10:51:19,mobile,US,a00010,pop
u00528,s000363,PLAY,1,0,0,0,15,2025-10-02 17:14:41,mobile,US,a00039,edm
u00244,s000001,ADD_TO_PLAYLIST,8,1,0,0,236,2025-01-16 04:23:57,mobile,US,a00197,indie
u00959,s000490,PLAY,1,0,0,0,22,2025-02-18 06:39:53,mobile,US,a00141,rock
u00521,s000030,LIKE,8,1,0,0,356,2025-09-13 01:58:48,mobile,US,a00117,indie
u00952,s000150,PLAY,19,0,0,0,319,2025-04-10 01:15:26,mobile,US,a00113,classical
u00794,s000306,SKIP,1,0,0,1,7,2025-05-18 03:01:01,mobile,US,a00075,latin
u00756,s000140,SKIP,1,0,0,1,16,2025-11-17 01:09:27,mobile,US,a00179,edm
u00328,s000009,add_to_playlist,17,1,0,0,210,2025-03-28 06:34:18,mobile,US,a00014,latin
u00941,s000014,PLAY,5,0,0,0,218,2025-01-03 08:28:03,mobile,US,a00163,classical
u00987,s000309,PLAY,11,0,0,0,277,2025-11-15 17:10:59,mobile,US,a00105,hip-hop
u00927,s000202,ADD_TO_PLAYLIST,13,1,0,0,249,2025-02-08 01:39:22,mobile,US,a00123,hip-hop
u00650,s000146,ADD_TO_PLAYLIST,17,1,0,0,313,2025-01-08 19:00:33,mobile,US,a00062,indie
u00611,s000026,ADD_TO_PLAYLIST,12,1,0,0,182,2025-09-30 04:49:19,mobile,US,a00004,pop
u00678,s000026,play,14,0,0,0,200,2025-08-16 16:19:34,mobile,US,a00004,pop
u00905,s000035,LIKE,16,1,0,0,182,2025-02-11 13:38:41,mobile,US,a00108,pop
u00743,s000007,PLAY,5,0,0,0,353,2025-01-07 05:11:13,mobile,US,a00041,classical
u00824,s000018,ADD_TO_PLAYLIST,9,1,0,0,321,2025-12-31 02:06:56,mobile,US,a00096,latin
u00319,s000000,play,12,0,0,0,248,2025-12-21 09:56:49,mobile,US,a00178,edm
u00120,s000036,PLAY,18,0,0,0,398,2025-02-22 14:54:18,mobile,US,a00179,latin
u00247,s000004,play,14,0,0,0,339,2025-01-11 16:02:29,mobile,US,a00134,rock
u00018,s000355,PLAY,1,0,0,0,54,2025-08-10 21:27:08,mobile,US,a00035,hip-hop
u00855,s000011,ADD_TO_PLAYLIST,18,1,0,0,314,2025-02-14 02:24:28,mobile,US,a00156,classical
u00552,s000011,LIKE,11,1,0,0,217,2025-10-01 10:40:58,mobile,US,a00156,classical
u00017,s000009,LIKE,19,1,0,0,237,2025-08-06 00:20:57,mobile,US,a00014,latin
u00349,s000042,play,8,0,0,0,346,2025-07-14 08:19:49,mobile,US,a00156,indie
u00238,s000400,PLAY,15,0,0,0,271,2025-01-12 20:43:35,mobile,US,a00199,jazz
u00758,s000440,PLAY,12,0,0,0,262,2025-08-19 07:05:20,mobile,US,a00044,rock
u00634,s000022,like,16,1,0,0,182,2025-08-13 12:25:14,mobile,US,a00195,pop
u00328,s000317,LIKE,9,1,0,0,328,2025-08-24 17:46:44,mobile,US,a00011,latin
u00578,s000022,play,11,0,0,0,370,2025-02-02 00:01:29,mobile,US,a00195,pop
u00888,s000159,LIKE,13,1,0,0,298,2025-04-26 08:02:23,mobile,US,a00085,hip-hop
u00942,s000053,skip,1,0,0,1,56,2025-03-13 09:13:17,mobile,US,a00025,indie
u00117,s000153,PLAY,1,0,0,0,53,2025-07-04 11:37:42,mobile,US,a00080,pop
u00157,s000280,PLAY,15,0,0,0,261,2025-03-20 13:56:29,mobile,US,a00039,pop
u00674,s000398,LIKE,8,1,0,0,347,2025-02-25 18:01:33,mobile,US,a00117,hip-hop
u00801,s000025,play,17,0,0,0,212,2025-04-26 12:22:55,mobile,US,a00009,edm
u00438,s000037,play,5,0,0,0,359,2025-08-02 13:15:40,mobile,US,a00183,indie
u00276,s000032,like,5,1,0,0,361,2025-10-12 00:02:25,mobile,US,a00140,rock
u00642,s000031,add_to_playlist,13,1,0,0,357,2025-05-27 07:02:20,mobile,US,a00037,latin
u00184,s000472,play,7,0,0,0,184,2025-11-08 06:41:50,mobile,US,a00045,rock
u00944,s000007,ADD_TO_PLAYLIST,12,1,0,0,250,2025-09-20 20:02:50,mobile,US,a00041,classical
u00775,s000007,play,7,0,0,0,264,2025-07-13 23:53:19,mobile,US,a00041,classical
u00804,s000323,play,13,0,0,0,195,2025-05-20 23:41:12,mobile,US,a00153,edm
u00421,s000295,PLAY,18,0,0,0,388,2025-02-10 12:53:49,mobile,US,a00127,pop
u00211,s000042,like,13,1,0,0,220,2025-10-18 18:01:45,mobile,US,a00156,indie
u00117,s000025,PLAY,14,0,0,0,371,2025-03-10 10:22:07,mobile,US,a00009,edm
u00656,s000020,LIKE,18,1,0,0,236,2025-05-09 08:24:19,mobile,US,a00182,indie
u00414,s000027,like,16,1,0,0,322,2025-06-20 11:52:59,mobile,US,a00122,jazz
u00813,s000327,SKIP,1,0,0,1,53,2025-12-27 10:25:58,mobile,US,a00063,classical
u00825,s000006,play,19,0,0,0,251,2025-12-27 14:58:55,mobile,US,a00199,hip-hop
u00009,s000022,play,15,0,0,0,343,2025-12-06 19:58:57,mobile,US,a00195,pop
u00516,s000024,LIKE,19,1,0,0,345,2025-04-14 10:22:48,mobile,US,a00065,latin
u00793,s000294,PLAY,8,0,0,0,394,2025-06-12 12:01:44,mobile,US,a00145,hip-hop
u00103,s000083,play,6,0,0,0,299,2025-09-14 19:09:41,mobile,US,a00126,hip-hop
u00969,s000045,like,16,1,0,0,184,2025-07-28 11:10:07,mobile,US,a00075,jazz
u00759,s000342,play,11,0,0,0,346,2025-10-25 09:24:56,mobile,US,a00163,indie
u00788,s000031,add_to_playlist,18,1,0,0,366,2025-02-19 23:41:29,mobile,US,a00037,latin
u00990,s000023,PLAY,10,0,0,0,326,2025-03-05 06:49:54,mobile,US,a00085,pop
u00792,s000222,skip,1,0,0,1,37,2025-10-15 15:35:03,mobile,US,a00034,rock
u00267,s000018,like,8,1,0,0,366,2025-04-06 16:32:59,mobile,US,a00096,latin
u00479,s000309,PLAY,8,0,0,0,316,2025-07-28 16:35:21,mobile,US,a00105,hip-hop
u00880,s000460,like,19,1,0,0,282,2025-12-20 12:15:39,mobile,US,a00193,classical
u00385,s000018,like,13,1,0,0,302,2025-10-17 23:25:23,mobile,US,a00096,latin
u00869,s000335,like,15,1,0,0,328,2025-02-22 13:36:04,mobile,US,a00114,edm
u00197,s000083,play,11,0,0,0,266,2025-08-23 21:25:02,mobile,US,a00126,hip-hop
u00436,s000036,play,6,0,0,0,246,2025-09-21 01:31:33,mobile,US,a00179,latin
u00578,s000035,like,7,1,0,0,283,2025-08-24 13:08:01,mobile,US,a00108,pop
u00797,s000042,play,12,0,0,0,230,2025-03-13 09:08:05,mobile,US,a00156,indie
u00490,s000018,add_to_playlist,9,1,0,0,344,2025-06-15 14:39:19,mobile,US,a00096,latin
u00803,s000021,ADD_TO_PLAYLIST,16,1,0,0,367,2025-12-17 10:41:43,mobile,US,a00032,rock
u00043,s000450,PLAY,17,0,0,0,310,2025-09-22 03:41:53,mobile,US,a00119,latin
u00334,s000025,play,16,0,0,0,297,2025-11-10 00:06:16,mobile,US,a00009,edm
u00044,s000235,LIKE,17,1,0,0,300,2025-02-11 07:25:21,mobile,US,a00175,hip-hop
u00516,s000036,LIKE,12,1,0,0,374,2025-06-06 10:22:16,mobile,US,a00179,latin
u00436,s000031,PLAY,5,0,0,0,186,2025-03-13 02:30:11,mobile,US,a00037,latin
u00654,s000132,add_to_playlist,17,1,0,0,199,2025-05-03 22:22:52,mobile,US,a00170,edm
u00226,s000011,play,14,0,0,0,380,2025-01-14 10:51:09,mobile,US,a00156,classical
u00477,s000036,like,12,1,0,0,292,2025-02-09 00:08:57,mobile,US,a00179,latin
u00326,s000148,add_to_playlist,8,1,0,0,192,2025-04-28 09:25:18,mobile,US,a00153,jazz
u00055,s000008,PLAY,18,0,0,0,255,2025-02-01 04:27:22,mobile,US,a00191,hip-hop
u00879,s000011,like,5,1,0,0,320,2025-11-03 03:32:28,mobile,US,a00156,classical
u00661,s000045,play,6,0,0,0,341,2025-09-20 06:22:16,mobile,US,a00075,jazz
u00450,s000120,skip,1,0,0,1,51,2025-05-15 05:29:44,mobile,US,a00034,pop
u00852,s000430,skip,1,0,0,1,46,2025-04-02 19:44:57,mobile,US,a00166,rock
u00353,s000009,play,6,0,0,0,282,2025-03-03 09:56:21,mobile,US,a00014,latin
u00673,s000033,ADD_TO_PLAYLIST,6,1,0,0,196,2025-03-13 19:55:49,mobile,US,a00158,edm
u00075,s000214,ADD_TO_PLAYLIST,17,1,0,0,275,2025-05-22 01:41:10,mobile,US,a00071,pop
u00771,s000014,ADD_TO_PLAYLIST,6,1,0,0,355,2025-08-10 06:40:42,mobile,US,a00163,classical
u00715,s000378,PLAY,1,0,0,0,50,2025-08-12 02:45:06,mobile,US,a00097,edm
u00927,s000383,add_to_playlist,13,1,0,0,287,2025-02-05 22:23:51,mobile,US,a00186,hip-hop
u00383,s000195,PLAY,9,0,0,0,237,2025-04-02 18:12:09,mobile,US,a00054,classical
u00507,s000027,play,18,0,0,0,399,2025-08-08 08:44:04,mobile,US,a00122,jazz
u00410,s000008,PLAY,1,0,0,0,47,2025-11-06 20:32:48,mobile,US,a00191,hip-hop
u00941,s000253,PLAY,1,0,0,0,36,2025-11-19 21:09:27,mobile,US,a00196,pop
u00511,s000178,skip,1,0,0,1,11,2025-11-03 20:16:46,mobile,US,a00167,indie
u00141,s000032,add_to_playlist,19,1,0,0,183,2025-05-16 19:46:36,mobile,US,a00140,rock
u00432,s000011,ADD_TO_PLAYLIST,18,1,0,0,344,2025-01-01 23:48:03,mobile,US,a00156,classical
u00247,s000003,ADD_TO_PLAYLIST,16,1,0,0,261,2025-02-17 07:24:15,mobile,US,a00066,rock
u00680,s000009,like,16,1,0,0,236,2025-02-16 20:07:15,mobile,US,a00014,latin
u00975,s000379,play,8,0,0,0,233,2025-09-18 06:50:19,mobile,US,a00011,pop
u00332,s000126,ADD_TO_PLAYLIST,12,1,0,0,355,2025-04-26 15:49:12,mobile,US,a00129,hip-hop
u00203,s000032,play,18,0,0,0,187,2025-05-26 10:11:48,mobile,US,a00140,rock
u00793,s000334,play,6,0,0,0,393,2025-11-24 05:30:09,mobile,US,a00035,hip-hop
u00442,s000021,PLAY,9,0,0,0,183,2025-03-27 11:36:03,mobile,US,a00032,rock
u00801,s000213,add_to_playlist,19,1,0,0,381,2025-08-11 05:45:43,mobile,US,a00186,edm
u00437,s000031,play,15,0,0,0,385,2025-06-15 16:12:20,mobile,US,a00037,latin
u00416,s000011,play,19,0,0,0,377,2025-11-26 08:10:40,mobile,US,a00156,classical
u00709,s000018,PLAY,8,0,0,0,191,2025-08-29 01:38:52,mobile,US,a00096,latin
u00291,s000188,PLAY,17,0,0,0,305,2025-12-26 22:56:28,mobile,US,a00165,jazz
u00933,s000460,skip,1,0,0,1,39,2025-05-21 06:52:42,mobile,US,a00193,classical
u00385,s000009,ADD_TO_PLAYLIST,16,1,0,0,257,2025-07-02 03:02:31,mobile,US,a00014,latin
u00993,s000083,PLAY,6,0,0,0,334,2025-09-04 07:29:41,mobile,US,a00126,hip-hop
u00289,s000056,play,5,0,0,0,259,2025-12-19 05:28:49,mobile,US,a00068,latin
u00221,s000027,like,8,1,0,0,201,2025-02-16 11:08:14,mobile,US,a00122,jazz
u00795,s000030,PLAY,7,0,0,0,180,2025-10-10 06:33:13,mobile,US,a00117,indie
u00284,s000022,add_to_playlist,7,1,0,0,272,2025-02-27 04:34:01,mobile,US,a00195,pop
u00563,s000003,skip,1,0,0,1,51,2025-01-18 00:44:47,mobile,US,a00066,rock
u00341,s000059,PLAY,17,0,0,0,309,2025-11-15 08:16:28,mobile,US,a00073,hip-hop
u00837,s000327,like,15,1,0,0,369,2025-11-08 07:48:37,mobile,US,a00063,classical
u00544,s000032,PLAY,11,0,0,0,228,2025-02-21 13:02:57,mobile,US,a00140,rock
u00588,s000059,LIKE,13,1,0,0,393,2025-03-13 19:57:26,mobile,US,a00073,hip-hop
u00537,s000020,play,14,0,0,0,289,2025-11-05 16:37:16,mobile,US,a00182,indie
u00629,s000204,SKIP,1,0,0,1,10,2025-12-30 20:18:00,mobile,US,a00054,classical
u00283,s000422,skip,1,0,0,1,22,2025-05-24 07:20:52,mobile,US,a00006,jazz
u00858,s000168,skip,1,0,0,1,38,2025-08-02 20:47:09,mobile,US,a00122,jazz
u00358,s000004,PLAY,16,0,0,0,308,2025-06-01 15:31:59,mobile,US,a00134,rock
u00368,s000045,add_to_playlist,14,1,0,0,228,2025-11-06 02:49:32,mobile,US,a00075,jazz
u00258,s000031,like,13,1,0,0,370,2025-09-20 12:48:05,mobile,US,a00037,latin
u00449,s000298,PLAY,1,0,0,0,48,2025-07-21 18:46:15,mobile,US,a00099,classical
u00654,s000374,PLAY,1,0,0,0,13,2025-07-17 17:53:59,mobile,US,a00107,jazz
u00123,s000487,PLAY,1,0,0,0,51,2025-06-06 22:58:44,mobile,US,a00176,rock
u00841,s000031,add_to_playlist,15,1,0,0,332,2025-12-06 04:42:30,mobile,US,a00037,latin
u00580,s000056,skip,1,0,0,1,7,2025-08-04 02:49:30,mobile,US,a00068,latin
u00880,s000278,PLAY,6,0,0,0,209,2025-11-18 15:50:29,mobile,US,a00013,classical
u00822,s000000,play,8,0,0,0,261,2025-02-18 13:29:53,mobile,US,a00178,edm
u00790,s000012,PLAY,15,0,0,0,337,2025-05-10 16:36:09,mobile,US,a00032,edm
u00687,s000007,like,15,1,0,0,346,2025-09-08 23:23:01,mobile,US,a00041,classical
u00499,s000083,PLAY,6,0,0,0,382,2025-09-27 08:52:58,mobile,US,a00126,hip-hop
u00850,s000030,PLAY,19,0,0,0,288,2025-12-16 16:36:33,mobile,US,a00117,indie
u00025,s000318,SKIP,1,0,0,1,47,2025-05-29 23:49:57,mobile,US,a00052,pop
u00249,s000013,like,16,1,0,0,306,2025-10-06 04:33:59,mobile,US,a00154,jazz
u00715,s000348,ADD_TO_PLAYLIST,16,1,0,0,216,2025-07-18 07:43:49,mobile,US,a00054,latin
u00326,s000017,play,18,0,0,0,203,2025-12-02 07:49:10,mobile,US,a00184,jazz
u00456,s000033,play,15,0,0,0,230,2025-07-06 07:07:58,mobile,US,a00158,edm
u00266,s000280,PLAY,1,0,0,0,14,2025-08-08 06:37:44,mobile,US,a00039,pop
u00595,s000090,add_to_playlist,13,1,0,0,262,2025-03-26 11:50:30,mobile,US,a00028,hip-hop
u00948,s000101,SKIP,1,0,0,1,37,2025-06-07 14:57:32,mobile,US,a00163,pop
u00828,s000258,play,1,0,0,0,37,2025-10-25 12:05:25,mobile,US,a00118,latin
u00129,s000008,PLAY,18,0,0,0,185,2025-03-02 12:17:35,mobile,US,a00191,hip-hop
u00440,s000002,ADD_TO_PLAYLIST,10,1,0,0,381,2025-11-19 06:27:44,mobile,US,a00133,rock
u00634,s000026,play,18,0,0,0,200,2025-11-20 02:31:18,mobile,US,a00004,pop
u00237,s000000,play,7,0,0,0,311,2025-02-02 21:42:16,mobile,US,a00178,edm
u00547,s000083,play,7,0,0,0,293,2025-06-13 09:44:13,mobile,US,a00126,hip-hop
u00508,s000009,PLAY,8,0,0,0,246,2025-03-06 18:48:15,mobile,US,a00014,latin
u00102,s000016,LIKE,9,1,0,0,329,2025-10-22 23:34:11,mobile,US,a00037,pop
u00959,s000030,PLAY,6,0,0,0,252,2025-09-23 22:56:34,mobile,US,a00117,indie
u00362,s000002,LIKE,8,1,0,0,256,2025-06-01 17:43:57,mobile,US,a00133,rock
u00719,s000090,ADD_TO_PLAYLIST,5,1,0,0,358,2025-06-30 11:33:57,mobile,US,a00028,hip-hop
u00311,s000001,like,7,1,0,0,323,2025-05-11 11:07:11,mobile,US,a00197,indie
u00275,s000090,play,13,0,0,0,301,2025-09-03 10:09:19,mobile,US,a00028,hip-hop
u00667,s000398,play,15,0,0,0,306,2025-03-19 02:56:20,mobile,US,a00117,hip-hop
u00405,s000288,play,15,0,0,0,298,2025-12-09 22:40:14,mobile,US,a00028,hip-hop
u00267,s000024,PLAY,10,0,0,0,299,2025-03-06 04:11:46,mobile,US,a00065,latin
u00769,s000021,play,18,0,0,0,196,2025-10-16 03:40:15,mobile,US,a00032,rock
u00954,s000080,PLAY,6,0,0,0,312,2025-05-30 15:08:52,mobile,US,a00119,jazz
u00983,s000273,PLAY,1,0,0,0,40,2025-07-24 18:59:31,mobile,US,a00119,jazz
u00870,s000014,add_to_playlist,19,1,0,0,396,2025-10-13 22:55:40,mobile,US,a00163,classical
u00493,s000000,ADD_TO_PLAYLIST,5,1,0,0,245,2025-12-14 08:37:27,mobile,US,a00178,edm
u00608,s000006,play,8,0,0,0,214,2025-01-15 01:43:02,mobile,US,a00199,hip-hop
u00531,s000031,PLAY,13,0,0,0,290,2025-12-04 03:52:57,mobile,US,a00037,latin
u00726,s000045,play,11,0,0,0,292,2025-10-26 21:26:42,mobile,US,a00075,jazz
u00309,s000163,play,8,0,0,0,204,2025-05-28 03:29:04,mobile,US,a00048,edm
u00283,s000037,ADD_TO_PLAYLIST,8,1,0,0,287,2025-06-11 05:58:49,mobile,US,a00183,indie
u00596,s000011,PLAY,13,0,0,0,294,2025-11-03 16:37:34,mobile,US,a00156,classical
u00401,s000066,skip,1,0,0,1,31,2025-11-28 10:54:24,mobile,US,a00089,classical
u00411,s000036,play,8,0,0,0,261,2025-03-25 03:04:36,mobile,US,a00179,latin
u00918,s000090,ADD_TO_PLAYLIST,10,1,0,0,359,2025-10-13 00:33:50,mobile,US,a00028,hip-hop
u00446,s000017,play,11,0,0,0,269,2025-04-15 20:03:39,mobile,US,a00184,jazz
u00638,s000175,SKIP,1,0,0,1,36,2025-08-21 12:39:03,mobile,US,a00172,indie
u00634,s000026,like,18,1,0,0,306,2025-10-27 21:50:45,mobile,US,a00004,pop
u00774,s000035,like,9,1,0,0,194,2025-07-06 06:38:28,mobile,US,a00108,pop
u00425,s000011,like,13,1,0,0,207,2025-01-21 01:37:33,mobile,US,a00156,classical
u00719,s000059,PLAY,6,0,0,0,190,2025-05-29 06:57:42,mobile,US,a00073,hip-hop
u00346,s000017,add_to_playlist,6,1,0,0,392,2025-01-10 11:38:29,mobile,US,a00184,jazz
u00408,s000390,SKIP,1,0,0,1,5,2025-08-01 22:11:10,mobile,US,a00046,pop
u00274,s000276,LIKE,15,1,0,0,246,2025-05-18 09:43:53,mobile,US,a00113,rock
u00613,s000016,like,18,1,0,0,227,2025-09-12 13:09:02,mobile,US,a00037,pop
u00556,s000018,PLAY,18,0,0,0,285,2025-09-28 06:30:05,mobile,US,a00096,latin
u00458,s000464,ADD_TO_PLAYLIST,17,1,0,0,230,2025-09-15 07:29:20,mobile,US,a00157,jazz
u00745,s000474,PLAY,1,0,0,0,43,2025-07-30 09:37:06,mobile,US,a00189,latin
u00718,s000036,LIKE,9,1,0,0,354,2025-06-14 21:37:22,mobile,US,a00179,latin
u00189,s000074,SKIP,1,0,0,1,50,2025-06-06 23:18:37,mobile,US,a00103,rock
u00286,s000208,play,7,0,0,0,214,2025-01-09 02:55:36,mobile,US,a00092,rock
u00334,s000015,add_to_playlist,18,1,0,0,184,2025-01-31 00:57:06,mobile,US,a00156,edm
u00562,s000020,ADD_TO_PLAYLIST,11,1,0,0,239,2025-02-23 16:11:12,mobile,US,a00182,indie
u00690,s000269,add_to_playlist,18,1,0,0,205,2025-10-21 06:58:54,mobile,US,a00107,pop
u00914,s000006,ADD_TO_PLAYLIST,17,1,0,0,264,2025-03-10 10:13:43,mobile,US,a00199,hip-hop
u00622,s000037,PLAY,16,0,0,0,284,2025-08-26 16:27:52,mobile,US,a00183,indie
u00675,s000005,PLAY,10,0,0,0,397,2025-01-04 22:03:10,mobile,US,a00178,classical
u00075,s000035,LIKE,16,1,0,0,241,2025-09-05 02:53:03,mobile,US,a00108,pop
u00104,s000022,like,16,1,0,0,312,2025-11-27 12:01:50,mobile,US,a00195,pop
u00522,s000033,LIKE,11,1,0,0,278,2025-01-26 19:30:12,mobile,US,a00158,edm
u00397,s000000,PLAY,5,0,0,0,299,2025-08-21 22:26:58,mobile,US,a00178,edm
u00207,s000090,PLAY,9,0,0,0,283,2025-07-20 16:24:30,mobile,US,a00028,hip-hop
u00933,s000391,PLAY,1,0,0,0,54,2025-02-18 11:12:58,mobile,US,a00011,edm
u00094,s000078,like,8,1,0,0,341,2025-09-11 07:44:33,mobile,US,a00067,edm
u00172,s000017,LIKE,9,1,0,0,212,2025-09-28 00:05:52,mobile,US,a00184,jazz
u00345,s000037,ADD_TO_PLAYLIST,16,1,0,0,199,2025-03-24 16:05:21,mobile,US,a00183,indie
u00990,s000022,PLAY,19,0,0,0,304,2025-08-29 12:20:09,mobile,US,a00195,pop
u00149,s000064,skip,1,0,0,1,53,2025-01-16 12:14:54,mobile,US,a00022,edm
u00652,s000122,PLAY,1,0,0,0,15,2025-12-05 12:30:13,mobile,US,a00024,jazz
u00768,s000002,PLAY,1,0,0,0,22,2025-09-25 22:53:24,mobile,US,a00133,rock
u00117,s000287,ADD_TO_PLAYLIST,11,1,0,0,187,2025-12-29 22:31:45,mobile,US,a00185,edm
u00708,s000154,play,10,0,0,0,235,2025-07-08 15:30:34,mobile,US,a00083,latin
u00556,s000018,add_to_playlist,18,1,0,0,277,2025-02-24 15:28:50,mobile,US,a00096,latin
u00703,s000261,SKIP,1,0,0,1,27,2025-12-27 03:21:27,mobile,US,a00004,jazz
u00590,s000086,ADD_TO_PLAYLIST,18,1,0,0,205,2025-03-01 11:09:16,mobile,US,a00030,rock
u00231,s000312,PLAY,1,0,0,0,7,2025-11-09 09:08:30,mobile,US,a00056,rock
u00136,s000308,PLAY,9,0,0,0,229,2025-08-06 20:26:44,mobile,US,a00116,rock
u00774,s000217,PLAY,15,0,0,0,246,2025-09-30 18:59:38,mobile,US,a00050,pop
u00997,s000090,ADD_TO_PLAYLIST,12,1,0,0,189,2025-10-03 13:36:47,mobile,US,a00028,hip-hop
u00254,s000045,PLAY,1,0,0,0,14,2025-03-18 20:00:59,mobile,US,a00075,jazz
u00026,s000025,PLAY,19,0,0,0,247,2025-09-28 08:47:52,mobile,US,a00009,edm
u00786,s000305,LIKE,8,1,0,0,198,2025-07-03 18:44:01,mobile,US,a00121,indie
u00578,s000135,SKIP,1,0,0,1,35,2025-10-28 11:02:17,mobile,US,a00178,jazz
u00317,s000002,add_to_playlist,11,1,0,0,220,2025-06-19 06:02:53,mobile,US,a00133,rock
u00047,s000469,PLAY,1,0,0,0,37,2025-01-09 21:47:12,mobile,US,a00095,rock
u00023,s000024,like,19,1,0,0,202,2025-08-13 22:08:44,mobile,US,a00065,latin
u00058,s000017,play,13,0,0,0,371,2025-01-06 22:23:06,mobile,US,a00184,jazz
u00821,s000013,skip,1,0,0,1,19,2025-10-11 05:13:00,mobile,US,a00154,jazz
u00501,s000363,play,1,0,0,0,21,2025-04-28 10:07:39,mobile,US,a00039,edm
u00528,s000026,play,6,0,0,0,322,2025-03-19 22:27:00,mobile,US,a00004,pop
u00680,s000031,add_to_playlist,11,1,0,0,196,2025-05-25 06:02:01,mobile,US,a00037,latin
u00903,s000042,play,8,0,0,0,265,2025-05-12 23:33:54,mobile,US,a00156,indie
u00931,s000006,play,18,0,0,0,288,2025-04-09 16:43:04,mobile,US,a00199,hip-hop
u00831,s000014,ADD_TO_PLAYLIST,19,1,0,0,205,2025-11-17 15:57:08,mobile,US,a00163,classical
u00737,s000011,add_to_playlist,10,1,0,0,387,2025-02-20 07:13:49,mobile,US,a00156,classical
u00954,s000336,play,8,0,0,0,350,2025-11-14 20:59:40,mobile,US,a00025,jazz
u00326,s000013,play,6,0,0,0,191,2025-09-28 03:33:10,mobile,US,a00154,jazz
u00503,s000009,play,12,0,0,0,362,2025-03-30 16:17:50,mobile,US,a00014,latin
u00926,s000163,play,1,0,0,0,49,2025-11-05 01:01:52,mobile,US,a00048,edm
u00787,s000018,play,5,0,0,0,288,2025-04-08 09:14:04,mobile,US,a00096,latin
u00107,s000083,PLAY,7,0,0,0,226,2025-12-19 14:39:31,mobile,US,a00126,hip-hop
u00070,s000022,ADD_TO_PLAYLIST,17,1,0,0,337,2025-07-30 12:42:45,mobile,US,a00195,pop
u00483,s000006,play,1,0,0,0,50,2025-10-09 11:19:52,mobile,US,a00199,hip-hop
u00416,s000010,play,12,0,0,0,363,2025-08-07 03:00:39,mobile,US,a00110,classical
u00902,s000313,SKIP,1,0,0,1,14,2025-03-08 01:43:14,mobile,US,a00030,classical
u00649,s000007,PLAY,6,0,0,0,307,2025-10-09 21:34:15,mobile,US,a00041,classical
u00922,s000004,ADD_TO_PLAYLIST,12,1,0,0,197,2025-12-02 15:01:57,mobile,US,a00134,rock
u00052,s000017,like,9,1,0,0,368,2025-12-30 08:49:24,mobile,US,a00184,jazz
u00263,s000003,like,10,1,0,0,201,2025-10-30 10:03:10,mobile,US,a00066,rock
u00700,s000317,skip,1,0,0,1,52,2025-11-27 05:08:24,mobile,US,a00011,latin
u00152,s000032,PLAY,14,0,0,0,296,2025-06-27 01:36:26,mobile,US,a00140,rock
u00309,s000361,play,17,0,0,0,252,2025-02-07 23:16:23,mobile,US,a00193,edm
u00824,s000214,play,1,0,0,0,19,2025-06-04 06:42:23,mobile,US,a00071,pop
u00943,s000011,ADD_TO_PLAYLIST,9,1,0,0,301,2025-04-06 08:00:12,mobile,US,a00156,classical
u00710,s000277,ADD_TO_PLAYLIST,8,1,0,0,250,2025-08-08 09:22:47,mobile,US,a00114,indie
u00246,s000003,add_to_playlist,14,1,0,0,224,2025-06-16 19:58:11,mobile,US,a00066,rock
u00873,s000071,PLAY,1,0,0,0,9,2025-02-17 15:24:34,mobile,US,a00103,pop
u00972,s000421,ADD_TO_PLAYLIST,13,1,0,0,282,2025-10-03 18:43:35,mobile,US,a00116,rock
u00938,s000495,SKIP,1,0,0,1,26,2025-09-16 09:08:49,mobile,US,a00189,classical
u00382,s000059,PLAY,13,0,0,0,280,2025-04-09 03:52:19,mobile,US,a00073,hip-hop
u00688,s000260,like,17,1,0,0,227,2025-09-18 20:14:00,mobile,US,a00019,indie
u00980,s000090,PLAY,10,0,0,0,248,2025-10-18 09:32:11,mobile,US,a00028,hip-hop
u00343,s000390,play,15,0,0,0,378,2025-09-21 09:39:59,mobile,US,a00046,pop
u00440,s000334,SKIP,1,0,0,1,49,2025-10-31 02:02:20,mobile,US,a00035,hip-hop
u00700,s000385,PLAY,1,0,0,0,51,2025-03-25 07:16:53,mobile,US,a00188,hip-hop
u00284,s000318,play,10,0,0,0,262,2025-11-17 20:51:49,mobile,US,a00052,pop
u00547,s000008,ADD_TO_PLAYLIST,14,1,0,0,296,2025-09-13 07:53:23,mobile,US,a00191,hip-hop
u00726,s000027,PLAY,7,0,0,0,369,2025-07-05 02:13:07,mobile,US,a00122,jazz
u00595,s000083,LIKE,14,1,0,0,347,2025-01-07 14:20:01,mobile,US,a00126,hip-hop
u00828,s000088,skip,1,0,0,1,9,2025-10-25 20:26:34,mobile,US,a00136,latin
u00532,s000002,PLAY,19,0,0,0,214,2025-03-19 18:07:58,mobile,US,a00133,rock
u00729,s000202,PLAY,13,0,0,0,256,2025-03-30 06:07:44,mobile,US,a00123,hip-hop
u00070,s000373,ADD_TO_PLAYLIST,15,1,0,0,213,2025-04-14 10:35:17,mobile,US,a00130,pop
u00612,s000090,play,6,0,0,0,306,2025-02-08 02:16:17,mobile,US,a00028,hip-hop
u00675,s000007,play,19,0,0,0,225,2025-11-23 07:57:24,mobile,US,a00041,classical
u00820,s000113,ADD_TO_PLAYLIST,17,1,0,0,191,2025-02-04 03:10:41,mobile,US,a00052,indie
u00971,s000030,PLAY,9,0,0,0,307,2025-03-22 04:14:00,mobile,US,a00117,indie
u00140,s000018,LIKE,17,1,0,0,317,2025-05-05 14:21:15,mobile,US,a00096,latin
u00184,s000238,PLAY,6,0,0,0,371,2025-02-19 15:36:00,mobile,US,a00006,rock
u00335,s000142,PLAY,12,0,0,0,294,2025-09-21 20:03:11,mobile,US,a00087,latin
u00683,s000090,play,12,0,0,0,329,2025-09-01 12:45:47,mobile,US,a00028,hip-hop
u00778,s000333,play,12,0,0,0,393,2025-10-14 06:29:56,mobile,US,a00180,latin
u00113,s000165,skip,1,0,0,1,23,2025-06-28 03:20:25,mobile,US,a00000,pop
u00612,s000385,play,7,0,0,0,292,2025-04-13 02:52:40,mobile,US,a00188,hip-hop
u00059,s000451,add_to_playlist,13,1,0,0,190,2025-12-28 22:13:07,mobile,US,a00003,classical
u00254,s000348,skip,1,0,0,1,59,2025-11-13 12:56:56,mobile,US,a00054,latin
u00468,s000023,play,1,0,0,0,6,2025-11-14 03:30:50,mobile,US,a00085,pop
u00647,s000276,like,19,1,0,0,258,2025-11-10 07:42:22,mobile,US,a00113,rock
u00955,s000017,like,6,1,0,0,288,2025-06-22 10:47:18,mobile,US,a00184,jazz
u00003,s000042,play,15,0,0,0,209,2025-04-30 08:19:05,mobile,US,a00156,indie
u00763,s000016,PLAY,15,0,0,0,296,2025-12-11 18:44:43,mobile,US,a00037,pop
u00897,s000059,like,15,1,0,0,391,2025-10-14 15:25:10,mobile,US,a00073,hip-hop
u00699,s000017,PLAY,10,0,0,0,298,2025-02-02 08:24:19,mobile,US,a00184,jazz
u00355,s000176,like,6,1,0,0,243,2025-09-12 13:48:01,mobile,US,a00029,indie
u00410,s000328,skip,1,0,0,1,54,2025-01-10 18:45:58,mobile,US,a00129,edm
u00572,s000004,play,18,0,0,0,192,2025-03-27 21:45:09,mobile,US,a00134,rock
u00427,s000083,add_to_playlist,17,1,0,0,218,2025-08-26 09:59:46,mobile,US,a00126,hip-hop
u00195,s000026,PLAY,9,0,0,0,296,2025-07-23 11:54:24,mobile,US,a00004,pop
u00758,s000478,play,1,0,0,0,53,2025-04-17 08:46:13,mobile,US,a00183,edm
u00108,s000015,like,12,1,0,0,365,2025-06-11 10:18:54,mobile,US,a00156,edm
u00788,s000309,skip,1,0,0,1,29,2025-09-19 16:50:34,mobile,US,a00105,hip-hop
u00617,s000018,PLAY,7,0,0,0,320,2025-06-16 23:18:09,mobile,US,a00096,latin
u00532,s000003,LIKE,5,1,0,0,306,2025-12-27 18:08:38,mobile,US,a00066,rock
u00047,s000017,skip,1,0,0,1,46,2025-06-16 11:54:33,mobile,US,a00184,jazz
u00438,s000042,ADD_TO_PLAYLIST,14,1,0,0,318,2025-07-14 22:14:40,mobile,US,a00156,indie
u00727,s000013,LIKE,7,1,0,0,293,2025-09-04 15:54:01,mobile,US,a00154,jazz
u00280,s000008,LIKE,5,1,0,0,366,2025-04-06 16:29:12,mobile,US,a00191,hip-hop
u00085,s000013,add_to_playlist,11,1,0,0,319,2025-09-17 10:30:07,mobile,US,a00154,jazz
u00647,s000100,SKIP,1,0,0,1,40,2025-07-01 21:15:23,mobile,US,a00109,jazz
u00340,s000017,add_to_playlist,9,1,0,0,209,2025-08-07 02:39:06,mobile,US,a00184,jazz
u00028,s000018,like,12,1,0,0,392,2025-08-05 22:26:13,mobile,US,a00096,latin
u00822,s000033,play,8,0,0,0,389,2025-10-19 12:10:20,mobile,US,a00158,edm
u00642,s000267,SKIP,1,0,0,1,27,2025-07-30 11:19:14,mobile,US,a00098,hip-hop
u00914,s000006,PLAY,14,0,0,0,259,2025-05-03 16:10:43,mobile,US,a00199,hip-hop
u00437,s000018,LIKE,17,1,0,0,380,2025-10-03 15:09:25,mobile,US,a00096,latin
u00717,s000241,add_to_playlist,11,1,0,0,192,2025-02-12 21:44:11,mobile,US,a00084,hip-hop
u00795,s000042,PLAY,7,0,0,0,299,2025-02-17 23:58:18,mobile,US,a00156,indie
u00785,s000299,play,1,0,0,0,12,2025-02-21 06:54:37,mobile,US,a00040,pop
u00722,s000301,PLAY,12,0,0,0,334,2025-08-21 03:55:36,mobile,US,a00033,hip-hop
u00011,s000037,PLAY,14,0,0,0,227,2025-07-29 06:22:58,mobile,US,a00183,indie
u00477,s000009,play,6,0,0,0,325,2025-02-15 06:19:42,mobile,US,a00014,latin
u00331,s000021,ADD_TO_PLAYLIST,5,1,0,0,220,2025-02-19 10:20:51,mobile,US,a00032,rock
u00276,s000002,play,8,0,0,0,182,2025-03-16 11:21:40,mobile,US,a00133,rock
u00082,s000007,play,6,0,0,0,370,2025-02-03 14:54:01,mobile,US,a00041,classical
u00031,s000003,play,9,0,0,0,235,2025-06-29 06:34:30,mobile,US,a00066,rock
u00980,s000159,ADD_TO_PLAYLIST,15,1,0,0,310,2025-09-16 22:58:29,mobile,US,a00085,hip-hop
u00208,s000421,SKIP,1,0,0,1,9,2025-02-15 05:30:56,mobile,US,a00116,rock
u00700,s000026,play,16,0,0,0,283,2025-08-14 10:09:30,mobile,US,a00004,pop
u00108,s000012,PLAY,10,0,0,0,325,2025-07-11 17:13:52,mobile,US,a00032,edm
u00887,s000012,add_to_playlist,8,1,0,0,363,2025-06-23 11:05:42,mobile,US,a00032,edm
u00728,s000007,play,6,0,0,0,299,2025-04-09 13:04:55,mobile,US,a00041,classical
u00073,s000201,PLAY,12,0,0,0,349,2025-11-08 12:17:03,mobile,US,a00161,pop
u00628,s000020,like,7,1,0,0,313,2025-11-09 15:46:01,mobile,US,a00182,indie
u00768,s000008,PLAY,19,0,0,0,251,2025-07-15 03:36:06,mobile,US,a00191,hip-hop
u00824,s000024,like,5,1,0,0,232,2025-09-05 01:59:09,mobile,US,a00065,latin
u00143,s000271,skip,1,0,0,1,31,2025-10-02 10:01:29,mobile,US,a00080,edm
u00594,s000008,PLAY,9,0,0,0,180,2025-02-10 09:11:53,mobile,US,a00191,hip-hop
u00599,s000061,skip,1,0,0,1,20,2025-03-04 18:08:51,mobile,US,a00037,classical
u00618,s000244,PLAY,5,0,0,0,288,2025-03-01 07:27:37,mobile,US,a00124,indie
u00860,s000105,add_to_playlist,19,1,0,0,368,2025-09-11 22:43:31,mobile,US,a00062,hip-hop
u00633,s000032,play,10,0,0,0,243,2025-08-23 05:16:30,mobile,US,a00140,rock
u00191,s000027,ADD_TO_PLAYLIST,18,1,0,0,383,2025-02-09 19:00:51,mobile,US,a00122,jazz
u00843,s000042,play,16,0,0,0,224,2025-11-09 00:56:47,mobile,US,a00156,indie
u00841,s000024,ADD_TO_PLAYLIST,6,1,0,0,234,2025-06-26 03:08:24,mobile,US,a00065,latin
u00782,s000009,play,15,0,0,0,313,2025-03-18 16:01:30,mobile,US,a00014,latin
u00452,s000205,add_to_playlist,16,1,0,0,385,2025-05-15 02:08:34,mobile,US,a00031,edm
u00718,s000018,like,11,1,0,0,200,2025-09-13 23:12:57,mobile,US,a00096,latin
u00462,s000104,LIKE,14,1,0,0,396,2025-07-22 17:22:16,mobile,US,a00000,edm
u00271,s000333,PLAY,11,0,0,0,314,2025-12-16 17:08:50,mobile,US,a00180,latin
u00953,s000376,like,12,1,0,0,295,2025-05-01 22:46:06,mobile,US,a00178,hip-hop
u00488,s000004,ADD_TO_PLAYLIST,17,1,0,0,193,2025-09-27 07:55:07,mobile,US,a00134,rock
u00342,s000045,PLAY,15,0,0,0,214,2025-07-08 03:16:37,mobile,US,a00075,jazz
u00522,s000454,play,1,0,0,0,41,2025-08-01 08:42:43,mobile,US,a00140,rock
u00492,s000004,LIKE,8,1,0,0,360,2025-02-01 10:16:09,mobile,US,a00134,rock
u00364,s000030,play,11,0,0,0,320,2025-08-04 16:21:29,mobile,US,a00117,indie
u00410,s000013,PLAY,14,0,0,0,195,2025-05-11 20:05:30,mobile,US,a00154,jazz
u00824,s000024,like,9,1,0,0,238,2025-04-18 00:26:21,mobile,US,a00065,latin
u00886,s000003,play,19,0,0,0,229,2025-01-07 17:07:37,mobile,US,a00066,rock
u00695,s000292,play,17,0,0,0,265,2025-04-01 07:20:04,mobile,US,a00074,hip-hop
u00803,s000054,ADD_TO_PLAYLIST,19,1,0,0,258,2025-09-05 07:09:19,mobile,US,a00042,rock
u00917,s000006,PLAY,12,0,0,0,181,2025-11-23 07:21:18,mobile,US,a00199,hip-hop
u00762,s000010,LIKE,5,1,0,0,284,2025-10-03 10:01:12,mobile,US,a00110,classical
u00857,s000027,add_to_playlist,18,1,0,0,259,2025-12-28 19:57:37,mobile,US,a00122,jazz
u00304,s000026,play,17,0,0,0,251,2025-01-19 17:07:56,mobile,US,a00004,pop
u00680,s000024,play,18,0,0,0,283,2025-10-14 04:09:24,mobile,US,a00065,latin
u00360,s000006,add_to_playlist,13,1,0,0,392,2025-11-17 13:18:50,mobile,US,a00199,hip-hop
u00667,s000083,play,7,0,0,0,237,2025-09-19 21:12:04,mobile,US,a00126,hip-hop
u00001,s000090,play,11,0,0,0,247,2025-03-13 11:25:18,mobile,US,a00028,hip-hop
u00781,s000336,PLAY,17,0,0,0,253,2025-05-19 03:41:54,mobile,US,a00025,jazz
u00075,s000095,ADD_TO_PLAYLIST,13,1,0,0,251,2025-09-11 14:05:49,mobile,US,a00000,pop
u00106,s000000,PLAY,8,0,0,0,189,2025-03-29 23:41:37,mobile,US,a00178,edm
u00047,s000067,play,12,0,0,0,397,2025-02-27 17:18:27,mobile,US,a00045,indie
u00266,s000444,SKIP,1,0,0,1,21,2025-12-18 15:28:29,mobile,US,a00170,jazz
u00591,s000036,ADD_TO_PLAYLIST,18,1,0,0,304,2025-09-03 21:21:28,mobile,US,a00179,latin
u00912,s000011,ADD_TO_PLAYLIST,14,1,0,0,219,2025-12-27 19:03:32,mobile,US,a00156,classical
u00444,s000444,skip,1,0,0,1,15,2025-07-06 20:22:23,mobile,US,a00170,jazz
u00252,s000059,PLAY,5,0,0,0,389,2025-07-29 11:27:44,mobile,US,a00073,hip-hop
u00455,s000017,PLAY,13,0,0,0,262,2025-08-29 22:09:19,mobile,US,a00184,jazz
u00687,s000011,PLAY,11,0,0,0,209,2025-05-18 17:20:23,mobile,US,a00156,classical
u00714,s000186,ADD_TO_PLAYLIST,6,1,0,0,279,2025-08-07 00:56:57,mobile,US,a00112,latin
u00653,s000010,ADD_TO_PLAYLIST,10,1,0,0,317,2025-11-28 04:48:49,mobile,US,a00110,classical
u00611,s000016,PLAY,8,0,0,0,394,2025-06-07 00:22:24,mobile,US,a00037,pop
u00507,s000045,LIKE,19,1,0,0,392,2025-11-14 02:03:03,mobile,US,a00075,jazz
u00435,s000450,play,14,0,0,0,284,2025-01-29 22:16:46,mobile,US,a00119,latin
u00461,s000007,play,8,0,0,0,208,2025-09-28 10:21:53,mobile,US,a00041,classical
u00641,s000033,PLAY,12,0,0,0,349,2025-12-20 17:49:38,mobile,US,a00158,edm
u00850,s000020,play,6,0,0,0,220,2025-04-19 19:42:35,mobile,US,a00182,indie
u00315,s000031,like,7,1,0,0,338,2025-02-19 20:51:03,mobile,US,a00037,latin
u00410,s000310,like,15,1,0,0,181,2025-05-30 10:22:23,mobile,US,a00085,jazz
u00506,s000024,PLAY,9,0,0,0,222,2025-09-25 01:12:22,mobile,US,a00065,latin
u00915,s000188,SKIP,1,0,0,1,57,2025-12-17 05:16:21,mobile,US,a00165,jazz
u00091,s000201,PLAY,1,0,0,0,39,2025-05-08 01:01:27,mobile,US,a00161,pop
u00228,s000312,ADD_TO_PLAYLIST,14,1,0,0,252,2025-07-22 12:00:11,mobile,US,a00056,rock
u00234,s000090,play,12,0,0,0,204,2025-10-01 00:27:47,mobile,US,a00028,hip-hop
u00291,s000039,ADD_TO_PLAYLIST,10,1,0,0,399,2025-02-06 05:21:32,mobile,US,a00156,jazz
u00939,s000318,PLAY,17,0,0,0,365,2025-05-17 01:54:57,mobile,US,a00052,pop
u00185,s000005,add_to_playlist,15,1,0,0,229,2025-12-14 19:00:42,mobile,US,a00178,classical
u00589,s000206,play,12,0,0,0,324,2025-05-13 11:37:23,mobile,US,a00177,classical
u00767,s000466,SKIP,1,0,0,1,30,2025-11-29 00:30:16,mobile,US,a00140,pop
u00876,s000035,like,13,1,0,0,189,2025-04-06 01:47:06,mobile,US,a00108,pop
u00823,s000020,LIKE,14,1,0,0,367,2025-05-27 13:45:38,mobile,US,a00182,indie
u00969,s000039,PLAY,19,0,0,0,202,2025-08-27 09:55:43,mobile,US,a00156,jazz
u00229,s000010,play,5,0,0,0,343,2025-10-21 03:38:37,mobile,US,a00110,classical
u00281,s000442,ADD_TO_PLAYLIST,9,1,0,0,203,2025-01-21 23:33:49,mobile,US,a00130,hip-hop
u00530,s000304,PLAY,1,0,0,0,43,2025-02-17 12:38:16,mobile,US,a00152,pop
u00094,s000000,PLAY,19,0,0,0,377,2025-01-16 21:46:15,mobile,US,a00178,edm
u00138,s000001,like,11,1,0,0,195,2025-09-25 09:23:51,mobile,US,a00197,indie
u00915,s000231,SKIP,1,0,0,1,17,2025-11-20 17:41:56,mobile,US,a00164,latin
u00324,s000167,PLAY,9,0,0,0,301,2025-02-15 18:41:12,mobile,US,a00178,edm
u00901,s000006,PLAY,17,0,0,0,240,2025-08-02 11:43:48,mobile,US,a00199,hip-hop
u00189,s000044,like,8,1,0,0,339,2025-12-25 15:07:10,mobile,US,a00067,edm
u00572,s000437,SKIP,1,0,0,1,8,2025-12-11 23:14:52,mobile,US,a00151,classical
u00826,s000027,LIKE,12,1,0,0,241,2025-03-31 12:03:28,mobile,US,a00122,jazz
u00455,s000039,PLAY,19,0,0,0,304,2025-03-20 12:56:11,mobile,US,a00156,jazz
u00941,s000014,add_to_playlist,7,1,0,0,274,2025-09-05 19:11:53,mobile,US,a00163,classical
u00833,s000006,LIKE,17,1,0,0,239,2025-02-14 12:31:31,mobile,US,a00199,hip-hop
u00837,s000011,PLAY,9,0,0,0,384,2025-09-06 05:22:07,mobile,US,a00156,classical
u00943,s000011,add_to_playlist,5,1,0,0,384,2025-10-19 03:38:52,mobile,US,a00156,classical
u00191,s000045,add_to_playlist,9,1,0,0,376,2025-07-31 17:17:47,mobile,US,a00075,jazz
u00089,s000022,PLAY,15,0,0,0,369,2025-05-06 09:07:35,mobile,US,a00195,pop
u00236,s000015,add_to_playlist,13,1,0,0,297,2025-07-03 21:13:46,mobile,US,a00156,edm
u00361,s000229,play,1,0,0,0,13,2025-08-28 21:14:41,mobile,US,a00143,jazz
u00302,s000017,add_to_playlist,7,1,0,0,288,2025-03-25 18:46:22,mobile,US,a00184,jazz
u00757,s000452,skip,1,0,0,1,21,2025-01-01 14:10:27,mobile,US,a00092,latin
u00058,s000219,play,7,0,0,0,222,2025-11-03 03:49:40,mobile,US,a00091,jazz
u00098,s000048,SKIP,1,0,0,1,9,2025-04-21 15:51:33,mobile,US,a00154,classical
u00754,s000127,like,13,1,0,0,246,2025-01-07 01:04:26,mobile,US,a00134,pop
u00599,s000433,PLAY,1,0,0,0,13,2025-12-25 06:00:40,mobile,US,a00102,hip-hop
u00768,s000126,like,9,1,0,0,391,2025-12-04 07:39:00,mobile,US,a00129,hip-hop
u00467,s000002,add_to_playlist,6,1,0,0,319,2025-03-05 17:50:51,mobile,US,a00133,rock
u00991,s000490,SKIP,1,0,0,1,35,2025-09-01 16:45:31,mobile,US,a00141,rock
u00776,s000032,add_to_playlist,8,1,0,0,207,2025-07-17 18:34:21,mobile,US,a00140,rock
u00687,s000010,PLAY,17,0,0,0,274,2025-08-26 22:53:42,mobile,US,a00110,classical
u00887,s000033,like,16,1,0,0,354,2025-09-28 10:41:51,mobile,US,a00158,edm
u00420,s000026,play,13,0,0,0,334,2025-08-03 09:18:55,mobile,US,a00004,pop
u00926,s000007,play,13,0,0,0,191,2025-07-27 05:58:20,mobile,US,a00041,classical
u00857,s000013,like,9,1,0,0,186,2025-01-27 01:31:40,mobile,US,a00154,jazz
u00208,s000000,add_to_playlist,18,1,0,0,367,2025-06-30 18:11:12,mobile,US,a00178,edm
u00903,s000030,play,17,0,0,0,283,2025-09-17 19:56:51,mobile,US,a00117,indie
u00169,s000025,PLAY,18,0,0,0,289,2025-08-06 10:13:13,mobile,US,a00009,edm
u00834,s000002,LIKE,19,1,0,0,227,2025-03-14 03:27:57,mobile,US,a00133,rock
u00751,s000040,play,6,0,0,0,236,2025-04-21 06:53:05,mobile,US,a00135,classical
u00849,s000015,play,17,0,0,0,240,2025-01-03 22:18:24,mobile,US,a00156,edm
u00670,s000019,skip,1,0,0,1,36,2025-01-20 06:48:24,mobile,US,a00154,classical
u00274,s000004,ADD_TO_PLAYLIST,19,1,0,0,333,2025-12-21 07:34:33,mobile,US,a00134,rock
u00331,s000032,play,14,0,0,0,277,2025-11-21 10:15:36,mobile,US,a00140,rock
u00213,s000042,ADD_TO_PLAYLIST,6,1,0,0,241,2025-12-08 14:01:16,mobile,US,a00156,indie
u00606,s000484,PLAY,11,0,0,0,189,2025-04-09 20:13:44,mobile,US,a00083,indie
u00047,s000037,PLAY,7,0,0,0,347,2025-05-17 15:37:41,mobile,US,a00183,indie
u00462,s000033,LIKE,10,1,0,0,231,2025-08-13 19:29:21,mobile,US,a00158,edm
u00113,s000015,like,9,1,0,0,211,2025-03-28 06:23:44,mobile,US,a00156,edm
u00312,s000260,PLAY,1,0,0,0,52,2025-07-02 08:07:59,mobile,US,a00019,indie
u00995,s000144,SKIP,1,0,0,1,46,2025-05-30 01:40:33,mobile,US,a00176,hip-hop
u00410,s000045,add_to_playlist,8,1,0,0,307,2025-03-01 22:09:00,mobile,US,a00075,jazz
u00799,s000422,PLAY,12,0,0,0,372,2025-12-07 04:05:40,mobile,US,a00006,jazz
u00635,s000035,play,13,0,0,0,232,2025-11-24 09:33:39,mobile,US,a00108,pop
u00795,s000302,play,6,0,0,0,392,2025-07-21 03:28:00,mobile,US,a00016,indie
u00719,s000083,LIKE,16,1,0,0,242,2025-03-21 21:12:32,mobile,US,a00126,hip-hop
u00354,s000009,play,5,0,0,0,387,2025-12-01 14:17:16,mobile,US,a00014,latin
u00771,s000011,PLAY,8,0,0,0,397,2025-01-29 00:35:09,mobile,US,a00156,classical
u00902,s000015,play,10,0,0,0,330,2025-12-09 09:18:44,mobile,US,a00156,edm
u00496,s000045,play,14,0,0,0,183,2025-12-21 10:21:31,mobile,US,a00075,jazz
u00625,s000373,add_to_playlist,13,1,0,0,241,2025-05-27 04:19:42,mobile,US,a00130,pop
u00161,s000002,play,8,0,0,0,302,2025-05-10 02:51:21,mobile,US,a00133,rock
u00358,s000002,ADD_TO_PLAYLIST,17,1,0,0,188,2025-02-28 09:39:11,mobile,US,a00133,rock
u00417,s000448,play,1,0,0,0,56,2025-07-29 21:56:40,mobile,US,a00038,edm
u00591,s000031,play,5,0,0,0,305,2025-11-14 04:56:56,mobile,US,a00037,latin
u00207,s000083,LIKE,18,1,0,0,345,2025-06-21 01:50:57,mobile,US,a00126,hip-hop
u00002,s000345,PLAY,1,0,0,0,49,2025-09-28 04:51:44,mobile,US,a00038,jazz
u00061,s000486,LIKE,13,1,0,0,308,2025-09-24 02:39:39,mobile,US,a00064,indie
u00803,s000049,play,8,0,0,0,248,2025-02-19 16:50:46,mobile,US,a00094,rock
u00869,s000232,skip,1,0,0,1,30,2025-04-25 20:14:58,mobile,US,a00181,classical
u00210,s000194,skip,1,0,0,1,9,2025-12-18 20:02:04,mobile,US,a00156,pop
u00691,s000228,PLAY,11,0,0,0,302,2025-11-04 20:48:19,mobile,US,a00045,edm
u00097,s000090,play,10,0,0,0,260,2025-06-02 04:06:01,mobile,US,a00028,hip-hop
u00702,s000003,PLAY,15,0,0,0,314,2025-10-03 00:37:22,mobile,US,a00066,rock
u00911,s000011,ADD_TO_PLAYLIST,7,1,0,0,182,2025-05-07 19:43:34,mobile,US,a00156,classical
u00993,s000059,add_to_playlist,12,1,0,0,279,2025-04-20 11:04:52,mobile,US,a00073,hip-hop
u00153,s000179,LIKE,14,1,0,0,309,2025-09-27 22:32:31,mobile,US,a00018,jazz
u00797,s000030,play,8,0,0,0,395,2025-12-02 21:12:01,mobile,US,a00117,indie
u00239,s000080,SKIP,1,0,0,1,49,2025-06-30 02:20:14,mobile,US,a00119,jazz
u00875,s000462,skip,1,0,0,1,55,2025-08-13 06:44:22,mobile,US,a00169,classical
u00237,s000338,play,10,0,0,0,340,2025-03-01 18:11:02,mobile,US,a00148,edm
u00438,s000310,SKIP,1,0,0,1,28,2025-11-19 08:54:51,mobile,US,a00085,jazz
u00495,s000042,play,15,0,0,0,386,2025-06-02 16:54:08,mobile,US,a00156,indie
u00091,s000126,play,11,0,0,0,329,2025-05-30 13:04:09,mobile,US,a00129,hip-hop
u00670,s000021,ADD_TO_PLAYLIST,10,1,0,0,322,2025-09-11 15:30:33,mobile,US,a00032,rock
u00501,s000434,PLAY,1,0,0,0,37,2025-04-10 07:41:07,mobile,US,a00016,hip-hop
u00497,s000083,play,15,0,0,0,246,2025-09-09 00:55:44,mobile,US,a00126,hip-hop
u00454,s000005,PLAY,16,0,0,0,338,2025-06-11 13:58:24,mobile,US,a00178,classical
u00173,s000006,like,12,1,0,0,317,2025-04-02 08:24:33,mobile,US,a00199,hip-hop
u00988,s000295,ADD_TO_PLAYLIST,16,1,0,0,341,2025-09-04 02:43:58,mobile,US,a00127,pop
u00856,s000246,PLAY,1,0,0,0,42,2025-03-13 21:32:01,mobile,US,a00035,edm
u00926,s000010,PLAY,19,0,0,0,368,2025-01-02 12:12:31,mobile,US,a00110,classical
u00865,s000002,PLAY,17,0,0,0,372,2025-02-04 03:13:44,mobile,US,a00133,rock
u00961,s000484,SKIP,1,0,0,1,5,2025-09-11 08:19:57,mobile,US,a00083,indie
u00752,s000035,add_to_playlist,12,1,0,0,208,2025-09-03 15:34:31,mobile,US,a00108,pop
u00106,s000142,play,1,0,0,0,39,2025-05-22 19:45:36,mobile,US,a00087,latin
u00227,s000146,SKIP,1,0,0,1,5,2025-01-23 08:19:37,mobile,US,a00062,indie
u00937,s000011,play,14,0,0,0,338,2025-11-03 06:42:28,mobile,US,a00156,classical
u00199,s000039,PLAY,14,0,0,0,295,2025-11-22 15:47:53,mobile,US,a00156,jazz
u00101,s000022,PLAY,15,0,0,0,250,2025-09-01 16:32:56,mobile,US,a00195,pop
u00184,s000032,PLAY,10,0,0,0,201,2025-08-19 06:14:04,mobile,US,a00140,rock
u00654,s000084,PLAY,8,0,0,0,213,2025-05-02 19:23:27,mobile,US,a00105,edm
u00843,s000001,like,16,1,0,0,228,2025-11-14 07:35:55,mobile,US,a00197,indie
u00270,s000025,add_to_playlist,7,1,0,0,314,2025-04-15 03:57:04,mobile,US,a00009,edm
u00891,s000020,PLAY,14,0,0,0,239,2025-11-06 12:48:02,mobile,US,a00182,indie
u00443,s000031,play,15,0,0,0,236,2025-06-29 13:44:09,mobile,US,a00037,latin
u00619,s000013,PLAY,12,0,0,0,222,2025-06-05 15:28:06,mobile,US,a00154,jazz
u00411,s000018,add_to_playlist,18,1,0,0,255,2025-09-16 06:36:59,mobile,US,a00096,latin
u00758,s000032,like,10,1,0,0,243,2025-01-17 08:58:10,mobile,US,a00140,rock
u00465,s000020,ADD_TO_PLAYLIST,17,1,0,0,208,2025-01-12 12:23:05,mobile,US,a00182,indie
u00667,s000235,like,5,1,0,0,253,2025-11-29 18:43:47,mobile,US,a00175,hip-hop
u00494,s000278,like,7,1,0,0,224,2025-08-27 14:54:52,mobile,US,a00013,classical
u00111,s000344,like,5,1,0,0,397,2025-07-05 00:35:02,mobile,US,a00186,indie
u00899,s000045,play,9,0,0,0,390,2025-07-04 22:16:28,mobile,US,a00075,jazz
u00295,s000381,ADD_TO_PLAYLIST,7,1,0,0,268,2025-08-01 21:09:04,mobile,US,a00100,hip-hop
u00898,s000030,play,6,0,0,0,372,2025-12-16 23:00:42,mobile,US,a00117,indie
u00587,s000244,SKIP,1,0,0,1,25,2025-03-31 14:00:48,mobile,US,a00124,indie
u00115,s000006,play,18,0,0,0,386,2025-05-31 14:05:49,mobile,US,a00199,hip-hop
u00078,s000139,PLAY,1,0,0,0,40,2025-12-21 16:22:32,mobile,US,a00198,rock
u00871,s000087,LIKE,11,1,0,0,274,2025-05-03 05:20:31,mobile,US,a00121,latin
u00724,s000021,LIKE,16,1,0,0,383,2025-11-03 09:54:58,mobile,US,a00032,rock
u00182,s000000,add_to_playlist,7,1,0,0,199,2025-03-23 11:45:44,mobile,US,a00178,edm
u00306,s000202,PLAY,16,0,0,0,223,2025-07-27 08:18:36,mobile,US,a00123,hip-hop
u00522,s000361,play,7,0,0,0,383,2025-02-06 18:33:25,mobile,US,a00193,edm
u00697,s000035,PLAY,5,0,0,0,204,2025-04-07 13:44:14,mobile,US,a00108,pop
u00633,s000032,PLAY,10,0,0,0,264,2025-02-06 10:25:38,mobile,US,a00140,rock
u00236,s000077,PLAY,1,0,0,0,24,2025-03-26 14:41:30,mobile,US,a00099,rock
u00983,s000010,play,19,0,0,0,253,2025-01-26 07:54:24,mobile,US,a00110,classical
u00543,s000022,PLAY,18,0,0,0,319,2025-11-11 02:48:55,mobile,US,a00195,pop
u00937,s000460,ADD_TO_PLAYLIST,16,1,0,0,383,2025-11-17 14:37:19,mobile,US,a00193,classical
u00827,s000035,PLAY,19,0,0,0,200,2025-04-28 14:29:48,mobile,US,a00108,pop
u00053,s000019,skip,1,0,0,1,5,2025-01-21 04:22:08,mobile,US,a00154,classical
u00739,s000159,like,18,1,0,0,393,2025-01-10 09:41:20,mobile,US,a00085,hip-hop
u00514,s000016,LIKE,5,1,0,0,304,2025-06-13 05:34:02,mobile,US,a00037,pop
u00253,s000007,play,8,0,0,0,223,2025-10-12 00:50:35,mobile,US,a00041,classical
u00005,s000036,add_to_playlist,9,1,0,0,188,2025-12-09 09:05:00,mobile,US,a00179,latin
u00846,s000177,play,1,0,0,0,18,2025-11-13 03:59:50,mobile,US,a00143,latin
u00239,s000252,ADD_TO_PLAYLIST,16,1,0,0,393,2025-09-12 12:49:42,mobile,US,a00046,latin
u00379,s000480,SKIP,1,0,0,1,5,2025-03-18 23:35:44,mobile,US,a00009,jazz
u00344,s000039,LIKE,14,1,0,0,190,2025-01-26 09:02:51,mobile,US,a00156,jazz
u00029,s000452,SKIP,1,0,0,1,24,2025-08-17 08:04:27,mobile,US,a00092,latin
u00644,s000024,PLAY,18,0,0,0,367,2025-09-04 18:00:04,mobile,US,a00065,latin
u00510,s000043,play,13,0,0,0,246,2025-04-22 16:30:02,mobile,US,a00046,rock
u00924,s000047,ADD_TO_PLAYLIST,7,1,0,0,314,2025-09-01 18:23:43,mobile,US,a00129,rock
u00690,s000454,SKIP,1,0,0,1,35,2025-08-04 16:26:50,mobile,US,a00140,rock
u00902,s000015,like,13,1,0,0,324,2025-04-29 12:16:43,mobile,US,a00156,edm
u00966,s000082,PLAY,10,0,0,0,300,2025-06-25 21:56:32,mobile,US,a00071,classical
u00344,s000203,skip,1,0,0,1,53,2025-08-21 10:45:10,mobile,US,a00086,pop
u00903,s000498,skip,1,0,0,1,47,2025-10-02 15:04:50,mobile,US,a00175,jazz
u00773,s000090,PLAY,17,0,0,0,231,2025-02-01 15:42:39,mobile,US,a00028,hip-hop
u00380,s000284,SKIP,1,0,0,1,7,2025-06-08 17:34:35,mobile,US,a00021,indie
u00792,s000029,add_to_playlist,18,1,0,0,360,2025-06-15 11:49:22,mobile,US,a00096,classical
u00794,s000004,ADD_TO_PLAYLIST,13,1,0,0,396,2025-06-11 03:51:43,mobile,US,a00134,rock
u00276,s000368,like,5,1,0,0,338,2025-02-28 01:10:25,mobile,US,a00103,rock
u00985,s000105,PLAY,1,0,0,0,52,2025-02-08 14:56:55,mobile,US,a00062,hip-hop
u00020,s000025,PLAY,13,0,0,0,229,2025-11-11 23:32:47,mobile,US,a00009,edm
u00201,s000036,ADD_TO_PLAYLIST,5,1,0,0,306,2025-09-25 04:13:15,mobile,US,a00179,latin
u00580,s000000,add_to_playlist,9,1,0,0,260,2025-10-22 00:30:24,mobile,US,a00178,edm
u00472,s000017,PLAY,8,0,0,0,261,2025-09-30 09:24:58,mobile,US,a00184,jazz
u00073,s000200,SKIP,1,0,0,1,27,2025-05-03 23:41:06,mobile,US,a00109,classical
u00843,s000001,LIKE,16,1,0,0,257,2025-04-15 16:05:37,mobile,US,a00197,indie
u00133,s000011,play,8,0,0,0,232,2025-02-19 06:49:56,mobile,US,a00156,classical
u00616,s000032,add_to_playlist,13,1,0,0,239,2025-01-13 07:55:58,mobile,US,a00140,rock
u00340,s000006,SKIP,1,0,0,1,27,2025-05-01 16:03:19,mobile,US,a00199,hip-hop
u00417,s000234,like,15,1,0,0,287,2025-09-26 17:03:54,mobile,US,a00054,pop
u00625,s000026,like,11,1,0,0,281,2025-09-15 10:11:46,mobile,US,a00004,pop
u00711,s000022,play,11,0,0,0,391,2025-06-12 05:59:22,mobile,US,a00195,pop
u00657,s000422,PLAY,11,0,0,0,367,2025-05-12 17:33:55,mobile,US,a00006,jazz
u00426,s000049,LIKE,5,1,0,0,289,2025-06-09 18:04:33,mobile,US,a00094,rock
u00393,s000036,LIKE,13,1,0,0,212,2025-04-19 17:00:07,mobile,US,a00179,latin
u00176,s000480,PLAY,17,0,0,0,364,2025-05-20 19:38:40,mobile,US,a00009,jazz
u00339,s000090,play,9,0,0,0,378,2025-05-29 01:43:08,mobile,US,a00028,hip-hop
u00487,s000309,PLAY,16,0,0,0,237,2025-12-30 06:32:41,mobile,US,a00105,hip-hop
u00760,s000144,play,15,0,0,0,324,2025-08-13 04:41:39,mobile,US,a00176,hip-hop
u00856,s000366,add_to_playlist,13,1,0,0,227,2025-07-17 21:41:22,mobile,US,a00060,jazz
u00771,s000005,PLAY,17,0,0,0,232,2025-06-30 03:33:24,mobile,US,a00178,classical
u00305,s000005,play,12,0,0,0,229,2025-06-28 00:19:27,mobile,US,a00178,classical
u00261,s000033,PLAY,11,0,0,0,353,2025-11-28 13:40:53,mobile,US,a00158,edm
u00156,s000001,ADD_TO_PLAYLIST,11,1,0,0,186,2025-02-02 19:54:52,mobile,US,a00197,indie
u00700,s000402,skip,1,0,0,1,12,2025-08-24 01:51:26,mobile,US,a00088,rock
u00895,s000059,LIKE,9,1,0,0,294,2025-06-21 08:52:02,mobile,US,a00073,hip-hop
u00480,s000211,add_to_playlist,9,1,0,0,217,2025-08-08 07:39:40,mobile,US,a00056,hip-hop
u00313,s000042,ADD_TO_PLAYLIST,13,1,0,0,355,2025-08-30 17:44:42,mobile,US,a00156,indie
u00416,s000005,add_to_playlist,8,1,0,0,188,2025-05-23 20:26:29,mobile,US,a00178,classical
u00805,s000008,LIKE,19,1,0,0,324,2025-12-05 05:12:03,mobile,US,a00191,hip-hop
u00396,s000024,add_to_playlist,6,1,0,0,275,2025-09-22 09:06:54,mobile,US,a00065,latin
u00535,s000000,PLAY,12,0,0,0,224,2025-06-12 16:46:56,mobile,US,a00178,edm
u00282,s000253,skip,1,0,0,1,7,2025-03-31 12:55:07,mobile,US,a00196,pop
u00504,s000091,play,13,0,0,0,349,2025-12-17 03:30:00,mobile,US,a00039,indie
u00084,s000030,play,9,0,0,0,323,2025-03-01 13:22:16,mobile,US,a00117,indie
u00235,s000008,play,14,0,0,0,339,2025-11-22 11:43:33,mobile,US,a00191,hip-hop
u00822,s000331,add_to_playlist,16,1,0,0,397,2025-05-07 03:42:56,mobile,US,a00192,edm
u00267,s000009,PLAY,18,0,0,0,399,2025-11-18 19:26:32,mobile,US,a00014,latin
u00023,s000018,LIKE,6,1,0,0,380,2025-09-02 10:14:08,mobile,US,a00096,latin
u00429,s000083,like,7,1,0,0,296,2025-10-28 00:30:01,mobile,US,a00126,hip-hop
u00305,s000143,SKIP,1,0,0,1,15,2025-12-12 21:11:28,mobile,US,a00160,indie
u00011,s000072,SKIP,1,0,0,1,54,2025-02-07 22:29:43,mobile,US,a00189,pop
u00789,s000030,ADD_TO_PLAYLIST,12,1,0,0,324,2025-05-24 03:07:40,mobile,US,a00117,indie
u00830,s000028,like,8,1,0,0,193,2025-01-21 04:56:20,mobile,US,a00073,classical
u00840,s000223,play,17,0,0,0,237,2025-06-25 17:33:39,mobile,US,a00095,indie
u00604,s000030,play,12,0,0,0,263,2025-02-01 13:02:50,mobile,US,a00117,indie
u00933,s000032,PLAY,18,0,0,0,370,2025-03-13 11:21:34,mobile,US,a00140,rock
u00900,s000005,play,17,0,0,0,358,2025-08-13 03:02:14,mobile,US,a00178,classical
u00473,s000202,ADD_TO_PLAYLIST,9,1,0,0,209,2025-04-29 11:52:21,mobile,US,a00123,hip-hop
u00720,s000016,add_to_playlist,9,1,0,0,280,2025-02-20 19:30:05,mobile,US,a00037,pop
u00510,s000002,PLAY,7,0,0,0,253,2025-04-29 18:37:54,mobile,US,a00133,rock
u00610,s000209,ADD_TO_PLAYLIST,16,1,0,0,388,2025-05-07 15:22:50,mobile,US,a00007,classical
u00656,s000338,PLAY,1,0,0,0,38,2025-08-04 01:42:01,mobile,US,a00148,edm
u00510,s000175,SKIP,1,0,0,1,32,2025-11-24 07:18:41,mobile,US,a00172,indie
u00596,s000268,PLAY,6,0,0,0,260,2025-10-08 04:39:02,mobile,US,a00085,classical
u00906,s000130,play,17,0,0,0,298,2025-06-24 03:08:09,mobile,US,a00016,pop
u00880,s000069,play,12,0,0,0,398,2025-01-09 05:58:22,mobile,US,a00139,classical
u00384,s000005,PLAY,7,0,0,0,316,2025-11-29 04:46:30,mobile,US,a00178,classical
u00421,s000345,SKIP,1,0,0,1,14,2025-07-27 05:39:14,mobile,US,a00038,jazz
u00914,s000008,play,16,0,0,0,242,2025-12-20 14:37:37,mobile,US,a00191,hip-hop
u00391,s000017,like,19,1,0,0,284,2025-04-28 22:14:54,mobile,US,a00184,jazz
u00601,s000496,like,12,1,0,0,372,2025-04-28 05:58:46,mobile,US,a00036,latin
u00119,s000010,like,19,1,0,0,274,2025-12-24 19:29:24,mobile,US,a00110,classical
u00251,s000340,skip,1,0,0,1,29,2025-06-12 07:04:04,mobile,US,a00039,indie
u00721,s000184,PLAY,1,0,0,0,33,2025-10-18 14:26:16,mobile,US,a00174,latin
u00763,s000035,PLAY,10,0,0,0,303,2025-12-03 10:38:20,mobile,US,a00108,pop
u00690,s000153,PLAY,16,0,0,0,214,2025-02-13 05:34:59,mobile,US,a00080,pop
u00556,s000182,LIKE,7,1,0,0,365,2025-08-17 03:10:14,mobile,US,a00077,latin
u00406,s000033,like,13,1,0,0,204,2025-12-17 17:16:16,mobile,US,a00158,edm
u00731,s000026,SKIP,1,0,0,1,58,2025-12-29 03:40:53,mobile,US,a00004,pop
u00076,s000059,like,5,1,0,0,198,2025-10-05 00:58:41,mobile,US,a00073,hip-hop
u00235,s000090,PLAY,13,0,0,0,320,2025-09-19 20:14:39,mobile,US,a00028,hip-hop
u00557,s000012,add_to_playlist,13,1,0,0,392,2025-10-03 06:08:55,mobile,US,a00032,edm
u00217,s000010,add_to_playlist,12,1,0,0,206,2025-09-03 15:16:17,mobile,US,a00110,classical
u00705,s000069,play,14,0,0,0,189,2025-05-03 13:23:26,mobile,US,a00139,classical
u00088,s000090,play,8,0,0,0,308,2025-07-10 20:30:58,mobile,US,a00028,hip-hop
u00239,s000024,PLAY,9,0,0,0,235,2025-03-28 11:50:31,mobile,US,a00065,latin
u00280,s000083,ADD_TO_PLAYLIST,9,1,0,0,342,2025-12-02 05:38:19,mobile,US,a00126,hip-hop
u00160,s000030,add_to_playlist,14,1,0,0,376,2025-08-03 15:28:43,mobile,US,a00117,indie
u00252,s000490,skip,1,0,0,1,16,2025-09-19 11:57:04,mobile,US,a00141,rock
u00794,s000004,PLAY,16,0,0,0,280,2025-09-22 09:55:40,mobile,US,a00134,rock
u00397,s000012,PLAY,5,0,0,0,185,2025-04-16 01:09:38,mobile,US,a00032,edm
u00949,s000014,PLAY,11,0,0,0,272,2025-10-21 18:53:46,mobile,US,a00163,classical
u00434,s000006,add_to_playlist,16,1,0,0,293,2025-09-24 22:07:24,mobile,US,a00199,hip-hop
u00146,s000107,SKIP,1,0,0,1,24,2025-06-11 12:39:51,mobile,US,a00054,edm
u00872,s000023,play,7,0,0,0,271,2025-04-05 18:18:10,mobile,US,a00085,pop
u00579,s000023,play,14,0,0,0,390,2025-07-25 00:05:36,mobile,US,a00085,pop
u00823,s000492,LIKE,10,1,0,0,294,2025-01-13 00:09:23,mobile,US,a00157,indie
u00463,s000002,play,18,0,0,0,384,2025-02-16 16:13:12,mobile,US,a00133,rock
u00218,s000036,PLAY,13,0,0,0,327,2025-12-09 04:14:44,mobile,US,a00179,latin
u00954,s000045,LIKE,5,1,0,0,216,2025-04-12 15:49:18,mobile,US,a00075,jazz
u00527,s000026,LIKE,19,1,0,0,277,2025-03-01 15:47:28,mobile,US,a00004,pop
u00535,s000012,LIKE,14,1,0,0,353,2025-01-12 00:45:43,mobile,US,a00032,edm
u00748,s000224,PLAY,15,0,0,0,380,2025-06-24 10:12:27,mobile,US,a00087,rock
u00654,s000000,PLAY,12,0,0,0,343,2025-02-10 10:54:28,mobile,US,a00178,edm
u00079,s000090,LIKE,18,1,0,0,216,2025-10-25 22:59:09,mobile,US,a00028,hip-hop
u00960,s000125,play,1,0,0,0,28,2025-04-30 04:00:09,mobile,US,a00037,latin
u00291,s000027,play,19,0,0,0,202,2025-06-19 09:09:21,mobile,US,a00122,jazz
u00871,s000481,SKIP,1,0,0,1,55,2025-03-26 18:17:16,mobile,US,a00157,classical
u00800,s000004,play,15,0,0,0,229,2025-11-28 06:46:12,mobile,US,a00134,rock
u00631,s000059,play,19,0,0,0,186,2025-04-08 16:04:08,mobile,US,a00073,hip-hop
u00668,s000068,PLAY,15,0,0,0,340,2025-12-20 16:24:59,mobile,US,a00106,classical
u00894,s000006,ADD_TO_PLAYLIST,12,1,0,0,216,2025-05-21 00:56:38,mobile,US,a00199,hip-hop
u00891,s000440,play,1,0,0,0,10,2025-09-21 19:23:32,mobile,US,a00044,rock
u00521,s000030,like,11,1,0,0,317,2025-07-15 18:33:43,mobile,US,a00117,indie
u00992,s000023,PLAY,8,0,0,0,228,2025-01-05 02:02:17,mobile,US,a00085,pop
u00629,s000020,PLAY,9,0,0,0,255,2025-09-27 20:00:45,mobile,US,a00182,indie
u00775,s000010,add_to_playlist,12,1,0,0,334,2025-10-07 15:02:12,mobile,US,a00110,classical
u00632,s000014,PLAY,16,0,0,0,180,2025-03-14 16:42:01,mobile,US,a00163,classical
u00342,s000366,add_to_playlist,11,1,0,0,387,2025-08-29 12:55:32,mobile,US,a00060,jazz
u00950,s000401,like,11,1,0,0,325,2025-04-30 23:19:08,mobile,US,a00024,jazz
u00828,s000218,PLAY,1,0,0,0,13,2025-10-26 13:38:32,mobile,US,a00096,classical
u00414,s000045,PLAY,6,0,0,0,193,2025-01-09 14:20:57,mobile,US,a00075,jazz
u00347,s000090,PLAY,14,0,0,0,192,2025-03-08 16:59:05,mobile,US,a00028,hip-hop
u00868,s000042,ADD_TO_PLAYLIST,13,1,0,0,395,2025-03-15 09:09:52,mobile,US,a00156,indie
u00132,s000312,PLAY,19,0,0,0,221,2025-02-01 13:23:10,mobile,US,a00056,rock
u00055,s000008,play,9,0,0,0,199,2025-02-18 06:12:19,mobile,US,a00191,hip-hop
u00296,s000201,SKIP,1,0,0,1,41,2025-12-23 19:58:17,mobile,US,a00161,pop
u00940,s000090,PLAY,5,0,0,0,367,2025-01-19 13:19:38,mobile,US,a00028,hip-hop
u00856,s000332,skip,1,0,0,1,23,2025-11-01 11:38:35,mobile,US,a00050,indie
u00555,s000009,play,9,0,0,0,203,2025-12-12 18:55:07,mobile,US,a00014,latin
u00771,s000007,add_to_playlist,14,1,0,0,239,2025-03-25 01:11:14,mobile,US,a00041,classical
u00376,s000021,PLAY,1,0,0,0,28,2025-02-01 05:32:00,mobile,US,a00032,rock
u00918,s000008,ADD_TO_PLAYLIST,18,1,0,0,332,2025-06-13 00:51:02,mobile,US,a00191,hip-hop
u00631,s000006,ADD_TO_PLAYLIST,10,1,0,0,225,2025-11-14 01:08:30,mobile,US,a00199,hip-hop
u00538,s000011,add_to_playlist,10,1,0,0,368,2025-05-31 02:06:49,mobile,US,a00156,classical
u00412,s000015,add_to_playlist,13,1,0,0,203,2025-07-12 21:31:40,mobile,US,a00156,edm
u00612,s000090,LIKE,18,1,0,0,302,2025-10-05 17:02:11,mobile,US,a00028,hip-hop
u00650,s000342,ADD_TO_PLAYLIST,9,1,0,0,332,2025-12-13 13:40:42,mobile,US,a00163,indie
u00905,s000441,PLAY,8,0,0,0,295,2025-02-03 05:20:08,mobile,US,a00097,pop
u00673,s000000,play,17,0,0,0,292,2025-01-19 06:58:47,mobile,US,a00178,edm
u00253,s000013,play,1,0,0,0,15,2025-05-10 11:44:49,mobile,US,a00154,jazz
u00676,s000321,skip,1,0,0,1,17,2025-12-15 06:57:52,mobile,US,a00172,jazz
u00103,s000178,SKIP,1,0,0,1,37,2025-03-24 17:32:33,mobile,US,a00167,indie
u00006,s000232,ADD_TO_PLAYLIST,11,1,0,0,301,2025-10-07 05:48:11,mobile,US,a00181,classical
u00489,s000007,play,19,0,0,0,394,2025-02-03 08:36:26,mobile,US,a00041,classical
u00802,s000003,add_to_playlist,18,1,0,0,205,2025-08-23 05:30:31,mobile,US,a00066,rock
u00457,s000431,PLAY,1,0,0,0,45,2025-02-22 16:28:02,mobile,US,a00145,classical
u00000,s000001,like,5,1,0,0,253,2025-03-17 12:44:46,mobile,US,a00197,indie
u00020,s000033,ADD_TO_PLAYLIST,14,1,0,0,278,2025-11-11 01:22:16,mobile,US,a00158,edm
u00414,s000027,like,17,1,0,0,265,2025-05-15 21:45:29,mobile,US,a00122,jazz
u00851,s000022,like,7,1,0,0,292,2025-12-30 15:52:15,mobile,US,a00195,pop
u00242,s000158,play,17,0,0,0,237,2025-06-28 20:05:55,mobile,US,a00117,hip-hop
u00773,s000350,PLAY,7,0,0,0,273,2025-03-30 09:28:15,mobile,US,a00151,hip-hop
u00321,s000166,PLAY,7,0,0,0,205,2025-06-16 05:10:55,mobile,US,a00140,classical
u00618,s000037,LIKE,14,1,0,0,243,2025-02-23 03:20:07,mobile,US,a00183,indie
u00406,s000025,LIKE,9,1,0,0,249,2025-01-06 19:08:01,mobile,US,a00009,edm
u00974,s000006,like,16,1,0,0,316,2025-07-04 21:22:10,mobile,US,a00199,hip-hop
u00716,s000149,SKIP,1,0,0,1,54,2025-03-28 10:53:54,mobile,US,a00155,rock
u00181,s000042,PLAY,17,0,0,0,367,2025-02-28 15:09:33,mobile,US,a00156,indie
u00242,s000090,LIKE,16,1,0,0,369,2025-06-26 19:58:20,mobile,US,a00028,hip-hop
u00287,s000418,play,11,0,0,0,385,2025-08-31 01:32:44,mobile,US,a00134,classical
u00643,s000002,add_to_playlist,11,1,0,0,263,2025-04-08 20:22:14,mobile,US,a00133,rock
u00382,s000059,ADD_TO_PLAYLIST,6,1,0,0,214,2025-07-02 00:29:32,mobile,US,a00073,hip-hop
u00055,s000019,play,1,0,0,0,24,2025-05-28 02:24:29,mobile,US,a00154,classical
u00013,s000177,PLAY,1,0,0,0,19,2025-11-09 13:42:02,mobile,US,a00143,latin
u00794,s000282,play,9,0,0,0,342,2025-08-11 04:33:12,mobile,US,a00024,rock
u00874,s000473,play,8,0,0,0,323,2025-07-01 21:34:35,mobile,US,a00028,pop
u00863,s000016,play,18,0,0,0,322,2025-06-17 03:23:16,mobile,US,a00037,pop
u00295,s000008,PLAY,7,0,0,0,265,2025-08-17 12:10:28,mobile,US,a00191,hip-hop
u00145,s000091,play,13,0,0,0,260,2025-02-20 05:38:16,mobile,US,a00039,indie
u00870,s000007,LIKE,10,1,0,0,183,2025-09-23 10:29:10,mobile,US,a00041,classical
u00128,s000090,add_to_playlist,13,1,0,0,274,2025-05-13 07:09:36,mobile,US,a00028,hip-hop
u00047,s000020,play,14,0,0,0,292,2025-11-14 09:01:20,mobile,US,a00182,indie
u00190,s000042,play,5,0,0,0,371,2025-06-08 18:22:12,mobile,US,a00156,indie
u00684,s000225,skip,1,0,0,1,10,2025-02-28 04:13:53,mobile,US,a00077,edm
u00765,s000273,PLAY,14,0,0,0,332,2025-01-05 18:36:13,mobile,US,a00119,jazz
u00368,s000045,add_to_playlist,6,1,0,0,335,2025-10-23 13:13:59,mobile,US,a00075,jazz
u00924,s000471,skip,1,0,0,1,10,2025-08-08 07:02:01,mobile,US,a00038,pop
u00868,s000020,LIKE,6,1,0,0,367,2025-03-04 17:14:01,mobile,US,a00182,indie
u00497,s000144,play,7,0,0,0,349,2025-02-17 19:16:31,mobile,US,a00176,hip-hop
u00165,s000004,PLAY,13,0,0,0,232,2025-04-12 12:26:44,mobile,US,a00134,rock
u00472,s000027,play,15,0,0,0,382,2025-05-04 14:30:32,mobile,US,a00122,jazz
u00447,s000025,add_to_playlist,17,1,0,0,262,2025-11-12 22:16:35,mobile,US,a00009,edm
u00875,s000027,add_to_playlist,11,1,0,0,219,2025-11-10 09:58:52,mobile,US,a00122,jazz
u00057,s000141,PLAY,12,0,0,0,392,2025-08-19 11:23:08,mobile,US,a00197,rock
u00300,s000003,like,10,1,0,0,396,2025-05-24 02:33:37,mobile,US,a00066,rock
u00353,s000447,PLAY,8,0,0,0,375,2025-02-14 20:56:06,mobile,US,a00107,latin
u00403,s000002,PLAY,6,0,0,0,336,2025-12-23 12:46:20,mobile,US,a00133,rock
u00602,s000008,play,19,0,0,0,210,2025-01-31 05:17:08,mobile,US,a00191,hip-hop
u00390,s000464,play,5,0,0,0,286,2025-10-27 17:34:23,mobile,US,a00157,jazz
u00702,s000054,play,19,0,0,0,333,2025-08-09 08:04:45,mobile,US,a00042,rock
u00076,s000434,LIKE,11,1,0,0,204,2025-11-27 07:49:09,mobile,US,a00016,hip-hop
u00548,s000468,skip,1,0,0,1,26,2025-11-02 03:26:59,mobile,US,a00159,hip-hop
u00057,s000003,PLAY,10,0,0,0,240,2025-05-17 02:04:27,mobile,US,a00066,rock
u00146,s000017,play,14,0,0,0,333,2025-03-31 06:59:39,mobile,US,a00184,jazz
u00600,s000296,skip,1,0,0,1,5,2025-11-20 22:41:02,mobile,US,a00084,jazz
u00458,s000319,like,9,1,0,0,351,2025-11-05 23:33:37,mobile,US,a00198,jazz
u00884,s000405,PLAY,19,0,0,0,399,2025-06-21 14:55:25,mobile,US,a00058,latin
u00431,s000015,play,16,0,0,0,234,2025-01-01 05:18:10,mobile,US,a00156,edm
u00145,s000030,play,17,0,0,0,218,2025-10-17 05:51:20,mobile,US,a00117,indie
u00151,s000346,PLAY,10,0,0,0,363,2025-04-12 07:54:00,mobile,US,a00053,jazz
u00761,s000369,LIKE,18,1,0,0,377,2025-09-02 06:17:25,mobile,US,a00041,pop
u00444,s000355,play,11,0,0,0,281,2025-06-01 08:54:25,mobile,US,a00035,hip-hop
u00378,s000022,like,15,1,0,0,367,2025-11-22 20:17:36,mobile,US,a00195,pop
u00601,s000024,like,7,1,0,0,271,2025-09-16 14:16:07,mobile,US,a00065,latin
u00345,s000001,like,13,1,0,0,195,2025-03-11 05:50:11,mobile,US,a00197,indie
u00189,s000314,ADD_TO_PLAYLIST,8,1,0,0,233,2025-04-22 18:30:31,mobile,US,a00133,edm
u00193,s000042,PLAY,15,0,0,0,308,2025-10-06 11:29:03,mobile,US,a00156,indie
u00650,s000042,play,8,0,0,0,296,2025-12-15 16:14:33,mobile,US,a00156,indie
u00958,s000295,play,18,0,0,0,259,2025-03-19 03:24:24,mobile,US,a00127,pop
u00560,s000090,ADD_TO_PLAYLIST,9,1,0,0,350,2025-09-17 15:02:32,mobile,US,a00028,hip-hop
u00090,s000186,ADD_TO_PLAYLIST,11,1,0,0,213,2025-05-15 00:47:56,mobile,US,a00112,latin
u00293,s000026,play,15,0,0,0,293,2025-12-19 23:49:46,mobile,US,a00004,pop
u00875,s000310,ADD_TO_PLAYLIST,10,1,0,0,380,2025-05-07 03:17:23,mobile,US,a00085,jazz
u00877,s000016,PLAY,10,0,0,0,294,2025-04-18 19:33:08,mobile,US,a00037,pop
u00529,s000022,like,6,1,0,0,230,2025-07-29 00:38:33,mobile,US,a00195,pop
u00595,s000355,add_to_playlist,12,1,0,0,247,2025-01-02 17:22:41,mobile,US,a00035,hip-hop
u00095,s000025,add_to_playlist,16,1,0,0,299,2025-08-09 20:34:53,mobile,US,a00009,edm
u00739,s000090,add_to_playlist,8,1,0,0,181,2025-06-07 03:31:21,mobile,US,a00028,hip-hop
u00081,s000387,PLAY,7,0,0,0,227,2025-02-13 23:54:50,mobile,US,a00073,hip-hop
u00783,s000358,PLAY,11,0,0,0,273,2025-08-16 20:26:55,mobile,US,a00189,hip-hop
u00473,s000059,add_to_playlist,9,1,0,0,360,2025-10-03 19:12:53,mobile,US,a00073,hip-hop
u00560,s000083,play,12,0,0,0,240,2025-05-24 04:47:00,mobile,US,a00126,hip-hop
u00618,s000393,skip,1,0,0,1,48,2025-04-09 04:33:13,mobile,US,a00079,edm
u00595,s000090,LIKE,14,1,0,0,262,2025-05-15 03:15:27,mobile,US,a00028,hip-hop
u00295,s000059,play,10,0,0,0,269,2025-12-06 03:39:41,mobile,US,a00073,hip-hop
u00826,s000013,ADD_TO_PLAYLIST,9,1,0,0,378,2025-06-03 05:36:12,mobile,US,a00154,jazz
u00446,s000396,play,5,0,0,0,298,2025-10-24 03:05:04,mobile,US,a00148,jazz
u00297,s000020,add_to_playlist,12,1,0,0,284,2025-08-05 04:03:53,mobile,US,a00182,indie
u00924,s000003,add_to_playlist,7,1,0,0,206,2025-05-05 07:17:14,mobile,US,a00066,rock
u00236,s000403,play,16,0,0,0,309,2025-08-15 19:50:42,mobile,US,a00011,edm
u00831,s000455,ADD_TO_PLAYLIST,10,1,0,0,291,2025-12-06 20:31:30,mobile,US,a00160,classical
u00360,s000241,play,12,0,0,0,233,2025-03-10 04:54:49,mobile,US,a00084,hip-hop
u00798,s000003,PLAY,7,0,0,0,387,2025-07-07 12:39:35,mobile,US,a00066,rock
u00189,s000008,skip,1,0,0,1,44,2025-01-13 07:01:16,mobile,US,a00191,hip-hop
u00022,s000023,add_to_playlist,16,1,0,0,248,2025-01-07 21:17:46,mobile,US,a00085,pop
u00443,s000252,PLAY,10,0,0,0,395,2025-10-24 07:36:01,mobile,US,a00046,latin
u00615,s000039,PLAY,14,0,0,0,341,2025-06-15 19:31:16,mobile,US,a00156,jazz
u00521,s000260,LIKE,14,1,0,0,293,2025-09-06 03:05:58,mobile,US,a00019,indie
u00392,s000031,add_to_playlist,7,1,0,0,222,2025-06-26 02:53:23,mobile,US,a00037,latin
u00913,s000023,play,6,0,0,0,318,2025-03-30 04:23:37,mobile,US,a00085,pop
u00820,s000001,LIKE,6,1,0,0,207,2025-05-18 20:11:37,mobile,US,a00197,indie
u00603,s000120,skip,1,0,0,1,41,2025-10-23 07:37:13,mobile,US,a00034,pop
u00795,s000020,play,13,0,0,0,291,2025-12-31 00:24:05,mobile,US,a00182,indie
u00918,s000090,add_to_playlist,11,1,0,0,285,2025-02-09 16:43:21,mobile,US,a00028,hip-hop
u00809,s000011,PLAY,6,0,0,0,296,2025-12-29 00:54:04,mobile,US,a00156,classical
u00275,s000433,PLAY,17,0,0,0,342,2025-04-27 10:19:36,mobile,US,a00102,hip-hop
u00526,s000027,PLAY,11,0,0,0,350,2025-01-27 07:41:34,mobile,US,a00122,jazz
u00752,s000130,play,7,0,0,0,216,2025-05-08 15:57:49,mobile,US,a00016,pop
u00871,s000242,SKIP,1,0,0,1,10,2025-01-25 19:38:19,mobile,US,a00146,indie
u00064,s000274,ADD_TO_PLAYLIST,10,1,0,0,337,2025-06-10 19:45:09,mobile,US,a00058,indie
u00620,s000185,like,18,1,0,0,283,2025-11-22 17:47:13,mobile,US,a00193,hip-hop
u00237,s000015,play,17,0,0,0,239,2025-10-20 19:16:24,mobile,US,a00156,edm
u00916,s000016,play,15,0,0,0,328,2025-01-31 05:16:22,mobile,US,a00037,pop
u00214,s000089,PLAY,1,0,0,0,19,2025-08-05 23:57:08,mobile,US,a00050,pop
u00114,s000030,play,13,0,0,0,343,2025-09-18 23:36:19,mobile,US,a00117,indie
u00497,s000102,play,9,0,0,0,276,2025-04-10 21:31:05,mobile,US,a00181,hip-hop
u00254,s000032,play,8,0,0,0,360,2025-02-20 10:41:40,mobile,US,a00140,rock
u00402,s000057,skip,1,0,0,1,19,2025-04-17 12:58:27,mobile,US,a00147,indie
u00203,s000021,play,10,0,0,0,334,2025-01-27 01:31:44,mobile,US,a00032,rock
u00521,s000030,PLAY,14,0,0,0,346,2025-10-29 22:37:39,mobile,US,a00117,indie
u00730,s000017,add_to_playlist,11,1,0,0,396,2025-08-08 14:07:20,mobile,US,a00184,jazz
u00978,s000177,PLAY,12,0,0,0,350,2025-06-05 18:01:56,mobile,US,a00143,latin
u00817,s000045,play,16,0,0,0,255,2025-12-25 03:23:16,mobile,US,a00075,jazz
u00357,s000087,play,14,0,0,0,363,2025-11-16 06:09:46,mobile,US,a00121,latin
u00402,s000017,LIKE,9,1,0,0,393,2025-01-05 07:31:05,mobile,US,a00184,jazz
u00859,s000379,SKIP,1,0,0,1,12,2025-11-11 13:18:09,mobile,US,a00011,pop
u00361,s000003,LIKE,18,1,0,0,276,2025-01-20 09:11:15,mobile,US,a00066,rock
u00413,s000002,LIKE,11,1,0,0,340,2025-08-13 01:49:22,mobile,US,a00133,rock
u00164,s000016,play,8,0,0,0,307,2025-07-28 19:15:33,mobile,US,a00037,pop
u00233,s000410,PLAY,9,0,0,0,330,2025-12-05 12:46:35,mobile,US,a00031,hip-hop
u00989,s000020,SKIP,1,0,0,1,32,2025-01-11 16:11:59,mobile,US,a00182,indie
u00886,s000032,PLAY,9,0,0,0,273,2025-10-07 07:41:53,mobile,US,a00140,rock
u00801,s000015,LIKE,18,1,0,0,344,2025-10-28 04:23:49,mobile,US,a00156,edm
u00880,s000007,ADD_TO_PLAYLIST,10,1,0,0,264,2025-08-27 16:05:41,mobile,US,a00041,classical
u00494,s000010,PLAY,19,0,0,0,180,2025-09-23 07:25:44,mobile,US,a00110,classical
u00588,s000173,PLAY,1,0,0,0,45,2025-07-28 10:53:07,mobile,US,a00028,indie
u00067,s000003,add_to_playlist,6,1,0,0,274,2025-06-20 12:47:15,mobile,US,a00066,rock
u00248,s000086,ADD_TO_PLAYLIST,5,1,0,0,296,2025-07-13 15:51:30,mobile,US,a00030,rock
u00766,s000163,PLAY,1,0,0,0,27,2025-01-12 14:13:05,mobile,US,a00048,edm
u00527,s000455,SKIP,1,0,0,1,45,2025-03-20 16:46:29,mobile,US,a00160,classical
u00749,s000022,PLAY,15,0,0,0,310,2025-08-01 11:57:41,mobile,US,a00195,pop
u00640,s000015,ADD_TO_PLAYLIST,13,1,0,0,269,2025-09-27 16:07:39,mobile,US,a00156,edm
u00975,s000026,play,5,0,0,0,339,2025-07-22 19:36:34,mobile,US,a00004,pop
u00792,s000005,play,19,0,0,0,198,2025-12-22 21:19:28,mobile,US,a00178,classical
u00014,s000031,like,15,1,0,0,384,2025-04-23 00:57:56,mobile,US,a00037,latin
u00708,s000036,like,14,1,0,0,391,2025-03-31 23:21:45,mobile,US,a00179,latin
u00410,s000276,skip,1,0,0,1,22,2025-03-30 17:28:22,mobile,US,a00113,rock
u00247,s000004,play,11,0,0,0,305,2025-08-26 16:38:52,mobile,US,a00134,rock
u00764,s000010,PLAY,7,0,0,0,204,2025-01-27 19:10:42,mobile,US,a00110,classical
u00646,s000014,LIKE,13,1,0,0,393,2025-03-13 06:27:14,mobile,US,a00163,classical
u00029,s000376,add_to_playlist,6,1,0,0,351,2025-04-20 03:03:09,mobile,US,a00178,hip-hop
u00513,s000256,play,19,0,0,0,305,2025-01-10 20:03:41,mobile,US,a00129,edm
u00764,s000007,ADD_TO_PLAYLIST,15,1,0,0,347,2025-11-02 05:04:12,mobile,US,a00041,classical
u00078,s000030,add_to_playlist,12,1,0,0,281,2025-11-25 10:41:41,mobile,US,a00117,indie
u00819,s000004,PLAY,6,0,0,0,303,2025-07-20 19:57:22,mobile,US,a00134,rock
u00906,s000016,play,5,0,0,0,285,2025-11-07 22:04:23,mobile,US,a00037,pop
u00085,s000357,PLAY,8,0,0,0,196,2025-07-09 08:59:35,mobile,US,a00080,jazz
u00879,s000007,like,6,1,0,0,234,2025-11-24 15:09:28,mobile,US,a00041,classical
u00001,s000341,PLAY,1,0,0,0,52,2025-01-30 19:38:15,mobile,US,a00010,latin
u00614,s000124,ADD_TO_PLAYLIST,17,1,0,0,362,2025-01-09 17:39:56,mobile,US,a00074,edm
u00761,s000026,PLAY,14,0,0,0,335,2025-04-21 08:29:10,mobile,US,a00004,pop
u00614,s000421,SKIP,1,0,0,1,35,2025-12-20 03:19:39,mobile,US,a00116,rock
u00878,s000005,play,12,0,0,0,203,2025-09-18 05:55:20,mobile,US,a00178,classical
u00407,s000036,ADD_TO_PLAYLIST,6,1,0,0,360,2025-11-16 23:13:11,mobile,US,a00179,latin
u00471,s000024,PLAY,11,0,0,0,205,2025-09-20 14:36:52,mobile,US,a00065,latin
u00598,s000434,ADD_TO_PLAYLIST,15,1,0,0,329,2025-08-25 14:35:38,mobile,US,a00016,hip-hop
u00206,s000307,play,11,0,0,0,388,2025-04-03 16:38:12,mobile,US,a00086,latin
u00972,s000207,play,1,0,0,0,36,2025-02-10 02:39:57,mobile,US,a00134,edm
u00676,s000267,play,17,0,0,0,379,2025-06-22 14:42:17,mobile,US,a00098,hip-hop
u00000,s000042,play,18,0,0,0,200,2025-03-15 17:52:26,mobile,US,a00156,indie
u00370,s000083,play,10,0,0,0,278,2025-12-20 11:46:09,mobile,US,a00126,hip-hop
u00866,s000090,SKIP,1,0,0,1,44,2025-05-11 09:32:24,mobile,US,a00028,hip-hop
u00350,s000006,play,17,0,0,0,300,2025-04-20 13:15:46,mobile,US,a00199,hip-hop
u00103,s000323,PLAY,1,0,0,0,23,2025-07-13 19:29:14,mobile,US,a00153,edm
u00671,s000012,play,14,0,0,0,393,2025-09-09 13:21:54,mobile,US,a00032,edm
u00255,s000039,PLAY,6,0,0,0,299,2025-09-21 10:50:24,mobile,US,a00156,jazz
u00616,s000236,like,11,1,0,0,209,2025-01-10 19:17:08,mobile,US,a00006,rock
u00106,s000015,play,10,0,0,0,326,2025-05-16 15:23:54,mobile,US,a00156,edm
u00499,s000090,add_to_playlist,14,1,0,0,396,2025-04-24 16:41:20,mobile,US,a00028,hip-hop
u00178,s000103,play,6,0,0,0,348,2025-08-28 14:44:47,mobile,US,a00056,rock
u00416,s000455,LIKE,7,1,0,0,186,2025-01-21 06:03:04,mobile,US,a00160,classical
u00854,s000020,add_to_playlist,18,1,0,0,204,2025-09-30 22:18:07,mobile,US,a00182,indie
u00227,s000280,SKIP,1,0,0,1,9,2025-09-20 19:35:46,mobile,US,a00039,pop
u00962,s000015,like,19,1,0,0,320,2025-09-11 18:23:41,mobile,US,a00156,edm
u00131,s000005,PLAY,7,0,0,0,294,2025-04-30 05:26:34,mobile,US,a00178,classical
u00776,s000004,add_to_playlist,17,1,0,0,286,2025-06-10 13:36:04,mobile,US,a00134,rock
u00038,s000003,LIKE,19,1,0,0,206,2025-01-19 10:32:31,mobile,US,a00066,rock
u00499,s000411,SKIP,1,0,0,1,45,2025-06-21 12:56:00,mobile,US,a00009,pop
u00435,s000461,play,1,0,0,0,8,2025-04-08 07:20:55,mobile,US,a00054,classical
